_RAJ2000,_DEJ2000,_r,TYC1,TYC2,TYC3,BTmag,VTmag,HIP,pmRA,pmDE,V,BV,HIP_n,TYC,xi_as,eta_as,sep_deg,Vmag,Vuse,BVuse,HD,Sp,xh_as,yh_as,xh0_as,yh0_as
142.0323821418,14.7786143333,0.146709,826,229,1,11.992,10.506,,-7.8,-8.2,10.37226,1.2631000000000006,,826-229-1,-274.763545480628,-459.62267463245706,0.14874649091660033,,10.37226,1.2631000000000006,,,-161.31369788179884,-506.16209501816434,-161.35283007757235,-510.6008942288507
142.0993153056,15.105112245,0.19803,1403,433,1,12.17,11.381,,-3.9,-16.2,11.30999,0.6706499999999997,,1403-433-1,-40.16991748295198,720.4936507423273,0.20044712253991284,,11.30999,0.6706499999999997,,,565.378067494171,444.4384498143463,565.515611342035,448.23745532833925
142.1054578152,15.1655019305,0.258352,1403,1403,1,9.116,8.528,46449.0,-25.9,-25.9,8.47508,0.4997999999999993,46449.0,1403-1403-1,-19.31472117725945,937.1121288428053,0.2603624174620273,8.48,8.48,0.576,81821.0,G0,713.5045372268266,602.5025706459643,713.6782216171421,607.631135202965
141.9551384252,14.6833426322,0.266887,826,1377,1,11.728,11.177,,-11.2,-11.2,11.12741,0.4683500000000001,,826-1377-1,-543.3303177778967,-801.2983899710483,0.268924638684187,,11.12741,0.4683500000000001,,,-238.55006314705074,-930.022430173882,-238.60788349280728,-938.2714009932394
142.4173165771,14.8441476108,0.307922,826,164,1,12.789,12.243,,-9.9,-7.9,12.19386,0.4640999999999994,,826-164-1,1067.8733760198372,-220.61343410179356,0.30289264916207115,,12.19386,0.4640999999999994,,,-873.6605641845963,646.7063799558149,-873.8732725667004,652.2034483285213
142.18787111,15.21184833,0.314854,1403,1249,1,12.891,11.958,,0.0,0.0,11.87403,0.7930499999999998,,1403-1249-1,268.0522290786394,1104.3546184297527,0.3156691143051922,,11.87403,0.7930499999999998,,,647.8385357176223,925.7520544482207,647.9964451612232,933.5693481577855
141.8043230042,14.7723857467,0.320781,826,218,1,12.789,11.828,,-16.1,-11.4,11.74151,0.8168500000000002,,826-218-1,-1068.5739805771525,-479.3772181688418,0.32532312861928453,,11.74151,0.8168500000000002,,,350.73744131868364,-1107.5262668301286,350.82243144907324,-1117.3971947602204
142.40267475,14.6838282289,0.363921,826,1332,1,11.712,11.488,,8.4,-8.0,11.46784,0.1904000000000001,,826-1332-1,1017.6966751411214,-798.3292609907774,0.35928945147220404,,11.46784,0.1904000000000001,,,-1272.3233464733762,229.21559279060804,-1272.63264837304,231.1758504734543
142.2495609926,15.2680811633,0.386776,1403,707,1,11.794,10.728,,-2.0,-9.5,10.63206,0.9061000000000006,,1403-707-1,482.24207498752116,1306.357107796606,0.3868066669603999,,10.63206,0.9061000000000006,,,656.7276644579686,1217.6469970527153,656.8879524863428,1227.853627211846
142.4733932013,14.73611881,0.394699,826,230,1,12.64,11.82,,-18.0,-12.8,11.7462,0.6970000000000002,,826-230-1,1263.0200998782816,-609.5661367036829,0.38955597899628136,,11.7462,0.6970000000000002,,,-1293.99499170581,535.3991196045373,-1294.3099082959404,539.956025059929
141.7058557113,14.9279858,0.386789,826,181,1,8.892,8.319,46339.0,22.9,-93.6,8.267430000000001,0.4870499999999988,46339.0,826-181-1,-1409.194170729597,79.78727707967953,0.392063631817583,8.27,8.27,0.478,81563.0,G0,994.8862256359319,-992.1361630911481,995.1273499455687,-1000.9574305594692
141.7742752389,15.1280155003,0.388673,1403,1631,1,14.208,11.886,,-35.6,-26.3,11.67702,1.973700000000001,,1403-1631-1,-1171.4619771292703,801.9051640220994,0.3943379563203887,,11.67702,1.973700000000001,,,1377.045749447206,-340.81274343354477,1377.3799469874818,-343.8015962469145
141.7483400137,15.1472487878,0.420227,1403,296,1,12.535,11.726,,-11.7,-9.2,11.65319,0.6876499999999993,,1403-296-1,-1260.7750254503749,871.6980589159324,0.4257640809687131,,11.65319,0.6876499999999993,,,1488.5041543970933,-361.0979020344307,1488.8653860579855,-364.2678038418409
142.3434203611,14.5094914117,0.459495,826,165,1,11.402,10.841,46525.0,-8.1,-7.8,10.79051,0.4768499999999999,46525.0,826-165-1,811.0642456073695,-1426.2921487158378,0.45576053506153114,10.8,10.8,0.417,,F2,-1604.722946046299,-337.25626148457405,-1605.1124084253102,-340.2185478632343
142.11199222,14.43848806,0.468764,826,24,1,12.735,11.593,,0.0,0.0,11.49022,0.9706999999999996,,826-24-1,4.196859381427718,-1682.2501067800101,0.46728278994375444,,11.49022,0.9706999999999996,,,-1260.6183030088387,-1103.7306405028376,-1260.9237858790677,-1113.5772274945887
141.719563037,14.6269477444,0.466668,826,1423,1,12.731,12.109,,21.2,-51.2,12.05302,0.5286999999999998,,826-1423-1,-1363.046975191576,-1003.5823716368919,0.47017087232376237,,12.05302,0.5286999999999998,,,154.21525163299586,-1670.4924377126208,154.25260180439355,-1685.609909817775
141.668686325,15.1160881,0.470751,1403,1519,1,9.724,9.247,46318.0,-12.6,-4.4,9.20407,0.4054500000000002,46318.0,1403-1519-1,-1537.800728193349,759.9567348512503,0.4764702445688319,9.22,9.22,0.431,81541.0,G,1588.8058374044965,-639.9789763231707,1589.1911658946865,-645.6289621137596
141.8003198981,14.5193098939,0.487439,826,216,1,10.313,9.809,,-5.1,9.1,9.76364,0.4284000000000011,,826-216-1,-1082.7490703643798,-1390.0805949639403,0.4894345581104646,,9.76364,0.4284000000000011,,,-320.7959572319507,-1716.9856254827416,-320.8736511329176,-1732.5442879992877
142.5807582631,15.09347123,0.495424,1403,421,1,12.376,11.48,,37.9,-98.4,11.39936,0.7615999999999992,,1403-421-1,1635.387567298704,676.2427388521361,0.49156802649841497,,11.39936,0.7615999999999992,,,-579.7106957044713,1658.2475878127882,-579.8524983111095,1671.9951606770996
142.6211259756,14.9168541033,0.498348,826,236,1,9.667,9.125,,6.7,-6.9,9.07622,0.4606999999999998,,826-236-1,1776.4124586152602,42.81009623631266,0.4935789644261808,,9.07622,0.4606999999999998,,,-1146.9257882934708,1345.7411092331906,-1147.2058970610915,1356.979202939888
142.1109998242,14.4073107922,0.499921,826,37,1,12.56,11.518,,-31.4,-3.1,11.42422,0.8856999999999998,,826-37-1,-0.09842478324567047,-1794.5171600447006,0.49846441346089515,,11.42422,0.8856999999999998,,,-1341.7107673126434,-1180.7585826195186,-1342.0358701653508,-1191.3150593238965
142.3441787256,15.3705362033,0.517546,1403,1609,1,10.131,8.98,,-14.3,-37.7,8.87641,0.9783499999999998,,1403-1609-1,810.1065412140667,1674.4407008549417,0.5166843401574899,,8.87641,0.9783499999999998,,,714.3552471275099,1703.2984387566669,714.5300275295316,1717.4024305782175
141.8028611709,15.3296760528,0.513654,1403,1395,1,10.213,9.79,,-12.0,-13.1,9.75193,0.35955,,1403-1395-1,-1070.0468559294407,1528.1908400494522,0.5182009569515905,,9.75193,0.35955,,,1852.7895692976176,212.36715631826166,1853.2399751934079,214.17075393384246
142.1607432811,15.4251027611,0.520651,1403,557,1,12.305,11.656,,-3.0,-8.2,11.59759,0.5516499999999992,,1403-557-1,173.27770928614177,1871.3228958022291,0.5220211708377732,,11.59759,0.5516499999999992,,,1284.2040797763339,1360.464825835745,1284.5177402982301,1371.8194924073534
142.5711499798,14.6312894258,0.52809,826,253,1,13.455,11.676,,-1.5,-2.5,11.51589,1.51215,,826-253-1,1604.2994618497103,-986.0105968501766,0.5230634951062837,,11.51589,1.51215,,,-1801.9593739221673,540.7121583740342,-1802.3979366654182,545.3029784405312
142.46439167,14.50565861,0.530803,826,87,1,13.515,12.071,,0.0,0.0,11.94104,1.2274000000000007,,826-87-1,1232.9990793944705,-1439.1184516384656,0.5263977980280159,,11.94104,1.2274000000000007,,,-1894.3348943370138,-32.86258046595564,-1894.7950432570483,-33.17215220540672
142.5661205753,15.2099977244,0.538115,1403,278,1,11.848,10.495,,-6.9,-11.0,10.37323,1.1500500000000011,,1403-278-1,1582.282244812567,1098.1057917081596,0.5349828247896621,,10.37323,1.1500500000000011,,,-229.0367723016495,1896.6876778898597,-229.09286913249062,1912.3205508870387
141.63402194,15.18615972,0.53396,1403,1575,1,12.276,12.152,,0.0,0.0,12.14084,0.1054000000000004,,1403-1575-1,-1657.2748870991895,1012.6088328445506,0.5394694592627086,,12.14084,0.1054000000000004,,,1857.0063254118497,-562.3036020139145,1857.4567843219118,-567.266246256108
142.65619889,14.78721444,0.545679,826,144,1,13.16,12.256,,0.0,0.0,12.17464,0.7683999999999999,,826-144-1,1899.3038137287162,-423.6445051255244,0.5405333553815439,,12.17464,0.7683999999999999,,,-1577.2558335688207,1129.7680855243661,-1577.6406549221847,1139.2451920038354
141.80142111,14.44240389,0.550062,826,20,1,12.939,11.597,,0.0,0.0,11.47622,1.1407000000000005,,826-20-1,-1079.0289815813253,-1667.1668982846481,0.5516183622054464,,11.47622,1.1407000000000005,,,-530.4447058366422,-1896.4271313053557,-530.57317053482,-1913.6982835695505
141.6847911464,15.2753963867,0.548234,1403,1324,1,12.19,10.37,,3.0,-2.5,10.2062,1.5470000000000002,,1403-1324-1,-1480.0798747907456,1333.56440452581,0.5533835059052122,,10.2062,1.5470000000000002,,,1979.3895556813484,-219.74643816355618,1979.8701119022364,-221.68625752552856
141.9242291023,14.3783869022,0.557122,826,1018,1,12.054,10.761,,-6.8,-7.6,10.64463,1.0990500000000007,,826-1018-1,-651.0529403238519,-1898.381049715903,0.5574596784496966,,10.64463,1.0990500000000007,,,-987.3570238615607,-1731.4026997747267,-987.5961565506861,-1747.1045683046639
142.28389778,14.37065806,0.563635,826,554,1,14.521,12.361,,0.0,0.0,12.1666,1.836,,826-554-1,603.9716817573524,-1926.0141740988047,0.5606744928228282,,12.1666,1.836,,,-1840.9303507243123,-819.5565174837875,-1841.376678861713,-826.8278646359129
141.9974302052,14.3469526844,0.569813,826,996,1,12.994,11.882,,9.9,-53.2,11.78192,0.9452,,826-996-1,-395.26954386223565,-2012.9400043216824,0.5698093686008372,,11.78192,0.9452,,,-1242.7674842716601,-1617.2284987541298,-1243.0684948017522,-1631.8536057303108
141.7013588378,14.4939770733,0.568715,826,79,1,8.143,7.811,46335.0,-33.1,-35.3,7.78112,0.2822000000000006,46335.0,826-79-1,-1428.544745735536,-1481.7679355575433,0.5717160049186115,7.77,7.77,0.308,81581.0,A3,-159.8599073252198,-2033.4382076671156,-159.89862277257538,-2052.025520272706
141.71001361,14.45660389,0.5911,826,98,1,13.069,11.708,,0.0,0.0,11.58551,1.1568500000000006,,826-98-1,-1397.6820061906196,-1615.4435789551278,0.5933561359427864,,11.58551,1.1568500000000006,,,-280.29278990306756,-2098.463779761794,-280.36067334113557,-2117.6805330503057
142.6186133365,15.2640012178,0.610578,1403,824,1,10.144,9.369,,-20.0,0.4,9.29925,0.6587500000000003,,1403-824-1,1763.7573830489275,1293.1983599933296,0.6074920381183695,,9.29925,0.6587500000000003,,,-203.60250941034917,2159.8649749173223,-203.65245216629575,2177.5508681258893
142.7230939512,14.7563257594,0.615793,826,155,1,12.875,11.567,,0.6,-4.9,11.44928,1.1118,,826-155-1,2132.3969996237574,-534.3719507410476,0.6106250856607404,,11.44928,1.1118,,,-1814.7421884881564,1229.7838969631944,-1815.185166760587,1240.069819048711
142.6468566951,15.2600450593,0.630883,1403,582,1,9.15,8.433,46635.0,-87.1,-46.6,8.36847,0.6094500000000004,46635.0,1403-582-1,1860.1019142894463,1277.9052043835677,0.6268561590559385,8.38,8.38,0.636,82140.0,F8,-278.9772902568698,2221.293040123893,-279.04574711742004,2239.454021396532
142.3482472134,14.3091509142,0.642522,826,786,1,12.157,11.542,,-7.0,-10.5,11.48665,0.5227500000000002,,826-786-1,828.4625940729458,-2147.4262402078452,0.639332573975263,,11.48665,0.5227500000000002,,,-2155.4680900229196,-798.8188193544929,-2155.990711670402,-805.9117681863638
141.9697959016,15.5371835839,0.643471,1403,902,1,10.843,10.35,,46.4,-5.8,10.30563,0.4190500000000002,,1403-902-1,-488.0708778139505,2274.8599539512584,0.6462583352949565,,10.30563,0.4190500000000002,,,2024.8432502521919,1135.5671549592269,2025.3373051005321,1145.0806925408276
141.93655546,15.5312489053,0.644979,1403,268,1,11.22,9.967,,-19.1,-5.3,9.85423,1.06505,,1403-268-1,-605.1654689730389,2253.5784234686234,0.6481441011432979,,9.85423,1.06505,,,2086.6422232238474,1034.693081516072,2087.151126167264,1043.3796682415502
142.7897135633,14.7520410555,0.679441,826,45,1,11.176,10.559,,-25.2,-11.2,10.50347,0.5244500000000007,,826-45-1,2363.6402549130466,-549.267551382401,0.6740303289969776,,10.50347,0.5244500000000007,,,-1979.3464431327109,1391.5363835586274,-1979.8299862943736,1403.126267666754
141.9859205054,15.5686529914,0.671466,1403,1464,1,12.414,10.887,,15.2,-13.9,10.74957,1.2979499999999993,,1403-1464-1,-432.88217142947667,2387.891582401365,0.674083152909971,,10.74957,1.2979499999999993,,,2072.7309771080295,1250.9378852742454,2073.2369921760005,1261.3887417917792
142.4963204706,15.4691161,0.676801,1403,1294,1,12.312,11.728,,6.8,-26.6,11.67544,0.4963999999999997,,1403-1294-1,1338.1831854579343,2030.1967030308513,0.6753991268786872,,11.67544,0.4963999999999997,,,629.8923406145703,2329.5117825338516,630.0470088638183,2348.5045576838284
141.4296375,14.74167972,0.673999,826,264,1,12.256,11.627,,0.0,0.0,11.570390000000002,0.5346499999999996,,826-264-1,-2372.223556951017,-586.3715280671073,0.6787514360666169,,11.570390000000002,0.5346499999999996,,,1135.9196961441642,-2143.7437227180803,1136.1948138064213,-2163.408772784385
142.43528333,14.28207417,0.701891,826,720,1,13.496,12.129,,0.0,0.0,12.00597,1.1619500000000007,,826-720-1,1132.4635482889535,-2244.1768181693956,0.6982218213698187,,12.00597,1.1619500000000007,,,-2429.562977146864,-637.1294068701083,-2430.1522607582947,-642.7777757076931
141.491408427,14.5422677233,0.697091,826,148,1,12.444,11.531,,8.0,-1.2,11.44883,0.7760500000000002,,826-148-1,-2158.8125272573006,-1305.1323980132818,0.7007055296469963,,11.44883,0.7760500000000002,,,456.8630563681687,-2458.1915068154444,456.97372737503645,-2480.930695661537
142.6477385927,15.3813646205,0.706429,1403,1442,1,10.846,10.124,,-57.1,-52.6,10.05902,0.6136999999999996,,1403-1442-1,1862.7759949470951,1714.5729397820814,0.703225103239691,,10.05902,0.6136999999999996,,,45.74726759374146,2510.940524201117,45.75851327272774,2531.3239483809316
141.7362694966,14.3031160561,0.701727,826,899,1,8.628,6.97,46345.0,-23.8,-43.7,6.82078,1.4093000000000002,46345.0,826-899-1,-1307.5284829333891,-2169.34501297479,0.7035537884807962,6.83,6.83,1.387,81595.0,K2,-754.2812019972151,-2395.8218244956493,-754.4639115853081,-2417.94804020184
142.5839358498,15.455773585,0.717054,1403,682,1,10.821,9.569,,-21.4,4.5,9.456320000000002,1.064199999999999,,1403-682-1,1641.5891910736484,1983.5260852479528,0.7151632737657214,,9.456320000000002,1.064199999999999,,,393.63792209702774,2523.956283843653,393.7346951782784,2544.4378147091616
141.5185845112,15.33984018,0.712831,1403,1374,1,10.818,9.942,,-24.6,-7.2,9.86316,0.7445999999999995,,1403-1374-1,-2057.3531766299393,1566.6289671039085,0.7182759607020809,,9.86316,0.7445999999999995,,,2536.7684441791453,-494.3307032631135,2537.3839307667513,-498.70953654915417
142.167531046,14.1878427156,0.721754,826,552,1,11.946,11.134,,-14.5,-50.5,11.06092,0.6901999999999995,,826-552-1,197.74043121765297,-2585.63889208423,0.7202923603696952,,11.06092,0.6901999999999995,,,-2064.537646970198,-1554.464567917205,-2065.0377480784828,-1568.5180449735615
141.62241556,15.45039222,0.715826,1403,1457,1,12.908,11.699,,0.0,0.0,11.59019,1.0276499999999995,,1403-1457-1,-1695.228828786974,1964.0525927892897,0.7206496478565655,,11.59019,1.0276499999999995,,,2593.596447032074,35.67680083978635,2594.2266276621194,35.93846855631619
142.2646287933,14.186467055,0.736942,826,770,1,12.165,11.722,,43.6,-24.3,11.68213,0.3765499999999996,,826-770-1,538.2867825378099,-2589.709334559884,0.734698864583756,,11.68213,0.3765499999999996,,,-2293.5887179428846,-1304.8005758077338,-2294.1444313218167,-1316.5289309377376
142.0789434739,15.6495793661,0.742837,1403,887,1,11.835,11.39,,-18.9,-11.8,11.34995,0.3782500000000002,,1403-887-1,-111.04136726436708,2679.1620598962368,0.7448086547479157,,11.34995,0.3782500000000002,,,2076.92182049933,1681.536198774112,2077.4299605117008,1695.4422100446175
142.5877661033,15.4938646444,0.748815,1403,706,1,12.738,11.921,,1.6,12.2,11.84747,0.6944500000000001,,1403-706-1,1655.163934178714,2120.8973910622885,0.747266244092923,,11.84747,0.6944500000000001,,,487.34219220485915,2624.5357388133893,487.462079021339,2645.7804357007385
142.8770093387,14.7801404242,0.756504,826,44,1,12.575,11.876,,4.9,-12.9,11.81309,0.5941499999999998,,826-44-1,2667.980812621867,-447.10699526507426,0.7513972185427272,,11.81309,0.5941499999999998,,,-2104.93834530507,1684.6262407829672,-2105.4533495858536,1698.5559968546306
142.8170861444,14.5847931094,0.759968,826,119,1,13.3,11.66,,-22.4,-22.9,11.5124,1.3940000000000003,,826-119-1,2460.833352911456,-1151.5309848457791,0.7546599408973377,,11.5124,1.3940000000000003,,,-2494.16729854099,1067.0804179096767,-2494.7757044317273,1076.019788125771
141.4781223661,14.4545363192,0.757097,826,142,1,12.194,11.967,,-10.6,2.1,11.94657,0.1929500000000002,,826-142-1,-2206.426009123025,-1620.8014510736791,0.7604433852010858,,11.94657,0.1929500000000002,,,252.43378953024384,-2700.9338176002284,252.49495607996545,-2726.0886586263623
142.90661799,15.0045197278,0.780114,1403,514,1,11.714,10.402,,-12.5,-7.7,10.283919999999998,1.1152000000000009,,1403-514-1,2767.6769091039505,361.40429141620996,0.7752786045116202,,10.283919999999998,1.1152000000000009,,,-1566.5718982113547,2291.1418285972504,-1566.9564922180718,2309.825942909458
142.8712920079,14.6577159811,0.781509,826,467,1,11.79,11.192,,-67.5,2.8,11.13818,0.5082999999999991,,826-467-1,2647.622057859917,-887.6184555951395,0.775632777484489,,11.13818,0.5082999999999991,,,-2420.801425213027,1379.4290363900238,-2421.392802617149,1390.9083289034363
142.39620417,15.64237861,0.786842,1403,903,1,13.686,11.813,,0.0,0.0,11.64443,1.5920499999999993,,1403-903-1,989.624615826561,2654.1645955632166,0.7867997502977263,,11.64443,1.5920499999999993,,,1327.7610643593678,2481.874884937805,1328.0874092570082,2502.0252624552604
142.9283396733,14.9866348322,0.798973,826,112,1,11.783,10.452,,-2.2,-11.0,10.33221,1.1313499999999996,,826-112-1,2843.7227346552304,297.18653134345885,0.7941739899754712,,10.33221,1.1313499999999996,,,-1665.0564493783827,2305.2797818056233,-1665.465259145929,2324.070630722122
141.2886216501,14.8100418088,0.795623,826,1354,1,10.114,9.181,,61.1,-101.0,9.097029999999998,0.7930500000000014,,826-1354-1,-2860.6417030665343,-341.21700663099557,0.8002035214802923,,9.097029999999998,0.7930500000000014,,,1643.3684323606087,-2344.317377637353,1643.7665100621853,-2365.952590255426
141.2972744009,14.72488333,0.802338,826,162,1,11.538,10.034,,1.7,0.0,9.89864,1.2783999999999995,,826-162-1,-2833.189660989221,-645.2897702075142,0.8070984085074739,,9.89864,1.2783999999999995,,,1397.7916396343046,-2523.8691325884156,1398.130278140387,-2547.2719265947885
141.30120972,15.13087472,0.808364,1402,1196,1,12.788,11.862,,0.0,0.0,11.77866,0.7871000000000001,,1402-1196-1,-2814.2401890177493,816.646240236631,0.8139269860181605,,11.77866,0.7871000000000001,,,2478.317958729484,-1548.6211779102969,2478.918319960939,-1562.633317876453
141.2629631898,15.0207513267,0.821838,1402,1460,1,10.913,10.014,,0.4,-5.6,9.93309,0.7641500000000008,,1402-1460-1,-2948.677343971883,420.43165976854146,0.8273035467277625,,9.93309,0.7641500000000008,,,2271.285770846255,-1908.7686494525708,2271.8359004245976,-1926.1937859235848
141.69959306,15.63368722,0.825282,1403,1265,1,12.723,12.387,,0.0,0.0,12.35676,0.2856000000000002,,1403-1265-1,-1426.0499103837178,2623.4614775171185,0.8293852292727407,,12.35676,0.2856000000000002,,,2907.9965564300055,669.351505488285,2908.7047434905658,674.9853228916367
142.6780687606,15.5342269583,0.83571,1403,635,1,11.967,11.604,,-9.4,3.0,11.57133,0.3085500000000011,,1403-635-1,1967.7962860661828,2266.680858819734,0.833740292583617,,11.57133,0.3085500000000011,,,388.8636980487709,2952.6586297738886,388.9595672500637,2976.369398149452
142.98801028,14.81672972,0.857782,827,10,1,12.545,12.247,,0.0,0.0,12.22018,0.2533,,827-10-1,3053.7143484489147,-313.5588836762808,0.8526510598649909,,12.22018,0.2533,,,-2261.0784306510773,2058.8270583609187,-2261.6327946410793,2075.694485626065
141.9144069452,15.741677195,0.854616,1403,1283,1,10.823,9.983,46397.0,-21.1,-23.4,9.9074,0.7139999999999999,46397.0,1403-1283-1,-681.3333603773539,3010.6683022433144,0.8573806464740247,9.0,9.0,0.626,81706.0,G5,2703.272239000454,1476.7360832498164,2703.932962457611,1488.9880149390478
141.9136784644,15.7422230369,0.855315,1403,1283,2,10.642,9.911,46397.0,-12.4,-27.7,9.84521,0.6213499999999998,46397.0,1403-1283-2,-683.6249024263672,3012.5209170849707,0.8580230752722484,9.0,9.0,0.626,81706.0,G5,2706.1782598919413,1476.2560257678576,2706.839692245705,1488.5040018678894
142.8654974472,14.4525762764,0.864387,826,76,1,14.645,11.45,,7.0,-7.3,11.16245,2.7157500000000003,,826-76-1,2631.8347074629523,-1626.6298435934764,0.8593639524106561,,11.16245,2.7157500000000003,,,-2962.8897390238894,881.1364207423791,-2963.6119305082634,888.5285031014739
141.3897450668,14.3715907383,0.875416,826,915,1,12.547,11.171,,-26.3,-5.1,11.04716,1.169600000000001,,826-915-1,-2515.8684187360236,-1918.6962160380633,0.8788240487944876,,11.04716,1.169600000000001,,,235.06041379335858,-3125.801348774548,235.11741296370715,-3155.266846394001
141.7851830909,15.7455006422,0.893451,1403,851,1,12.931,11.76,,8.2,-22.0,11.65461,0.9953499999999994,,1403-851-1,-1128.409039447429,3024.971373488857,0.8967558347441988,,11.65461,0.9953499999999994,,,3010.6743869622965,1154.4850441892022,3011.4091242663294,1164.1193482716083
141.7678758894,15.7436361897,0.897543,1403,245,1,12.788,11.905,,-9.2,7.7,11.82553,0.7505500000000007,,1403-245-1,-1188.8651266066533,3019.1367979835604,0.9012530127107132,,11.82553,0.7505500000000007,,,3046.434333639622,1105.796329116271,3047.1776348360413,1115.0317286762747
142.3463506157,15.781119375,0.904246,1403,809,1,11.553,11.154,,-4.0,2.6,11.11809,0.3391500000000008,,1403-809-1,816.0564284115659,3153.5311681908593,0.9047603471318442,,11.11809,0.3391500000000008,,,1816.330120628276,2682.046518515586,1816.7771349688032,2703.70630153457
142.6466303961,15.652796135,0.910174,1403,669,1,12.3,11.365,,12.0,-16.3,11.28085,0.7947500000000004,,1403-669-1,1858.195142488077,2692.8116542071734,0.9087337182862169,,11.28085,0.7947500000000004,,,780.2215923391168,3152.0879245072656,780.4142133256024,3177.275160926372
141.1773722829,15.0265216286,0.904532,1402,1618,1,11.727,10.533,,-2.5,-12.5,10.42554,1.0149000000000006,,1402-1618-1,-3246.2833424279547,442.2054403848562,0.9099966142185345,,10.42554,1.0149000000000006,,,2485.076000340336,-2114.89545663524,2485.6779446505952,-2134.3163650943234
142.1372752036,13.9931166256,0.914551,826,493,1,12.365,11.956,,-3.5,-26.0,11.91919,0.3476500000000005,,826-493-1,92.4910927262509,-3286.031639193928,0.9130707654848466,,11.91919,0.3476500000000005,,,-2518.3774670324456,-2092.9601916652514,-2518.9874760749144,-2112.1696502396712
142.1696339375,15.8179502528,0.912992,1403,559,1,11.406,10.273,,23.7,-68.2,10.17103,0.9630500000000008,,1403-559-1,204.38313358479706,3283.8365693850697,0.9138643673462695,,10.17103,0.9630500000000008,,,2319.7043166263697,2313.901678940114,2320.273918395087,2332.7417395288803
141.566065,15.66594639,0.920016,1403,233,1,13.88,11.54,,0.0,0.0,11.3294,1.9890000000000017,,1403-233-1,-1888.7694810699722,2740.569790564407,0.9244722487173712,,11.3294,1.9890000000000017,,,3302.6491488796432,403.283394480468,3303.452676603654,406.66121405400054
141.7275170004,15.7623092089,0.929544,1403,1406,1,13.127,11.674,,-6.8,-0.1,11.54323,1.2350500000000009,,1403-1406-1,-1328.5567949386198,3086.3825835088014,0.9333012317188449,,11.54323,1.2350500000000009,,,3189.422599626753,1046.4534175587194,3190.200594401872,1055.1970321422693
141.3141055971,15.4475374192,0.935597,1402,1626,1,12.514,11.788,,-16.6,-36.3,11.72266,0.6170999999999992,,1402-1626-1,-2765.668126835916,1955.777354458122,0.9408396373305654,,11.72266,0.6170999999999992,,,3297.8199317397034,-763.3086779386059,3298.6196982066585,-770.1255317227489
142.8683671852,14.31494938,0.946416,826,433,1,12.277,11.03,,-8.3,-14.4,10.91777,1.05995,,826-433-1,2643.0571659378966,-2122.348193142441,0.9415005064011754,,10.91777,1.05995,,,-3340.9910419708167,563.1274878167634,-3341.804386926997,567.8525115434314
142.9911662277,14.4930701816,0.951398,827,13,1,12.128,11.628,,52.4,-24.6,11.583,0.425,,827-13-1,3070.633765078992,-1479.6421352287512,0.9467299922257174,,11.583,0.425,,,-3144.198264167702,1303.4371111139658,-3144.966141785767,1314.2756691837203
142.8005823732,15.5844944333,0.953159,1403,287,1,12.654,11.25,,-13.7,-5.6,11.12364,1.1933999999999998,,1403-287-1,2392.103227194946,2448.6385098153664,0.9507890339420011,,11.12364,1.1933999999999998,,,243.31904822552727,3387.5725030626445,243.37921953345867,3414.491903169005
141.1274566872,14.8425631633,0.947488,826,211,1,11.769,11.054,,10.1,-2.8,10.98965,0.6077499999999999,,826-211-1,-3422.4315389018598,-219.22347823052687,0.9525359895708271,,10.98965,0.6077499999999999,,,2107.4224662106444,-2680.1481374601217,2107.9331494139224,-2705.127429434644
141.69045083,15.76848833,0.949738,1403,581,1,13.168,11.557,,0.0,0.0,11.41201,1.369349999999999,,1403-581-1,-1456.7846360795475,3108.860711359384,0.9535937443969473,,11.41201,1.369349999999999,,,3291.3297477914016,966.1388594647051,3292.132326121461,974.2182229142029
142.9192294797,15.456004995,0.958089,1403,585,1,11.964,11.18,,-4.2,3.9,11.10944,0.6664000000000005,,1403-585-1,2805.620400818763,1987.625193735156,0.9550050970359327,,11.10944,0.6664000000000005,,,-375.8171680661955,3390.7837339142984,-375.9101076763325,3417.7260474192444
141.5818994916,15.7140332475,0.951873,1403,1276,1,11.327,10.671,,-48.4,-49.5,10.61196,0.5576000000000004,,1403-1276-1,-1834.7325463120744,2912.2665826166017,0.9560294843912385,,10.61196,0.5576000000000004,,,3395.1654989067106,556.3852913384429,3395.992017593112,561.0511395294076
142.2126480646,15.8578207283,0.956268,1403,1497,1,11.726,10.961,,-32.6,-22.2,10.89215,0.6502500000000004,,1403-1497-1,351.8389663612556,3428.6687718539606,0.9573202906448458,,10.89215,0.6502500000000004,,,2330.1350173514743,2518.7578639845124,2330.707908281854,2539.165384848052
141.150540942,14.6718389175,0.952745,826,224,1,12.02,11.559,,-32.2,-34.5,11.51751,0.3918500000000002,,826-224-1,-3345.829324558948,-835.1812834193822,0.9578253923497563,,11.51751,0.3918500000000002,,,1596.0272856544857,-3028.239082061308,1596.4142479088996,-3056.724258798272
143.0605725861,15.2285509349,0.976846,1403,110,1,11.002,10.476,,-87.1,-37.9,10.42866,0.4470999999999998,,1403-110-1,3297.5455736453273,1169.419681322614,0.9717856804339399,,10.42866,0.4470999999999998,,,-1314.0643079443007,3216.831123234669,-1314.3888798483017,3242.488407668417
141.8502280061,15.84572896,0.970295,1403,97,1,11.276,10.71,,-5.8,-19.8,10.65906,0.4810999999999991,,1403-97-1,-902.9065832795941,3385.611501487008,0.9732234537849036,,10.65906,0.4810999999999991,,,3130.668996385265,1559.2756158705245,3131.4345457485974,1572.1714991765552
142.2873802275,13.9425167094,0.980626,826,947,1,12.433,12.198,,-10.6,-9.8,12.17685,0.1997499999999995,,826-947-1,616.9301365222885,-3467.5323826855897,0.9782343115266388,,12.17685,0.1997499999999995,,,-3002.1374288461484,-1823.7911888369113,-3002.864650586511,-1840.4313376436073
142.9686174839,14.37666193,0.989364,826,430,1,11.139,10.548,,-1.5,-10.8,10.49481,0.5023499999999994,,826-430-1,2992.1680619268463,-1898.760035459003,0.9842858165132412,,10.49481,0.5023499999999994,,,-3405.502405267305,969.2719717191497,-3406.3328493612153,977.3719365898302
142.1909842385,15.8960308,0.992303,1403,761,1,11.01,10.248,,-44.6,-19.2,10.17942,0.6477000000000004,,1403-761-1,276.4208006123985,3566.2935187105463,0.9935087646326265,,10.17942,0.6477000000000004,,,2483.0897218967543,2553.452670913617,2483.7003621608355,2574.1193506926006
142.4009939577,15.8598991333,0.994383,1403,771,1,12.665,11.852,,2.9,-2.4,11.77883,0.6910499999999989,,1403-771-1,1005.1926337268469,3437.2738130211505,0.9946883095330973,,11.77883,0.6910499999999989,,,1902.9630890468243,3009.403413935196,1903.432455037884,3033.514197377108
141.0807719365,14.8954072933,0.99031,826,75,1,12.383,11.238,,-5.7,-90.3,11.13495,0.9732499999999996,,826-75-1,-3584.470021036868,-30.53074097397251,0.995622010299856,,11.13495,0.9732499999999996,,,2356.0484351736604,-2676.108689073679,2356.6193790464145,-2701.05582322173
143.0951053812,14.5698326872,1.01478,827,14,1,10.538,10.357,,-2.8,-3.8,10.34071,0.1538500000000008,,827-14-1,3430.2967835974196,-1201.156353893617,1.0094835407467062,,10.34071,0.1538500000000008,,,-3174.6648579633793,1753.6898660239856,-3175.441967339765,1768.1292153331606
142.4724644121,15.8530915444,1.009942,1403,864,1,12.053,11.361,,-43.4,-5.6,11.29872,0.5882000000000002,,1403-864-1,1251.568706895599,3413.0472856461356,1.0096975787710354,,11.29872,0.5882000000000002,,,1721.3385632163831,3176.3431740395486,1721.7636200198285,3201.694245069733
141.2518304934,14.3260961411,1.009845,826,810,1,10.249,9.806,,-48.7,-13.4,9.76613,0.3765500000000011,,826-810-1,-2998.1089573573026,-2081.032671349169,1.0136634107852716,,9.76613,0.3765500000000011,,,433.7245994196328,-3589.401002688136,433.8298984603652,-3623.6923046266825
143.0290091616,14.380371455,1.037255,827,1211,1,13.495,12.034,,1.6,-9.9,11.90251,1.2418499999999988,,827-1211-1,3202.8414866994876,-1884.5385839374646,1.0321488019819673,,11.90251,1.2418499999999988,,,-3534.6839928818167,1134.9214280473566,-3535.5465975407537,1144.372981108237
141.3405608325,14.1909482608,1.030118,826,637,1,10.696,8.753,,-16.1,-4.3,8.57813,1.6515499999999996,,826-637-1,-2689.292639991512,-2568.5572875095068,1.032899594345323,,8.57813,1.6515499999999996,,,-135.75117672932345,-3681.101930296052,-135.78414348944747,-3716.361676304944
141.6288377718,15.8328130356,1.033451,1403,290,1,11.672,10.791,,-17.0,-20.2,10.71171,0.7488500000000001,,1403-290-1,-1670.232498400441,3340.3674378894602,1.037293919339771,,10.71171,0.7488500000000001,,,3606.0860753617408,960.2460633665079,3606.9654245770557,968.2621776825562
142.374364868,13.8827199878,1.057002,826,753,1,11.177,10.643,,20.5,-26.2,10.59494,0.4538999999999991,,826-753-1,922.0081565990569,-3682.9749551743494,1.054500519923425,,10.59494,0.4538999999999991,,,-3365.694372203199,-1739.4287961835696,-3366.5097210144295,-1755.2822734796976
142.5345162517,15.88826659,1.064667,1403,72,1,11.185,10.332,,-37.8,24.2,10.25523,0.7250499999999998,,1403-72-1,1466.4090933260543,3540.889313152033,1.0644679673267372,,10.25523,0.7250499999999998,,,1674.3452488130295,3420.0965621960445,1674.7594254677638,3447.2356495881636
141.0515055517,15.212678895,1.062621,1402,421,1,10.814,10.474,,-3.0,9.8,10.4434,0.2889999999999998,,1402-421-1,-3680.7795896147672,1115.092894982316,1.068204299002599,,10.4434,0.2889999999999998,,,3276.5584573995534,-1994.3053138545504,3277.3521817714372,-2012.5936570514814
143.2001779417,15.20565694,1.098549,1403,1149,1,12.056,11.465,,-45.9,-29.2,11.41181,0.5023499999999994,,1403-1149-1,3784.0832602577625,1089.4593479279572,1.0936983215802294,,11.41181,0.5023499999999994,,,-1696.7451797880935,3525.3814997556137,-1697.1652242330629,3553.285520895372
140.9645765784,14.9557433617,1.103443,826,1261,1,11.399,10.645,,-6.8,-23.0,10.57714,0.6408999999999996,,826-1261-1,-3987.7087289339074,190.49600233667232,1.108821610882773,,10.57714,0.6408999999999996,,,2788.926068506938,-2829.406158158159,2789.602099236962,-2855.9113714634514
143.2305893313,14.61169172,1.127414,827,1557,1,12.703,12.157,,-13.4,-16.0,12.10786,0.4640999999999994,,827-1557-1,3901.430736169712,-1048.5230424230933,1.122043089897633,,12.10786,0.4640999999999994,,,-3373.2106852654183,2203.855157561983,-3374.038530515409,2221.80700201842
142.6474859305,13.9072253133,1.129392,826,606,1,11.917,11.346,,-2.5,-3.2,11.29461,0.4853499999999998,,826-606-1,1875.9755984674878,-3592.43004271498,1.125620954555429,,11.29461,0.4853499999999998,,,-3931.104357877438,-972.9642587732278,-3932.0574591572913,-981.7139072712177
142.0888441517,13.7715028278,1.135829,826,1185,1,12.131,11.488,,15.3,3.1,11.43013,0.5465500000000005,,826-1185-1,-76.29001091329582,-4083.2300673980353,1.1342803218635567,,11.43013,0.5465500000000005,,,-3002.435646563083,-2741.9642684238297,-3003.163356650185,-2767.5978397054496
142.9462650356,14.08117048,1.159692,826,353,1,12.89,11.937,,-31.1,-46.8,11.85123,0.8100500000000009,,826-353-1,2917.3174105560292,-2964.0632552371453,1.155092238183459,,11.85123,0.8100500000000009,,,-4152.365032540794,212.50999894925073,-4153.374765898891,214.21930112543046
142.9125956527,15.7701157294,1.162123,1403,1050,1,9.184,7.807,46745.0,-22.7,-4.7,7.683070000000001,1.170449999999999,46745.0,1403-1050-1,2777.8745675083887,3118.39568112195,1.1599081264174447,7.66,7.66,1.154,82332.0,K0,488.07862847319353,4115.466290077203,488.2000033343282,4147.606477668188
141.0008948017,14.4623521817,1.157409,826,8,1,10.162,9.813,,-1.0,-5.0,9.78159,0.2966500000000001,,826-8-1,-3869.9539907321378,-1586.3623102192828,1.161639159193407,,9.78159,0.2966500000000001,,,1382.2035398956882,-3909.6490089911135,1382.5394827977161,-3947.362897957773
141.9810337074,13.748880445,1.164483,826,682,1,8.838,7.895,46415.0,-52.7,-40.5,7.81013,0.8015499999999997,46415.0,826-682-1,-455.2167577867936,-4165.740646441661,1.1638785081386531,7.79,7.79,0.834,81762.0,G5,-2812.649868359472,-3076.743997608758,-2813.3319598427192,-3105.765720995849
142.3180168255,16.0528015311,1.163748,1403,358,1,11.853,10.734,,-2.0,4.0,10.63329,0.9511499999999998,,1403-358-1,716.9438169448078,4131.727425079177,1.1646919741963628,,10.63329,0.9511499999999998,,,2613.507654814971,3253.039182883701,2614.153420657591,3278.929984777231
142.4404914451,16.0299097011,1.168222,1403,590,1,13.03,12.357,,-2.5,-8.6,12.29643,0.5720500000000001,,1403-590-1,1140.9042626260277,4049.498093641966,1.1684902983665864,,12.29643,0.5720500000000001,,,2270.6582180142696,3513.615835263195,2271.220316396938,3541.4200006881842
142.9322897282,15.7722482372,1.176495,1403,216,1,12.142,11.645,,-12.0,-15.1,11.60027,0.4224499999999999,,1403-216-1,2846.3819943368794,3126.057476551663,1.1742189818754007,,11.60027,0.4224499999999999,,,448.3418456185428,4171.394311638325,448.45338900345087,4203.928562937433
141.3962799507,15.8601805422,1.172934,1403,818,1,12.077,10.726,,8.1,-6.4,10.60441,1.148349999999999,,1403-818-1,-2474.9101635064794,3441.483886926007,1.1773300321300306,,10.60441,1.148349999999999,,,4215.7268599577255,430.01830982411434,4216.752792420827,433.57530950226095
140.9658353744,14.4979395733,1.17585,826,17,1,11.297,10.982,,-3.5,-0.3,10.95365,0.2677500000000011,,826-17-1,-3991.6246194203363,-1457.478585824197,1.1802190126364778,,10.95365,0.2677500000000011,,,1559.3190521137817,-3915.027451465726,1559.698055071647,-3952.803170852903
142.0287097807,13.7205047675,1.189013,826,890,1,12.396,11.296,,-1.6,-9.3,11.197,0.9350000000000012,,826-890-1,-287.1238248505159,-4267.16893355266,1.1878347477788533,,11.197,0.9350000000000012,,,-3000.045602238734,-3018.9422384554514,-3000.773073766966,-3047.381131074511
143.2937757422,14.5612746614,1.200298,827,1618,1,11.486,11.084,,-54.7,42.1,11.04782,0.3417000000000008,,827-1618-1,4121.462769934962,-1227.405258097005,1.1943676318641596,,11.04782,0.3417000000000008,,,-3652.98822561576,2249.3303666307197,-3653.8850136320325,2267.6206337745
142.2573423034,16.0962321603,1.198008,1403,1355,1,12.608,11.995,,-23.9,-4.1,11.93983,0.5210500000000011,,1403-1355-1,506.276366305384,4287.734063973459,1.199136006335017,,11.93983,0.5210500000000011,,,2869.9661839670503,3199.4472130295294,2870.675067600416,3224.9346999117306
143.2407803272,14.4074673158,1.206561,827,1071,1,10.842,9.39,46864.0,36.3,-47.9,9.25932,1.2342,46864.0,827-1071-1,3941.974064978578,-1784.6102415030696,1.2018023218075717,9.22,9.22,1.261,,K0,-3950.4971668027524,1749.1309597657548,-3951.464277668186,1763.4974639487907
141.1092395906,14.1940170019,1.199318,826,1202,1,10.277,9.785,,-30.4,1.9,9.74072,0.4181999999999992,,826-1202-1,-3497.192208603005,-2554.2148189323407,1.202776402679904,,9.74072,0.4181999999999992,,,411.14454797466067,-4269.45297682976,411.244616411746,-4311.060722216787
142.0865525037,16.1092163733,1.202222,1403,392,1,10.603,9.86,,-20.9,-33.9,9.79313,0.6315500000000003,,1403-392-1,-84.56075785617278,4333.515138518542,1.2038061913076217,,9.79313,0.6315500000000003,,,3296.313479305473,2791.012517271451,3297.125437651952,2813.444121699898
142.6175184353,16.0150540567,1.212807,1403,1485,1,12.43,12.172,,-1.2,-9.2,12.14878,0.2192999999999992,,1403-1485-1,1753.7732171074565,3997.199729168215,1.2123222662775113,,12.14878,0.2192999999999992,,,1824.8173311782386,3934.224370818263,1825.2704994086334,3965.061635825427
141.6138576968,13.7859218922,1.218244,826,729,1,11.552,11.076,,1.0,-4.4,11.03316,0.4045999999999992,,826-729-1,-1737.8587771515945,-4029.687247361234,1.2188312408733692,,11.03316,0.4045999999999992,,,-1859.6798983426772,-3936.708481055255,-1860.1319536585572,-3974.7253434478507
141.3972159728,13.890886995,1.226158,826,1215,1,12.073,11.341,,3.5,-15.7,11.27512,0.6222000000000009,,826-1215-1,-2494.3180993971273,-3650.029400861191,1.2278391769516908,,11.27512,0.6222000000000009,,,-1073.7734060634345,-4247.078045191969,-1074.0347325964694,-4288.44806442928
143.2185311008,14.3060189867,1.233503,827,1127,1,11.347,11.272,,-10.3,-4.8,11.26525,0.0637499999999993,,827-1127-1,3864.923993328186,-2149.180117086732,1.228224583761067,,11.26525,0.0637499999999993,,,-4171.955012692517,1451.8779409587567,-4172.974798645184,1463.8626915658015
142.9218435603,13.9561810839,1.236692,826,307,1,13.481,12.351,,3.3,-13.0,12.249300000000002,0.9604999999999992,,826-307-1,2834.538002289957,-3413.573971850849,1.2323138255105133,,12.249300000000002,0.9604999999999992,,,-4433.5314404417,-144.69209673284178,-4434.608417080028,-146.08605302129965
142.655002381,16.0260480756,1.237862,1403,797,1,16.184,11.395,,1.2,-5.3,10.96399,4.070650000000001,,1403-797-1,1883.48293682013,4037.2199801294464,1.2372960377701234,,10.96399,4.070650000000001,,,1768.6573205574707,4056.927894819979,1769.0969673192749,4088.636577328818
140.8779898248,15.2448999733,1.232421,1402,1252,1,11.328,10.748,,1.2,-6.0,10.6958,0.493,,1402-1252-1,-4282.967941987217,1233.8222430411693,1.237902874631714,,10.6958,0.493,,,3764.9827679147224,-2362.2525017225134,3765.895031032114,-2384.148974951437
140.8486631885,15.14601364,1.237092,1402,1508,1,10.999,10.61,,-9.4,2.4,10.57499,0.3306500000000009,,1402-1508-1,-4387.16975157164,878.5240090842215,1.242656991535735,,10.57499,0.3306500000000009,,,3568.4777217580345,-2672.9662244631977,3569.3426202573028,-2697.9355297816955
142.87757083,13.90890111,1.247319,826,269,1,12.951,12.479,,0.0,0.0,12.43652,0.4012000000000011,,826-269-1,2680.297147933684,-3584.0255931751885,1.2429724782256675,,12.43652,0.4012000000000011,,,-4458.61643367158,-371.2077797828849,-4459.698858637337,-374.5909022195547
142.6939317173,13.7948946233,1.249844,826,303,1,11.749,11.036,,-0.9,-22.2,10.97183,0.6060500000000008,,826-303-1,2039.4090550866686,-3997.0637549768016,1.2462708900650539,,10.97183,0.6060500000000008,,,-4342.11715907022,-1117.9876696663491,-4343.169772565271,-1128.0887739861903
142.9178874937,13.9281108066,1.256088,826,373,1,12.623,11.576,,-83.1,-51.9,11.48177,0.889949999999999,,826-373-1,2818.7759789425663,-3515.7550074628666,1.2515290809320905,,11.48177,0.889949999999999,,,-4499.472616758328,-223.6165017271805,-4500.5653877446475,-225.70441421682492
141.6408603503,13.7389499572,1.251975,826,816,1,12.375,11.679,,-2.6,-7.9,11.61636,0.5915999999999998,,826-816-1,-1643.858920948756,-4199.134767291365,1.2524213503977173,,11.61636,0.5915999999999998,,,-2048.7611826467532,-3978.434698329354,-2049.259287404028,-4016.9069343023807
142.8473526606,13.8750358231,1.25764,826,287,1,12.969,11.867,,-18.3,-27.5,11.76782,0.9366999999999988,,826-287-1,2574.577891060214,-3707.0621669451884,1.2535216202347854,,11.76782,0.9366999999999988,,,-4480.450489412731,-530.5348377303767,-4481.537810263499,-535.3317493954437
143.2143074924,15.568988295,1.257953,1403,1104,1,13.666,12.105,,7.4,-2.5,11.96451,1.32685,,1403-1104-1,3827.9910759272493,2398.804564433802,1.254659690570651,,11.96451,1.32685,,,-746.8800100154966,4421.019701851878,-747.0662097492461,4455.296970346448
142.8236928893,15.9586319503,1.258879,1403,45,1,11.625,10.263,,-9.1,2.5,10.14042,1.1577,,1403-45-1,2467.8935867354107,3796.379067185198,1.2575821933085065,,10.14042,1.1577,,,1200.7302293684445,4332.182709734455,1201.029360230812,4365.835687823743
143.3945316018,14.703215305,1.262744,827,1620,1,11.042,10.526,,23.2,-74.7,10.47956,0.4386,,827-1620-1,4471.811639772968,-717.4307323966875,1.2578523697021444,,10.47956,0.4386,,,-3504.186307961091,2845.345531382576,-3505.0498076179865,2868.175734419551
141.7400218863,13.6888376158,1.268759,826,1205,1,12.721,11.941,,-3.8,-15.5,11.8708,0.6629999999999995,,826-1205-1,-1297.2999526625922,-4380.4252052920865,1.2688178910188097,,11.8708,0.6629999999999995,,,-2414.3116148108147,-3841.0552358108926,-2414.8983225572483,-3878.063722793499
142.3214760632,13.6477095633,1.276765,826,544,1,11.857,11.675,,-15.6,-6.6,11.65862,0.1546999999999988,,826-544-1,736.9481315686076,-4528.954958993909,1.274378993336881,,11.65862,0.1546999999999988,,,-3875.423431877137,-2432.670758516556,-3876.3625283037018,-2455.2676266308
140.9265525961,14.3435490367,1.272343,826,858,1,12.425,11.396,,-18.3,-9.7,11.30339,0.8746499999999999,,826-858-1,-4131.890131886864,-2013.0060983492945,1.2765005589547824,,11.30339,0.8746499999999999,,,1237.0348574197692,-4383.602744844957,1237.336104121264,-4426.478168862309
141.2652017288,13.9256734078,1.274999,826,631,1,12.323,11.255,,-5.2,-15.4,11.158880000000002,0.9077999999999996,,826-631-1,-2955.5995055444423,-3523.2090742536348,1.2772210399909842,,11.158880000000002,0.9077999999999996,,,-672.8140335777211,-4505.035945672455,-672.9779693626102,-4549.249528310207
143.4247817363,15.0726385344,1.28511,1403,1153,1,11.224,10.858,,-10.0,4.4,10.82506,0.3110999999999997,,1403-1153-1,4568.412233442523,615.6194021876686,1.2802604170838205,,10.82506,0.3110999999999997,,,-2571.562828960378,3795.5047907068592,-2572.2007937000494,3825.33144445085
141.0038046307,14.1980487575,1.280598,826,612,1,10.707,9.63,,25.7,-50.7,9.53307,0.91545,,826-612-1,-3863.743250803641,-2539.42152329388,1.2841031715643128,,9.53307,0.91545,,,665.4711531411734,-4530.879066479755,665.6333202513889,-4575.380406487576
140.8389793602,15.2995116511,1.28417,1402,1641,1,10.822,10.306,,7.5,-7.1,10.25956,0.4386,,1402-1641-1,-4417.22057136833,1431.226367255418,1.2895880941881694,,10.25956,0.4386,,,4001.681898958891,-2331.9020532298982,4002.6515354948215,-2353.513793426316
142.9043942646,15.9439415453,1.291504,1403,14,1,12.752,11.765,,10.7,-28.3,11.67617,0.8389500000000001,,1403-14-1,2748.0440804259924,3743.6519575687025,1.2897803071895848,,11.67617,0.8389500000000001,,,975.3816572674074,4505.495117405043,975.6249972447567,4540.355945531584
141.1126409401,15.76418232,1.284986,1402,974,1,11.898,12.225,,-1.0,-3.7,12.25443,-0.27795,,1402-974-1,-3459.291876900226,3099.7408977318723,1.2900319042459643,,12.25443,-0.27795,,,4613.502065832199,-524.7367665373744,4614.621721042317,-529.4905989199034
141.975624488,13.6211252847,1.292232,826,1212,1,12.091,11.148,,-14.0,3.1,11.06313,0.8015499999999997,,826-1212-1,-473.367282266716,-4624.660834777431,1.2911214088445582,,11.06313,0.8015499999999997,,,-3143.7420019859655,-3391.690263177075,-3144.5049877432784,-3423.982009693139
141.8402596654,13.6396290767,1.293367,826,1203,1,10.909,10.14,,7.4,-6.6,10.07079,0.6536500000000001,,826-1203-1,-946.4867297115278,-4557.881724087765,1.2928688386865261,,10.07079,0.6536500000000001,,,-2779.8188445116384,-3697.9955846169746,-2780.4940797167333,-3733.493754240519
142.758264744,16.0388229933,1.294736,1403,237,1,11.672,10.036,,-5.3,-1.2,9.88876,1.3906000000000007,,1403-237-1,2240.588736813472,4084.349308267762,1.2938234656378418,,9.88876,1.3906000000000007,,,1566.8991060142769,4353.204608110718,1567.2895339222432,4386.99791159531
141.544529595,16.081989095,1.293187,1403,1599,1,12.752,11.312,,-11.0,-9.0,11.1824,1.224000000000001,,1403-1599-1,-1959.8195587170853,4238.686062179091,1.29695462709096,,11.1824,1.224000000000001,,,4469.951256585121,1336.9655924445133,4471.043324435763,1348.007354379333
142.9781426414,15.8973851725,1.299349,1403,518,1,11.85,11.275,,8.1,-24.3,11.22325,0.4887499999999994,,1403-518-1,3004.0201297284098,3577.0938406842283,1.2973227386723278,,11.22325,0.4887499999999994,,,680.9651226802903,4585.813859489983,681.1351248881358,4621.232760478334
143.2921678962,14.2895045092,1.303903,827,1202,1,12.943,11.971,,8.9,-26.9,11.88352,0.8261999999999996,,827-1202-1,4122.719410992725,-2207.946292251923,1.2988702691767733,,11.88352,0.8261999999999996,,,-4386.982682129432,1604.461616773411,-4388.05590789102,1617.6549448099518
143.3787715207,14.4379271872,1.318086,827,144,1,12.443,11.682,,7.3,-22.7,11.61351,0.6468499999999994,,827-144-1,4421.906047331132,-1671.7040537346236,1.3129232082101838,,11.61351,0.6468499999999994,,,-4184.585731780261,2179.659221214563,-4185.612687224463,2197.3834365538078
142.8224984226,16.027545214,1.316311,1403,225,1,10.879,10.149,,116.1,-73.1,10.0833,0.6205000000000004,,1403-225-1,2466.2804815300565,4042.549188336515,1.3151792691138355,,10.0833,0.6205000000000004,,,1385.8625978577422,4493.272461602786,1386.2083163597556,4528.0426077226375
140.771856326,15.1495686083,1.310607,1402,1483,1,13.13,11.456,,-8.4,-14.7,11.30534,1.422900000000001,,1402-1483-1,-4654.074832695305,892.4400008975492,1.3161204488139857,,11.30534,1.422900000000001,,,3756.0172960756713,-2861.4368971777876,3756.92793419645,-2888.313383409993
141.0514419267,14.0581710556,1.327536,826,745,1,12.28,12.149,,4.9,-11.2,12.13721,0.1113500000000001,,826-745-1,-3700.3217032543407,-3042.8851181453133,1.3305317683187698,,12.13721,0.1113500000000001,,,180.57099433538974,-4740.520230384923,180.61504424543546,-4787.3697116055455
140.7757137764,14.5493687089,1.334902,826,151,1,12.414,11.831,,-19.5,19.3,11.77853,0.4955500000000001,,826-151-1,-4653.8466067147365,-1268.1380241925315,1.3396258758168673,,11.77853,0.4955500000000001,,,2140.3809827976734,-4280.618922239415,2140.902012773865,-4322.383701030479
141.4120442611,16.0654421536,1.337196,1403,602,1,12.039,11.49,,-7.2,-8.9,11.44059,0.4666499999999995,,1403-602-1,-2418.3554057398064,4180.456075346212,1.34129954012975,,11.44059,0.4666499999999995,,,4730.726447613028,958.4806996210029,4731.88026786805,966.4186447557801
142.2746285723,13.572959555,1.344274,826,1014,1,13.125,11.629,,-13.0,-6.1,11.49436,1.2716000000000005,,826-1014-1,573.273744638411,-4798.2946334151775,1.342093119358665,,11.49436,1.2716000000000005,,,-3968.1862265281293,-2730.8991181528704,-3969.148148873696,-2756.4718659265827
140.88326028,15.55147389,1.343808,1402,663,1,12.906,12.008,,0.0,0.0,11.927179999999998,0.7633000000000012,,1402-663-1,-4258.569598639296,2337.907491785857,1.34922536984042,,11.927179999999998,0.7633000000000012,,,4574.324581126015,-1618.2097183513408,4575.433027774574,-1632.9847136317107
143.4770783883,14.6073223308,1.359861,827,1577,1,11.923,11.851,,-18.1,-2.9,11.84452,0.0611999999999993,,827-1577-1,4760.376885666003,-1059.1542566473108,1.3544091352275636,,11.84452,0.0611999999999993,,,-3951.2039173002468,2834.420179122978,-3952.1775663438925,2857.1468840517723
143.3538210141,14.2588231925,1.371071,827,443,1,12.421,11.81,,5.4,-18.7,11.75501,0.519349999999999,,827-443-1,4338.413752603174,-2317.08007147541,1.3659643701904056,,11.75501,0.519349999999999,,,-4611.73000299588,1692.6438762708735,-4612.858782834571,1706.5250645769856
142.9200242684,13.7720613808,1.382492,826,347,1,13.788,11.679,,3.5,-1.9,11.48919,1.79265,,826-347-1,2830.5607439718156,-4076.397006134158,1.3782813211917158,,11.48919,1.79265,,,-4926.491315532751,-583.7566441847099,-4927.686855635082,-589.0576624865583
143.1830547377,15.8285375258,1.388701,1403,1087,1,12.206,11.154,,-25.1,9.5,11.05932,0.8941999999999997,,1403-1087-1,3714.111418781622,3333.291245166911,1.3859897224275795,,11.05932,0.8941999999999997,,,27.415962553911154,4952.531303132185,27.42282864174203,4990.46111543807
143.1038191393,13.9023106167,1.394477,827,51,1,11.055,10.332,,30.6,-15.2,10.26693,0.6145499999999992,,827-51-1,3472.131577255132,-3605.166271258395,1.3900853444215069,,10.26693,0.6145499999999992,,,-4999.931521120046,202.0146134440492,-5001.147524439763,203.58038211530604
143.2783996183,15.7421175292,1.405922,1403,939,1,11.041,9.53,,13.9,-6.7,9.39401,1.2843500000000008,,1403-939-1,4047.1905999465685,3023.368969304413,1.4029925797785985,,9.39401,1.2843500000000008,,,-425.3638950691691,4995.613610648263,-425.4704647468869,5033.83418086809
140.8159501397,15.5436577567,1.397578,1402,1217,1,13.135,11.453,,-8.7,-2.4,11.30162,1.4297000000000002,,1402-1217-1,-4492.518361425989,2311.055606051477,1.4030801603714584,,11.30162,1.4297000000000002,,,4709.510141075264,-1809.1807665509189,4710.651302747574,-1825.777518191972
140.6559569509,14.892595475,1.400852,826,1252,1,12.032,11.592,,-6.8,-17.1,11.5524,0.3739999999999995,,826-1252-1,-5062.995286264408,-30.499780798483258,1.406130729852369,,11.5524,0.3739999999999995,,,3337.310434075502,-3770.5135019394006,3338.121350378266,-3806.809340578401
143.3985590896,15.579311685,1.417115,1403,989,1,10.924,10.496,,-12.6,0.6,10.45748,0.3637999999999992,,1403-989-1,4466.47865723674,2439.620135456435,1.4134132197769846,,10.45748,0.3637999999999992,,,-1140.0978284940688,4922.193741786096,-1140.3832867607307,4959.909672580004
142.7506339311,13.6340694442,1.418322,826,397,1,13.36,12.308,,-0.9,-25.5,12.21332,0.8941999999999997,,826-397-1,2239.360111718704,-4575.85957638176,1.4148320070607745,,12.21332,0.8941999999999997,,,-4907.58785669457,-1350.4769664255673,-4908.7773796163965,-1362.7652806289025
143.0710771034,13.8368035833,1.421516,827,263,1,13.071,12.216,,-3.2,8.4,12.13905,0.7267500000000003,,827-263-1,3357.769343046488,-3840.9513486918613,1.4168548921637247,,12.13905,0.7267500000000003,,,-5100.333021390237,-37.9596178454291,-5101.572534271568,-38.46949033613398
142.4807856191,13.5328805252,1.421672,826,984,1,12.433,11.988,,-74.4,-14.9,11.94795,0.3782500000000002,,826-984-1,1293.5734153286037,-4942.067288790759,1.418753749662473,,11.94795,0.3782500000000002,,,-4553.722129008744,-2291.9519065263407,-4554.825622846099,-2313.2066084211992
143.5875241692,14.9216750061,1.432244,827,1552,1,12.793,12.102,,-28.3,-7.0,12.03981,0.587349999999999,,827-1552-1,5137.534732275933,75.23999031855492,1.4269509154140507,,12.03981,0.587349999999999,,,-3353.309177337241,3861.983626803362,-3354.1415863965276,3892.25620943574
140.6332159455,14.8971291256,1.422769,826,1255,1,11.925,10.123,,-8.8,-15.2,9.96082,1.5317000000000012,,826-1255-1,-5142.099469688099,-13.603187170419604,1.428070167460794,,9.96082,1.5317000000000012,,,3402.4424179702332,-3817.9485926128327,3403.269304011514,-3854.7542135968456
141.2179167346,13.7658120544,1.429049,826,1157,1,12.344,11.692,,-1.6,-10.6,11.63332,0.5541999999999994,,826-1157-1,-3123.043100223605,-4098.220754099643,1.43096736981376,,11.63332,0.5541999999999994,,,-991.6282259219607,-5006.303907530768,-991.8705004132398,-5056.184773680473
143.468566035,15.4920139414,1.439705,1403,1164,1,10.187,9.482,46926.0,-45.2,-87.7,9.41855,0.5992500000000001,46926.0,1403-1164-1,4710.455405274262,2124.3654467324395,1.4350697984358232,9.4,9.4,0.681,,G0,-1537.7314731887066,4895.575665595794,-1538.1164089545534,4933.104153456869
143.119753662,13.8466921333,1.445674,827,494,1,9.985,9.493,,2.0,2.6,9.44872,0.4181999999999992,,827-494-1,3527.975667672214,-3804.775150337312,1.4410101731063463,,9.44872,0.4181999999999992,,,-5186.242566209466,112.06043530737915,-5187.503564992919,112.84068192316012
143.6057130386,14.8727309122,1.450274,827,1537,1,11.822,10.183,,-8.1,3.1,10.03549,1.3931499999999994,,827-1537-1,5202.564753632685,-100.32532173846255,1.4451190359617583,,10.03549,1.3931499999999994,,,-3527.738244879843,3794.5642416305504,-3528.6135173335624,3824.347242499487
140.6566020604,14.5509120733,1.445847,826,36,1,11.485,10.189,,2.6,-31.2,10.07236,1.1015999999999997,,826-36-1,-5068.487642611266,-1261.3847895207555,1.4505480666819521,,10.07236,1.1015999999999997,,,2420.610766074741,-4582.88204728291,2421.2008718654806,-4628.006580442195
143.4730746071,15.51933427,1.454701,1403,1220,1,12.079,11.37,,1.2,2.4,11.30619,0.6026500000000011,,1403-1220-1,4726.716336727536,2225.262979065302,1.4508930683964671,,11.30619,0.6026500000000011,,,-1473.0815375618506,4974.180430249033,-1473.4505439786365,5012.243624200089
143.6045106065,15.1064742089,1.461599,1403,1043,1,13.525,11.737,,-23.5,-8.8,11.57608,1.5198000000000005,,1403-1043-1,5192.2973658753035,741.1065112181705,1.4566084666940602,,11.57608,1.5198000000000005,,,-2891.778880843749,4341.554888787028,-2892.499446252901,4375.230022532755
141.6198046303,13.527640195,1.457681,826,664,1,12.684,11.411,,-3.5,-3.0,11.29643,1.0820499999999995,,826-664-1,-1719.1644393573083,-4959.931122515943,1.457858392780612,,11.29643,1.0820499999999995,,,-2567.6358470183327,-4533.680227581199,-2568.261653263695,-4578.261153541539
141.1874947325,13.752228555,1.457718,826,1076,1,11.877,10.459,,-5.1,-14.6,10.33138,1.205300000000001,,826-1076-1,-3229.7559660457337,-4146.84653791182,1.4597402032366684,,10.33138,1.205300000000001,,,-957.1647849182888,-5117.117713833969,-957.3987956619201,-5168.273150218073
140.6004163134,14.8878375531,1.454561,826,1331,1,10.224,9.0,,-20.6,-37.1,8.88984,1.0404000000000002,,826-1331-1,-5256.816394351886,-46.883085205981594,1.459968782996973,,8.88984,1.0404000000000002,,,3453.6916484991953,-3924.6887927489297,3454.531318233696,-3962.641795437557
141.6284773768,13.5214435911,1.460793,826,1024,1,12.172,11.828,,40.5,-50.6,11.79704,0.292400000000001,,826-1024-1,-1687.6747692915724,-4983.5820959878765,1.4612360812862273,,11.79704,0.292400000000001,,,-2606.218349655883,-4525.914473648276,-2606.85353845696,-4570.410404262183
141.301170531,16.1410965211,1.457082,1402,1213,1,13.363,11.554,,12.2,-2.0,11.39119,1.5376499999999993,,1402-1213-1,-2800.545640800398,4454.4930309185,1.4612684596062362,,11.39119,1.5376499999999993,,,5189.271108371489,855.4384361565301,5190.5363321788645,862.49442493236
143.2732717435,15.8433915067,1.46434,1403,1071,1,12.052,10.439,,-7.9,-1.6,10.29383,1.3710499999999997,,1403-1071-1,4026.8975641437887,3388.1482976718344,1.4615292937261795,,10.29383,1.3710499999999997,,,-139.1497869228534,5221.066530221121,-139.18471969408068,5260.806068743416
140.62925139,15.22377972,1.460223,1402,1534,1,12.508,12.306,,0.0,0.0,12.28782,0.1716999999999999,,1402-1534-1,-5147.850345617744,1163.253426775942,1.4656923065622987,,12.28782,0.1716999999999999,,,4286.206361614511,-3049.0141142083867,4287.2460075388935,-3077.8309548486136
143.4879074824,15.5274195433,1.471101,1403,1148,1,10.933,10.069,,-15.8,2.4,9.99124,0.7343999999999992,,1403-1148-1,4777.560407064292,2254.7071468856852,1.4671450404130306,,9.99124,0.7343999999999992,,,-1484.8088701966672,5031.365207179668,-1485.1810034559887,5069.815100014843
143.5953769031,14.59076519,1.475107,827,1638,1,9.609,9.117,46969.0,9.6,-8.4,9.07272,0.4181999999999992,46969.0,827-1638-1,5173.83494852617,-1116.3160180384298,1.4699258248687808,9.06,9.06,0.486,,F2,-4268.337380277086,3103.7064032057087,-4269.391167463833,3128.422699364873
142.3196967559,13.4478839678,1.473993,826,662,1,12.104,10.518,,-19.3,-18.2,10.37526,1.3480999999999987,,826-662-1,731.3001748498114,-5249.004760155111,1.4718158731341755,,10.37526,1.3480999999999987,,,-4410.061802344618,-2910.0677874622925,-4411.1312384095,-2937.477168489138
142.4274472964,16.3459669258,1.471803,1403,185,1,10.932,9.3,46561.0,-24.9,-2.5,9.15312,1.3871999999999998,46561.0,1403-185-1,1093.4731496707277,5187.908616478187,1.47242409108126,9.18,9.18,1.352,,K5,3153.326835134584,4228.773456225329,3154.1118704517194,4261.649639594379
143.4902772086,15.5371185111,1.477223,1403,1154,1,12.284,10.833,,4.2,-7.0,10.70241,1.2333500000000004,,1403-1154-1,4786.099743460552,2289.443679405725,1.4734244029503345,,10.70241,1.2333500000000004,,,-1464.5033695601874,5060.612729567105,-1464.870509040694,5099.26048631238
142.7059733096,13.54541489,1.480944,826,424,1,12.446,11.716,,-10.4,-16.2,11.6503,0.6205000000000004,,826-424-1,2083.6430856001593,-4895.348320326393,1.4775442358927873,,11.6503,0.6205000000000004,,,-5043.1291160970895,-1675.9545462101141,-5044.351259031281,-1691.3083873149997
142.145334302,13.4283499389,1.479293,826,497,1,12.364,12.172,,45.8,-29.6,12.15472,0.1632000000000001,,826-497-1,122.31380725504278,-5319.993614959195,1.4778387141504223,,12.15472,0.1632000000000001,,,-4058.97871998741,-3407.5484918189372,-4059.964033695216,-3440.0559262534703
141.3857969274,13.5981378566,1.483306,826,1090,1,12.829,11.71,,-87.3,44.7,11.60929,0.9511499999999998,,826-1090-1,-2539.9927835266026,-4702.663723744808,1.484327299253505,,11.60929,0.9511499999999998,,,-1830.5222133853715,-4971.865212929681,-1830.9693824335343,-5021.370386615973
140.7776015067,14.1674223213,1.483329,826,964,1,10.578,9.657,46019.0,180.9,-73.0,9.57411,0.7828499999999995,46019.0,826-964-1,-4650.083636025154,-2646.187139755134,1.4858579939230592,9.52,9.52,0.9,,G5,1107.5042134026394,-5182.436330207407,1107.7750920978417,-5234.349868509171
140.5609290138,14.90615545,1.492574,826,221,1,12.98,12.003,,-1.7,0.8,11.91507,0.8304500000000002,,826-221-1,-5393.311085839954,21.031553259290593,1.4978120685653065,,11.91507,0.8304500000000002,,,3595.0580345191865,-3981.073237760778,3595.9322799424535,-4019.6415055257858
143.6308953582,15.2163947194,1.505131,1403,1202,1,12.047,11.46,,-6.9,-39.4,11.40717,0.4989499999999998,,1403-1202-1,5281.780342963784,1136.789351494816,1.5004153156324345,,11.40717,0.4989499999999998,,,-2655.309650551464,4668.866923077926,-2655.9731005299654,4704.816735033457
140.5737956673,15.1308300264,1.496177,1402,437,1,10.725,9.916,,0.4,-9.1,9.84319,0.6876499999999993,,1402-437-1,-5342.897517257286,829.5874226835523,1.5015779725105798,,9.84319,0.6876499999999993,,,4166.165978206512,-3412.6326285814407,4167.177347123117,-3445.1998678469204
140.94951167,13.90808167,1.500591,826,1201,1,12.873,12.046,,0.0,0.0,11.97157,0.70295,,826-1201-1,-4059.337944546142,-3581.4596924831762,1.5033816896919394,,11.97157,0.70295,,,16.139798575356256,-5359.426187260623,16.143750546883208,-5413.392416611978
142.6738600671,13.4959440825,1.51493,826,668,1,8.995,7.779,46650.0,-7.7,-39.3,7.66956,1.0335999999999994,46650.0,826-668-1,1971.7249677487591,-5074.436113949355,1.5118830894878152,7.67,7.67,1.052,82176.0,K0,-5102.758854162156,-1876.6237126213862,-5103.995404826963,-1893.8933788627796
140.7498356073,15.6688196617,1.513271,1402,160,1,12.733,11.761,,-13.6,-7.7,11.67352,0.826200000000001,,1402-160-1,-4719.307908298788,2763.096620897797,1.5187247600883793,,11.67352,0.826200000000001,,,5198.016553600832,-1679.9131081008406,5199.276276288198,-1695.3159801570791
141.8224787332,16.3985761583,1.516063,1403,307,1,11.83,10.636,,-5.2,-2.9,10.52854,1.0149000000000006,,1403-307-1,-996.4152225121335,5377.208352831233,1.518741076219171,,10.52854,1.0149000000000006,,,4681.849233296813,2801.8633266784623,4683.002826312841,2824.3047806774903
143.1222933795,13.7439136133,1.52444,827,538,1,11.267,11.126,,-14.7,8.0,11.11331,0.11985,,827-538-1,3538.0802545273937,-4174.785542532394,1.5197465945792037,,11.11331,0.11985,,,-5469.60920468381,-123.93891695983469,-5470.93824474586,-125.22354327928987
142.3942158623,13.4111627955,1.521898,826,1057,1,12.976,11.978,,-28.7,-55.6,11.88818,0.8483000000000009,,826-1057-1,992.2369970582239,-5382.008161425872,1.519840429019388,,11.88818,0.8483000000000009,,,-4682.683537811533,-2804.2584106709164,-4683.8189531230555,-2830.6158556666214
142.7049987986,13.4969096261,1.525329,826,335,1,11.539,9.797,,10.6,-7.1,9.64022,1.4806999999999992,,826-335-1,2081.252523788204,-5069.835654934345,1.521976811206084,,9.64022,1.4806999999999992,,,-5172.008291637515,-1792.454395962544,-5173.261659656402,-1808.9249394452133
140.9135826776,15.8978715667,1.51721,1402,157,1,12.187,11.594,,4.2,-24.0,11.54063,0.50405,,1402-157-1,-4146.503539646665,3584.2294400691885,1.5221122086674497,,11.54063,0.50405,,,5431.8346061565635,-715.317793168712,5433.152580792785,-721.8346882677023
140.61368722,14.40622083,1.527731,826,141,1,12.913,12.243,,0.0,0.0,12.1827,0.5694999999999999,,826-141-1,-5221.648968221421,-1780.6812108434262,1.5321134313330516,,12.1827,0.5694999999999999,,,2133.97480701958,-5037.0133380863645,2134.4963221247976,-5087.275201206867
142.3080188473,13.38226439,1.537558,826,1088,1,11.319,10.881,,2.6,8.4,10.84158,0.3723000000000005,,826-1088-1,691.189914537406,-5484.710204657358,1.5352133128574337,,10.84158,0.3723000000000005,,,-4559.680699390482,-3094.6394963425555,-4560.786846558613,-3123.941879627226
140.51933639,14.88680278,1.532975,826,152,1,13.143,12.307,,0.0,0.0,12.23176,0.7106000000000002,,826-152-1,-5538.54665139347,-47.66916682047195,1.5381725274332523,,12.23176,0.7106000000000002,,,3640.076655405772,-4133.641932473624,3640.962390518111,-4173.866819863813
140.9476551863,15.963182875,1.536445,1402,214,1,12.424,11.118,,-4.6,-6.6,11.00046,1.1100999999999992,,1402-214-1,-4027.4691211686077,3819.275919769082,1.5414167058452315,,11.00046,1.1100999999999992,,,5528.581519345699,-472.426575446812,5529.923698306364,-476.7808345602294
140.54812833,14.59091028,1.538898,826,1315,1,13.121,11.206,,0.0,0.0,11.03365,1.6277500000000007,,826-1315-1,-5445.751454066139,-1113.999385813596,1.5436611985860371,,11.03365,1.6277500000000007,,,2781.1865648380444,-4765.132130189605,2781.8652510000193,-4812.320568741893
142.7549184584,13.4858761772,1.554552,826,454,1,9.2,8.819,46680.0,-9.2,7.4,8.78471,0.3238499999999987,46680.0,826-454-1,2255.6645181273757,-5108.744452308945,1.5508873367417373,8.8,8.8,0.392,82213.0,F8,-5316.851262731796,-1688.8161899368388,-5318.13981766948,-1704.3125232929783
141.8410946161,13.3748436066,1.553656,826,695,1,11.852,11.525,,-51.2,4.8,11.49557,0.27795,,826-695-1,-946.2359153317935,-5511.330308656558,1.5529445032882656,,11.49557,0.27795,,,-3492.8845210999352,-4323.926506914187,-3493.735114652494,-4366.227104403014
143.2452318277,16.0178114081,1.56211,1403,1097,1,11.985,11.3,,-18.3,-5.5,11.23835,0.5822499999999989,,1403-1097-1,3926.2125027482466,4015.7365790863837,1.559659882522456,,11.23835,0.5822499999999989,,,396.9192839412927,5560.119859288226,397.0192407055969,5602.112156308443
143.5126256705,14.1265245222,1.570071,827,897,1,11.859,10.335,,-20.9,-15.5,10.19784,1.2953999999999992,,827-897-1,4895.071097107929,-2790.2958339010947,1.5647468407176037,,10.19784,1.2953999999999992,,,-5334.987190377782,1794.0757357686132,-5336.293908488319,1808.712030328823
143.4958511702,14.083570278,1.578127,827,409,1,11.813,11.34,,-26.6,-2.9,11.29743,0.4020500000000006,,827-409-1,4837.278548152797,-2945.0223977920027,1.572730374909331,,11.29743,0.4020500000000006,,,-5412.323667564677,1649.2952719955574,-5413.648325311297,1662.7785438145938
141.3460369611,13.5168266944,1.573239,826,808,1,13.176,12.278,,14.7,-16.4,12.19718,0.7632999999999998,,826-808-1,-2677.4536029836777,-4996.766464156166,1.5742982821890041,,12.19718,0.7632999999999998,,,-1959.1967340708995,-5266.496698563782,-1959.676213604833,-5319.408052713808
141.4563798458,13.4650298641,1.573409,826,1149,1,11.537,10.517,,-163.8,29.8,10.425199999999998,0.8670000000000011,,826-1149-1,-2296.3276880238413,-5183.236261866722,1.574362572234093,,10.425199999999998,0.8670000000000011,,,-2351.560218737897,-5107.074349712353,-2352.135167571131,-5158.150749114487
140.5031697673,15.17156154,1.56989,1402,1861,1,11.111,10.079,,16.4,-10.8,9.98612,0.8772,,1402-1861-1,-5587.007891091378,977.9813241748434,1.5751468748459567,,9.98612,0.8772,,,4439.127737335547,-3495.8044181908217,4440.205680583132,-3529.2602850553376
140.8469400806,15.9069686811,1.57212,1402,429,1,12.063,11.649,,-13.1,-4.6,11.61174,0.3519000000000012,,1402-429-1,-4377.638891578366,3618.85555020351,1.5773165381981902,,11.61174,0.3519000000000012,,,5611.120853612313,-863.8409670315395,5612.482019808768,-871.7128745321781
140.48015389,14.84185472,1.572227,826,247,1,12.405,11.846,,0.0,0.0,11.79569,0.4751499999999993,,826-247-1,-5676.1397929274,-208.56485836649918,1.5773708920506886,,11.79569,0.4751499999999993,,,3611.0881350272157,-4341.081382532046,3611.9676003126115,-4383.577568983116
141.6488737741,16.4190461183,1.574467,1403,705,1,13.074,12.043,,0.3,-1.7,11.950209999999998,0.8763500000000005,,1403-705-1,-1595.9252257524688,5452.059440627318,1.5776119679838645,,11.950209999999998,0.8763500000000005,,,5135.689289354737,2406.2141298122174,5136.951619895592,2425.625182335278
142.4718399173,13.3626949156,1.584698,826,868,1,9.469,8.173,46576.0,13.7,-59.8,8.05636,1.1015999999999997,46576.0,826-868-1,1265.590172529917,-5556.353780432125,1.5825599991915367,8.03,8.03,1.093,82053.0,K0,-4994.457410775427,-2716.416297567257,-4995.668352396627,-2741.912385724425
140.4820687375,14.7423196817,1.578017,826,249,1,11.681,11.154,,-1.0,8.7,11.10657,0.4479499999999993,,826-249-1,-5672.10735500859,-566.8523381935569,1.5830308690213422,,11.10657,0.4479499999999993,,,3340.5167658016776,-4573.3415537122455,3341.331199027564,-4618.401156077887
141.6885638705,13.3719114139,1.587554,826,1085,1,10.466,9.761,,-49.0,-22.9,9.69755,0.5992500000000001,,826-1085-1,-1480.649847757875,-5521.8839628541855,1.58763542808002,,9.69755,0.5992500000000001,,,-3146.1043029853463,-4726.1502587545465,-3146.8719200582373,-4772.915627752134
142.6398478504,16.4097951144,1.588291,1403,774,1,12.656,12.374,,2.9,-27.7,12.34862,0.2397,,1403-774-1,1827.693964089467,5418.694295911113,1.5881011260907063,,12.34862,0.2397,,,2838.6107573407266,4926.26482950857,2839.321608126947,4963.9667509496085
140.4668446082,14.9813301778,1.584977,826,268,1,10.986,9.816,,10.7,-6.4,9.7107,0.9945,,826-268-1,-5718.506331844371,293.91651395076735,1.5901623239563931,,9.7107,0.9945,,,4014.915549002394,-4042.447807441005,4015.8922043766865,-4081.704470848632
142.6521068895,16.4110384144,1.593344,1403,1438,1,13.152,12.291,,-5.3,-33.1,12.21351,0.731849999999999,,1403-1438-1,1869.8193069218546,5423.140520862338,1.593043315015155,,12.21351,0.731849999999999,,,2813.978237551985,4960.488375250621,2814.6831307007983,4998.423373755534
140.8656362457,13.8528398478,1.598119,826,825,1,10.52,9.25,46050.0,-11.4,-4.0,9.1357,1.0794999999999997,46050.0,826-825-1,-4353.9981724417985,-3779.051888556542,1.6010517334783827,9.1,9.1,1.162,,K0,63.95303505550463,-5706.851783332168,63.96873310040694,-5764.932025897234
143.6966449094,14.4180907189,1.615174,827,485,1,9.864,9.693,,-3.8,-2.6,9.67761,0.1453500000000009,,827-485-1,5530.93051657022,-1735.6601076228621,1.60981808304975,,9.67761,0.1453500000000009,,,-4968.414947295158,2960.7435473780774,-4969.640526860812,2984.356115161673
141.8388796687,16.4994255986,1.6128,1403,844,1,11.148,10.323,,-59.0,-24.1,10.24875,0.7012499999999994,,1403-844-1,-940.7435068614667,5739.8768978432645,1.6152547630191907,,10.24875,0.7012499999999994,,,4916.069134578646,3082.170269345261,4917.282802060904,3106.6887505273066
143.0860566274,16.2214515458,1.61848,1403,603,1,11.912,11.603,,-22.0,14.3,11.57519,0.2626500000000009,,1403-603-1,3371.783165022467,4746.996288596063,1.6169648377037062,,11.57519,0.2626500000000009,,,1311.6332801083463,5630.441060904142,1311.963818825636,5672.88695586001
143.664988172,14.3058789686,1.62442,827,565,1,10.851,10.089,,11.0,-43.1,10.02042,0.6477000000000004,,827-565-1,5423.700095967982,-2141.6404197437632,1.61935248639638,,10.02042,0.6477000000000004,,,-5200.807064240465,2613.6728063409587,-5202.087089402141,2634.660572589249
143.704425807,15.4139841894,1.6244,1403,1223,1,11.85,11.57,,-10.3,-30.5,11.5448,0.2379999999999994,,1403-1223-1,5532.1500260428775,1850.4791119929391,1.61996663548394,,11.5448,0.2379999999999994,,,-2287.837914936842,5325.424193624957,-2288.4128678357533,5365.829237023193
140.6924152926,15.7766301633,1.616538,1402,1334,1,7.924,7.76,45989.0,18.0,-60.0,7.74524,0.1394000000000005,45989.0,1402-1334-1,-4915.1430997863445,3151.296548867163,1.6214016058159388,7.75,7.75,0.165,80889.0,A2,5618.24515772476,-1569.6885790477072,5619.606940020727,-1584.0831638367288
141.4759675546,16.4075351433,1.618211,1403,524,1,10.882,10.376,,-33.0,-46.0,10.33046,0.4301000000000002,,1403-524-1,-2194.292095745509,5410.995510350834,1.6215082913831205,,10.33046,0.4301000000000002,,,5502.1011555596615,1935.1192932524439,5503.449907660411,1950.8534871590673
141.1192601668,16.2236295161,1.623428,1402,828,1,11.052,9.317,,-6.6,-3.8,9.16085,1.4747499999999996,,1402-828-1,-3429.0749421949977,4754.447874639381,1.6279019129843033,,9.16085,1.4747499999999996,,,5830.681330886474,586.7734059346121,5832.101617116344,591.540598337748
143.7429980209,15.3171072681,1.63313,1403,1003,1,12.718,12.028,,9.1,-7.1,11.9659,0.5864999999999996,,1403-1003-1,5669.198580410548,1503.191556498499,1.6287555542109429,,11.9659,0.5864999999999996,,,-2638.459350015994,5198.244982304213,-2639.1216711572806,5237.789056890837
140.6056520856,15.6778201539,1.639184,1402,1486,1,12.603,12.142,,4.6,-19.4,12.10051,0.3918500000000002,,1402-1486-1,-5218.687744632892,2798.5437229498943,1.6444653846928914,,12.10051,0.3918500000000002,,,5555.940003759908,-2026.5197207675055,5557.286537931174,-2045.2665060023041
141.4435753392,13.3939714999,1.643501,826,1210,1,14.42,11.78,,-84.2,-64.8,11.5424,2.244,,826-1210-1,-2339.8179891923796,-5441.62669871811,1.6449223158962176,,11.5424,2.244,,,-2515.8969717442264,-5308.77754242493,-2516.512903449158,-5362.202174249299
143.647502234,15.6259785089,1.652117,1403,1026,1,12.162,11.799,,11.8,-13.6,11.76633,0.3085500000000011,,1403-1026-1,5329.7331545588195,2613.0321835932386,1.6483847366487299,,11.76633,0.3085500000000011,,,-1583.3390155959432,5677.891068749861,-1583.7382105188904,5720.643842421883
143.7628257432,14.47392039,1.660664,827,1613,1,12.031,11.935,,-4.6,-26.4,11.92636,0.0816,,827-1613-1,5760.335935526707,-1533.5763844405549,1.655368057592578,,11.92636,0.0816,,,-4969.560249674694,3264.2155379159944,-4970.788710253024,3290.073892035619
140.4839497428,15.44858766,1.655902,1402,747,1,12.465,11.6,,-26.0,5.2,11.52215,0.7352500000000002,,1402-747-1,-5647.672389917139,1976.6396473967511,1.6616413624706763,,11.52215,0.7352500000000002,,,5226.095096395514,-2884.489407779083,5227.36260371563,-2911.6984611680527
140.5252022619,14.2608532553,1.66035,826,507,1,12.295,12.063,,10.0,-5.9,12.04212,0.1971999999999994,,826-507-1,-5533.813149426525,-2302.3398977270876,1.6644348029913727,,12.04212,0.1971999999999994,,,1951.096156813082,-5610.072292556602,1951.5747824821772,-5667.028572877588
142.5869062367,13.3053095872,1.668529,826,1192,1,11.668,11.102,,-21.6,-16.1,11.05106,0.4810999999999991,,826-1192-1,1668.2979175507576,-5761.232739877464,1.6656189787294517,,11.05106,0.4810999999999991,,,-5414.90909231561,-2552.8404484226503,-5416.22184332457,-2576.734671756885
141.5249570969,16.4749187533,1.664384,1403,344,1,11.277,10.075,,-10.5,-20.4,9.966819999999998,1.0216999999999998,,1403-344-1,-2023.790031960871,5653.933117791483,1.667646018171532,,9.966819999999998,1.0216999999999998,,,5570.589494095039,2221.677390074505,5571.957322041329,2239.6377821591145
143.8240559887,14.7028128125,1.673983,827,1575,1,12.805,11.122,,19.2,-16.1,10.97053,1.4305499999999998,,827-1575-1,5968.215711518803,-707.3230124534437,1.6689677307199493,,10.97053,1.4305499999999998,,,-4489.721936296787,3963.094564947008,-4490.83752261447,3994.0309173367987
141.264052023,13.4417276755,1.677024,826,1179,1,11.22,10.227,,-36.6,-88.0,10.13763,0.8440500000000003,,826-1179-1,-2966.9524610517615,-5268.26239030195,1.679038979338414,,10.13763,0.8440500000000003,,,-1970.0658656745895,-5658.611253957155,-1970.549317272471,-5716.146508567543
143.3486918505,16.0903822917,1.683781,1403,1105,1,11.633,10.472,,-10.1,-7.5,10.36751,0.9868499999999996,,1403-1105-1,4283.159385134524,4279.136005876999,1.681311078269938,,10.36751,0.9868499999999996,,,356.9732416092314,5999.060607175361,357.0635165588069,6043.919665283532
140.6581353486,15.8422088833,1.679771,1402,244,1,12.285,11.87,,-13.6,6.0,11.83265,0.3527500000000008,,1402-244-1,-5033.265362773422,3390.072353204032,1.68520051461294,,11.83265,0.3527500000000008,,,5875.17298035312,-1500.1584774332641,5876.597199613207,-1513.9207791532006
143.8171985086,14.5394599017,1.695897,827,1660,1,11.914,11.241,,-22.1,-3.8,11.18043,0.5720500000000001,,827-1660-1,5947.730501058092,-1295.5249844902964,1.690395508949561,,11.18043,0.5720500000000001,,,-4915.93144964378,3560.227355508969,-4917.149269169948,3588.248341929117
140.730436129,13.8603136786,1.694071,826,944,1,11.235,10.752,,-27.7,5.5,10.70853,0.4105499999999989,,826-944-1,-4827.129852874734,-3749.268796402683,1.697318708944439,,10.70853,0.4105499999999989,,,400.22032002488567,-6036.939249274579,400.3188141446865,-6099.011720863935
141.6240777562,16.5373423383,1.69472,1403,395,1,10.571,9.619,,-68.7,-22.7,9.53332,0.8091999999999999,,1403-395-1,-1682.4968614531313,5877.883418440163,1.6978206106079037,,9.53332,0.8091999999999999,,,5511.5326158285625,2622.517664244598,5512.889287266632,2643.5508082721044
141.5910590294,16.5283293983,1.69511,1403,1558,1,12.822,11.617,,-10.4,-26.2,11.50855,1.0242499999999986,,1403-1558-1,-1795.0290784918514,5845.5931692093,1.6981106446087213,,11.50855,1.0242499999999986,,,5562.072975991406,2517.7209992463045,5563.441191020546,2537.9540985985573
140.4958470481,15.5814112106,1.693014,1402,1790,1,10.18,9.933,,-4.5,-0.2,9.91077,0.2099499999999999,,1402-1790-1,-5602.315979449362,2454.580302191011,1.6985149818656617,,9.91077,0.2099499999999999,,,5553.35461793766,-2536.763272194912,5554.70095775748,-2560.508946164029
141.1991806559,16.3600564211,1.694861,1402,1596,1,12.701,12.1,,-9.6,-20.2,12.04591,0.5108500000000007,,1402-1596-1,-3150.7349052405457,5244.215838360356,1.698923793281471,,12.04591,0.5108500000000007,,,6012.157819012247,1115.6927847266309,6013.625646883186,1124.827445237548
142.9251273786,13.4011928028,1.702844,826,333,1,11.928,10.966,,-14.0,-7.4,10.87942,0.8177000000000013,,826-333-1,2852.796222037785,-5412.4103906212495,1.6990077672969695,,10.87942,0.8177000000000013,,,-5940.198085088598,-1446.0433423978384,-5941.638150840664,-1459.304151111753
143.8841019442,14.8249036031,1.721329,827,1529,1,9.516,8.836,,-127.6,-41.0,8.7748,0.5779999999999997,,827-1529-1,6170.056125386604,-266.660929090353,1.7149920251333992,,8.7748,0.5779999999999997,,,-4294.186314024856,4403.463257592656,-4295.257087546808,4437.506866857137
143.4941994302,13.8323071681,1.721978,827,401,1,10.715,10.119,,-20.2,0.7,10.06536,0.5066,,827-401-1,4837.280574126491,-3850.0039229949593,1.71681358272589,,10.06536,0.5066,,,-6088.989989175306,1053.4141448916253,-6090.476186062767,1062.0326675296603
140.4431948862,14.30117058,1.718948,826,856,1,12.698,11.227,,3.3,-13.8,11.09461,1.25035,,826-856-1,-5819.25957765315,-2155.326619806742,1.7232522360994769,,11.09461,1.25035,,,2250.4578305331684,-5724.586505127306,2251.0103779074893,-5782.920295898003
140.4610101776,14.2562842742,1.719442,826,832,1,10.957,9.734,,-8.4,-7.5,9.62393,1.0395500000000006,,826-832-1,-5758.563187292633,-2317.2751705082214,1.723735151986119,,9.62393,1.0395500000000006,,,2089.0858921799895,-5785.966290530043,2089.599048024663,-5845.031224586558
143.4817655091,13.80633747,1.729105,827,122,1,12.21,11.163,,-44.0,1.8,11.06877,0.8899500000000005,,827-122-1,4793.726553861698,-3943.7801933284527,1.7237888537647006,,11.06877,0.8899500000000005,,,-6130.202705692915,959.3661402757207,-6131.698356039288,967.2082283733215
142.2424867779,16.628812,1.726786,1403,123,1,13.45,11.932,,-31.2,-60.0,11.79538,1.2902999999999991,,1403-123-1,453.475970888873,6204.638562234288,1.727584046197542,,11.79538,1.2902999999999991,,,4338.276674271067,4423.74844138799,4339.3586325163,4457.930775880891
143.3565785762,13.6602644967,1.739139,827,1418,1,12.247,11.554,,1.5,-22.4,11.49163,0.5890499999999996,,827-1418-1,4359.935453343537,-4473.02904461762,1.7345701704475196,,11.49163,0.5890499999999996,,,-6238.039746854802,289.2376159360273,-6239.557777736506,291.4527913764855
141.7111276305,16.6007138367,1.735551,1403,305,1,11.909,11.594,,1.1,-17.6,11.56565,0.2677500000000011,,1403-305-1,-1379.6642654284396,6105.692899610985,1.738252426297366,,11.56565,0.2677500000000011,,,5480.886022137839,2997.4102498777047,5482.238501669343,3021.2613724196476
140.7783047525,16.0769783908,1.733205,1402,1567,1,10.647,10.043,,-20.8,-16.7,9.988639999999998,0.5134000000000009,,1402-1567-1,-4611.938497714283,4232.394621315028,1.7382564534309484,,9.988639999999998,0.5134000000000009,,,6225.364021234026,-633.8110019765584,6226.875102512952,-639.6619380103311
142.9305880518,13.357711125,1.743951,826,413,1,10.95,9.962,,-65.1,3.9,9.87308,0.8397999999999995,,826-413-1,2871.1428521864627,-5568.705367370522,1.7398252035286415,,9.87308,0.8397999999999995,,,-6069.23718489268,-1535.2266017583597,-6070.708492623193,-1549.335065063756
140.5159785079,15.7228455361,1.73647,1402,990,1,10.809,10.263,,-23.7,-1.1,10.21386,0.4640999999999994,,1402-990-1,-5529.313057134399,2963.4713151374854,1.7420722632806573,,10.21386,0.4640999999999994,,,5885.407824312078,-2148.1440757890787,5886.834385594948,-2168.097330845018
140.5555379184,15.7927912275,1.73726,1402,1523,1,12.632,12.147,,-16.5,3.3,12.10335,0.4122499999999995,,1402-1523-1,-5390.16957696532,3214.518379525299,1.7427708888580231,,12.10335,0.4122499999999995,,,5980.773673732628,-1880.0093543162968,5982.223324207499,-1897.382560280752
140.8399515844,13.6635346544,1.746584,826,598,1,12.605,11.776,,4.5,-34.0,11.70139,0.7046500000000006,,826-598-1,-4447.253714454604,-4461.299789368293,1.7492636373458417,,11.70139,0.7046500000000006,,,-384.2776845480205,-6223.207843947903,-384.37240399024284,-6287.568629160212
141.386610918,13.2986918197,1.753542,826,1158,1,13.313,11.947,,-11.1,206.5,11.82406,1.1611000000000011,,826-1158-1,-2538.542833855092,-5777.117243310669,1.7523013046003155,,11.82406,1.1611000000000011,,,-2634.858072402952,-5675.767776409598,-2635.504795932773,-5733.532753276183
142.7191313125,16.5578589458,1.753175,1403,795,1,11.846,11.305,,-5.8,-16.1,11.25631,0.4598500000000003,,1403-795-1,2099.897281850454,5953.211867256178,1.7529832134826815,,11.25631,0.4598500000000003,,,3057.6175412391185,5480.9565224778235,3058.3871104168024,5522.369818619579
140.8405524763,16.1652195256,1.751505,1402,995,1,11.457,10.673,,-13.4,-10.3,10.60244,0.6664000000000005,,1402-995-1,-4394.451070457848,4549.100642042878,1.7563916921078995,,10.60244,0.6664000000000005,,,6317.8283090875,-264.18723349860414,6319.36320931424,-266.7686091880843
140.3042463769,15.11177433,1.751762,1402,1298,1,12.47,11.154,,-3.2,2.4,11.03556,1.1186000000000005,,1402-1298-1,-6280.964270253776,768.3646220298108,1.7571676798101097,,11.03556,1.1186000000000005,,,4742.945132393701,-4146.96958888335,4744.099555486811,-4187.411582854254
142.4656656696,16.6322787975,1.759596,1403,24,1,13.256,12.025,,-1.9,-22.5,11.91421,1.04635,,1403-24-1,1224.471180669656,6219.078383809582,1.7601336025528456,,11.91421,1.04635,,,3837.3920435224813,5005.934841838498,3838.353811562447,5044.135766761448
143.4812607978,16.0870296592,1.77474,1403,1004,1,11.492,11.365,,-5.8,-27.3,11.35357,0.1079500000000005,,1403-1004-1,4742.214808793135,4269.41979778797,1.7719215189982476,,11.35357,0.1079500000000005,,,45.05396397176977,6333.784579174875,45.06539536256491,6380.792726035071
140.2870865154,14.7201677517,1.767822,825,1534,1,11.609,10.991,,-20.3,-50.5,10.93538,0.5253000000000002,,825-1534-1,-6352.6407139692055,-643.012112554259,1.7730728199384018,,10.93538,0.5253000000000002,,,3735.2120989412415,-5126.553092867861,3736.125651221771,-5177.921758384786
143.3352895112,13.5658605233,1.794449,827,1235,1,12.393,11.71,,-24.8,-26.4,11.64853,0.5805499999999998,,827-1235-1,4286.577237184819,-4813.618916846879,1.7898600987542843,,11.64853,0.5805499999999998,,,-6444.017801078908,10.693806835580792,-6445.584635042902,10.497593859824635
142.725237636,16.5963111855,1.79135,1403,1412,1,12.861,11.799,,-25.4,-6.7,11.70342,0.902700000000001,,1403-1412-1,2120.0678491644917,6092.073190323831,1.791202266671443,,11.70342,0.902700000000001,,,3148.057274793105,5587.5207843580665,3148.8504044192887,5629.634497186497
143.7745425026,14.1150166567,1.799522,827,540,1,11.906,11.829,,-6.8,-31.2,11.82207,0.0654499999999999,,827-540-1,5810.804101826612,-2826.132925506927,1.7943063198607883,,11.82207,0.0654499999999999,,,-5969.512612771361,2450.1036498924864,-5970.980575276932,2469.7899894732195
140.3139399222,15.371351455,1.790486,1402,1845,1,6.55,6.548,45874.0,-37.0,-6.2,6.54782,0.0016999999999998,45874.0,1402-1845-1,-6240.612098328353,1702.8096610611672,1.7962878274614071,6.57,6.57,-0.003,80613.0,A1V,5414.859626782554,-3503.3184762010906,5416.174842186331,-3536.9266577739327
140.3392509307,14.36792344,1.791898,825,1097,1,10.269,9.528,,-29.8,-16.8,9.46131,0.6298499999999997,,825-1097-1,-6181.146262240838,-1912.2667584966832,1.7966853129613347,,9.46131,0.6298499999999997,,,2672.3643138125126,-5832.574015396857,2673.021026989121,-5892.222998167876
140.938947136,16.3161913317,1.802033,1402,124,1,11.863,11.313,,-21.9,-3.5,11.2635,0.4674999999999991,,1402-124-1,-4051.3700280759776,5091.172643991,1.8067427143235277,,11.2635,0.4674999999999991,,,6495.447239593503,346.9736864111675,6497.028342433465,349.6579942383291
140.5866944561,15.9606828967,1.803691,1402,751,1,10.908,10.495,,21.9,-13.2,10.45783,0.3510500000000002,,1402-751-1,-5276.993573622353,3818.06462273898,1.808674607140922,,10.45783,0.3510500000000002,,,6356.939294218995,-1399.231240038739,6358.480631883552,-1412.0916023488855
142.862056286,16.5646250081,1.810338,1403,229,1,11.402,12.067,,0.3,-7.3,12.12685,-0.5652500000000008,,1403-229-1,2593.451065665691,5979.495332782224,1.8098687244289329,,12.12685,-0.5652500000000008,,,2749.717411378002,5864.99655779094,2750.411981612045,5908.941258480418
141.0496544387,16.4023024175,1.808,1402,402,1,11.82,10.548,,-8.2,-8.7,10.43352,1.0812000000000002,,1402-402-1,-3666.779934363725,5399.201451230935,1.8123428215076107,,10.43352,1.0812000000000002,,,6470.522295482879,834.9808018675142,6472.100285260353,841.7655823090925
140.420630486,14.1257185678,1.808616,825,388,1,12.467,12.051,,4.4,-1.1,12.01356,0.3536000000000003,,825-388-1,-5902.7690583134045,-2786.3948257530737,1.8125559800908326,,12.01356,0.3536000000000003,,,1834.0243471749643,-6200.190561806757,1834.4763582245569,-6264.293669032608
143.8906594826,14.3248578694,1.822899,827,748,1,12.356,11.307,,0.6,-10.6,11.21259,0.8916499999999995,,827-748-1,6210.7186897151605,-2066.708834475762,1.8176002216800846,,11.21259,0.8916499999999995,,,-5667.086492127721,3247.3185195730116,-5668.487421020021,3273.0051034198664
141.1955837293,16.4955006267,1.813838,1402,358,1,12.156,10.985,,1.2,-14.0,10.87961,0.995350000000001,,1402-358-1,-3160.8686633673265,5732.420595286634,1.817757596205446,,10.87961,0.995350000000001,,,6383.91497864253,1429.6802087235692,6385.476059347315,1441.3299704871895
140.9778267948,16.3601990828,1.813901,1402,352,1,11.921,11.344,,-36.0,-7.0,11.29207,0.4904499999999999,,1402-352-1,-3916.5176882044234,5248.881904233206,1.818565720698851,,11.29207,0.4904499999999999,,,6523.870220868806,550.7976376918609,6525.459439641769,555.2036997309864
141.385422222,16.5855916216,1.815806,1403,1650,1,7.551,6.402,46232.0,-82.2,-23.5,6.29859,0.97665,46232.0,1403-1650-1,-2506.3541984736166,6054.1524267584655,1.8195125152142404,6.31,6.31,0.968,81361.0,G9III:,6190.095067377639,2127.2271836240134,6191.614396922456,2144.4076418571376
143.0773646523,13.34039604,1.828513,827,266,1,12.796,11.256,,-40.1,20.5,11.1174,1.3089999999999993,,827-266-1,3386.491321620794,-5628.766041484975,1.8240965942645755,,11.1174,1.3089999999999993,,,-6456.161564898848,-1192.8269424663242,-6457.72733860847,-1203.780811182797
143.7895879793,14.0756414994,1.830342,827,1225,1,7.744,7.852,47035.0,-19.9,-7.3,7.86172,-0.0918000000000004,47035.0,827-1225-1,5864.091583500143,-2966.9580502602794,1.8249218360569186,7.89,7.89,-0.098,82906.0,B9,-6110.173595566986,2396.89235265989,-6111.675706173721,2416.1602252847265
143.1630834466,13.3911573789,1.830282,827,280,1,11.819,11.686,,12.8,-2.6,11.67403,0.1130500000000007,,827-280-1,3687.5043430499795,-5445.239024951207,1.8261439510249506,,11.67403,0.1130500000000007,,,-6518.706886021741,-849.0109989421173,-6520.2886558112905,-856.8267991615612
143.9492182066,15.3371100067,1.831059,1403,1133,1,11.803,11.315,,-1.2,-1.9,11.27108,0.4148000000000011,,1403-1133-1,6384.930946283691,1581.1138822848932,1.8265436719501593,,11.27108,0.4148000000000011,,,-3055.1926934724424,5781.415517858822,-3055.963833154735,5824.804661790459
140.4680169081,14.0056580233,1.824035,826,691,1,11.951,11.09,,24.3,-2.4,11.01251,0.7318500000000006,,826-691-1,-5739.835129132422,-3220.085171320758,1.8275430455913977,,11.01251,0.7318500000000006,,,1401.6185535888505,-6364.204729300899,1401.9644808054356,-6430.330583628247
141.9886098873,16.7297760756,1.826034,1403,254,1,12.486,11.852,,5.3,-0.5,11.79494,0.5389000000000003,,1403-254-1,-421.5301564200641,6569.984198928018,1.8281274291229304,,11.79494,0.5389000000000003,,,5192.155147118112,4014.7869829479337,5193.445971718861,4046.0473286619585
143.7991172999,14.0843953214,1.834538,827,644,1,9.595,9.094,47038.0,-19.6,-60.1,9.04891,0.425850000000001,47038.0,827-644-1,5897.175800522206,-2936.5910933407517,1.8293466275624408,9.07,9.07,0.543,,G0,-6109.4242849442335,2441.4527208170266,-6110.926625054493,2461.0618551660264
143.6472708973,15.9810751767,1.833529,1403,1032,1,12.007,11.755,,-20.0,-15.4,11.73232,0.214199999999999,,1403-1032-1,5319.176565555346,3892.061786489298,1.8302211776479071,,11.73232,0.214199999999999,,,-619.9996245058885,6513.6505744720935,-620.1572214748244,6561.797719074885
141.8178267286,13.0945151344,1.834011,826,867,1,11.442,10.997,,8.5,-20.8,10.95695,0.3782500000000002,,826-867-1,-1027.4660838192576,-6521.934479219791,1.8333662416520202,,10.95695,0.3782500000000002,,,-4194.607788274506,-5047.355634522696,-4195.63329727919,-5097.840438793301
143.514547267,16.1442602989,1.836665,1403,1056,1,12.329,11.857,,6.1,2.0,11.81452,0.4012000000000011,,1403-1056-1,4856.436985833811,4477.1503488857015,1.8341759584165684,,11.81452,0.4012000000000011,,,124.57000464003275,6555.699780894798,124.60168226549571,6604.114616258487
141.6529168679,16.68759761,1.832895,1403,881,1,12.925,11.12,,-19.7,-17.1,10.95755,1.5342500000000012,,1403-881-1,-1580.5065869666853,6419.194786535272,1.8357340478644,,10.95755,1.5342500000000012,,,5848.583197152884,3054.9114982823667,5850.027104352663,3079.163142359624
141.6381401399,16.6850689531,1.833822,1403,44,1,10.997,10.436,,-5.5,9.7,10.38551,0.4768499999999999,,1403-44-1,-1631.1313644879365,6410.9125655169255,1.8369158224425242,,10.38551,0.4768499999999999,,,5875.9885450789025,3011.873669729023,5877.4387979114545,3035.803456702199
142.8727723043,16.5952540561,1.842527,1403,201,1,12.499,11.742,,-6.2,-13.3,11.67387,0.6434499999999997,,1403-201-1,2629.893672023775,6089.838470031178,1.841986262667926,,11.67387,0.6434499999999997,,,2808.035072072315,5964.853597441663,2808.7450624041494,6009.444607585895
143.8276309598,15.7174856642,1.848103,1403,1109,1,12.05,11.419,,3.0,-24.1,11.36221,0.5363500000000002,,1403-1109-1,5951.9230952949865,2947.1480613122308,1.8442562802870484,,11.36221,0.5363500000000002,,,-1746.436951757537,6360.606406765504,-1746.8802132956278,6407.767142148546
141.6578472618,16.6983044403,1.842161,1403,701,1,10.08,8.167,46311.0,-10.6,-6.7,7.994829999999999,1.6260500000000002,46311.0,1403-701-1,-1563.1740064658368,6458.014996790382,1.8450583003682672,7.97,7.97,1.621,81540.0,M...,5866.105958655849,3093.3602991615726,5867.554583850001,3117.895745338791
140.3796989778,15.7063741122,1.846402,1402,1123,1,12.926,11.987,,-13.0,24.4,11.90249,0.79815,,1402-1123-1,-6002.1264973503585,2908.5053560262486,1.8520497067150363,,11.90249,0.79815,,,6158.097054092955,-2534.422286307348,6159.5902545275785,-2558.1973716968578
142.7546098566,16.6569958667,1.857953,1403,115,1,11.351,10.937,,-1.9,-10.2,10.89974,0.3519000000000012,,1403-115-1,2221.4435017823594,6310.967754102892,1.8578277988186904,,10.89974,0.3519000000000012,,,3244.4448316136086,5807.209217606963,3245.2639594406114,5850.759528342841
141.0000361781,13.3882232633,1.859087,826,1066,1,9.555,8.746,46094.0,1.3,-8.6,8.67319,0.6876499999999993,46094.0,826-1066-1,-3891.871460934495,-5455.238043651218,1.8607941722867234,8.68,8.68,0.739,81108.0,G5,-1496.0346020660506,-6464.618828903626,-1496.4041722484567,-6532.002765968018
141.5362727313,16.6827507131,1.858202,1403,248,1,11.055,10.432,,20.0,-42.7,10.37593,0.5295499999999994,,1403-248-1,-1981.9663104246606,6402.0671662068535,1.8609674339920432,,10.37593,0.5295499999999994,,,6102.212175995472,2745.6268190564188,6103.715657842681,2767.5457764036823
141.4550728291,13.1552121617,1.862143,826,1208,1,12.268,11.064,,-5.7,-5.3,10.95564,1.0234000000000003,,826-1208-1,-2299.927251539934,-6300.411070694196,1.8624199604209783,,10.95564,1.0234000000000003,,,-3184.4867332759195,-5842.653856668852,-3185.2694184695038,-5902.448962410888
143.0547376976,16.5350644875,1.866816,1403,252,1,12.655,11.752,,-25.0,-18.5,11.67073,0.7675499999999988,,1403-252-1,3258.526577189295,5875.483785333741,1.8656123711490713,,11.67073,0.7675499999999988,,,2230.564733354889,6290.596212010568,2231.1304947820104,6337.299257666753
140.5829383875,13.7608089642,1.868205,826,1108,1,12.115,11.593,,7.7,-14.7,11.54602,0.4437000000000002,,826-1108-1,-5344.540545998327,-4105.129565694767,1.8713216630579566,,11.54602,0.4437000000000002,,,477.52500878919386,-6652.468589685274,477.6431767549877,-6722.206437968194
144.0460148362,14.8527240761,1.876172,827,1525,1,11.515,11.189,,27.7,-22.9,11.15966,0.2771000000000004,,827-1525-1,6737.311861043848,-161.2519945681541,1.8713457689422603,,11.15966,0.2771000000000004,,,-4591.830255911626,4894.320063189134,-4592.98011736199,4931.724542209483
143.8761156351,14.13598387,1.879578,827,1106,1,9.49,8.389,,-13.5,-4.5,8.289909999999999,0.9358500000000008,,827-1106-1,6164.959377617855,-2747.284767313671,1.87416250612009,,8.289909999999999,0.9358500000000008,,,-6145.592812818923,2764.939369346482,-6147.107191658582,2787.0003399084544
143.9703497179,14.3795879,1.879926,827,1691,1,6.337,6.306,47096.0,-41.3,-2.0,6.30321,0.0263499999999997,47096.0,827-1691-1,6486.179291426306,-1867.1460461929892,1.874213041023846,6.32,6.32,0.027,83023.0,A1V,-5700.680762558986,3583.3582104589723,-5702.093467552349,3611.4936308454994
140.8181617367,13.506653255,1.875909,826,837,1,11.342,10.793,,-4.4,30.9,10.74359,0.466650000000001,,826-837-1,-4527.003216887499,-5024.3636849118775,1.8779346433976234,,10.74359,0.466650000000001,,,-752.3564711039302,-6651.261783157621,-752.5426481241132,-6720.987139306709
143.7237663602,13.8624870086,1.88385,827,1212,1,11.401,10.454,,-38.4,14.9,10.36877,0.8049499999999993,,827-1212-1,5639.113689225309,-3735.8350346844545,1.8783054698775996,,10.36877,0.8049499999999993,,,-6535.76484967807,1723.5202069281966,-6537.365553577769,1737.5034461198154
140.4539967498,13.926911805,1.875915,826,834,1,10.512,9.316,,-25.8,-1.5,9.20836,1.0165999999999995,,826-834-1,-5792.278364606408,-3503.380971812866,1.8797017205362183,,9.20836,1.0165999999999995,,,1224.6005746410942,-6588.670374596761,1224.9034378656345,-6657.610566461068
140.5096664309,13.84133047,1.877682,826,843,1,12.553,11.273,,6.7,-13.2,11.1578,1.088000000000001,,826-843-1,-5598.927143271563,-3813.3332553448395,1.8810401708250983,,11.1578,1.088000000000001,,,864.5283795190677,-6649.059625422131,864.7423108941332,-6718.758546616573
142.7747873249,16.67760983,1.883979,1403,75,1,12.455,11.851,,4.9,-41.5,11.796640000000002,0.5133999999999993,,1403-75-1,2291.035266312299,6384.6454222223865,1.8835584969692731,,11.796640000000002,0.5133999999999993,,,3253.34797034367,5907.512573708203,3254.170139484481,5951.715421815922
141.3040032466,16.6250426928,1.883046,1402,879,1,12.666,11.416,,-3.6,-3.4,11.3035,1.0625,,1402-879-1,-2784.8301071565515,6197.895420072789,1.886759683590754,,11.3035,1.0625,,,6482.3868222219735,2015.274362681641,6483.9769896499265,2031.5582102355172
140.6563286116,16.1873822622,1.894216,1402,1781,1,13.007,11.712,,20.2,1.1,11.59545,1.10075,,1402-1781-1,-5030.490429245878,4633.424860458511,1.899078033010514,,11.59545,1.10075,,,6802.9944655883355,-680.1598828217541,6804.6458812800865,-686.4796622097678
144.0553888201,14.5966097146,1.910773,827,1624,1,9.523,8.815,,104.8,-41.5,8.75128,0.6018000000000001,,827-1624-1,6780.095440432959,-1083.9648538159245,1.90657318006381,,8.75128,0.6018000000000001,,,-5310.145011546133,4317.818689833194,-5311.468434831557,4351.204092142367
140.9294614965,16.4362161383,1.902584,1402,908,1,12.647,12.388,,-25.6,-10.3,12.36469,0.2201500000000003,,1402-908-1,-4081.967207686151,5523.627115576083,1.9071436745453785,,12.36469,0.2201500000000003,,,6839.101232132218,608.9817083845875,6840.767767434898,613.8478220014246
140.1351849188,14.7483019925,1.911305,825,98,1,12.208,11.721,,1.5,-11.7,11.67717,0.4139500000000001,,825-98-1,-6880.5600552601,-536.1928904259131,1.9163464343876417,,11.67717,0.4139500000000001,,,4165.438571360071,-5446.706639081006,4166.459573287975,-5501.838248616734
140.1670835026,15.3064316192,1.913481,1402,1864,1,12.16,11.724,,-18.4,-11.9,11.68476,0.3705999999999999,,1402-1864-1,-6752.415582000144,1473.199634889531,1.9190748415510646,,11.68476,0.3705999999999999,,,5582.840144569707,-4032.8502845789817,5584.1986631327345,-4072.119674929215
140.1157454483,14.90689534,1.922771,825,1385,1,12.342,11.567,,-0.4,-4.0,11.49725,0.6587500000000003,,825-1385-1,-6943.25303733711,35.86502073165669,1.9279791197330876,,11.49725,0.6587500000000003,,,4634.779201675007,-5117.654520183586,4635.912922883605,-5168.980596949937
144.0772154587,14.588325304,1.932983,827,1541,1,9.891,9.094,,106.4,-40.3,9.02227,0.6774500000000004,,827-1541-1,6856.5205714174635,-1113.1160116785584,1.9287952020820784,,9.02227,0.6774500000000004,,,-5382.661105216023,4355.367732093032,-5384.003036770635,4389.010469544367
143.2481355192,16.4947754633,1.93138,1403,916,1,10.845,9.247,46866.0,-4.9,11.1,9.10318,1.3583000000000005,46866.0,1403-916-1,3927.725980509761,5734.548525113648,1.9300166352197974,9.16,9.16,1.447,,K2,1681.0684834264061,6694.956712822385,1681.4966036847618,6744.230670480571
140.3555034464,13.9909239467,1.926397,825,884,1,12.25,11.766,,-24.5,-18.8,11.72244,0.4114,,825-884-1,-6134.91492458232,-3270.764943240844,1.9304757712440639,,11.72244,0.4114,,,1625.92205945578,-6689.223929838238,1626.3245781542096,-6759.449150063106
141.6777711849,16.7938396689,1.930959,1403,490,1,12.187,12.004,,-24.6,0.1,11.98753,0.1555499999999998,,1403-490-1,-1494.140279225365,6802.325975491032,1.9338453376018847,,11.98753,0.1555499999999998,,,6077.731183325786,3371.5205060535745,6079.235113438851,3398.086856802843
142.875178125,13.1190452375,1.937762,826,436,1,11.993,11.187,,-30.5,-42.3,11.11446,0.6851000000000008,,826-436-1,2680.825032318519,-6430.537798121529,1.9345333494353922,,11.11446,0.6851000000000008,,,-6587.329821617576,-2242.834710457098,-6588.926925224542,-2263.775872524784
143.8687490565,13.974019125,1.945806,827,1191,1,11.782,11.138,,16.4,-45.9,11.08004,0.5474000000000001,,827-1191-1,6144.627968056357,-3332.0324535643767,1.9408999371747762,,11.08004,0.5474000000000001,,,-6569.322746721655,2364.6435004900018,-6570.937609411228,2383.625824379848
140.1937443975,15.4960462011,1.936528,1402,1557,1,10.189,9.741,,-8.5,-23.8,9.70068,0.3808000000000003,,1402-1557-1,-6653.611039042507,2155.072746577885,1.9420107639157507,,9.70068,0.3808000000000003,,,6027.111733727929,-3511.8307121616467,6028.5759457582535,-3545.581823641353
143.4812995729,16.3366840844,1.949104,1403,953,1,11.779,10.598,,-6.2,-15.2,10.49171,1.0038499999999992,,1403-953-1,4736.743026797857,5169.189617705697,1.9468125397907454,,10.49171,1.0038499999999992,,,721.442264646569,6923.27626648451,721.626423409643,6973.988178277332
142.8436724862,13.0921888637,1.951327,826,462,1,10.669,10.051,,-214.5,-35.7,9.99538,0.5253000000000002,,826-462-1,2565.708611110364,-6527.492596049632,1.9474805103254995,,9.99538,0.5253000000000002,,,-6583.4252073577945,-2391.8273310583663,-6585.021528725198,-2414.2310856323643
141.4936289131,13.0514255289,1.948404,826,677,1,12.268,11.145,,-2.2,-16.6,11.04393,0.9545500000000008,,826-677-1,-2165.6136244498325,-6675.065168764877,1.9485751564194906,,11.04393,0.9545500000000008,,,-3553.755356126989,-5989.109709627053,-3554.629874631611,-6050.701102520043
144.0509935565,15.4450225283,1.953158,1410,577,1,12.565,11.801,,-2.9,-8.7,11.73224,0.6493999999999994,,1410-577-1,6735.170887140287,1972.738643461958,1.9487302802328619,,11.73224,0.6493999999999994,,,-2994.8091759383988,6299.975961190018,-2995.5689076825547,6346.715020679251
142.6583459535,13.028919795,1.953299,826,1144,1,11.862,10.775,,-27.5,-54.6,10.67717,0.9239499999999996,,826-1144-1,1920.997422028485,-6757.663745181691,1.9507459892492176,,10.67717,0.9239499999999996,,,-6327.654669055999,-3020.5080906170692,-6329.190197655634,-3049.1969156290033
142.2086924,12.9559879861,1.953813,826,1138,1,12.453,11.471,,-27.2,7.7,11.38262,0.8346999999999994,,826-1138-1,343.0876672183231,-7020.898766766533,1.9518214535326215,,11.38262,0.8346999999999994,,,-5477.273841077989,-4361.190332909907,-5478.608494870488,-4404.0410534547045
141.9504675337,12.9479112283,1.965058,826,1017,1,13.328,12.143,,4.5,-4.2,12.03635,1.0072499999999989,,826-1017-1,-562.590140239411,-7050.23276929396,1.9638538439895123,,12.03635,1.0072499999999989,,,-4898.139772969805,-5050.291271558588,-4899.337498685116,-5100.860892153372
140.09013972,14.68466306,1.961184,825,276,1,12.45,11.944,,0.0,0.0,11.898460000000002,0.4300999999999986,,825-276-1,-7039.657783521754,-763.7237005355006,1.9661623909909574,,11.898460000000002,0.4300999999999986,,,4100.897187780728,-5713.568536970314,4101.904288361206,-5771.865972888051
143.983736553,15.6834872781,1.97104,1403,1212,1,12.406,12.32,,-11.7,-14.9,12.31226,0.0731000000000002,,1403-1212-1,6494.053042672324,2829.5077429256094,1.9669220613344556,,12.31226,0.0731000000000002,,,-2194.1816843990705,6685.922776734223,-2194.7404483025075,6735.128310054887
143.11535306,13.1966286425,1.971203,827,1011,1,12.075,11.606,,1.3,-7.5,11.56379,0.3986499999999995,,827-1011-1,3523.0856057791425,-6147.019782096228,1.9672969637026747,,11.56379,0.3986499999999995,,,-6934.316880725415,-1432.4261293682243,-6935.998465077121,-1445.6519911709165
141.7049918124,16.8376973831,1.96856,1403,1556,1,12.802,11.589,,-13.1,-9.7,11.47983,1.0310499999999994,,1403-1556-1,-1399.6757294861295,6959.9311171009585,1.9712432330589518,,11.47983,1.0310499999999994,,,6132.879141247001,3545.5289584325787,6134.398678267162,3573.357826831485
140.2908755783,14.0220451525,1.967462,825,1135,1,11.867,10.788,,11.6,0.9,10.69089,0.9171500000000004,,825-1135-1,-6359.020032195402,-3156.4263765532182,1.971251634312119,,10.69089,0.9171500000000004,,,1860.142394415026,-6779.767001069904,1860.6033193592125,-6851.154539816924
143.1344015754,16.61855675,1.977208,1403,160,1,12.262,11.907,,-10.8,-19.2,11.87505,0.3017500000000003,,1403-160-1,3532.623355595654,6177.675033424244,1.975992971811207,,11.87505,0.3017500000000003,,,2274.605276710011,6693.643084885265,2275.1845708223955,6742.8949094425125
141.9461330901,16.8764777244,1.975332,1403,149,1,9.49,8.983,,4.3,-47.6,8.937370000000001,0.4309499999999997,,1403-149-1,-567.7028670321557,7097.518867399184,1.977044641018996,,8.937370000000001,0.4309499999999997,,,5683.600716019699,4254.002739270527,5685.016588219964,4286.915792267183
140.19155833,14.22672944,1.973423,825,490,1,13.019,12.149,,0.0,0.0,12.0707,0.7395000000000008,,825-490-1,-6700.263859761877,-2416.324168792864,1.9777283350073507,,12.0707,0.7395000000000008,,,2639.9909599423336,-6546.615835513493,2640.643705019093,-6615.070604480988
140.06315194,14.99868222,1.975292,825,1366,1,13.157,12.303,,0.0,0.0,12.22614,0.7258999999999993,,825-1366-1,-7123.371392106712,368.25514413679196,1.9805673799531291,,12.22614,0.7258999999999993,,,5002.847572196264,-5032.665905752775,5004.070804166917,-5083.04113970703
141.7317132342,16.8530252722,1.978809,1403,437,1,10.753,9.52,,13.5,-26.0,9.40903,1.0480500000000004,,1403-437-1,-1306.7429644909992,7014.559227277373,1.9812204745089672,,9.40903,1.0480500000000004,,,6112.048038828041,3650.5348148203116,6113.563598046577,3679.1246867795344
143.9384383033,15.8126484328,1.985886,1403,968,1,12.021,11.424,,-4.2,-2.9,11.37027,0.5074500000000011,,1403-968-1,6333.245964177833,3293.752236613598,1.9821377250550838,,11.37027,0.5074500000000011,,,-1740.3452508285939,6872.655842348484,-1740.7892850249746,6923.038415617445
140.64489968,13.5142911783,1.986165,826,653,1,11.96,11.241,,-5.4,4.6,11.17629,0.611150000000001,,826-653-1,-5133.8480374107885,-4994.122212208431,1.988711518532368,,11.17629,0.611150000000001,,,-327.0066410185941,-7079.532804326649,-327.08791468431946,-7154.765253854838
144.1741066156,14.894549745,1.999104,827,1503,1,11.52,10.416,,-7.7,2.7,10.31664,0.9383999999999992,,827-1503-1,7181.161883620006,-5.913246386645871,1.9939624972179861,,10.31664,0.9383999999999992,,,-4770.242403207513,5326.487743755672,-4771.4416163732185,5366.792884654901
144.053492609,15.5873978778,1.998718,1410,462,1,12.364,11.652,,-2.0,-2.2,11.58792,0.6052000000000013,,1410-462-1,6739.375751855591,2485.86929524242,1.9945344141126966,,11.58792,0.6052000000000013,,,-2613.9295987459122,6641.572525716078,-2614.5949760423437,6690.487634618407
140.1892299738,15.6540064033,1.993638,1402,147,1,10.965,10.328,,-7.4,-8.4,10.27067,0.5414500000000003,,1402-147-1,-6664.347190425188,2724.645400410215,1.9991346417890097,,10.27067,0.5414500000000003,,,6460.112321157823,-3145.53249795344,6461.680466510331,-3175.5159551202587
140.0563207818,14.6506001378,1.997819,825,23,1,10.97,10.112,,-41.2,-12.5,10.03478,0.7293000000000004,,825-23-1,-7159.789566072032,-885.6864854768398,2.0031730159120795,,10.03478,0.7293000000000004,,,4089.4301900394285,-5882.344384040467,4090.4357760150024,-5942.672996496416
142.5824640229,12.9506581383,2.01062,826,981,1,11.874,11.224,,-4.5,20.9,11.1655,0.5525000000000003,,826-981-1,1655.8915064697396,-7038.253371095838,2.007628218389273,,11.1655,0.5525000000000003,,,-6361.5118504898455,-3401.105804149388,-6363.056979243028,-3433.72874232192
140.4172369593,13.7451610825,2.006359,825,1075,1,12.073,11.48,,-32.8,-36.9,11.42663,0.50405,,825-1075-1,-5925.978516603529,-4158.206244721286,2.0100999446316856,,11.42663,0.50405,,,823.7146522643295,-7116.570515683951,823.9194616159679,-7192.291517566356
141.5355891613,12.9724088733,2.012239,826,799,1,10.701,9.993,,13.0,-32.1,9.92928,0.6018000000000001,,826-799-1,-2018.6835357806108,-6960.6008310202005,2.012343418718384,,9.92928,0.6018000000000001,,,-3864.7629267177736,-6067.787560655142,-3865.7146505063197,-6130.358667100277
141.1579908332,13.1170073733,2.012444,826,556,1,12.117,10.746,,12.0,1.5,10.62261,1.1653500000000003,,826-556-1,-3342.1659877607126,-6434.579236820398,2.0132779417646334,,10.62261,1.1653500000000003,,,-2593.108471313294,-6700.588577042927,-2593.7505699984763,-6770.992646968211
143.5653427176,13.46564117,2.020164,827,244,1,11.967,11.394,,3.5,-10.0,11.34243,0.4870500000000003,,827-244-1,5095.394674764392,-5169.81640524702,2.015499110531343,,11.34243,0.4870500000000003,,,-7247.127945515082,376.09133519993105,-7248.8926038856525,378.95194010790937
141.1402994462,16.6930813219,2.012905,1402,1632,1,13.016,11.103,,-3.9,-3.5,10.93083,1.6260500000000002,,1402-1632-1,-3348.8542950171077,6445.564185837157,2.0168377980019434,,10.93083,1.6260500000000002,,,7041.8928299435765,1759.9126532367463,7043.6180798939695,1774.1384127496374
140.1218836599,14.3028816325,2.012277,825,1209,1,13.045,12.119,,-31.7,-44.7,12.03566,0.7871000000000001,,825-1209-1,-6942.082730873877,-2141.1352397903293,2.0171595649081064,,12.03566,0.7871000000000001,,,3006.2362756926495,-6544.798701594461,3006.9796034013275,-6613.247796816534
141.7627352531,12.91407836,2.020693,826,1023,1,12.819,11.672,,4.4,-6.3,11.56877,0.9749500000000002,,826-1023-1,-1221.850645531964,-7171.5835957139425,2.0199751210728834,,11.56877,0.9749500000000002,,,-4551.345343529284,-5617.291231044493,-4552.46238236321,-5674.470594466838
140.0929804696,15.4435100117,2.014975,1402,761,1,10.658,10.331,,-9.3,1.1,10.30157,0.27795,,1402-761-1,-7005.282243737834,1969.6769491794287,2.0205294644531384,,10.30157,0.27795,,,6121.878542872471,-3893.844320325819,6123.367678942801,-3931.6631171855443
140.5267208524,16.2325645216,2.017225,1402,1192,1,12.496,11.854,,-56.6,-38.1,11.79622,0.5457000000000011,,1402-1192-1,-5479.865288310837,4798.47928253344,2.0224485313198386,,11.79622,0.5457000000000011,,,7224.640410857233,-904.606368750023,7226.393699524118,-912.9956749167002
142.5988820118,12.9395153299,2.02506,826,1182,1,8.883,8.208,,-91.1,-51.6,8.14725,0.5737499999999991,,826-1182-1,1711.3181016782498,-7080.240576432188,2.022526407107246,,8.14725,0.5737499999999991,,,-6429.690558269865,-3387.6585939264082,-6431.2522237541625,-3420.1478184056573
140.5441221738,16.2529782567,2.01811,1402,655,1,11.321,10.795,,-15.4,13.8,10.74766,0.4470999999999998,,1402-655-1,-5418.036433516682,4872.9469729308175,2.02333207097976,,10.74766,0.4470999999999998,,,7239.286787864119,-809.7898937426338,7241.043925888034,-817.3211481828189
142.9552533686,16.7613087444,2.026339,1403,899,1,11.838,11.156,,-0.1,-12.2,11.09462,0.5796999999999988,,1403-899-1,2912.499297870141,6689.421315398779,2.025810532407756,,11.09462,0.5796999999999988,,,3068.7863043761054,6570.367741214145,3069.566934542858,6618.8192700335985
140.214159891,15.7777070544,2.020988,1402,312,1,12.74,11.945,,-2.5,-10.4,11.87345,0.67575,,1402-312-1,-6573.912013633094,3169.447243877041,2.0263942364304466,,11.87345,0.67575,,,6732.676973628754,-2786.2595657035567,6734.310325281519,-2812.610786709427
143.6069228023,13.4897881856,2.031667,827,937,1,11.493,11.189,,1.9,9.4,11.16164,0.2584000000000002,,827-937-1,5240.472460380977,-5081.408431495457,2.026803765543748,,11.16164,0.2584000000000002,,,-7277.306020229401,541.8816776752182,-7279.079121137875,546.1413772097801
144.1952595939,14.6497297008,2.037008,827,1605,1,11.942,11.535,,-17.1,5.7,11.49837,0.34595,,827-1605-1,7262.8628257396895,-887.0438108901692,2.0316013350544333,,11.49837,0.34595,,,-5483.292910825338,4806.233088680479,-5484.665190423512,4842.9816122824905
140.04454861,14.53400694,2.027919,825,745,1,12.855,11.972,,0.0,0.0,11.89253,0.7505500000000007,,825-745-1,-7203.6214558737065,-1304.9881281549283,2.0327220822155634,,11.89253,0.7505500000000007,,,3805.002971563027,-6189.7306487834,3805.940933549026,-6253.79642333265
140.0895528402,15.4907829322,2.031029,1402,1716,1,10.409,10.008,,-11.4,-8.0,9.97191,0.3408500000000013,,1402-1716-1,-7015.703262050753,2139.8406595281804,2.0365809887674744,,9.97191,0.3408500000000013,,,6256.027835386588,-3789.781372434751,6257.549104074998,-3826.49833652279
142.8161884666,12.9870784433,2.040208,826,400,1,11.134,9.463,,-10.1,-20.8,9.31261,1.420350000000001,,826-400-1,2475.915277527822,-6906.174355753184,2.037080015561845,,9.31261,1.420350000000001,,,-6806.975692229848,-2707.2007597681486,-6808.626916772331,-2732.764205298649
141.5655358786,12.9378313389,2.037899,826,1143,1,12.984,12.072,,-21.9,-0.5,11.98992,0.7752000000000007,,826-1143-1,-1914.7826592491965,-7084.612409242619,2.037698654580374,,11.98992,0.7752000000000007,,,-4026.4418184056094,-6072.336677524208,-4027.4334269553187,-6134.9739700180435
142.0290791257,12.8691040325,2.039444,826,908,1,10.855,9.756,,-1.5,-4.5,9.65709,0.93415,,826-908-1,-286.86946765675685,-7334.408921729068,2.0380336096550296,,9.65709,0.93415,,,-5293.6052158303155,-5032.893085567217,-5294.899640020367,-5083.2948099362675
144.0590109351,14.1305425475,2.044418,827,1035,1,11.393,10.722,,-16.1,-4.5,10.66161,0.5703500000000009,,827-1035-1,6804.200212293033,-2761.7988635306415,2.0389561088132573,,10.66161,0.5703500000000009,,,-6580.677851975271,3229.960208406589,-6582.304793123659,3255.4472967608785
143.6229694843,13.4865736458,2.045069,827,357,1,13.83,11.35,,-0.1,0.5,11.1268,2.108,,827-357-1,5296.726198471065,-5092.881402768423,2.040241631542002,,11.1268,2.108,,,-7323.217610017521,576.0543424257386,-7325.002155404208,580.596957928827
141.1837492567,13.0601761019,2.052161,826,485,1,12.921,11.337,,-5.0,-6.7,11.19444,1.3463999999999996,,826-485-1,-3253.084009936874,-6639.951262652525,2.0530149155354684,,11.19444,1.3463999999999996,,,-2805.785623156223,-6769.40773660846,-2806.4808779051227,-6840.699776196964
143.9903984916,15.8753561314,2.059136,1403,1132,1,11.731,11.21,,-35.2,12.7,11.16311,0.4428499999999991,,1403-1132-1,6510.664059690532,3521.666165968235,2.055253067925553,,11.16311,0.4428499999999991,,,-1687.6770711190643,7154.893394491438,-1688.1089470158458,7207.022080282298
140.0807265519,14.2773078911,2.058237,825,1317,1,12.953,11.7,,22.2,-4.4,11.58723,1.06505,,825-1317-1,-7085.210232941706,-2230.9585344580105,2.062483082138291,,11.58723,1.06505,,,3034.0615737172943,-6709.3812902663785,3034.8129737441423,-6779.918158934384
142.6822926337,16.893438065,2.062259,1403,82,1,11.974,11.361,,-13.5,-9.0,11.30583,0.5210499999999996,,1403-82-1,1969.341837436976,7162.350541292579,2.062486677173133,,11.30583,0.5210499999999996,,,4048.3294360871655,6181.446313318805,4049.35536075717,6227.382573067395
141.905548893,16.9598417216,2.061656,1403,1646,1,11.959,11.12,,-36.3,-21.3,11.04449,0.7131500000000003,,1403-1646-1,-708.4126267794842,7398.8201879292865,2.0637339817829896,,11.04449,0.7131500000000003,,,6002.266623106458,4348.142827170574,6003.763143913654,4381.691081634431
143.8052131744,16.174314965,2.070566,1403,1046,1,12.016,11.044,,-19.0,-3.0,10.95652,0.8261999999999996,,1403-1046-1,5860.960202731926,4592.860364897609,2.0674785179390742,,10.95652,0.8261999999999996,,,-455.5685531597259,7378.6856982727595,-455.68540717202376,7432.198304616554
141.1220999233,16.7465887111,2.068471,1402,905,1,10.932,10.206,,7.5,-23.2,10.14066,0.6171000000000008,,1402-905-1,-3410.5023785204703,6638.18366429844,2.0721635371310563,,10.14066,0.6171000000000008,,,7226.828203386511,1841.048595563646,7228.599641602528,1855.8976416487933
144.2538724009,15.0444740433,2.079973,1410,644,1,11.6,10.935,,-15.9,3.5,10.87515,0.5652499999999993,,1410-644-1,7453.567644566951,536.8080266718182,2.074890603459622,,10.87515,0.5652499999999993,,,-4545.226402705942,5886.785719981243,-4546.37503507704,5930.793161969483
141.5085698176,12.9144935519,2.075217,826,1204,1,12.131,11.872,,-15.6,-3.5,11.84869,0.2201500000000003,,826-1204-1,-2114.852562047529,-7168.363390291114,2.0751541872749404,,11.84869,0.2201500000000003,,,-3956.2829627165424,-6275.069115634664,-3957.258969522049,-6340.200036481698
141.9855336758,16.98357437,2.079683,1403,772,1,9.428,8.898,,-19.1,-52.2,8.850299999999999,0.4505000000000009,,1403-772-1,-432.2994116635442,7483.319379000567,2.0812495720709747,,8.850299999999999,0.4505000000000009,,,5882.199230249115,4608.91963348566,5883.668978868253,4644.285850004646
139.9745437827,14.631233465,2.078935,825,53,1,10.393,10.003,,2.2,1.4,9.9679,0.3315000000000004,,825-53-1,-7444.459949028843,-952.459491875453,2.083842486804931,,9.9679,0.3315000000000004,,,4228.425660869669,-6136.462699071392,4229.467618342512,-6199.900538053106
143.0530222675,16.7822248105,2.084828,1403,896,1,10.787,10.187,,-26.3,9.4,10.133,0.5100000000000012,,1403-896-1,3248.7474461145275,6766.897516070463,2.0841769530220913,,10.133,0.5100000000000012,,,2903.5605237456716,6871.383512001393,2904.301405001059,6921.726324447271
139.9796987837,14.59591642,2.07909,825,28,1,11.822,11.179,,-25.5,-1.2,11.12113,0.5465499999999991,,825-28-1,-7428.434097264102,-1079.9151195742563,2.084224771598966,,11.12113,0.5465499999999991,,,4122.490066177737,-6208.208320732768,4123.506519252498,-6272.522920529242
142.6362424257,12.87944878,2.092137,826,471,1,10.721,10.676,,16.1,-17.8,10.67195,0.0382499999999999,,826-471-1,1845.856039390748,-7295.574731138115,2.089479637297864,,10.67195,0.0382499999999999,,,-6679.985039251192,-3429.5204542993943,-6681.6078105852075,-3462.4719841904584
144.0145057352,15.9044187675,2.093135,1410,775,1,12.006,11.486,,42.0,-27.9,11.4392,0.4419999999999996,,1410-775-1,6595.397639018187,3626.0663902243823,2.089756684208357,,11.4392,0.4419999999999996,,,-1665.8502703255576,7286.759612643546,-1666.277160691377,7339.6967176335165
141.9772667363,12.8189310667,2.091967,826,957,1,12.387,12.03,,0.6,-8.0,11.99787,0.3034500000000009,,826-957-1,-468.87815184798353,-7515.281339303252,2.090708738901224,,11.99787,0.3034500000000009,,,-5308.05074464922,-5286.148494915174,-5309.350770327511,-5339.484500191359
144.1253009589,14.1490187189,2.097085,827,600,1,11.987,11.166,,-14.5,-11.6,11.09211,0.6978499999999997,,827-600-1,7035.3331163551475,-2693.457557365159,2.0916539604105324,,11.09211,0.6978499999999997,,,-6682.969460731584,3446.6107571484167,-6684.624319525917,3473.6757733294658
140.0193947325,15.461573395,2.088183,1402,1111,1,10.479,9.393,,0.7,-5.4,9.29526,0.9230999999999988,,1402-1111-1,-7260.049224354976,2037.0049892061172,2.093624566645785,,9.29526,0.9230999999999988,,,6341.298316767875,-4038.1103834499704,6342.841774560616,-4077.5068717290446
143.0310828487,13.0109553666,2.098282,827,1118,1,10.339,9.873,,-73.4,-8.7,9.83106,0.3961000000000009,,827-1118-1,3228.2840749371708,-6817.358931418552,2.094369360441778,,9.83106,0.3961000000000009,,,-7239.886766029482,-2091.5827978818943,-7241.642340139146,-2111.1174969172107
140.8509158623,13.2032741589,2.093915,826,1155,1,11.219,9.991,,6.4,6.8,9.88048,1.0437999999999998,,826-1155-1,-4418.104959722694,-6118.797008803926,2.0954930771663896,,9.88048,1.0437999999999998,,,-1642.9380968391788,-7288.060140695938,-1643.3473937833826,-7366.05305529494
142.1072553989,12.80400099,2.103227,826,876,1,11.764,11.263,,-58.8,7.2,11.21791,0.4258499999999995,,826-876-1,-13.846390789696482,-7568.807298198604,2.1015071024593897,,11.21791,0.4258499999999995,,,-5650.061432995231,-4984.821495616686,-5651.442761320172,-5034.7026084292465
142.9158286481,16.8604546225,2.103013,1403,869,1,12.9,11.917,,-16.8,-5.7,11.82853,0.8355500000000005,,1403-869-1,2774.746158349585,7046.369744884098,2.1026705777708345,,11.82853,0.8355500000000005,,,3427.095725515465,6703.471053728746,3427.968727370046,6752.745606719468
141.4706162511,12.8941243258,2.105278,826,1068,1,10.211,9.633,,-38.0,3.9,9.580979999999998,0.491300000000001,,826-1068-1,-2248.9316183441397,-7241.26324212275,2.10528883246882,,9.580979999999998,0.491300000000001,,,-3921.806523842762,-6421.910957032862,-3922.7752925269738,-6488.8689900510335
140.2128552682,13.8753600478,2.10361,825,1256,1,12.329,12.362,,-22.4,-2.0,12.36497,-0.0280499999999995,,825-1256-1,-6637.197026588141,-3682.8271214185843,2.1075195640329745,,12.36497,-0.0280499999999995,,,1651.162230933958,-7330.087591400424,1651.5737722650342,-7408.637125057026
143.9199602703,16.09779283,2.115479,1403,1018,1,11.642,10.717,,-54.3,-67.6,10.63375,0.7862499999999991,,1403-1018-1,6259.45420299265,4318.786522732386,2.1114825987147072,,10.63375,0.7862499999999991,,,-924.954318481202,7494.082154682114,-925.1918700446046,7548.29145912507
141.3552385218,16.8894873,2.10953,1403,7,1,10.581,10.102,,3.2,-11.8,10.05889,0.4071499999999993,,1403-7-1,-2604.572211794662,7150.033813748208,2.1128335702739336,,10.05889,0.4071499999999993,,,7074.6684543100555,2776.355250901172,7076.412344677914,2798.4224613672363
142.5689056597,12.8376405111,2.117903,826,1115,1,10.379,9.239,,-6.4,0.1,9.1364,0.968999999999999,,826-1115-1,1609.0830521840828,-7446.262535611457,2.1151870583160726,,9.1364,0.968999999999999,,,-6635.517103993073,-3703.744052561971,-6637.1303802355515,-3739.582106844348
140.00285637,14.3003215408,2.123213,825,586,1,11.249,9.963,,-14.0,-31.1,9.84726,1.093100000000001,,825-586-1,-7357.403921278905,-2146.3311617541876,2.1279323314625995,,9.84726,1.093100000000001,,,3277.9802891384766,-6854.898772927692,3278.7933113682066,-6927.311479794777
141.3151384588,16.8954456039,2.128589,1402,1348,1,11.578,11.15,,7.2,-10.1,11.11148,0.3637999999999992,,1402-1348-1,-2742.630589530566,7172.093219235503,2.131960780808444,,11.11148,0.3637999999999992,,,7182.787072759248,2688.4195927187966,7184.556652744734,2709.81353593474
139.9067554785,14.78738612,2.128706,825,5,1,12.689,12.452,,8.3,-21.6,12.43067,0.20145,,825-5-1,-7675.176298908321,-388.28368873897836,2.1337329318927725,,12.43067,0.20145,,,4803.381914207503,-5936.896271872537,4804.563765657942,-5997.938184409117
140.6775540734,16.5340879969,2.129748,1402,1687,1,12.243,11.965,,-10.6,-1.7,11.93998,0.2363000000000004,,1402-1687-1,-4949.8226113035225,5882.123555659907,2.1344732269601896,,11.93998,0.2363000000000004,,,7683.115877265671,201.4402688293259,7684.9858482780755,202.76567556549702
143.7689684407,16.3293310378,2.142163,1403,925,1,13.461,11.531,,6.2,-10.6,11.3573,1.6404999999999996,,1403-925-1,5731.999779256885,5150.211626019217,2.1395256726421508,,11.3573,1.6404999999999996,,,46.746801785077835,7650.573968859108,46.75882790041299,7705.732598150379
141.5559102341,12.8347464567,2.139987,826,751,1,10.616,10.089,,-22.7,-15.2,10.04157,0.4479499999999993,,826-751-1,-1949.5136558567615,-7456.504713643938,2.1398777830631843,,10.04157,0.4479499999999993,,,-4281.455760677274,-6341.83669860597,-4282.512686166821,-6407.819530213571
143.1783797878,16.7832751572,2.141245,1403,1211,1,12.152,11.328,,-21.3,-5.8,11.25384,0.7003999999999998,,1403-1211-1,3681.2880856065826,6772.471675476657,2.1402050727137847,,11.25384,0.7003999999999998,,,2620.6689397605314,7196.558383946034,2621.339913670083,7248.91934162361
139.9406899739,15.3654409697,2.139342,1402,1637,1,11.421,10.131,,2.2,-7.3,10.0149,1.0964999999999991,,1402-1637-1,-7536.808800506936,1693.3281194922804,2.1447451130105226,,10.0149,1.0964999999999991,,,6268.0001921514795,-4468.52065965246,6269.528648247618,-4512.633105457074
140.0858130214,14.0285616975,2.1439,825,642,1,11.937,11.2,,8.1,-38.1,11.13367,0.6264500000000001,,825-642-1,-7075.940247463784,-3128.1563061921624,2.1480362794270906,,11.13367,0.6264500000000001,,,2357.066955322185,-7290.515846828415,2357.654220319525,-7368.565588977127
143.6865545461,13.3959895214,2.152563,827,456,1,10.612,9.891,,22.5,-39.7,9.82611,0.61285,,827-456-1,5522.453822472654,-5418.962159983501,2.148186052179933,,9.82611,0.61285,,,-7716.837428012055,528.8517869013057,-7718.717799513602,532.9565124345777
143.6302602101,16.4816664739,2.152573,1403,1060,1,12.324,11.106,,-4.6,-0.2,10.99638,1.0353,,1403-1060-1,5248.249688921094,5695.695714847979,2.1503795383027744,,10.99638,1.0353,,,775.6456575572946,7650.888545502679,775.8452035097478,7706.04559379118
143.2836989603,13.0772007011,2.157716,827,812,1,12.43,12.344,,-3.4,-11.6,12.33626,0.0731000000000002,,827-812-1,4115.73466231388,-6574.963351597085,2.153678067674654,,12.33626,0.0731000000000002,,,-7647.611819041199,-1274.6628293376718,-7649.4670961292595,-1286.494473618803
143.6730969402,16.448270365,2.157057,1403,1061,1,12.157,12.081,,-9.4,-27.0,12.07416,0.0646000000000004,,1403-1061-1,5397.005373120286,5575.757244416584,2.154523996437106,,12.07416,0.0646000000000004,,,587.245889095744,7682.333045200317,587.3970180354205,7737.680569095443
141.753987105,12.7727805975,2.1615,826,524,1,12.571,12.192,,-1.2,-17.1,12.15789,0.3221499999999996,,826-524-1,-1253.5177456529693,-7681.156016323672,2.160854684462908,,12.15789,0.3221499999999996,,,-4911.336274489714,-5974.907221792699,-4912.545090299781,-6036.41990102926
143.6848308929,16.4464737255,2.163716,1403,1015,1,9.594,9.132,46999.0,-28.5,-16.3,9.09042,0.3926999999999997,46999.0,1403-1015-1,5437.096005464224,5569.878042837608,2.1611057563892606,8.9,8.9,0.0,82793.0,G,556.2437547133444,7708.257847958423,556.386945958936,7763.7611987416585
143.6850472728,16.4467056755,2.164027,1403,1015,2,11.3,10.735,46999.0,-28.5,-16.3,10.68415,0.480250000000001,46999.0,1403-1015-2,5437.837920538278,5570.719756024875,2.161416581548866,8.9,8.9,0.0,82793.0,G,556.380726313483,7709.364826902081,556.523954566213,7764.874817935192
144.3219140699,15.2525711049,2.168008,1410,284,1,8.498,8.088,47211.0,-104.5,4.5,8.0511,0.3485000000000001,47211.0,1410-284-1,7680.593271583417,1288.8209442713462,2.1622995694214353,8.04,8.04,0.42,83225.0,F2,-4133.605542425577,6551.499695446754,-4134.656984160327,6599.786667250569
139.9065546199,15.2923403,2.157681,1402,832,1,10.854,9.857,,4.5,-51.2,9.76727,0.8474499999999999,,1402-832-1,-7658.0130687861765,1430.0031919077774,2.1629672951790595,,9.76727,0.8474499999999999,,,6151.54675301711,-4731.040147734902,6153.048761824229,-4778.081646977426
142.8340762176,12.8588494328,2.166961,826,404,1,8.259,7.02,46713.0,11.3,-25.4,6.90849,1.0531500000000007,46713.0,826-404-1,2540.7827693752492,-7368.317814955572,2.163992695134907,6.92,6.92,1.055,82265.0,K0,-7195.573403122071,-2962.842839468763,-7197.319850324073,-2991.0318412680294
140.085009052,13.9915896675,2.160185,825,547,1,11.92,11.729,,-2.0,2.7,11.71181,0.1623500000000006,,825-547-1,-7080.217167966296,-3260.25004803357,2.1641887984496955,,11.71181,0.1623500000000006,,,2261.137834407095,-7380.215553271396,2261.701766259449,-7459.451095205896
144.2868310885,15.4821369111,2.182305,1410,559,1,10.205,9.573,,-56.5,-28.9,9.51612,0.5371999999999997,,1410-559-1,7551.7564982362965,2113.7436338319885,2.1772842310443417,,9.51612,0.5371999999999997,,,-3431.3040967838106,6999.912806852143,-3432.180869848496,7051.033458640383
144.0817870218,13.8582911066,2.182892,827,735,1,12.699,11.164,,-60.3,-73.2,11.02585,1.30475,,827-735-1,6891.3266868314495,-3743.8543615244025,2.177459143105861,,11.02585,1.30475,,,-7372.794679056305,2647.6301344836124,-7374.610694882269,2668.6974507926543
140.16317722,16.00978806,2.172575,1402,1681,1,14.082,12.167,,0.0,0.0,11.99465,1.6277500000000007,,1402-1681-1,-6743.348073015885,4007.4950188773005,2.1779176487526115,,11.99465,1.6277500000000007,,,7471.741082193659,-2360.8243117278707,7473.553290743847,-2383.0150588248925
144.3163130885,15.3822013365,2.186479,1410,294,1,11.565,10.775,,-101.2,-14.1,10.7039,0.6714999999999992,,1410-294-1,7656.563537631999,1755.13381583869,2.1809335652919075,,10.7039,0.6714999999999992,,,-3768.993318341745,6841.243117015897,-3769.954825095825,6891.364199781637
140.0427045909,14.0343886647,2.179697,825,772,1,11.645,11.348,,4.8,-11.3,11.32127,0.252449999999999,,825-772-1,-7226.578248805264,-3105.1426398874887,2.1837898539432032,,11.32127,0.252449999999999,,,2474.2457083924455,-7386.61985882743,2474.8628516488398,-7465.949227370973
142.7889944119,16.9909219811,2.184909,1403,827,1,12.446,12.4,,-18.4,-7.6,12.39586,0.0390999999999994,,1403-827-1,2335.9450895496234,7514.956807665047,2.184951016328144,,12.39586,0.0390999999999994,,,4068.670066481844,6686.489924602411,4069.706409711415,6735.629519296407
143.8667087193,13.5255147817,2.196298,827,1316,1,12.494,11.41,,-9.3,-9.1,11.31244,0.9213999999999996,,827-1316-1,6149.5369842403215,-4947.081661812228,2.1912721552335492,,11.31244,0.9213999999999996,,,-7780.173112657949,1304.682783720532,-7782.075269916229,1315.1907019654886
144.3382475192,15.3453712917,2.199491,1410,639,1,10.393,9.809,,-4.2,-27.8,9.75644,0.4964000000000012,,1410-639-1,7736.723313908371,1622.8919004041059,2.1947880076891826,,9.75644,0.4964000000000012,,,-3921.069066311498,6813.587933020657,-3922.069103168572,6863.529682775604
140.01420007,14.0637852231,2.193398,825,854,1,10.299,9.839,45778.0,-3.9,-17.9,9.7976,0.3909999999999992,45778.0,825-854-1,-7325.500741778658,-2998.523183429699,2.1976534219533668,9.8,9.8,0.416,,F2,2619.6160326812847,-7389.778198119268,2620.2694717694594,-7469.155929198429
139.8851731747,15.3689566,2.19243,1402,1214,1,12.205,11.063,,-1.0,-5.1,10.96022,0.9706999999999996,,1402-1214-1,-7729.739290760897,1708.0074737867837,2.1978646535046225,,10.96022,0.9706999999999996,,,6407.015397696836,-4601.568522207582,6408.578851458207,-4647.179374447481
143.887712012,16.2850612378,2.201145,1403,1201,1,11.91,10.448,,-1.0,-4.0,10.31642,1.2426999999999997,,1403-1201-1,6143.776256807664,4994.315040152408,2.1982677375126864,,10.31642,1.2426999999999997,,,-343.09281073431663,7853.833228135405,-343.1812736212032,7910.2083428593705
140.7634070304,16.6827048844,2.195448,1402,1439,1,12.364,11.258,,2.9,-3.4,11.15846,0.9401000000000014,,1402-1439-1,-4649.655850888902,6415.658289624099,2.199857626252849,,11.15846,0.9401000000000014,,,7882.830736827963,775.2791617513093,7884.75352498256,781.4298888604026
144.3684281241,15.20734272,2.205841,1410,782,1,11.387,11.124,,-38.5,-26.4,11.10033,0.2235499999999999,,1410-782-1,7845.79078576735,1126.7366073961648,2.20066258223062,,11.10033,0.2235499999999999,,,-4364.429724041871,6567.36550048867,-4365.5400982473475,6615.740932584428
139.9341816412,15.5744482714,2.198642,1402,697,1,11.198,9.699,,9.4,-13.9,9.56409,1.2741500000000003,,1402-697-1,-7551.887453900707,2446.360852468784,2.2039795028869693,,9.56409,1.2741500000000003,,,6841.058728756803,-3985.1553622747224,6842.723755815138,-4024.029962423101
140.8194972992,13.0878863239,2.206057,826,666,1,11.576,10.97,,-12.3,-5.0,10.91546,0.5150999999999999,,826-666-1,-4531.212883134389,-6534.42525045431,2.2077309798482974,,10.91546,0.5150999999999999,,,-1878.637948592151,-7643.791259758906,-1879.1079245817082,-7726.548838506936
142.7600486921,12.7893189944,2.211178,826,278,1,12.399,11.409,,-2.8,-0.8,11.3199,0.8414999999999987,,826-278-1,2281.115400277653,-7619.016170494775,2.2081197173679494,,11.3199,0.8414999999999987,,,-7210.689982510145,-3319.790269217836,-7212.441484844516,-3351.6537266458713
141.3413440418,16.9899105611,2.208448,1403,522,1,11.388,10.91,,-25.2,7.6,10.86698,0.4062999999999998,,1403-522-1,-2651.9797537578934,7512.7361533814,2.2119753467306933,,10.86698,0.4062999999999998,,,7377.322816452282,2980.171573638316,7379.143958938989,3003.7369322098048
139.9117121208,15.541110685,2.20964,1402,822,1,12.016,11.796,,-4.2,-6.3,11.7762,0.1870000000000005,,1402-822-1,-7631.458552943215,2327.2544261811795,2.215124992078087,,11.7762,0.1870000000000005,,,6804.809291571759,-4122.248191292569,6806.466377714477,-4162.60594562032
142.2609593986,17.1164153583,2.214248,1403,781,1,9.554,8.448,,-1.4,2.2,8.348460000000001,0.9400999999999998,,1403-781-1,516.7776806425175,7963.7415569332925,2.21569793345817,,8.348460000000001,0.9400999999999998,,,5611.537889003111,5630.7388611729375,5612.9528240418995,5673.006200588679
140.7080883208,16.6655708122,2.213577,1402,1670,1,12.703,12.165,,-14.4,-19.6,12.11658,0.4573000000000002,,1402-1670-1,-4841.463891363792,6354.77938521679,2.2180384006189007,,12.11658,0.4573000000000002,,,7964.607979618074,592.9483864506259,7966.549364080997,597.5657920420532
139.8299276722,14.6361096911,2.217004,825,84,1,13.0,12.325,,12.3,-15.2,12.26425,0.5737500000000005,,825-84-1,-7948.418219564854,-930.4347398187092,2.2218552807331626,,12.26425,0.5737500000000005,,,4579.346594324082,-6494.2730142806795,4580.4787095032625,-6562.185290736774
141.5317416702,12.7557179689,2.22239,826,1055,1,11.873,11.033,,6.3,-24.8,10.9574,0.7139999999999999,,826-1055-1,-2034.370933478992,-7741.471442965706,2.222305520001779,,10.9574,0.7139999999999999,,,-4438.208028677583,-6591.325138249731,-4439.306218865285,-6660.450847531461
140.3378150059,13.493399798,2.221648,825,1336,1,11.185,10.562,,72.5,-24.7,10.50593,0.529550000000001,,825-1336-1,-6208.36563519318,-5063.087425418554,2.2242038228421372,,10.50593,0.529550000000001,,,334.5390365478707,-7917.6998768678795,334.62300684096147,-8004.166763690841
142.6688613301,17.0665144561,2.226183,1403,548,1,12.03,11.17,,0.9,-2.9,11.0926,0.7309999999999995,,1403-548-1,1921.8363320507094,7786.283722998039,2.2266434943950433,,11.0926,0.7309999999999995,,,4546.36732342878,6557.7297559450935,4547.523906072567,6606.034773289808
143.6884844035,13.2874320644,2.231575,827,1126,1,9.272,8.747,,-87.3,-184.9,8.69975,0.4462500000000003,,827-1126-1,5529.091827815654,-5814.036023262366,2.227580548892909,,8.69975,0.4462500000000003,,,-8016.644153386406,273.753987301763,-8018.595999486311,275.66196188565056
142.1119245203,12.6749905232,2.23193,826,1060,1,8.492,7.756,46453.0,-110.5,-126.6,7.689760000000001,0.6256000000000005,46453.0,826-1060-1,1.1912405124190455,-8037.46334923713,2.2314997491379205,7.69,7.69,0.669,81856.0,G0,-6010.455891322223,-5281.2183534676615,-6011.928197604204,-5334.560699461068
141.3765895381,17.0230742867,2.228914,1403,783,1,12.514,12.1,,4.3,-13.2,12.06274,0.3518999999999997,,1403-783-1,-2529.355957891443,7631.273917533974,2.2320718981702057,,12.06274,0.3518999999999997,,,7384.571611040818,3149.314016771929,7386.396677613888,3174.134100363555
139.80060972,14.91706361,2.227267,825,1357,1,13.774,11.871,,0.0,0.0,11.69973,1.617549999999999,,825-1357-1,-8040.531423684316,83.18506899334326,2.232470019477241,,11.69973,1.617549999999999,,,5398.373505602883,-5897.596988526312,5399.701544509896,-5958.211859373356
144.3567486145,15.4630754883,2.242702,1410,607,1,11.366,10.812,,-36.7,-8.3,10.76214,0.4709000000000002,,1410-607-1,7795.87583670247,2048.1273348785803,2.2378692002777223,,10.76214,0.4709000000000002,,,-3642.374533648407,7138.085928974906,-3643.3066237773783,7190.050242265132
139.8873246037,14.2872289928,2.234282,825,545,1,12.229,11.409,,0.3,-6.7,11.3352,0.6969999999999987,,825-545-1,-7761.046982855832,-2189.0912370290307,2.2388232550846876,,11.3352,0.6969999999999987,,,3513.886381864101,-7180.913920161441,3514.7609611178964,-7257.577150835905
140.4407177793,16.4682848244,2.237301,1402,871,1,11.152,9.95,,-12.1,-3.2,9.841819999999998,1.0216999999999998,,1402-871-1,-5769.861866831858,5651.18851640346,2.2422818243015183,,9.841819999999998,1.0216999999999998,,,8054.676065439107,-558.4713993691149,8056.632645810303,-563.8333270740313
140.0285571184,15.9073790789,2.238167,1402,1109,1,12.292,11.359,,3.9,-0.4,11.27503,0.7930499999999998,,1402-1109-1,-7213.123465573926,3642.975151317467,2.243538030020158,,11.27503,0.7930499999999998,,,7510.957052954169,-2948.2565343008605,7512.780201739436,-2976.3319242118446
139.7878474511,14.9303991869,2.239553,825,311,1,12.351,11.297,,-32.5,25.7,11.20214,0.8959000000000003,,825-311-1,-8085.350267774404,132.38352254976155,2.2450819256432872,,11.20214,0.8959000000000003,,,5464.903901296573,-5898.441348931673,5466.248341218996,-5959.072362521222
141.6750844496,17.112872185,2.24425,1403,628,1,10.675,9.67,,-4.4,-58.2,9.57955,0.8542500000000006,,1403-628-1,-1500.6400435261482,7950.774835871685,2.2463904830812536,,9.57955,0.8542500000000006,,,6940.735312283082,4123.695195071661,6942.463075018923,4155.592314335879
142.2827862266,12.6644900183,2.249323,826,1242,1,12.765,12.194,,-14.5,0.6,12.14261,0.4853499999999998,,826-1242-1,604.3631517925364,-8071.7189304872645,2.247267155252329,,12.14261,0.4853499999999998,,,-6436.374090373395,-4857.689089188634,-6437.946881180658,-4906.194173402131
141.8664131176,12.66784788,2.25137,826,1162,1,12.195,11.303,,-10.7,3.0,11.22272,0.7581999999999995,,826-1162-1,-859.162086513623,-8059.374727493037,2.2502424389980775,,11.22272,0.7581999999999995,,,-5455.850757627376,-5931.5240237259295,-5457.193320496913,-5992.555510946951
140.1650329463,16.15170595,2.245899,1402,1027,1,10.388,9.136,,-4.8,-10.7,9.02332,1.0642000000000005,,1402-1027-1,-6732.58164822228,4518.527913805439,2.251150260960319,,9.02332,1.0642000000000005,,,7846.699525132633,-2016.8490934792612,7848.6026179437395,-2035.7276594443786
139.9079106881,14.1716744725,2.250612,825,528,1,11.624,11.015,,-55.6,-26.1,10.96019,0.5176499999999999,,825-528-1,-7694.728403837116,-2606.609430890517,2.2555671082306747,,10.96019,0.5176499999999999,,,3157.6916816908383,-7405.522289192896,3158.479546708204,-7485.136263759824
141.2564113586,12.8069648733,2.256213,826,652,1,12.346,11.457,,4.4,-4.1,11.37699,0.7556499999999994,,826-652-1,-3001.2862298872165,-7553.494206633138,2.2565865160269722,,11.37699,0.7556499999999994,,,-3655.9495312046124,-7182.125622698028,-3656.85950551506,-7258.813423713047
140.0340086894,13.871289545,2.258058,825,1266,1,12.541,12.076,,-1.0,-35.3,12.03415,0.3952499999999999,,825-1266-1,-7262.6052113759715,-3693.1798644137975,2.2620738962759983,,12.03415,0.3952499999999999,,,2058.475329255867,-7798.380247792783,2058.991287859499,-7883.245958597145
139.8084657859,14.5068932486,2.257549,825,306,1,12.188,11.698,,12.8,-17.9,11.6539,0.4165000000000001,,825-306-1,-8028.068167292884,-1395.2837891609324,2.2622727367734576,,11.6539,0.4165000000000001,,,4284.6333252110835,-6857.81776168934,4285.696267309988,-6930.332088389648
139.89662601,14.1662071692,2.262849,825,992,1,12.382,11.174,,-15.6,-7.5,11.06528,1.0268000000000002,,825-992-1,-7733.296583089553,-2625.4508464760493,2.267375399631929,,11.06528,1.0268000000000002,,,3169.199568611978,-7446.329378485791,3169.990680500126,-7526.488376050948
140.5133446714,13.2481260956,2.266539,826,824,1,11.516,10.748,,-19.0,4.3,10.67888,0.6528000000000006,,826-824-1,-5601.9636255952655,-5950.445722505012,2.268952832021979,,10.67888,0.6528000000000006,,,-731.3828684006667,-8051.373841573612,-731.5667695568741,-8139.693533582881
139.8680357172,15.5912676892,2.264447,1402,1095,1,13.159,12.051,,0.3,-3.9,11.95128,0.9418000000000004,,1402-1095-1,-7781.215676890705,2509.5981972730992,2.2698960530776904,,11.95128,0.9418000000000004,,,7040.5370685041735,-4113.27836987994,7042.251633991759,-4153.563824667724
140.9026575348,12.9605777033,2.269771,826,521,1,12.499,12.44,,-22.5,-16.4,12.43469,0.0501500000000008,,826-521-1,-4242.078619471765,-6995.0614997219745,2.2712646559271947,,12.43469,0.0501500000000008,,,-2414.942199003717,-7732.113277606997,-2415.5470328267875,-7816.089107147827
140.0063455992,15.9374438992,2.270655,1402,271,1,9.848,8.737,45777.0,-14.9,-2.3,8.63701,0.9443500000000006,45777.0,1402-271-1,-7289.603223233528,3752.0285841380073,2.276173622423833,8.64,8.64,1.0,80410.0,G5,7643.253868332213,-2933.200901579732,7645.109168198592,-2961.1382025654016
139.77072279,15.1875225308,2.272076,1402,1365,1,12.668,12.091,,5.9,-23.1,12.03907,0.4904499999999999,,1402-1365-1,-8134.277182297195,1058.0381671140487,2.2773552014408964,,12.03907,0.4904499999999999,,,6189.498166976833,-5327.2952880400335,6191.014876204012,-5381.193626337101
139.74891056,14.91491889,2.277227,825,82,1,13.267,11.838,,0.0,0.0,11.70939,1.2146500000000002,,825-82-1,-8220.722402964777,77.34387230409857,2.28242697383756,,11.70939,1.2146500000000002,,,5513.589928606038,-6034.560615807597,5514.947857351138,-6096.852387247735
144.4116750215,15.4585040061,2.292956,1410,770,1,9.174,8.702,47233.0,-9.5,-14.2,8.65952,0.4011999999999996,47233.0,1410-770-1,7987.625692177394,2033.528569187021,2.288342169030365,8.65,8.65,0.45,83289.0,F8,-3780.5439862861713,7270.993571874357,-3781.5128232753827,7323.76702301733
141.4191666462,17.095657798,2.285832,1403,260,1,9.883,9.212,,-44.3,-67.1,9.15161,0.5703499999999995,,1403-260-1,-2383.160747441529,7890.9940254226285,2.28850769451733,,9.15161,0.5703499999999995,,,7481.738161591743,3429.015627832817,7483.590998101602,3455.8801528028616
139.74069083,14.83253,2.286814,825,106,1,12.497,12.18,,0.0,0.0,12.15147,0.2694500000000001,,825-106-1,-8252.512561789412,-219.17928014868448,2.2919496759348,,12.15147,0.2694500000000001,,,5312.973359408091,-6252.511433385781,5314.284228203721,-6317.466761385038
139.8868274376,15.7145058736,2.287044,1402,1740,1,12.845,11.638,,-42.0,-40.3,11.52937,1.0259500000000006,,1402-1740-1,-7712.668556549436,2951.9876932541724,2.2927471356282316,,11.52937,1.0259500000000006,,,7325.825176261831,-3771.9909860841517,7327.607113953082,-3808.6298832855136
143.4170795357,12.9891141311,2.302008,827,942,1,10.73,9.683,,-5.3,-1.6,9.58877,0.8899500000000005,,827-942-1,4585.706969348524,-6889.904068856693,2.2977789270640603,,9.58877,0.8899500000000005,,,-8194.997618319016,-1133.4822538714475,-8196.986412370547,-1144.0717819222934
143.7797315116,13.2685995717,2.306902,827,337,1,11.927,11.489,,4.1,0.3,11.44958,0.372299999999999,,827-337-1,5852.059267628139,-5874.86338921092,2.3021498083660794,,11.44958,0.372299999999999,,,-8276.464611903584,473.25345126397707,-8278.48132821162,476.82744486071965
144.4732506521,15.2191137356,2.307579,1410,53,1,10.711,9.519,,-6.9,9.2,9.41172,1.0132,,1410-53-1,8210.848747190512,1173.9658613153097,2.302745304122686,,9.41172,1.0132,,,-4571.384931331093,6869.856129253574,-4572.551624420448,6920.115940848398
139.7713388511,15.366657055,2.299462,1402,1350,1,11.937,10.819,,-24.9,-7.0,10.718380000000002,0.9502999999999988,,1402-1350-1,-8126.178590765671,1703.8425224327955,2.305111762358933,,10.718380000000002,0.9502999999999988,,,6666.99974373121,-4897.455109722832,6668.629382098146,-4946.4371010343275
143.3668667746,16.869113866,2.30657,1403,1183,1,13.39,12.442,,161.1,-51.5,12.35668,0.8058000000000003,,1403-1183-1,4334.638569815017,7084.523720560567,2.305808244962897,,12.35668,0.8058000000000003,,,2420.3871413642582,7888.1543119234975,2421.011513999996,7944.7008204961885
142.8079446583,12.70124725,2.309006,826,332,1,11.865,10.449,,-6.3,-6.3,10.32156,1.2036000000000002,,826-332-1,2450.306575110594,-7936.243478245168,2.3059484004518533,,10.32156,1.2036000000000002,,,-7560.168515562786,-3402.930986310893,-7562.005538447243,-3435.700087975056
139.7245507149,14.89470174,2.300763,825,1405,1,12.024,11.076,,-55.7,-111.2,10.99068,0.8057999999999989,,825-1405-1,-8307.887444998812,2.462974785125201,2.3064998753353145,,10.99068,0.8057999999999989,,,5515.447659079788,-6148.06600193696,5516.807336922442,-6211.749888098591
140.0978410592,16.1577480933,2.303301,1402,1503,1,12.473,11.92,,-1.4,8.4,11.87023,0.4700500000000007,,1402-1503-1,-6964.932452751621,4543.034281668535,2.3086426992741886,,11.87023,0.4700500000000007,,,8019.2252895662505,-2172.8206766476155,8021.170449396412,-2193.232586284966
143.1176226994,17.0107236,2.317696,1403,817,1,12.861,11.729,,-11.5,-6.0,11.62712,0.9622000000000012,,1403-817-1,3468.2167011612173,7591.271094226463,2.3170728233791533,,11.62712,0.9622000000000012,,,3374.285792773398,7578.445060720595,3375.153353162523,7633.1031536910905
142.2038495608,12.5840033933,2.325153,826,1097,1,10.688,9.941,,-36.0,-8.8,9.87377,0.6349499999999999,,826-1097-1,326.43808585358414,-8362.322507457313,2.3233622678440478,,9.87377,0.6349499999999999,,,-6469.208720805218,-5253.891113940932,-6470.793350724816,-5306.960802082021
139.7664993591,14.401399175,2.318685,825,331,1,12.053,10.646,,-16.0,-9.4,10.51937,1.19595,,825-331-1,-8179.303264799409,-1773.6510040594899,2.3235584401417326,,10.51937,1.19595,,,4102.091058364288,-7217.426667710124,4103.112569359825,-7294.608078911582
143.221865642,16.969698895,2.325106,1403,1163,1,13.12,11.432,,-10.3,-5.4,11.28008,1.434799999999999,,1403-1163-1,3828.206602541806,7445.32796599253,2.3242414952473793,,11.28008,1.434799999999999,,,3026.254940174696,7749.754641213318,3027.0344530077923,7805.4555749962465
142.2187342581,12.5839781789,2.325721,826,1078,1,9.478,7.886,46486.0,27.2,-47.0,7.74272,1.3531999999999995,46486.0,826-1078-1,380.46410414614456,-8363.40977946509,2.3242961806058657,7.72,7.72,1.316,81900.0,G5,-6505.876986263645,-5214.660076022023,-6507.470214464467,-5267.277046221523
141.9454439022,12.5834192703,2.328984,826,1036,1,11.971,11.308,,32.5,-2.3,11.24833,0.5635500000000002,,826-1036-1,-580.4226001905862,-8364.149089222283,2.3276807646196453,,11.24833,0.5635500000000002,,,-5868.720346847007,-5925.409714380035,-5870.1646113790575,-5986.405249969505
142.6702742641,17.1721274583,2.329055,1403,55,1,11.308,10.814,,-17.1,-2.2,10.76954,0.4198999999999998,,1403-55-1,1925.2516901432157,8167.097088839954,2.3295354078053876,,10.76954,0.4198999999999998,,,4828.8314673121,6811.499854059891,4830.063172357407,6861.381688841921
142.9928421007,12.7369221905,2.335045,827,1289,1,11.983,11.072,,-37.0,-20.6,10.99001,0.7743500000000011,,827-1289-1,3098.9308122494585,-7806.00466211504,2.3316663365476256,,10.99001,0.7743500000000011,,,-7893.256974545679,-2837.1527345082213,-7895.172819733995,-2864.14509244909
144.4567057058,14.3579113672,2.34029,827,308,1,12.293,11.155,,7.1,-10.3,11.05258,0.9673,,827-308-1,8186.4352960711285,-1929.9153436810714,2.335051909053378,,11.05258,0.9673,,,-6875.98535792412,4804.797853257411,-6877.706731413442,4841.430182002433
143.8415269416,16.5420743044,2.337786,1403,1024,1,11.984,11.178,,3.3,-36.4,11.10546,0.6850999999999993,,1403-1024-1,5976.874428491745,5918.3358864229485,2.3351744191562878,,11.10546,0.6850999999999993,,,458.55891653147575,8339.529601370376,458.67780057356623,8398.770283424936
140.4576444994,13.208162035,2.332702,826,932,1,10.391,9.823,,-19.4,-9.4,9.77188,0.4827999999999997,,826-932-1,-5798.448973923882,-6093.585808527156,2.335241526308968,,9.77188,0.4827999999999997,,,-708.0097324068221,-8290.001439900603,-708.1883312325855,-8381.662591430706
140.3566350303,13.3029109331,2.334579,825,1043,1,12.537,12.016,,-18.5,2.3,11.96911,0.4428500000000007,,825-1043-1,-6150.20281114479,-5749.344472466144,2.337320225145516,,11.96911,0.4428500000000007,,,-217.17668834853174,-8324.081728243851,-217.23149743444853,-8416.220467514695
140.1753692204,13.5088628533,2.335823,825,906,1,11.958,10.729,,-1.6,-0.8,10.61839,1.0446500000000007,,825-906-1,-6779.22651178803,-5002.406336447228,2.3389999253233564,,10.61839,1.0446500000000007,,,758.7648313283354,-8299.036958789702,758.9562576872637,-8390.826339042966
140.9935068745,12.8316158275,2.339502,826,620,1,11.933,11.343,,2.3,-14.1,11.2899,0.5014999999999998,,826-620-1,-3924.6972081336908,-7461.362670687391,2.3405332764432414,,11.2899,0.5014999999999998,,,-2974.228349174073,-7803.2913660792765,-2974.973979960328,-7888.264124483835
144.2741483886,13.8481265675,2.352571,827,554,1,11.933,11.851,,-5.7,-6.3,11.84362,0.0696999999999991,,827-554-1,7566.365849453967,-3772.8406026615785,2.347250981504963,,11.84362,0.0696999999999991,,,-7842.4573740575315,3129.6806317203177,-7844.39561408352,3154.3106743981266
142.2791873936,17.2472462225,2.345988,1403,1526,1,13.606,11.507,,-8.6,-2.7,11.31809,1.78415,,1403-1526-1,578.9773291330133,8435.389130151896,2.3473622689187055,,11.31809,1.78415,,,5922.905062739103,5988.037571188233,5924.403720292905,6032.615111518112
144.4933400972,14.4466771239,2.355391,827,1288,1,11.634,11.211,,-7.1,-5.0,11.17293,0.35955,,827-1288-1,8310.592574197208,-1608.6338709645966,2.3500279732782268,,11.17293,0.35955,,,-6718.1557038646515,5108.851055867518,-6719.842007280568,5147.560127118793
144.4952242205,14.4416241828,2.358242,827,449,1,12.6,11.778,,-24.1,9.8,11.70402,0.6986999999999993,,827-449-1,8316.909264457181,-1626.381867880818,2.3526873466875546,,11.70402,0.6986999999999993,,,-6735.618129358025,5101.842401690305,-6737.308717564308,5140.502790351955
139.6785054793,14.8153840047,2.347534,825,223,1,11.594,11.189,,-22.5,10.3,11.15255,0.3442499999999994,,825-223-1,-8470.527586506394,-278.3536185714994,2.3528709263804837,,11.15255,0.3442499999999994,,,5413.413602908411,-6452.344202545535,5414.751689217085,-6519.799266454477
142.804112398,12.6505526417,2.356453,826,410,1,10.172,9.743,,-27.7,-3.1,9.70439,0.3646500000000002,,826-410-1,2436.8361657865166,-8118.9821218847665,2.3533407926538397,,9.70439,0.3646500000000002,,,-7687.863127419196,-3532.933451077243,-7689.73195385522,-3567.080553089386
140.1885737555,13.46502339,2.352264,825,546,1,11.747,11.341,,-35.6,-12.0,11.30446,0.3451000000000004,,825-546-1,-6735.20992344913,-5161.059488201154,2.355687604678395,,11.30446,0.3451000000000004,,,610.927674907097,-8370.42611444872,611.0819565744736,-8463.224361673847
141.2067299118,17.0960624117,2.353207,1402,1476,1,11.818,11.428,,2.6,-22.1,11.3929,0.3314999999999989,,1402-1476-1,-3113.5563521764493,7896.613640431679,2.356523316833868,,11.3929,0.3314999999999989,,,7970.680333059773,2890.518274110223,7972.6471240241835,2913.35510712621
139.6754053068,14.7561709492,2.353882,825,318,1,13.423,12.151,,-32.3,-5.7,12.03652,1.0812000000000002,,825-318-1,-8483.928770063378,-491.9993438659129,2.359272003828072,,12.03652,1.0812000000000002,,,5262.56164937413,-6602.3132292328455,5263.86422686245,-6671.644784536307
143.4437648471,12.9253396061,2.369562,827,1407,1,12.072,10.904,,4.7,-15.7,10.79888,0.9927999999999992,,827-1407-1,4681.05987640429,-7119.696615750604,2.365517344564461,,10.79888,0.9927999999999992,,,-8430.097532396157,-1213.9400814444614,-8432.14336656669,-1225.2998459470214
142.142737973,12.5400172633,2.367447,826,633,1,12.322,12.003,,4.8,-9.3,11.97429,0.2711499999999991,,826-633-1,112.65193285039771,-8521.00322362015,2.3658067301915016,,11.97429,0.2711499999999991,,,-6445.971190259123,-5516.039171134289,-6447.552923255236,-5572.185181483391
140.9886454546,12.8031237067,2.367031,826,1008,1,10.525,10.202,,-3.9,2.2,10.17293,0.2745500000000003,,826-1008-1,-3942.4551377863672,-7563.577433137015,2.3679285683020326,,10.17293,0.2745500000000003,,,-3038.8686304693406,-7883.324387912977,-3039.6312464260004,-7969.397592432494
142.1380927481,12.5334301794,2.373961,826,903,1,10.842,10.236,,-17.7,-13.1,10.18146,0.5150999999999999,,826-903-1,95.71782292754159,-8544.860367119341,2.3723645632553696,,10.18146,0.5150999999999999,,,-6452.5705181607045,-5544.20650381936,-6454.154190555431,-5600.6869471279115
144.2557096233,13.76058474,2.377908,827,1249,1,12.383,11.534,,7.7,-16.9,11.45759,0.7216499999999987,,827-1249-1,7505.223168271218,-4089.1696512322646,2.3727844774819777,,11.45759,0.7216499999999987,,,-8038.403646637238,2875.876082898582,-8040.386998042056,2898.596240222273
141.9587256181,17.2737863155,2.370786,1403,597,1,12.492,12.247,,-20.5,-6.8,12.22495,0.2082500000000008,,1403-597-1,-524.011821712302,8530.906401723458,2.372805066486682,,12.22495,0.2082500000000008,,,6726.339265117005,5231.574107991958,6728.029492842716,5271.107243046533
144.3362137774,13.8963285844,2.385532,827,1250,1,13.342,11.897,,-61.3,32.8,11.76695,1.2282500000000005,,827-1250-1,7780.40102087204,-3596.110450839295,2.3795389995728864,,11.76695,1.2282500000000005,,,-7852.357852599891,3405.04959765589,-7854.302355559338,3431.7029194960905
144.5053005264,14.3472463136,2.388682,827,839,1,7.142,6.666,47266.0,-70.3,-87.7,6.62316,0.4045999999999999,47266.0,827-839-1,8354.553006770959,-1968.6793043259213,2.3828948353169395,6.63,6.63,0.438,83343.0,F2,-7016.540129938577,4904.133661722642,-7018.29827836443,4941.431313104441
144.5608476371,15.245541075,2.39487,1410,740,1,11.62,11.153,,-9.8,-3.3,11.11097,0.3969499999999989,,1410-740-1,8514.495148196487,1272.2167398655995,2.3900062588872197,,11.11097,0.3969499999999989,,,-4699.435130129389,7160.3814486448355,-4700.638198899203,7212.43118406718
140.356205569,16.5983048353,2.386242,1402,844,1,7.302,7.011,45894.0,-23.4,-44.3,6.98481,0.2473499999999995,45894.0,1402-844-1,-6058.583076822354,6121.193234174243,2.390976742754045,6.98,6.98,0.28,80652.0,A5,8597.714777941024,-463.1877253083052,8599.804142297771,-467.76513655992835
141.7895924799,12.534207915,2.392797,826,942,1,10.586,10.124,,-21.7,18.5,10.08242,0.3926999999999997,,826-942-1,-1130.1774800543822,-8540.552012618095,2.3916671695079366,,10.08242,0.3926999999999997,,,-5635.761664064714,-6447.250039637328,-5637.154734233042,-6514.661642707934
142.811257201,17.2012575389,2.392255,1403,711,1,13.164,11.713,,2.3,-28.4,11.58241,1.2333500000000004,,1403-711-1,2410.7911904031384,8273.024696212573,2.3922548693468864,,11.58241,1.2333500000000004,,,4585.798175343518,7242.270627342133,4586.973154839747,7294.828926345683
139.9720531865,16.1229396383,2.388412,1402,634,1,10.726,9.831,,69.5,-36.3,9.75045,0.7607500000000011,,1402-634-1,-7399.815683509441,4420.751106512249,2.3929862058814786,,9.75045,0.7607500000000011,,,8216.40772216702,-2575.2501154851425,8218.401515578214,-2599.651712130899
140.0848387042,13.5373045169,2.390153,825,968,1,11.891,11.637,,-10.2,-7.9,11.61414,0.2158999999999996,,825-968-1,-7095.858510232993,-4897.524125994988,2.3935754472479727,,11.61414,0.2158999999999996,,,1047.3193056842952,-8463.874147109473,1047.5841477937329,-8558.008998315054
140.5340224587,13.0588527083,2.396128,826,1013,1,12.241,11.414,,8.5,-15.0,11.33957,0.70295,,826-1013-1,-5533.49489220004,-6633.672994283296,2.3982059502300013,,11.33957,0.70295,,,-1287.6710803748185,-8448.113440940864,-1287.9966334416056,-8542.028318223453
140.7067582613,12.9315397575,2.397124,826,901,1,11.367,11.396,,-7.2,-3.9,11.39861,-0.0246499999999999,,826-901-1,-4930.325547229818,-7095.896335697006,2.3987623515113397,,11.39861,-0.0246499999999999,,,-2033.5732248513339,-8305.84165432778,-2034.0863662528589,-8397.758478501873
139.6296694268,15.0103853669,2.394167,1402,1481,1,12.082,11.733,,14.5,-32.5,11.70159,0.2966500000000001,,1402-1481-1,-8631.982316056412,424.9482342608348,2.3992732750134684,,11.70159,0.2966500000000001,,,6046.43101623436,-6110.410256663928,6047.9213554660955,-6173.681801373813
139.64560583,14.62127444,2.395775,825,36,1,12.831,11.706,,0.0,0.0,11.60475,0.95625,,825-36-1,-8592.34409952528,-976.7621260842279,2.4007285464870503,,11.60475,0.95625,,,4972.048118258404,-7000.116902115404,4973.28362249212,-7074.524110203613
140.2735930922,13.2956554211,2.398561,825,736,1,11.755,11.122,,-27.3,-21.4,11.06503,0.5380500000000007,,825-736-1,-6441.959937270177,-5774.024640209201,2.4016224714581074,,11.06503,0.5380500000000007,,,-42.0038701057087,-8555.37028786662,-42.01450558641818,-8650.805925488032
142.5759405917,12.5449101725,2.406123,826,675,1,12.354,11.686,,-11.7,10.5,11.62588,0.5677999999999993,,826-675-1,1635.8684583607608,-8501.356069730882,2.4033993621409495,,11.62588,0.5677999999999993,,,-7442.19018536474,-4376.72371739981,-7444.004911000681,-4419.944742008363
140.0793603206,13.5271023933,2.400394,825,522,1,12.091,10.666,,-7.0,-12.0,10.53775,1.211249999999999,,825-522-1,-7115.309569567926,-4934.244199497711,2.4038041076671246,,10.53775,1.211249999999999,,,1032.7723268065624,-8502.248626387844,1033.033633902461,-8596.931871446344
139.9648912639,13.6998111275,2.399899,825,584,1,11.941,11.296,,-29.9,-45.9,11.23795,0.5482500000000011,,825-584-1,-7511.208625280868,-4309.264335980143,2.4040221501606767,,11.23795,0.5482500000000011,,,1762.811272868467,-8385.113975797673,1763.2565722924905,-8478.144867252026
142.9007612722,12.6265356361,2.407894,826,390,1,12.682,11.644,,-22.0,-13.9,11.55058,0.8823000000000002,,826-390-1,2777.1087488626813,-8204.896723807275,2.404736901279588,,11.55058,0.8823000000000002,,,-7977.928816772822,-3337.4900675429876,-7979.867321315571,-3369.62620858048
143.6384006026,13.0112322078,2.409898,827,1474,1,11.825,11.211,,-3.9,2.8,11.15574,0.5218999999999991,,827-1474-1,5362.443197270595,-6805.691906352592,2.4053862659376586,,11.15574,0.5218999999999991,,,-8647.51890463884,-502.325282907282,-8649.620225162691,-507.25666935237643
141.2718652748,17.1719550833,2.402333,1402,1699,1,13.772,12.032,,22.4,-26.4,11.8754,1.479,,1402-1699-1,-2887.662711681354,8169.149529658975,2.405392036151965,,11.8754,1.479,,,8024.535735809901,3237.804670896275,8026.52060068007,3263.214216263161
142.4205581346,12.5181671111,2.408522,826,1221,1,11.832,10.904,,-2.9,-20.6,10.82048,0.7888000000000007,,826-1221-1,1089.7178578620906,-8599.443279796098,2.4064208618132037,,10.82048,0.7888000000000007,,,-7153.0678808322755,-4845.078817339476,-7154.816108044264,-4893.517772752342
143.6590340664,13.0164309033,2.418235,827,836,1,12.251,10.633,,-19.6,-8.0,10.48738,1.3753000000000002,,827-836-1,5434.357784815672,-6786.799288435472,2.4136870238125328,,10.48738,1.3753000000000002,,,-8681.119339881061,-436.5797063971432,-8683.229172163716,-440.9311267987408
139.6811054486,14.3408612656,2.413218,825,969,1,12.202,11.102,,3.5,-14.2,11.003,0.9349999999999996,,825-969-1,-8479.388993133583,-1988.828664586427,2.417870651369561,,11.003,0.9349999999999996,,,4140.35176913573,-7579.867337187361,4141.38713219851,-7661.878997688465
143.3594313916,12.8110790715,2.423991,827,906,1,10.919,10.007,,-117.2,-66.1,9.92492,0.7752000000000007,,827-906-1,4383.904020098795,-7534.5042367131,2.419969241077638,,9.92492,0.7752000000000007,,,-8543.04236438417,-1706.9053567168792,-8545.114944948253,-1722.8984671500098
140.9225218611,12.7771275544,2.41999,826,492,1,12.16,10.665,,-7.5,1.1,10.530449999999998,1.2707500000000007,,826-492-1,-4175.419668863776,-7656.298433635012,2.421013412966966,,10.530449999999998,1.2707500000000007,,,-2953.5857115944928,-8115.890112758552,-2954.329170648527,-8205.179721826398
144.6159463695,14.9952149558,2.427077,827,1505,1,10.782,10.501,,-11.6,-7.9,10.47571,0.2388500000000004,,827-1505-1,8716.322969585945,372.3199381594489,2.421965068538921,,10.47571,0.2388500000000004,,,-5506.236517849726,6716.756197144346,-5507.639815868219,6766.004131327864
140.9144931539,17.0380118633,2.418962,1402,1258,1,12.571,11.7,,-18.6,-29.1,11.62161,0.7403500000000004,,1402-1258-1,-4121.85964153295,7692.497905979534,2.4227808376184794,,11.62161,0.7403500000000004,,,8487.242575217131,2007.7320902133188,8489.325770502359,2023.7586072165293
140.7022560816,16.91989068,2.423144,1402,1730,1,12.211,11.345,,-17.5,-6.4,11.26706,0.7360999999999996,,1402-1730-1,-4855.884601300874,7272.045726180915,2.427510445787594,,11.26706,0.7360999999999996,,,8660.019620995261,1186.2349541924393,8662.136365606697,1195.6830217296538
140.8409202015,17.0049907186,2.424651,1402,674,1,12.708,11.748,,1.9,-16.1,11.6616,0.8160000000000007,,1402-674-1,-4375.509388392915,7575.36749119262,2.428604357872774,,11.6616,0.8160000000000007,,,8568.003604572315,1742.374304819958,8570.103610933824,1756.302688146728
139.8612708007,16.0016010797,2.424143,1402,1216,1,12.94,11.621,,0.1,-20.9,11.50229,1.1211499999999992,,1402-1216-1,-7789.790239022951,3987.954659515163,2.4294495178021616,,11.50229,1.1211499999999992,,,8151.611505644465,-3148.4098919662833,8153.59144742377,-3178.609891576539
140.007690473,13.5836966139,2.425931,825,1096,1,12.395,11.892,,-41.1,-30.2,11.84673,0.4275500000000001,,825-1096-1,-7365.526371233197,-4728.626647425847,2.429865725851229,,11.84673,0.4275500000000001,,,1352.570067150264,-8552.16703260988,1352.912542161428,-8647.572858862914
142.9202291873,12.60581272,2.433628,826,372,1,11.964,11.604,,-29.9,-14.8,11.571599999999998,0.306000000000001,,826-372-1,2845.6278458241063,-8279.437269016833,2.4304325644310083,,11.571599999999998,0.306000000000001,,,-8079.136815350775,-3335.7329765727795,-8081.099980458452,-3367.8631852179687
141.6844283026,12.5078944261,2.433823,826,514,1,10.453,9.002,,8.8,-48.7,8.871410000000001,1.2333499999999988,,826-514-1,-1499.454535104011,-8636.718909366551,2.433512214226697,,8.871410000000001,1.2333499999999988,,,-5462.58788713042,-6783.027198782648,-5463.942444782946,-6854.677992608619
142.2609061347,17.342973225,2.440298,1403,37,1,12.45,11.565,,-14.7,16.2,11.48535,0.7522499999999998,,1403-37-1,515.6633934749743,8781.049869486003,2.4419031819749115,,11.48535,0.7522499999999998,,,6223.371540832192,6168.998191607385,6224.949121487789,6214.720748405586
140.4580816979,13.0614506978,2.441711,826,907,1,13.026,12.383,,-4.1,-4.4,12.32513,0.5465500000000005,,826-907-1,-5800.408403032948,-6622.3236870668115,2.443906576936696,,12.32513,0.5465500000000005,,,-1102.045935346699,-8637.48690762578,-1102.3253210805633,-8734.116300162637
141.5151687804,12.5308595189,2.444555,826,1110,1,12.283,10.902,,-30.0,5.6,10.77771,1.17385,,826-1110-1,-2095.7158204335515,-8551.304918277268,2.4441732073086846,,10.77771,1.17385,,,-5003.004894217978,-7167.32343669518,-5004.250335919277,-7243.916011441705
140.5610617869,12.9780971633,2.442896,826,742,1,12.275,11.508,,-1.0,-27.3,11.43897,0.651950000000001,,826-742-1,-5440.825682281761,-6925.712856225239,2.4449799472001144,,11.43897,0.651950000000001,,,-1567.5292062703033,-8570.90398165143,-1567.926224628231,-8666.584680598473
140.4482922375,16.7576025578,2.442455,1402,1032,1,11.371,10.8,,-1.7,-5.2,10.74861,0.4853499999999998,,1402-1032-1,-5735.624316518207,6693.759588486141,2.4471154079214004,,10.74861,0.4853499999999998,,,8811.48817351855,153.07371360181935,8813.633322771824,153.85506301940882
140.0529495907,13.4875740067,2.444281,825,903,1,11.7,10.434,,-8.3,-1.6,10.32006,1.0761,,825-903-1,-7209.2266890536675,-5075.662626117319,2.447610717172484,,10.32006,1.0761,,,989.3616370924751,-8664.03713040728,989.6125525582335,-8761.04831308147
143.3506668578,17.0449524878,2.45011,1403,940,1,12.331,11.858,,-38.3,-8.3,11.81543,0.4020499999999991,,1403-940-1,4269.892578885497,7719.23875305978,2.4489206380188056,,11.81543,0.4020499999999991,,,2937.927238764718,8258.895479612655,2938.6883241075643,8317.61627485395
140.6773389941,16.9331177544,2.447492,1402,834,1,10.287,9.73,,-11.6,-9.2,9.67987,0.4734500000000003,,1402-834-1,-4941.340275229777,7320.275374508037,2.451820738029447,,9.67987,0.4734500000000003,,,8752.795074085205,1154.60836010404,8754.934257829353,1163.78753014538
139.6189335685,15.39171217,2.448554,1402,1601,1,12.453,11.522,,7.7,-4.8,11.43821,0.7913499999999992,,1402-1601-1,-8654.193984554562,1800.0730585241351,2.4538928186281868,,11.43821,0.7913499999999992,,,7089.3713130699225,-5224.657606523507,7091.107894973768,-5277.454439421358
141.2096440466,17.2030503567,2.451908,1402,617,1,12.092,11.306,,-2.1,4.8,11.235259999999998,0.6681000000000011,,1402-617-1,-3102.085811095494,8283.066560714666,2.455410390075936,,11.235259999999998,0.6681000000000011,,,8252.016864673684,3153.704729685335,8254.056941633755,3178.470077395797
143.3952432988,17.0299844967,2.458378,1403,933,1,11.514,11.002,,1.7,-12.3,10.95592,0.4351999999999988,,1403-933-1,4424.874002877551,7666.162579993651,2.457250293127863,,10.95592,0.4351999999999988,,,2795.3881733166,8339.097371364112,2796.112985394992,8398.292136925395
144.5076220852,15.7398427617,2.461846,1410,358,1,12.708,11.441,,-26.0,-11.8,11.32697,1.0769499999999994,,1410-358-1,8309.656996158525,3050.991417550308,2.457397346171278,,11.32697,1.0769499999999994,,,-3233.497446869491,8181.768501296165,-3234.3343947180147,8240.026034359038
140.9885198989,17.1262136647,2.465016,1402,66,1,12.312,11.554,,-21.1,2.3,11.48578,0.6442999999999992,,1402-66-1,-3865.2508592959416,8009.865607376123,2.468946231817655,,11.48578,0.6442999999999992,,,8554.234439239672,2407.2370990416453,8556.339093241751,2426.3496398866364
140.4107368221,16.75685542,2.46567,1402,141,1,11.56,11.123,,-10.5,-36.0,11.08367,0.371450000000001,,1402-141-1,-5865.510429315971,6691.33819780291,2.470194605292233,,11.08367,0.371450000000001,,,8895.878656395698,55.179989354145214,8898.043755367933,55.1071805136109
144.6631736387,14.7545103722,2.477184,827,1584,1,11.246,10.634,,-4.8,-0.2,10.57892,0.5202000000000001,,827-1584-1,8890.982954933748,-492.8969774446601,2.471974803712431,,10.57892,0.5202000000000001,,,-6269.079201791024,6275.875876070684,-6270.670067668587,6322.279829123566
139.7024600822,14.0846052053,2.467582,825,1051,1,12.828,11.429,,-29.1,1.9,11.30309,1.1891499999999993,,825-1051-1,-8415.60792826557,-2912.554706399236,2.472175726685988,,11.30309,1.1891499999999993,,,3407.3444612826524,-8137.7480870982245,3408.2024556490724,-8227.368214767284
144.2814196412,16.2258005233,2.476456,1410,195,1,8.442,7.927,47196.0,-43.9,-46.4,7.880649999999999,0.4377500000000004,47196.0,1410-195-1,7507.051647685916,4792.752613036877,2.4725005954141857,7.84,7.84,0.528,83190.0,F8,-1398.5368427696803,8734.468056207854,-1398.9010906774308,8795.986459135622
144.6372961221,15.3124610556,2.477656,1410,726,1,11.693,11.295,,-17.2,16.6,11.25918,0.3382999999999997,,1410-726-1,8777.526891656458,1516.9171999717782,2.472807426400101,,11.25918,0.3382999999999997,,,-4691.030146317545,7517.360424454559,-4692.235678108006,7571.58771106916
144.5496709124,15.6768015625,2.480027,1410,73,1,12.0,10.985,,7.1,-5.7,10.89365,0.8627500000000005,,1410-73-1,8458.981383867922,2825.6620908753375,2.4758048593250845,,10.89365,0.8627500000000005,,,-3501.0750033825384,8144.099976518924,-3501.980852410543,8202.125481470308
144.2499249896,13.5498438105,2.482543,827,245,1,11.557,10.846,,-23.9,-26.9,10.78201,0.6043500000000003,,827-245-1,7491.427657955929,-4849.129947128746,2.477309342579566,,10.78201,0.6043500000000003,,,-8597.48105085174,2365.016106515553,-8599.595830859726,2383.799728246357
139.8254457208,16.0433820339,2.473685,1402,1356,1,11.156,10.71,,-1.2,1.0,10.669860000000002,0.3790999999999997,,1402-1356-1,-7912.442164910373,4140.460411963092,2.4790890322406436,,10.669860000000002,0.3790999999999997,,,8347.040577373235,-3138.9759560954735,8349.068102681398,-3169.1032253427156
142.1989399172,12.4239304522,2.484928,823,347,1,12.819,11.275,,-4.2,-4.9,11.13604,1.3124000000000005,,823-347-1,310.25985895089667,-8939.489944121166,2.4831309503972148,,11.13604,1.3124000000000005,,,-6890.019035769762,-5644.476672578053,-6891.711554034416,-5702.197251683604
143.9834227996,13.2101982833,2.489734,827,1047,1,12.895,11.757,,-55.3,31.0,11.65458,0.9673,,827-1047-1,6566.869564824397,-6079.4767172606835,2.4842631559870165,,11.65458,0.9673,,,-8903.843464728254,868.7893782304735,-8906.016953590208,875.5998284009675
143.7240864154,16.8481688267,2.488128,1403,1058,1,13.118,11.498,,-1.7,1.4,11.3522,1.377000000000001,,1403-1058-1,5562.922209028238,7019.357535238922,2.4863329768681246,,11.3522,1.377000000000001,,,1556.50616282871,8758.409679235081,1556.9116703538382,8820.06291144984
144.6762328536,15.150074129,2.494881,1410,737,1,11.426,10.84,,-104.0,15.9,10.78726,0.4981000000000002,,1410-737-1,8917.4125756243,933.3299692028738,2.4890226465923684,,10.78726,0.4981000000000002,,,-5220.216371499436,7236.322779576391,-5221.553966397761,7288.808273737781
140.4884566984,16.845048445,2.484739,1402,1234,1,12.005,11.466,,-24.0,-7.0,11.41749,0.4581500000000012,,1402-1234-1,-5595.298787282782,7007.832378497085,2.489420451053841,,11.41749,0.4581500000000012,,,8953.191794144497,463.87720267003584,8955.373892021844,467.2917912583382
142.811565282,12.5098854144,2.493543,826,290,1,10.735,10.259,,-32.5,2.5,10.21616,0.4045999999999992,,826-290-1,2464.512070499237,-8626.025322101465,2.4904258273950854,,10.21616,0.4045999999999992,,,-8085.348568851996,-3845.4541121136995,-8087.316324516957,-3882.968873216961
140.3271567788,13.1114550967,2.4901,825,1058,1,7.243,6.721,45879.0,-37.7,-80.7,6.6740200000000005,0.4437000000000002,45879.0,825-1058-1,-6259.634744265332,-6440.959702748925,2.4933115342376118,6.67,6.67,0.507,80654.0,F8V,-661.6718108605519,-8857.35129601596,-661.8401077291585,-8957.173476931814
144.2489629547,13.5200791508,2.498078,827,453,1,10.855,10.241,,61.8,-54.3,10.18574,0.5219000000000006,,827-453-1,7491.377565479209,-4957.150742184147,2.49369878995656,,10.18574,0.5219000000000006,,,-8678.216455908918,2293.8290493987015,-8680.350236776369,2312.0555953944504
143.3330784829,17.1092452967,2.498296,1403,1188,1,12.418,11.593,,4.3,-39.2,11.51875,0.7012499999999994,,1403-1188-1,4209.144305845455,7949.8688926109435,2.4971412974196148,,11.51875,0.7012499999999994,,,3150.683142919932,8365.941367997546,3151.500359500976,8425.280807261008
141.0698380056,17.1989826522,2.498549,1402,156,1,12.318,11.645,,-38.3,-29.6,11.58443,0.5720500000000001,,1402-156-1,-3584.423629729941,8269.879525209692,2.5020938038337817,,11.58443,0.5720500000000001,,,8562.269606416612,2786.984326477837,8564.381344116038,2808.9806534411323
140.9227907156,17.132925968,2.499168,1402,912,1,11.982,11.26,,-81.6,-41.3,11.19502,0.6136999999999996,,1402-912-1,-4093.126582080191,8034.253043934108,2.5030765015450553,,11.19502,0.6136999999999996,,,8723.702824589063,2254.197174451131,8725.847315775523,2272.112632039009
139.6944861306,14.0143378492,2.499504,825,356,1,10.713,10.173,,-8.3,28.5,10.1244,0.4589999999999992,,825-356-1,-8445.675633191244,-3164.7855210802445,2.5037282270339944,,10.1244,0.4589999999999992,,,3238.703616863956,-8325.047793161286,3239.521213059602,-8417.292118351294
143.7117793872,12.9399957258,2.51007,827,189,1,11.138,9.869,,-12.9,-5.5,9.75479,1.07865,,827-189-1,5621.75166267643,-7061.149653574424,2.505550769647484,,9.75479,1.07865,,,-9010.619374463857,-478.1397427685044,-9012.809364424827,-482.90117779652314
140.1307126648,16.534934295,2.502487,1402,9,1,11.811,11.276,,-22.0,-4.5,11.22785,0.4547500000000001,,1402-9-1,-6839.589262905272,5901.029916177187,2.5076725778696343,,11.22785,0.4547500000000001,,,8951.423086563907,-1186.8467310633328,8953.595958671081,-1198.0211875163016
139.51685556,14.99939528,2.502658,825,1540,1,13.047,12.08,,0.0,0.0,11.99297,0.8219500000000004,,825-1540-1,-9025.776536534662,390.7142293149522,2.5079052732739373,,11.99297,0.8219500000000004,,,6282.17485130558,-6423.740795276544,6283.727681342806,-6490.921823838096
144.1127789409,13.3154247908,2.514669,827,640,1,12.286,11.707,47149.0,-160.9,-141.8,11.65489,0.492149999999999,47149.0,827-640-1,7014.715781286088,-5701.242288821496,2.5093334308931365,11.42,11.42,0.492149999999999,,,-8918.24695569576,1450.0663789580453,-8920.429795824635,1461.6201236420948
144.4300797966,13.7855330392,2.515949,827,587,1,11.41,11.387,,-12.8,-1.1,11.38493,0.0195499999999997,,827-587-1,8114.4095228307515,-3993.15437741306,2.510537318203892,,11.38493,0.0195499999999997,,,-8370.89689625091,3391.4375534419546,-8372.969953386555,3417.937674350535
143.6510033507,16.9338003936,2.513205,1403,1191,1,11.226,10.682,,-59.4,-13.3,10.63304,0.4624000000000004,,1403-1191-1,5307.115225664256,7325.677278291449,2.511182480588574,,10.63304,0.4624000000000004,,,1955.3061294104778,8770.37552650007,1955.815617404546,8832.08949653871
141.90139102,12.4002211375,2.514672,823,473,1,8.924,7.584,46392.0,37.5,-66.3,7.4634,1.1389999999999998,46392.0,823-473-1,-735.8093866862627,-9026.424134783763,2.5140422837884406,7.46,7.46,1.154,81707.0,K0,-6260.775861544318,-6474.436088057627,-6262.324114184415,-6542.250744464384
143.4493372909,17.065921815,2.515689,1403,1190,1,10.959,10.9,,-3.4,5.8,10.89469,0.0501499999999993,,1403-1190-1,4610.366462326559,7797.480858862893,2.5146305759384444,,10.89469,0.0501499999999993,,,2770.4702610217414,8563.690792808566,2771.190467784688,8624.192139124649
142.5566112004,17.3835323189,2.51397,1403,1236,1,12.297,12.034,,-21.5,-8.0,12.010330000000002,0.2235499999999999,,1403-1236-1,1532.2933024958618,8928.28877643145,2.5147235637659553,,12.010330000000002,0.2235499999999999,,,5658.758677129164,7021.652359700584,5660.2054716622015,7072.7885065787095
139.61947417,15.64696194,2.509637,1402,1014,1,13.263,11.842,,0.0,0.0,11.71411,1.2078499999999994,,1402-1014-1,-8642.238103380625,2719.950726572958,2.5150930605706665,,11.71411,1.2078499999999994,,,7769.241612184206,-4611.997072238576,7771.138498383308,-4657.876965899318
144.5260118998,13.9777046517,2.521563,827,790,1,12.189,11.958,,-3.9,-5.0,11.93721,0.1963499999999998,,827-790-1,8443.116385950738,-3297.3440280763693,2.516198717248218,,11.93721,0.1963499999999998,,,-8068.774797207571,4094.0873337233306,-8070.783559252009,4125.668998587491
140.2818622476,16.70654736,2.513205,1402,78,1,12.773,11.929,,8.3,0.9,11.85304,0.7173999999999995,,1402-78-1,-6311.3444722209215,6514.876555404119,2.518002586339955,,11.85304,0.7173999999999995,,,9059.822252585413,-391.46781821498337,9062.024693731648,-395.4668499237926
139.635102768,14.1287021183,2.514992,825,974,1,11.075,10.597,,-2.0,-1.5,10.55398,0.4062999999999998,,825-974-1,-8648.728509626288,-2751.2999697415553,2.5194306321490276,,10.55398,0.4062999999999998,,,3682.625809330049,-8204.10544424421,3683.554002386713,-8294.672161588045
142.1394428238,12.3853110994,2.522085,823,557,1,8.214,6.998,46464.0,-80.6,-13.9,6.88856,1.0336,46464.0,823-557-1,98.87038475638083,-9079.072944851216,2.5204871091659906,6.88,6.88,1.04,81872.0,G5,-6854.092248151685,-5892.2556517208095,-6855.779108733296,-5952.95167989526
139.54822487,15.4095915183,2.518732,1402,1405,1,11.937,11.442,,-56.7,25.8,11.39745,0.4207499999999993,,1402-1405-1,-8901.014858994724,1868.2052156403556,2.524741757515846,,11.39745,0.4207499999999993,,,7304.117626616623,-5362.391008068322,7305.9085749773985,-5416.821590366619
139.58360528,14.27161211,2.52195,825,649,1,12.182,11.604,,0.0,2.4,11.55198,0.491300000000001,,825-649-1,-8822.950955219272,-2234.2806251907177,2.5265429010644787,,11.55198,0.491300000000001,,,4184.828433889366,-7994.088924014254,4185.8803689208635,-8081.762122668009
143.3575282172,17.130906665,2.528406,1403,1110,1,11.338,9.715,46896.0,-6.7,1.8,9.56893,1.3795499999999994,46896.0,1403-1110-1,4292.6260380805825,8029.6076182955185,2.527529080554614,9.58,9.58,1.343,,K0,3154.8996767999756,8480.641361611291,3155.719065519559,8540.648335232725
140.2953499587,13.0884753506,2.528257,825,1196,1,10.849,10.28,,-9.1,-25.0,10.22879,0.4836500000000007,,825-1196-1,-6371.207465505364,-6521.530655166821,2.5308976670314935,,10.22879,0.4836500000000007,,,-647.8686560265334,-8992.29297417982,-648.0337880487659,-9094.102422138209
139.6430152072,15.7772628122,2.528985,1402,1692,1,11.612,10.681,,-17.6,31.4,10.59721,0.7913500000000008,,1402-1692-1,-8555.749226314376,3189.3984773106936,2.5347028179210707,,10.59721,0.7913500000000008,,,8062.855094357509,-4239.77474939176,8064.820425383761,-4281.562679322014
142.2214096524,17.4411396678,2.536422,1403,404,1,12.011,11.599,,-13.3,-20.0,11.56192,0.3501999999999992,,1403-404-1,379.6651226604388,9134.047601507109,2.5377654786388497,,11.56192,0.3501999999999992,,,6577.561622376907,6300.797465560423,6579.231305799239,6347.336970474639
139.8676206664,16.236862285,2.532729,1402,662,1,11.144,10.468,,-17.4,-10.2,10.40716,0.5746000000000001,,1402-662-1,-7759.709882016559,4835.892483451741,2.538129090443199,,10.40716,0.5746000000000001,,,8765.659996984026,-2568.8256105348737,8767.78752939643,-2593.232616625684
139.6556092404,14.0159034925,2.534137,825,1326,1,12.953,10.991,,1.9,-3.3,10.81442,1.6676999999999995,,825-1326-1,-8581.37860514673,-3158.59414438633,2.538399269626034,,10.81442,1.6676999999999995,,,3333.3917609454115,-8421.060228140634,3334.234411007441,-8514.673019340007
139.911148757,13.5267483458,2.535759,825,611,1,10.918,9.564,,1.9,-3.9,9.44214,1.1508999999999994,,825-611-1,-7704.7418907891015,-4930.214584273826,2.5392069243754674,,9.44214,1.1508999999999994,,,1426.962573799748,-8934.122395631346,1427.3259701859336,-9035.087383390397
141.0902410296,12.5667265844,2.539712,826,987,1,11.968,10.673,,-10.7,-11.2,10.55645,1.10075,,826-987-1,-3589.5025845747114,-8417.831349814203,2.5403333779001973,,10.55645,1.10075,,,-3911.8313412933862,-8182.226155690747,-3912.8170582271487,-8272.501200207269
139.9011572221,13.53793846,2.537808,825,618,1,12.647,11.775,,7.7,1.0,11.69652,0.7411999999999999,,825-618-1,-7739.215956392224,-4889.436074273721,2.5412062471081125,,11.69652,0.7411999999999999,,,1480.3314946457447,-8932.852812285792,1480.7084763314383,-9033.800482200559
142.7603004357,12.4434892778,2.544503,823,230,1,11.581,11.402,,-22.0,-20.0,11.38589,0.1521500000000002,,823-230-1,2285.1384340793784,-8866.556995990419,2.541745881803425,,11.38589,0.1521500000000002,,,-8146.150387552869,-4136.1261487795055,-8148.135213167272,-4176.791013924022
139.8639717915,13.5934769117,2.538754,825,1042,1,13.354,11.868,,-29.6,1.4,11.73426,1.263099999999999,,825-1042-1,-7868.5606545628725,-4688.045483701233,2.5425681904308073,,11.73426,1.263099999999999,,,1716.7514714382423,-8896.430040907386,1717.1884218483747,-8996.848401282343
139.8513057293,16.22222676,2.53857,1402,126,1,11.423,11.048,,-12.8,-0.2,11.01425,0.31875,,1402-126-1,-7816.602914627444,4784.024353583603,2.543992692655421,,11.01425,0.31875,,,8764.6352909256,-2645.0455222849723,8766.762774015026,-2670.213587859411
143.4980619635,12.7449650647,2.550208,827,66,1,11.664,9.587,,-4.7,-1.9,9.40007,1.76545,,827-66-1,4875.591679898065,-7768.671661289682,2.5460713327561706,,9.40007,1.76545,,,-9044.444974720886,-1496.545556815056,-9046.639880559835,-1510.6159278508767
139.8610500671,16.2444197456,2.54211,1402,705,1,12.512,11.645,,5.0,-22.4,11.56697,0.7369500000000008,,1402-705-1,-7781.588752248474,4863.04905966838,2.547260688933522,,11.56697,0.7369500000000008,,,8800.48533908493,-2567.173352010168,8802.621351089138,-2591.568446947089
141.7405663742,12.3805871544,2.551361,823,493,1,11.427,11.058,,-12.6,-8.0,11.02479,0.3136499999999998,,823-493-1,-1303.2871514849362,-9095.080915580385,2.550531793831431,,11.02479,0.3136499999999998,,,-5935.49276399413,-6938.539668887104,-5936.967132860227,-7012.237554698182
141.4604938146,17.3804842119,2.549675,1403,39,1,14.243,11.373,,1.0,2.3,11.1147,2.4395000000000007,,1403-39-1,-2236.6392649641184,8919.468092652212,2.5526492255098585,,11.1147,2.4395000000000007,,,8153.480140287352,4215.756120748893,8155.512031017116,4248.186644835409
144.5062637439,13.836802505,2.560127,827,811,1,13.46,11.804,,-16.6,-13.5,11.65496,1.4076000000000004,,827-811-1,8379.14243240943,-3806.077237266485,2.5547102738233574,,11.65496,1.4076000000000004,,,-8406.70570611927,3711.29854785835,-8408.792602805312,3740.1148112923647
141.7087942649,17.4314439336,2.552801,1403,313,1,10.975,9.938,,-19.2,5.3,9.84467,0.8814499999999992,,1403-313-1,-1382.9053777736349,9101.040542083949,2.5553896788830297,,9.84467,0.8814499999999992,,,7722.643608729761,4969.539609690645,7724.580187029135,5007.217507427491
139.5413433648,15.5541209339,2.557219,1402,715,1,11.197,9.748,,-8.2,-9.8,9.61759,1.23165,,1402-715-1,-8917.655426721716,2388.343214207828,2.5627181167991466,,9.61759,1.23165,,,7704.075557668946,-5033.33077388377,7705.96090412627,-5083.987427470306
139.9106169388,13.4836563447,2.560094,825,975,1,10.343,9.77,,13.0,0.1,9.71843,0.4870500000000003,,825-975-1,-7707.838275709112,-5085.419412345906,2.5633711534704418,,9.71843,0.4870500000000003,,,1312.9703925666327,-9037.934132656508,1313.305302369021,-9140.431645536313
139.5217481123,15.4789045367,2.558111,1402,1746,1,11.7,10.24,,0.6,-2.6,10.1086,1.2409999999999992,,1402-1746-1,-8988.653039216479,2118.2995705138314,2.5635334871305395,,10.1086,1.2409999999999992,,,7549.277819193868,-5263.048972653081,7551.127833966996,-5316.346956787681
144.5878747934,13.9932313055,2.571795,827,874,1,10.766,10.081,,-37.3,12.1,10.01935,0.5822500000000004,,827-874-1,8658.093373487596,-3238.700056244886,2.5660640706887463,,10.01935,0.5822500000000004,,,-8167.594270886557,4292.410501668343,-8169.630957647299,4325.377316974829
139.646751153,13.9594820561,2.562759,825,887,1,12.008,10.255,,-4.9,-1.4,10.09723,1.4900499999999983,,825-887-1,-8614.797550207755,-3361.556003747406,2.5670091070738765,,10.09723,1.4900499999999983,,,3203.813837679721,-8578.537638378664,3204.625550731246,-8674.397424432424
140.7412377329,12.7053625386,2.569578,826,1128,1,13.057,11.874,,13.3,-40.7,11.76753,1.0055499999999995,,826-1128-1,-4813.6526775725215,-7913.055639047336,2.5710964447604825,,11.76753,1.0055499999999995,,,-2721.990256094843,-8754.566361593439,-2722.6816457607833,-8852.949017293427
139.9196642078,16.3750516936,2.566054,1402,1018,1,12.758,12.194,,-16.3,-5.9,12.14324,0.4793999999999985,,1402-1018-1,-7574.6103635832105,5332.157968662822,2.5713797055366947,,12.14324,0.4793999999999985,,,9013.878934415785,-2105.4846751708706,9016.066173961784,-2125.366206003061
141.3683887941,17.3763361178,2.568625,1403,745,1,12.552,11.187,,-11.0,-5.5,11.06415,1.1602500000000002,,1403-745-1,-2553.7897054267014,8905.43854469447,2.571709580249728,,11.06415,1.1602500000000002,,,8353.4733687237,3971.0001963521813,8355.551175146384,4001.6799087863906
144.6048525767,14.0151013044,2.579283,827,1419,1,11.104,10.192,,-23.4,-112.9,10.10992,0.7751999999999991,,827-1419-1,8717.031744195123,-3162.582693211893,2.5741007245593153,,10.10992,0.7751999999999991,,,-8149.7943824286685,4386.360109273267,-8151.828188520667,4419.985170286175
144.2553438582,13.38772244,2.5796,827,1341,1,10.062,9.759,,-14.4,-9.6,9.73173,0.2575499999999991,,827-1341-1,7516.3023879483035,-5432.870829281649,2.574434262297383,,9.73173,0.2575499999999991,,,-9050.460348457082,1999.0097827793777,-9052.682137234731,2014.902766122394
144.2607509952,16.4379523333,2.578599,1410,784,1,7.305,5.869,47189.0,-17.0,-2.8,5.7397599999999995,1.2206,47189.0,1410-784-1,7428.784383515097,5557.856025553961,2.5754162096810163,5.73,5.73,1.223,83189.0,K1III,-774.5296139969037,9181.275200766664,-774.7324021149755,9245.344272803392
144.2262320961,16.4872116248,2.58182,1410,572,1,11.196,10.531,,-109.2,-49.9,10.471150000000002,0.5652499999999993,,1410-572-1,7305.264894839496,5732.885519784166,2.5777498103633856,,10.471150000000002,0.5652499999999993,,,-561.687458082355,9204.94977181558,-561.8345605482675,9269.153871486798
140.57949277,12.7973885378,2.578003,826,1077,1,12.889,12.146,,-31.2,8.5,12.07913,0.6315499999999987,,826-1077-1,-5381.341827221419,-7576.705477839372,2.5797257993680085,,12.07913,0.6315499999999987,,,-2093.7503584466244,-8952.976954307944,-2094.2837528624505,-9054.241068240963
144.7577252638,14.5553060175,2.589165,827,1650,1,12.24,11.725,,-46.0,-2.7,11.67865,0.4377500000000004,,827-1650-1,9228.206761516587,-1206.9902579434356,2.5834714467150257,,11.67865,0.4377500000000004,,,-7026.81044131483,6055.526690496742,-7028.590058400658,6100.454680351129
139.7959856835,16.2111159511,2.578734,1402,1280,1,11.798,12.036,,-17.9,-24.8,12.05742,-0.2022999999999996,,1402-1280-1,-8008.704965038288,4745.450405140882,2.5840973141298003,,12.05742,-0.2022999999999996,,,8863.283391046081,-2812.624791507423,8865.435434251574,-2839.4910328790393
140.9704766712,17.2470020078,2.58146,1402,474,1,12.398,11.594,,-2.4,-6.8,11.52164,0.6834000000000002,,1402-474-1,-3924.673105080315,8445.57370063623,2.5851709053236447,,11.52164,0.6834000000000002,,,8919.448450008453,2650.218366961695,8921.64660575941,2671.141320963673
141.0839551973,12.5200071978,2.585246,826,945,1,10.338,9.266,46121.0,23.3,-5.6,9.16952,0.9111999999999992,46121.0,826-945-1,-3611.4791597532367,-8586.097415849894,2.585663141655834,9.16,9.16,0.91,,K0,-4023.0574660435277,-8308.574652449655,-4024.0729924055136,-8400.636113270759
144.2485144535,13.3573970906,2.592379,827,546,1,12.545,11.738,,-2.0,8.9,11.66537,0.6859500000000003,,827-546-1,7493.721791217508,-5541.900815220278,2.587220351437312,,11.66537,0.6859500000000003,,,-9116.997974001837,1910.4479533063889,-9119.235043836612,1925.6383734154308
143.0462734836,12.4827365664,2.591036,824,242,1,13.482,11.975,,-36.8,-6.5,11.83937,1.2809499999999996,,824-242-1,3290.592135887391,-8721.602087974634,2.587604132401536,,11.83937,1.2809499999999996,,,-8705.05243306652,-3296.7928233451325,-8707.168021226005,-3328.597998537084
139.5080238777,15.54356251,2.58577,1402,1820,1,12.559,11.746,,-27.2,-73.8,11.67283,0.6910499999999989,,1402-1820-1,-9034.399940912646,2349.9920379887994,2.5912965418424214,,11.67283,0.6910499999999989,,,7752.877496552056,-5144.8087931130285,7754.776120968696,-5196.757853184031
139.4438694125,14.6429870258,2.587088,825,1518,1,12.656,11.386,,-12.9,-15.9,11.2717,1.079500000000001,,825-1518-1,-9295.756263960246,-890.9955250929817,2.59221861535491,,11.2717,1.079500000000001,,,5502.9939496486395,-7463.108367559405,5504.368643863771,-7543.665115654614
144.7942198587,14.892962655,2.59835,827,1545,1,12.504,10.877,,-1.7,-6.6,10.73057,1.382949999999999,,827-1545-1,9342.105324520846,11.179683633821607,2.593258856299446,,10.73057,1.382949999999999,,,-6191.559659892394,6943.67138537879,-6193.1415640252235,6994.287272318018
139.5440234856,14.159998335,2.5896,825,1306,1,11.924,10.817,,0.3,-16.2,10.71737,0.9409499999999994,,825-1306-1,-8965.923350118417,-2635.4880092873223,2.594126969206785,,10.71737,0.9409499999999994,,,3979.7244386371963,-8362.202474631056,3980.729769205998,-8455.020347217049
141.705578889,17.4746273472,2.596015,1403,1306,1,11.472,10.951,,-10.0,-18.5,10.90411,0.4428499999999991,,1403-1306-1,-1393.4368117427698,9256.196560336806,2.5983543862141274,,10.90411,0.4428499999999991,,,7845.641666128075,5064.03142912705,7847.610807692949,5102.337260794478
139.4556471213,14.4973547367,2.595561,825,319,1,10.782,10.377,,-24.1,-16.8,10.34055,0.3442499999999994,,825-319-1,-9261.19848145145,-1416.290511306148,2.60067564648781,,10.34055,0.3442499999999994,,,5087.289994126086,-7781.697316554678,5088.565599781947,-7866.522501205675
139.6759372493,16.0274202603,2.595665,1402,643,1,12.214,12.379,,0.7,6.7,12.39385,-0.1402499999999992,,1402-643-1,-8431.16553277006,4088.959073321973,2.601096684973784,,12.39385,-0.1402499999999992,,,8652.7868362732,-3556.7206951041894,8654.891183975435,-3591.2389418999146
139.662087027,13.83715173,2.597479,825,883,1,11.852,12.367,,-17.6,-12.4,12.41335,-0.4377500000000004,,825-883-1,-8566.298826113545,-3803.283130547811,2.6017222874295043,,12.41335,-0.4377500000000004,,,2841.345180459002,-8831.83753601388,2842.067747010618,-8931.354268574647
144.7819040593,15.2760358466,2.610391,1410,266,1,9.537,9.297,,-54.6,21.0,9.2754,0.2040000000000001,,1410-266-1,9281.149205475806,1391.7934825459067,2.6051269308888485,,9.2754,0.2040000000000001,,,-5118.810642585555,7809.223462730099,-5120.130425410766,7865.181758811609
139.4723917232,14.380293715,2.601458,825,639,1,12.117,12.096,,2.0,-18.3,12.09411,0.0178500000000006,,825-639-1,-9207.016677647853,-1838.857206312997,2.606215622375321,,12.09411,0.0178500000000006,,,4735.374269223646,-8018.456209773792,4736.56513089755,-8106.509895661738
139.6721411049,13.7954237764,2.606354,825,798,1,12.321,10.43,,-8.2,-7.3,10.25981,1.60735,,825-798-1,-8532.480857912253,-3953.9044976950104,2.6104347936189076,,10.25981,1.60735,,,2706.2814274029847,-8905.45770816007,2706.9704130668706,-9006.04805396433
143.5414107665,17.1282075967,2.614864,1403,962,1,11.481,10.839,,-17.1,-0.2,10.78122,0.5456999999999995,,1403-962-1,4925.81123449705,8024.188166013576,2.6135960442699577,,10.78122,0.5456999999999995,,,2730.630085964146,8947.895505390105,2731.3431270196297,9010.60357378871
144.7662467008,14.4220346617,2.61938,827,623,1,9.862,8.667,47368.0,-0.1,-5.9,8.55945,1.0157500000000002,47368.0,827-623-1,9264.920719917629,-1686.9769291036678,2.614088176962782,8.44,8.44,0.995,83479.0,G5,-7410.067140549569,5766.271859069426,-7411.938791365794,5809.286570546662
142.3102098497,12.297495825,2.617298,823,287,1,12.739,11.702,,-37.1,1.8,11.60867,0.8814500000000006,,823-287-1,701.3693371656187,-9395.149738437613,2.615208103905836,,11.60867,0.8814500000000006,,,-7490.281785326691,-5654.260339944411,-7492.122296904764,-5712.167805921269
143.89446566,12.94484998,2.620225,827,1195,1,11.93,12.206,,-2.8,0.6,12.23084,-0.2345999999999998,,827-1195-1,6263.742347798359,-7039.207954500024,2.615563494601872,,12.23084,-0.2345999999999998,,,-9420.274540654316,12.312994507205694,-9422.567459351574,11.802553322851825
144.3898100912,13.50112113,2.623107,827,664,1,11.907,10.35,,-0.9,-1.2,10.20987,1.3234500000000002,,827-664-1,7984.20089201146,-5019.617215209309,2.6179027547639415,,10.20987,1.3234500000000002,,,-9051.985176343858,2618.499588667804,-9054.215651432116,2639.1664988368066
141.8221180041,12.3004723856,2.621203,823,325,1,12.766,12.46,,7.3,-18.2,12.43246,0.2600999999999993,,823-325-1,-1016.0729829311204,-9384.693543709143,2.6202656436419702,,12.43246,0.2600999999999993,,,-6342.649455084408,-6916.232790317875,-6344.224804249193,-6989.684459911518
142.141361428,12.2847070222,2.622713,823,403,1,12.514,11.391,,-12.9,-9.7,11.28993,0.9545499999999996,,823-403-1,107.48383263576922,-9441.858208190919,2.6210783844238805,,11.28993,0.9545499999999996,,,-7131.061804903369,-6123.781421368855,-7132.82033571536,-6187.334907394798
139.4918237614,14.2185441489,2.621708,825,1309,1,13.071,12.238,,-6.1,-10.4,12.16303,0.7080500000000002,,825-1309-1,-9146.176256789502,-2422.3200210929945,2.6263562407315337,,12.16303,0.7080500000000002,,,4258.736162312687,-8355.579705384163,4259.811941825779,-8448.323894425905
141.3137047506,17.4224654633,2.627683,1402,391,1,11.638,10.735,,-9.6,-2.2,10.65373,0.7675500000000004,,1402-391-1,-2741.245607839425,9072.665779310446,2.6308570422732624,,10.65373,0.7675500000000004,,,8602.916690660668,3942.0457564045932,8605.056236485692,3972.492793258789
139.591528966,15.9167072794,2.625252,1402,1488,1,11.634,11.353,,-49.6,-8.2,11.32771,0.2388500000000004,,1402-1488-1,-8729.620469655356,3693.019752861145,2.631105285189267,,11.32771,0.2388500000000004,,,8554.809459087748,-4037.6369263610723,8556.893375754924,-4077.2839237916623
142.902333567,12.3838511522,2.639468,823,214,1,11.496,11.078,,-69.7,-26.2,11.04038,0.3553000000000009,,823-214-1,2784.4866626009343,-9080.474517671255,2.636418112351868,,11.04038,0.3553000000000009,,,-8637.497629187334,-3907.0889103069194,-8639.600711881618,-3945.3368651530654
139.3719136562,14.9238466511,2.641463,825,1416,1,12.522,11.793,,-19.4,-8.5,11.72739,0.6196500000000008,,825-1416-1,-9534.626419635511,124.3131898226167,2.6468479617669254,,11.72739,0.6196500000000008,,,6420.679475871612,-6974.119280847618,6422.275208622487,-7048.328587395029
139.7025356545,13.6527098467,2.645047,825,1105,1,10.504,9.447,45684.0,-4.7,-3.4,9.35187,0.8984500000000003,45684.0,825-1105-1,-8431.477050327774,-4469.266520749633,2.6488761041275435,9.35,9.35,0.982,,K0,2253.9115652182772,-9168.148386756575,2254.487743525493,-9272.617402761387
141.4880065112,17.4907379175,2.650682,1403,152,1,12.271,12.004,,-10.0,0.9,11.97997,0.226950000000001,,1403-152-1,-2141.2048877275324,9316.821745948579,2.6535742282640493,,11.97997,0.226950000000001,,,8387.241229380033,4548.605973342697,8389.337285621707,4583.333473039974
141.618635889,17.517468595,2.651859,1406,227,1,11.911,11.398,,-1.0,-33.3,11.35183,0.4360499999999999,,1406-227-1,-1691.7315513691885,9411.040492605236,2.6541788902400785,,11.35183,0.4360499999999999,,,8159.385950908101,4944.568930185771,8161.431872539674,4982.03458290372
139.3623664443,15.0179675075,2.652416,1402,1559,1,12.121,11.364,,0.6,-22.1,11.29587,0.6434499999999997,,1402-1559-1,-9563.195572675226,463.53254292239416,2.657654221096152,,11.29587,0.6434499999999997,,,6693.278567507004,-6772.867323115414,6694.93878259165,-6844.513618726729
142.7806772162,12.3273651033,2.66194,823,216,1,11.994,11.968,,-10.0,-19.2,11.96566,0.0220999999999998,,823-216-1,2358.432382818816,-9285.2312830332,2.6592192534922,,11.96566,0.0220999999999998,,,-8507.836403873216,-4356.767292563435,-8509.91166758138,-4399.900759529481
141.1639121731,12.4071209133,2.662204,823,373,1,12.417,11.46,,-0.6,-8.4,11.37387,0.8134499999999991,,823-373-1,-3332.5095495910887,-8994.392492377061,2.6625010065062655,,11.37387,0.8134499999999991,,,-4513.478709390162,-8370.063768533302,-4514.619138749058,-8463.03315821737
142.4469314192,17.5486436244,2.661729,1406,552,1,12.918,11.229,,5.4,-14.9,11.07699,1.43565,,1406-552-1,1154.9026289637766,9522.914982146367,2.6627176339398195,,11.07699,1.43565,,,6353.81426612549,7133.4910867726285,6355.440930321163,7185.268291495661
140.206645602,16.8400341219,2.659165,1402,1048,1,11.423,10.94,,-11.9,0.1,10.89653,0.4105500000000004,,1402-1048-1,-6567.493646507556,6998.569391122661,2.664049873195335,,10.89653,0.4105500000000004,,,9591.478376536807,-263.0161365489027,9593.811334265436,-265.9518787311694
144.7870040443,15.5703613572,2.67087,1410,17,1,11.592,11.049,,-7.4,-37.3,11.00013,0.4615500000000008,,1410-17-1,9287.38359408747,2451.155427582612,2.6662396851153067,,11.00013,0.4615500000000008,,,-4330.857490297323,8512.928732878601,-4331.982886772101,8573.073032618146
143.9846165856,12.9556869344,2.671024,827,1156,1,12.559,12.498,,-28.8,-38.8,12.49251,0.0518499999999999,,827-1156-1,6579.506451130549,-6998.907391394053,2.6663977101759437,,12.49251,0.0518499999999999,,,-9599.699780637742,273.0027757752521,-9602.038495130382,274.7117613327254
141.9461703495,17.5721766367,2.669378,1406,4,1,12.512,11.752,,-12.0,-11.8,11.6836,0.6459999999999998,,1406-4-1,-566.2168463393682,9607.071781848976,2.671324675253903,,11.6836,0.6459999999999998,,,7558.987364723826,5909.987239598059,7560.899338453617,5953.925674078606
139.4126896719,14.3205426725,2.670908,825,393,1,10.805,10.476,,11.9,-2.7,10.44639,0.279649999999999,,825-393-1,-9417.958322588007,-2051.370752894019,2.6754922540793937,,10.44639,0.279649999999999,,,4716.465448882206,-8313.162704064645,4717.656280412515,-8405.342357793666
142.7536546656,12.3003991033,2.681824,823,180,1,12.384,11.291,,-6.9,-8.4,11.19263,0.92905,,823-180-1,2263.64833047231,-9382.45941662968,2.6790640448515797,,11.19263,0.92905,,,-8517.628806109622,-4490.710613193512,-8519.707786570778,-4535.331046373465
144.8752841163,14.7181328092,2.684432,827,1560,1,12.149,11.226,,-16.2,2.3,11.142930000000002,0.7845499999999985,,827-1560-1,9632.155768494433,-615.1689971458862,2.6790957655596723,,11.142930000000002,0.7845499999999985,,,-6852.376076955479,6746.095160714169,-6854.123502647376,6795.428511436849
142.8873528456,17.4833034258,2.683291,1403,785,1,13.378,11.803,,-1.7,-12.9,11.66125,1.3387499999999994,,1403-785-1,2669.0406179079787,9291.709362836682,2.683439745059796,,11.66125,1.3387499999999994,,,5176.066237266918,8106.476841866221,5177.405234243802,8164.197189184981
141.9197879936,17.5853283744,2.684053,1406,378,1,12.383,11.228,,-2.3,-3.8,11.12405,0.9817499999999996,,1406-378-1,-656.5638833592734,9654.815901709213,2.686117721148104,,11.12405,0.9817499999999996,,,7654.645548629973,5874.351838135869,7656.581107313,5918.049676706715
143.3445772679,12.501361965,2.690184,827,176,1,12.145,11.341,,-19.6,-3.0,11.26864,0.6834000000000002,,827-176-1,4340.486782727193,-8649.988239512153,2.686340769844639,,11.26864,0.6834000000000002,,,-9348.283502990465,-2472.32720062646,-9350.552778451236,-2495.8535197653
139.3695113213,15.3687873525,2.681055,1402,1085,1,13.175,11.347,,3.9,-0.9,11.18248,1.553800000000001,,1402-1085-1,-9522.661409393651,1728.043895761919,2.686413712375594,,11.18248,1.553800000000001,,,7611.872304764521,-5913.7407984343445,7613.746512029749,-5974.787031701911
139.8431913138,16.4760907808,2.684166,1402,215,1,11.212,10.682,,-14.8,-41.9,10.6343,0.4504999999999994,,1402-215-1,-7835.4498280576745,5698.330955027498,2.6892478911460387,,10.6343,0.4504999999999994,,,9460.778338308519,-2057.890856877664,9463.07443123505,-2077.3714135757004
141.5788214499,17.5459497225,2.686801,1406,1148,1,12.486,11.871,,3.9,-22.7,11.81565,0.5227500000000002,,1406-1148-1,-1828.196203477758,9514.436049110207,2.689269990901898,,11.81565,0.5227500000000002,,,8327.261193692375,4911.387381110679,8329.34871262727,4948.610382165015
140.2776179999,16.93897184,2.686492,1402,194,1,12.772,11.916,,-2.3,2.1,11.83896,0.7275999999999999,,1402-194-1,-6319.389139129581,7353.072823581531,2.691208386757119,,11.83896,0.7275999999999999,,,9691.883083860865,154.25179236162484,9694.243425857756,154.9304387695418
142.8583531184,17.500733185,2.692461,1406,341,1,13.087,12.433,,-6.3,-34.2,12.37414,0.5559,,1406-341-1,2569.01226507263,9353.618828392342,2.6924609241819097,,12.37414,0.5559,,,5288.7401433148025,8072.968233868749,5290.107800065724,8130.483913558536
144.6776572475,13.8702820333,2.698519,827,1481,1,12.464,12.243,,31.3,-18.1,12.22311,0.18785,,827-1481-1,8979.260671738402,-3679.2724805421913,2.693520212650165,,12.22311,0.18785,,,-8710.157339025354,4240.567065581224,-8712.328793902954,4273.113055376845
139.44987417,15.73471889,2.691558,1402,1840,1,12.312,11.955,,0.0,0.0,11.92287,0.3034499999999994,,1402-1840-1,-9227.499735924235,3043.3532611030832,2.6970108639992505,,11.92287,0.3034499999999994,,,8399.464300620632,-4832.456997537652,8401.518007654999,-4880.906228908627
139.3930060866,14.29340456,2.695697,825,498,1,11.968,11.166,,18.6,-32.8,11.09382,0.6816999999999996,,825-498-1,-9487.780919424084,-2149.1768117385327,2.700263577920204,,11.09382,0.6816999999999996,,,4689.6719712072245,-8428.670570597835,4690.857953102302,-8522.487864873634
140.3446655268,12.8172925583,2.699977,825,830,1,11.805,11.274,,4.5,-4.6,11.226209999999998,0.4513500000000005,,825-830-1,-6205.3922193740555,-7500.017334553804,2.7019753888343603,,11.226209999999998,0.4513500000000005,,,-1489.523084199413,-9510.010285114391,-1489.906009076168,-9619.63266964987
142.0595139707,12.2024137233,2.705098,823,353,1,10.099,9.812,,13.3,-29.0,9.786169999999998,0.2439500000000007,,823-353-1,-180.09180974119712,-9739.259325079853,2.703803449507225,,9.786169999999998,0.2439500000000007,,,-7162.571582666864,-6531.201523014962,-7164.34434360873,-6599.831466582406
143.4353836153,17.2911767244,2.704736,1403,1053,1,11.315,10.792,,54.4,-27.5,10.74493,0.4445499999999997,,1403-1053-1,4558.96446854974,8608.6480535143,2.7039083409208495,,10.74493,0.4445499999999997,,,3411.0840322465515,9060.893846648865,3411.976012758088,9124.220406321901
143.65613194,12.65543361,2.708909,827,1291,1,12.559,11.505,,0.0,0.0,11.41014,0.8958999999999987,,827-1291-1,5433.7247077047605,-8088.353119977396,2.7046741890839785,,11.41014,0.8958999999999987,,,-9653.884026144295,-1293.1528627417422,-9656.227847900676,-1305.4057384572832
142.127319273,12.1998618722,2.707423,823,443,1,9.725,9.187,,-5.1,-3.5,9.13858,0.4573000000000002,,823-443-1,58.27352434676628,-9747.796683465738,2.7057564834652577,,9.13858,0.4573000000000002,,,-7327.150934792966,-6360.716476632305,-7328.961696623225,-6427.227741044649
142.7150847205,17.55021474,2.707048,1406,254,1,12.805,11.768,,-36.6,-2.4,11.67467,0.8814499999999992,,1406-254-1,2075.244681645229,9531.217355151093,2.707572828872599,,11.67467,0.8814499999999992,,,5749.223402661647,7823.092471757766,5750.70613077935,7879.094094960974
139.3655647679,14.3800161778,2.702789,825,855,1,12.287,12.479,,-6.7,-15.4,12.49628,-0.1631999999999986,,825-855-1,-9580.540691158983,-1835.4288537175657,2.707641222324905,,12.49628,-0.1631999999999986,,,4985.824372248761,-8291.689736295953,4987.082926459446,-8383.58890312679
143.325318771,12.4682893483,2.711619,824,30,1,10.698,10.206,,-52.1,-13.4,10.16172,0.4182000000000007,,824-30-1,4272.497950937958,-8769.882755034174,2.707776509044106,,10.16172,0.4182000000000007,,,-9392.807676197208,-2601.472902453928,-9395.088133860856,-2626.29039422519
142.4763479012,17.5953669289,2.711679,1406,1114,1,12.929,11.919,,-33.6,-18.2,11.8281,0.8584999999999998,,1406-1114-1,1254.6648715173333,9691.58289531578,2.712543660579772,,11.8281,0.8584999999999998,,,6413.7162298667145,7318.935402379492,6415.36150053767,7371.845072573029
144.5381882456,16.2851275022,2.71823,1410,309,1,12.816,11.438,,-19.3,-5.8,11.31398,1.1713,,1410-309-1,8394.410838914944,5017.681754205623,2.714560791397206,,11.31398,1.1713,,,-1819.2497306229063,9542.8685831119,-1819.7281483641707,9608.946507553792
140.93511306,17.37570472,2.712403,1402,372,1,13.33,12.004,,0.0,0.0,11.88466,1.1271000000000004,,1402-372-1,-4043.8955646628115,8910.703384436918,2.7161255759369687,,11.88466,1.1271000000000004,,,9346.34795171474,2868.224105696489,9348.654974605817,2890.7397511872714
144.0951043473,16.8384376717,2.718788,1410,131,1,10.845,10.406,,-12.3,-7.4,10.36649,0.37315,,1410-131-1,6843.153186790809,6995.697099006175,2.716335121668591,,10.36649,0.37315,,,689.188160138438,9694.892669961931,689.3697270648571,9761.8283542754
140.6315093649,12.5989445867,2.716173,826,1103,1,11.961,11.392,,18.6,-10.2,11.34079,0.4836500000000007,,826-1103-1,-5201.89705833008,-8293.941887993009,2.7174773746745338,,11.34079,0.4836500000000007,,,-2749.112911712919,-9289.832791827728,-2749.81713209913,-9396.154042313508
139.3228358935,15.2884357567,2.713535,1402,1599,1,11.617,11.049,,16.2,-15.6,10.99788,0.4828000000000012,,1402-1599-1,-9688.323983163411,1440.137739358723,2.718728534501995,,10.99788,0.4828000000000012,,,7506.542016296261,-6224.956523040754,7508.395011452754,-6289.803070292166
144.9250401787,14.9494954305,2.724777,827,1506,1,11.699,11.334,,-34.9,-32.5,11.30115,0.3102500000000002,,827-1506-1,9794.718806795536,219.84799880987478,2.719396680494725,,11.30115,0.3102500000000002,,,-6335.908792657911,7417.793287312514,-6337.5358046355705,7471.311101255194
141.36759944,17.53014833,2.716929,1406,278,1,13.402,11.799,,0.0,0.0,11.65473,1.3625499999999997,,1406-278-1,-2554.3702806204733,9460.44465509598,2.719961990391802,,11.65473,1.3625499999999997,,,8768.832184113406,4336.460104827197,8771.0200223531,4369.671425877925
144.7036737869,13.8537025314,2.728354,827,432,1,12.27,10.896,,-10.5,6.5,10.772340000000002,1.1678999999999988,,827-432-1,9069.945494679492,-3737.4029780183887,2.7228915438112984,,10.772340000000002,1.1678999999999988,,,-8813.804767868585,4269.608585417986,-8816.00265937858,4302.346964900254
143.7763008693,17.1082073942,2.724589,1403,947,1,12.474,11.764,,-8.6,-2.3,11.7001,0.6035000000000007,,1403-947-1,5735.820530296771,7958.4536606713,2.7229555282209987,,11.7001,0.6035000000000007,,,2143.914735641213,9506.894515323267,2144.478298328006,9572.765256331519
139.3882144117,14.1997073025,2.723518,825,442,1,12.599,11.723,,-9.6,-21.7,11.64416,0.7445999999999995,,825-442-1,-9509.40049642276,-2486.367987685143,2.7282349024196932,,11.64416,0.7445999999999995,,,4451.897996616532,-8665.295119069513,4453.027656776406,-8762.492126075736
139.31226778,15.30977139,2.726529,1402,1684,1,13.537,11.829,,0.0,0.0,11.67528,1.4518000000000002,,1402-1684-1,-9724.562824081988,1517.922550066562,2.7319048743398193,,11.67528,1.4518000000000002,,,7588.752697428032,-6200.713323729511,7590.625653182584,-6265.270399652901
141.8236730838,17.6236127825,2.72982,1406,1418,1,11.864,11.443,,-31.3,4.9,11.40511,0.3578500000000009,,1406-1418-1,-987.3770302712961,9793.584311605955,2.7321582355319234,,11.40511,0.3578500000000009,,,7977.951377498219,5720.096076507761,7979.9659127594105,5762.755512742194
142.133099515,12.1719449317,2.735389,823,485,1,12.454,10.623,,-3.5,-3.4,10.45821,1.556350000000001,,823-485-1,78.69028515452253,-9848.518335518978,2.733710577450912,,10.45821,1.556350000000001,,,-7416.009880576859,-6411.660795359801,-7417.843511764367,-6478.819583921551
140.4989335603,17.1598494236,2.731024,1402,855,1,10.978,10.308,,-25.8,-53.5,10.2477,0.5694999999999999,,1402-855-1,-5551.005059774213,8141.476302919002,2.735086105210515,,10.2477,0.5694999999999999,,,9771.421423614203,1243.183771704201,9773.811512801389,1252.9573324193475
143.9935178463,16.9566366947,2.737848,1403,1039,1,12.011,11.241,,-6.0,-0.7,11.1717,0.6544999999999996,,1403-1039-1,6489.109340167504,7418.672080096215,2.735760222210588,,11.1717,0.6544999999999996,,,1240.4039626568015,9710.80536952196,1240.7308169711634,9777.82299392185
140.7159347648,17.2907963133,2.731935,1402,673,1,10.513,9.488,,-41.7,-16.7,9.39575,0.8712500000000003,,1402-673-1,-4801.00156178054,8608.997771174114,2.7360304745299087,,9.39575,0.8712500000000003,,,9623.232247697766,2107.5591742534752,9625.596643390194,2124.2287727683397
139.32226667,15.40370417,2.73189,1402,1061,1,12.914,11.764,,0.0,0.0,11.6605,0.9775000000000004,,1402-1061-1,-9685.534810808103,1856.0051524386345,2.7372937279619225,,11.6605,0.9775000000000004,,,7815.641423695512,-5950.140583235828,7817.566520978053,-6011.65479608913
143.5701950944,17.2604136294,2.741896,1403,996,1,12.455,12.081,,-18.6,3.5,12.04734,0.3179000000000004,,1403-996-1,5021.78327636997,8501.854682375742,2.7407411853674417,,12.04734,0.3179000000000004,,,3024.083306666925,9334.582907327313,3024.876644340399,9399.466027471397
144.0338154424,16.9287003942,2.743134,1410,293,1,11.135,10.559,,-16.5,6.1,10.50716,0.4896000000000004,,1410-293-1,6628.692557455381,7319.453053825472,2.740939301569864,,10.50716,0.4896000000000004,,,1073.5843595656295,9749.120992449358,1073.8673867970786,9816.352014062717
144.7204991914,16.0072299803,2.74997,1410,475,1,12.138,11.447,,4.3,-25.1,11.38481,0.5873500000000006,,1410-475-1,9038.08614730155,4023.1596834226175,2.7459703726211075,,11.38481,0.5873500000000006,,,-2990.0228044509713,9365.103095189737,-2990.8074920668655,9430.158301415671
142.5989648714,12.2011808828,2.748121,823,381,1,11.258,10.722,,-22.3,-45.5,10.67376,0.4555999999999996,,823-381-1,1719.308105797426,-9742.57158986844,2.745983069772663,,10.67376,0.4555999999999996,,,-8425.622819484804,-5129.627845619328,-8427.686568232073,-5181.488266320155
144.585569257,13.568453595,2.751426,827,875,1,11.894,11.309,,8.5,-30.6,11.25635,0.4972500000000007,,827-875-1,8668.295944953497,-4770.9834363484615,2.7463740533281173,,11.25635,0.4972500000000007,,,-9320.075652263702,3290.192264292119,-9322.382876458458,3315.8430366834036
140.9244784411,17.4043440941,2.742645,1402,225,1,12.1,11.244,,-34.6,-5.7,11.16696,0.7275999999999999,,1402-225-1,-4080.8552891891395,9014.094095180353,2.7464529646854228,,11.16696,0.7275999999999999,,,9448.181662909497,2908.9229131705656,9450.514548594223,2931.731061144219
139.3941082639,14.1139238189,2.742087,825,682,1,11.708,10.972,,-9.0,-0.4,10.90576,0.6256000000000005,,825-682-1,-9492.528806170738,-2795.220888297079,2.746650288133702,,10.90576,0.6256000000000005,,,4209.768664397466,-8854.955807875624,4210.8398878100625,-8954.897564438359
139.3058615662,14.4668762664,2.743624,825,337,1,11.987,11.601,,-28.2,-4.7,11.566260000000002,0.3280999999999993,,825-337-1,-9785.818999675865,-1519.5817046406416,2.748750242769934,,11.566260000000002,0.3280999999999993,,,5358.218570798013,-8236.295846176003,5359.57023635285,-8327.447924370073
141.4770348325,12.2261369405,2.749755,823,449,1,11.297,10.745,,-23.6,-6.2,10.69532,0.4692000000000011,,823-449-1,-2232.785964287996,-9650.491374784437,2.7493929126860666,,10.69532,0.4692000000000011,,,-5733.888655651918,-7988.366619064331,-5735.330462800914,-8076.094440977024
139.9343922048,13.1430697756,2.747471,825,576,1,10.649,9.54,,-5.7,11.0,9.44019,0.94265,,825-576-1,-7636.9221240479,-6313.713505813087,2.7503473835749546,,9.44019,0.94265,,,347.5110597854165,-9788.845291095387,347.6008315881051,-9902.763827545303
141.9818688515,17.6533657971,2.748629,1406,449,1,10.12,9.445,,-71.2,34.9,9.38425,0.5737499999999991,,1406-449-1,-444.97863572624254,9901.156875505125,2.75098158039743,,9.38425,0.5737499999999991,,,7698.409193911046,6194.05840085514,7700.3619098068175,6239.8189010268925
139.8722022354,16.6165829889,2.746123,1402,1286,1,12.302,11.462,,10.6,-6.4,11.3864,0.7139999999999999,,1402-1286-1,-7729.349125920872,6204.672156161848,2.751119724542213,,11.3864,0.7139999999999999,,,9768.95853139292,-1646.3173306964632,9771.329818985232,-1661.8989272626836
142.8375904374,12.2455779755,2.755072,823,119,1,12.494,11.138,,-45.6,-28.0,11.01596,1.1525999999999998,,823-119-1,2558.8485553186447,-9580.008030351226,2.752286354961108,,11.01596,1.1525999999999998,,,-8861.250785130893,-4402.009028953719,-8863.413040567608,-4445.691066970454
139.2994376106,15.37644669,2.748971,1402,1028,1,11.189,10.459,,6.8,-17.5,10.3933,0.6205000000000004,,1402-1028-1,-9766.002282923751,1758.3273986331876,2.754273582658702,,10.3933,0.6205000000000004,,,7796.0082706677385,-6073.656461801328,7797.9304628735745,-6136.676325752164
143.8357456865,17.106001865,2.756902,1403,1012,1,13.164,11.827,,-4.4,-7.8,11.70667,1.1364499999999995,,1403-1012-1,5940.839043642631,7952.139974652621,2.7551613293924935,,11.70667,1.1364499999999995,,,2003.1328866817762,9655.20858440388,2003.6603880603784,9721.905356886387
140.5482994679,17.2166110089,2.751757,1402,485,1,10.951,10.415,,-11.3,-7.7,10.36676,0.4556000000000011,,1402-485-1,-5379.1217957255285,8346.039716904608,2.756015974425445,,10.36676,0.4556000000000011,,,9810.299682586541,1505.4144671514591,9812.702384341794,1517.300947648346
143.7487217251,12.6545084147,2.760634,827,1317,1,6.766,6.807,47022.0,-11.3,-23.3,6.81069,-0.0348500000000003,47022.0,827-1317-1,5759.162158536369,-8090.317360902164,2.7564325611314717,6.81,6.81,-0.023,82865.0,B9,-9871.332156775847,-1053.2491803305677,-9873.729691352577,-1063.318273393291
139.2590340356,14.8360080167,2.752011,825,1530,1,12.303,11.062,,-0.4,-2.4,10.95031,1.0548500000000012,,825-1530-1,-9931.660635626824,-187.1607498713368,2.757154247255196,,10.95031,1.0548500000000012,,,6451.2751559598055,-7471.266851708555,6452.88737852012,-7552.029966021718
139.699607787,13.4423938222,2.754341,825,742,1,11.316,9.887,,-4.7,-0.5,9.75839,1.2146500000000002,,825-742-1,-8449.921612271635,-5227.246339743492,2.7578846556893524,,9.75839,1.2146500000000002,,,1699.40806969136,-9677.367496231072,1699.8462359020077,-9789.57620758882
142.3872482809,17.6518617833,2.757956,1406,756,1,9.237,7.418,46545.0,-14.7,-4.4,7.25429,1.54615,46545.0,1406-756-1,948.8053950538075,9895.26366615942,2.759156159703595,7.26,7.26,1.489,81977.0,K0,6768.993958446443,7225.990229700369,6770.728787239418,7278.303812712793
142.2686982807,17.6627383217,2.759987,1406,282,1,12.207,11.26,,-5.9,-3.8,11.17477,0.8049500000000008,,1406-282-1,541.8457017250222,9934.04610082827,2.76141890733129,,11.17477,0.8049500000000008,,,7068.076579981723,6949.106224134538,7069.882910061583,6999.687445584962
144.9690670722,14.88004626,2.767515,827,1597,1,11.179,10.877,,-11.5,2.6,10.84982,0.2566999999999996,,827-1597-1,9952.020758893159,-27.53834363005799,2.762318600546077,,10.84982,0.2566999999999996,,,-6625.273586375006,7371.520611404301,-6626.974170314958,7424.734937476816
143.2697618818,17.4375190378,2.766386,1403,969,1,13.007,11.883,,-2.9,-25.6,11.78184,0.9554000000000004,,1403-969-1,3984.6372654308498,9132.89427341951,2.76570847171151,,11.78184,0.9554000000000004,,,4184.2127471905615,8979.860107044236,4185.305956097787,9042.693514676572
142.6105554826,17.6296120183,2.765257,1406,525,1,11.582,11.085,,-10.3,-10.5,11.04027,0.4224499999999999,,1406-525-1,1716.0858484030487,9816.41391705475,2.765984369356504,,11.04027,0.4224499999999999,,,6200.821625756079,7744.303899548546,6202.41958143657,7799.802828652108
139.950011655,16.731240945,2.761833,1402,1092,1,11.477,10.823,,15.9,-17.4,10.76414,0.5559,,1402-1092-1,-7456.315832560212,6614.848650937372,2.766623021702641,,10.76414,0.5559,,,9894.44813260283,-1174.2301435526426,9896.850932851394,-1185.4155738038232
144.1024736594,16.9033585675,2.77012,1410,425,1,12.311,11.44,,-43.8,-65.7,11.36161,0.7403500000000004,,1410-425-1,6865.656304018625,7228.501514447858,2.767117903593566,,11.36161,0.7403500000000004,,,848.3197493981437,9865.326969932943,848.5437084053907,9933.199092146073
139.7459996287,16.4792761966,2.762238,1402,130,1,11.707,11.132,,-46.6,51.0,11.08025,0.4887500000000009,,1402-130-1,-8172.284871977006,5716.141757824596,2.7681190945884464,,11.08025,0.4887500000000009,,,9697.63963943219,-2295.6312769967135,9699.993740224032,-2317.4637136117717
143.9691076058,17.0244611358,2.773683,1403,1187,1,11.019,10.128,,-36.0,-44.7,10.04781,0.75735,,1403-1187-1,6402.076601182545,7661.289104525211,2.7711937762934826,,10.04781,0.75735,,,1479.5656150207278,9806.247154672521,1479.9559505498808,9873.786808259492
143.2692241442,12.3661258422,2.781282,824,115,1,12.104,11.754,,-1.3,-28.6,11.7225,0.2974999999999997,,824-115-1,4078.336806538991,-9139.719572233444,2.777921763543863,,11.7225,0.2974999999999997,,,-9540.478858190112,-2988.2640636491838,-9542.796744118856,-3017.007667718557
139.3875680511,15.8177667433,2.774456,1402,864,1,12.96,12.009,,8.9,-4.0,11.92341,0.8083500000000005,,1402-864-1,-9439.948772303347,3345.327075085313,2.7798114858293816,,11.92341,0.8083500000000005,,,8766.24644676601,-4791.3056061034085,8768.389683576397,-4839.337601362868
139.4469380534,13.86496147,2.778031,825,384,1,11.643,10.556,,-13.0,3.6,10.45817,0.9239500000000012,,825-384-1,-9318.51487355962,-3694.5797649495817,2.782311665470754,,10.45817,0.9239500000000012,,,3421.8270624186866,-9315.029504330494,3422.7040737280468,-9421.769255931436
144.036680461,16.9868324767,2.787909,1410,201,1,11.731,11.529,,-13.8,-1.2,11.51082,0.1716999999999999,,1410-201-1,6636.826524928476,7529.000859775943,2.7857469787310563,,11.51082,0.1716999999999999,,,1224.8630709434185,9893.515647625973,1225.186555036924,9961.537942198427
139.7312365381,16.4915801178,2.781054,1402,1236,1,11.96,11.294,,19.7,6.8,11.23406,0.5661000000000003,,1402-1236-1,-8221.116504568963,5759.9012753608895,2.7861597204626904,,11.23406,0.5661000000000003,,,9762.76659864568,-2303.0214613974713,9765.13659237068,-2324.935830500372
141.1309535027,17.5295245911,2.7843,1405,1353,1,13.014,12.028,,0.3,-29.2,11.93926,0.8380999999999991,,1405-1353-1,-3367.7621631494717,9461.071869656023,2.7874084293471104,,11.93926,0.8380999999999991,,,9309.1251744774,3732.8899814161578,9311.437206034496,3761.7602353705893
144.0236909241,17.0020122422,2.790934,1410,313,1,12.56,11.305,,1.4,-14.6,11.19205,1.0667500000000003,,1410-313-1,6591.965520554215,7582.954126054987,2.788808495978969,,11.19205,1.0667500000000003,,,1294.9754038520125,9895.768602058557,1295.317414977445,9963.802261008934
143.7325334616,17.2188624461,2.790713,1403,1136,1,12.303,11.525,,-23.2,-0.5,11.45498,0.6613000000000003,,1403-1136-1,5581.693356420258,8356.33434017694,2.7892004111525175,,11.45498,0.6613000000000003,,,2543.6924876852413,9654.935749432507,2544.3623640521437,9721.617380370451
143.3556867544,17.4271610617,2.791362,1403,970,1,12.135,11.435,,-6.6,0.7,11.372,0.5949999999999994,,1403-970-1,4280.2662888739615,9098.09102267861,2.790748623658457,,11.372,0.5949999999999994,,,3961.9941241579213,9176.729440487195,3963.031664280687,9240.688274610497
144.4915820958,13.3362264,2.796781,827,833,1,12.326,11.147,,11.7,5.8,11.04089,1.00215,,827-833-1,8347.794437646358,-5610.5046765433735,2.7916785922687044,,11.04089,1.00215,,,-9735.09846443804,2499.1750268366504,-9737.496092639454,2518.8498455730924
143.5378456162,12.48030617,2.797526,824,192,1,11.398,10.785,,-24.5,-16.4,10.72983,0.5210499999999996,,824-192-1,5021.059651194371,-8722.856827425616,2.7935492508743085,,10.72983,0.5210499999999996,,,-9854.438224338754,-2016.0998551113917,-9856.830260548166,-2035.2317969604483
139.995135215,13.0112325547,2.79074,825,733,1,11.997,11.355,,-33.5,-14.5,11.29722,0.5456999999999995,,825-733-1,-7428.849913234454,-6791.58773010322,2.7937447824950996,,11.29722,0.5456999999999995,,,-147.88123028146202,-9947.95657562814,-147.91954274727678,-10064.372545664555
141.0351394577,12.313613125,2.794373,823,437,1,11.799,11.195,,-14.7,-11.8,11.14064,0.5133999999999993,,823-437-1,-3787.825767275173,-9330.106807264636,2.7949152075808463,,11.14064,0.5133999999999993,,,-4462.3103861119525,-8925.417294349094,-4463.4471769839265,-9026.414369863312
140.5539985001,12.5491056332,2.797999,826,789,1,9.45,8.447,45947.0,-124.5,-195.8,8.356729999999999,0.85255,45947.0,826-789-1,-5479.7139910799415,-8477.068104875761,2.801641637541681,8.34,8.34,0.87,80811.0,K0,-2701.6582613008163,-9614.22176569534,-2702.354153984067,-9725.493874615586
144.4576662552,16.5664246833,2.806798,1410,324,1,10.771,10.089,,-1.6,18.3,10.02762,0.5797000000000003,,1410-324-1,8105.380916508765,6029.190555064112,2.803842391588802,,10.02762,0.5797000000000003,,,-871.1359496453472,9995.661888521507,-871.3663028488666,10064.246584679846
145.0104086389,15.04214572,2.809561,1410,610,1,11.661,10.769,,-31.4,-0.9,10.68872,0.7581999999999995,,1410-610-1,10088.028472225977,558.4443997396152,2.80427907212667,,10.68872,0.7581999999999995,,,-6277.388864428915,7859.261540420665,-6279.0086364622975,7915.4424479794125
144.9379725446,14.28921593,2.80983,827,297,1,12.449,12.172,,-11.3,-12.0,12.14707,0.2354499999999993,,827-297-1,9870.70085792966,-2158.685745723387,2.8044228017744577,,12.14707,0.2354499999999993,,,-8164.790238287318,5905.361352676027,-8166.855719011462,5949.212321002901
140.6082357607,17.31408012,2.80389,1402,880,1,10.8,10.519,,-7.9,-6.4,10.49371,0.2388500000000004,,1402-880-1,-5170.261338688721,8696.0306582273,2.808011824200842,,10.49371,0.2388500000000004,,,9933.372803519746,1890.903916460294,9935.810725834177,1905.837542805711
144.6641833093,13.5782429386,2.813644,827,887,1,10.201,9.165,,-33.4,-27.7,9.07176,0.8806000000000012,,827-887-1,8942.440868967158,-4732.777550145149,2.8082019168865666,,9.07176,0.8806000000000012,,,-9473.443517239615,3518.931454340511,-9475.792738738166,3546.2351877181923
141.4741710065,17.6464602975,2.805458,1406,1311,1,12.61,11.731,,7.7,6.7,11.65189,0.7471499999999996,,1406-1311-1,-2186.6980880961364,9878.96361726248,2.808327062931648,,11.65189,0.7471499999999996,,,8837.741561156388,4885.4796140157605,8839.9569217994,4922.472173655348
140.5655621142,12.53072161,2.808071,826,621,1,12.632,11.342,,-8.3,0.7,11.2259,1.0964999999999991,,826-621-1,-5436.34183087343,-8538.402133955778,2.8094572999943495,,11.2259,1.0964999999999991,,,-2776.3014536179153,-9622.369504857714,-2777.0166829218647,-9733.771203702074
141.748702282,12.115556075,2.81306,823,517,1,11.036,10.389,,-44.7,-20.7,10.33077,0.5499500000000002,,823-517-1,-1277.0360625961468,-10051.62814985129,2.8123020060156794,,10.33077,0.5499500000000002,,,-6668.117185024885,-7545.794746009195,-6669.785192163489,-7627.582517315158
140.3195491326,12.6923813528,2.812994,825,987,1,12.301,11.515,,-2.9,-15.4,11.44426,0.6680999999999996,,825-987-1,-6297.501835878305,-7950.203465910725,2.815011157437988,,11.44426,0.6680999999999996,,,-1764.9945176478786,-9872.113202043676,-1765.451190923806,-9987.364347751443
144.7642563984,13.7577630811,2.820746,827,1343,1,13.027,11.654,,6.4,-9.5,11.53043,1.1670499999999997,,827-1343-1,9286.718890339474,-4081.33097156182,2.815504905153605,,11.53043,1.1670499999999997,,,-9214.825053130322,4203.9304966776135,-9217.12204961584,4236.162339913931
139.280094288,14.25341221,2.811436,825,1308,1,12.193,10.915,,-3.9,-4.2,10.79998,1.0863000000000005,,825-1308-1,-9884.952206570162,-2287.841066052753,2.8161343183597234,,10.79998,1.0863000000000005,,,4849.570311542772,-8812.20909848752,4850.8037272143065,-8911.57674431068
139.5736435881,16.315234655,2.815758,1402,1718,1,13.025,11.693,,24.3,-15.8,11.57312,1.1322000000000003,,1402-1718-1,-8773.331286609817,5130.102441219637,2.820811509397179,,11.57312,1.1322000000000003,,,9658.341882361956,-3125.8359721080246,9660.689199665905,-3156.0065129018935
139.9018588586,13.0705132,2.818709,825,590,1,11.622,10.541,,-2.9,-4.8,10.44371,0.9188499999999996,,825-590-1,-7753.695926330906,-6574.774479196359,2.8216043800947035,,10.44371,0.9188499999999996,,,229.81344193044814,-10045.43437773339,229.87308913170656,-10163.396003953978
139.226656339,15.3698435164,2.817125,1402,1017,1,10.393,9.793,,-14.8,-29.5,9.739,0.5100000000000012,,1402-1017-1,-10020.08904416406,1737.5444782615934,2.822609819449738,,9.739,0.5100000000000012,,,7949.092271656429,-6274.978457483598,7951.055718565,-6340.5014176475825
144.5366075887,13.3356433092,2.833368,827,706,1,11.698,11.119,,-16.2,-10.5,11.06689,0.4921500000000005,,827-706-1,8505.110896301141,-5611.513432923056,2.828118755551686,,11.06689,0.4921500000000005,,,-9840.255380878863,2615.290028725693,-9842.680787122463,2635.835595985908
142.7885640475,12.1560969422,2.829665,823,69,1,12.578,10.977,46695.0,60.1,-189.2,10.83291,1.3608499999999992,46695.0,823-69-1,2389.972622271194,-9907.62223195943,2.8287571226240154,11.26,11.26,1.3608499999999992,,,-8994.130101835923,-4741.964068539287,-8996.328684709175,-4789.46945110843
141.308692725,12.1854106867,2.829852,823,339,1,11.737,10.365,,-19.5,1.6,10.24152,1.1662,,823-339-1,-2826.2306176531124,-9795.666442199576,2.82970466489477,,10.24152,1.1662,,,-5448.583301437521,-8521.089593087376,-5449.963319669452,-8616.29620923362
144.5414347208,13.3378910711,2.836007,827,1383,1,12.116,11.557,,-14.4,-10.4,11.50669,0.4751499999999993,,827-1383-1,8522.013435559767,-5603.239485818191,2.830769153275944,,11.50669,0.4751499999999993,,,-9845.286147157094,2633.287747158039,-9847.713077231048,2653.9692688170494
139.18058139,14.91545944,2.826405,825,81,1,12.585,11.879,,0.0,0.0,11.81546,0.6001000000000011,,825-81-1,-10201.521809275773,102.7846718413533,2.8315923427745666,,11.81546,0.6001000000000011,,,6847.1630469005395,-7480.4527324695655,6848.874628781576,-7561.384015716328
139.667668658,13.3533275683,2.828885,825,880,1,11.973,11.26,,-12.8,-19.5,11.19583,0.6060500000000008,,825-880-1,-8565.705068006251,-5547.766914332948,2.832507651179196,,11.19583,0.6060500000000008,,,1536.5935473028114,-9972.118614004708,1536.9918453451996,-10088.938354216389
142.3333618775,17.7306550122,2.831915,1406,1420,1,11.877,11.313,,-7.7,-5.8,11.26224,0.4794,,1406-1420-1,763.6228725012122,10179.30127546625,2.8332172342408755,,11.26224,0.4794,,,7104.264149035342,7275.767035279226,7106.086023163391,7328.3583277238085
139.2353491742,14.3332941144,2.835801,825,542,1,12.193,11.882,,-7.8,-74.3,11.85401,0.2643499999999999,,825-542-1,-10037.85061567607,-1999.864684563914,2.840761855911941,,11.85401,0.2643499999999999,,,5166.363205427025,-8736.471373626462,5167.675799606344,-8834.762620996627
142.2219738775,12.0667866817,2.842606,823,605,1,11.399,11.381,,-1.9,-32.6,11.37938,0.015299999999999,,823-605-1,392.04764495904175,-10228.675246778048,2.841054160203074,,11.37938,0.015299999999999,,,-7908.216750179346,-6429.376294683793,-7910.172782393302,-6496.81962291164
145.0521233678,14.8681475175,2.847963,827,1497,1,11.348,10.67,,1.4,-2.5,10.60898,0.5763000000000007,,827-1497-1,10242.57483147701,-66.7843319392958,2.8428848729236553,,10.60898,0.5763000000000007,,,-6847.440947945064,7561.634471601925,-6849.202272347594,7615.985002471212
143.1505745762,17.5679559933,2.84368,1406,235,1,12.077,11.09,,-45.6,-13.2,11.00117,0.8389500000000001,,1406-235-1,3571.3867318244165,9601.451849929663,2.8432619815500657,,11.00117,0.8389500000000001,,,4808.804012824041,8981.853700822192,4810.060557535995,9044.66684005595
142.2588286815,17.7487772417,2.845395,1406,220,1,12.32,11.97,,2.3,-9.3,11.9385,0.2974999999999997,,1406-220-1,507.9527105578469,10244.347836202303,2.8468031525040467,,11.9385,0.2974999999999997,,,7322.5783450457,7128.654816687693,7324.453375907967,7180.324594989989
141.0728629196,12.24311294,2.846872,823,439,1,12.854,11.708,,-3.2,-6.0,11.60486,0.9740999999999992,,823-439-1,-3655.8369429285367,-9584.844491620674,2.8472044224291815,,11.60486,0.9740999999999992,,,-4740.371081141748,-8994.757806038248,-4741.580104876999,-9096.801954031223
139.2369989134,15.5563981356,2.842805,1402,428,1,11.059,10.835,,0.7,-0.8,10.81484,0.1903999999999986,,1402-428-1,-9975.012013795887,2410.2230444406073,2.848225969648695,,10.81484,0.1903999999999986,,,8422.149477277626,-5800.4670246861915,8424.222042858217,-5860.249377965901
143.3889777724,17.4804618917,2.853183,1403,1124,1,12.3,11.234,,-18.3,-2.9,11.13806,0.9061000000000006,,1403-1124-1,4393.35086143016,9291.05230502437,2.8524774788560743,,11.13806,0.9061000000000006,,,4031.218974638519,9388.211471552051,4032.27733250781,9453.355184275724
143.1164204267,12.2252724542,2.856273,824,1629,1,11.876,11.882,,-6.2,-5.1,11.88254,-0.0051000000000001,,824-1629-1,3542.459356976766,-9649.480152451612,2.852966790308798,,11.88254,-0.0051000000000001,,,-9565.985248331295,-3719.8020918059538,-9568.313836797255,-3756.175691969402
139.1639715286,14.7324937033,2.848861,825,151,1,12.336,11.562,,-64.3,0.4,11.49234,0.6579000000000007,,825-151-1,-10269.869533088447,-555.8627299569586,2.854552974491137,,11.49234,0.6579000000000007,,,6400.040571373491,-7962.28834065618,6401.649687635455,-8049.725764149564
142.6967770174,12.10787351,2.857743,823,523,1,12.996,11.319,,-5.4,-5.6,11.16807,1.4254499999999997,,823-523-1,2065.2342994478017,-10077.507654937932,2.8551207012663213,,11.16807,1.4254499999999997,,,-8905.634267061614,-5093.601269243371,-8907.815561301011,-5145.1117745673655
140.9153804192,12.2942871267,2.857445,823,395,1,12.635,11.76,,-7.5,-7.9,11.68125,0.74375,,823-395-1,-4209.808057444927,-9397.95250164001,2.8581176506672707,,11.68125,0.74375,,,-4232.982331523359,-9280.769747989,-4234.066809149664,-9387.04817071203
139.4338133686,16.1456729038,2.856808,1402,111,1,11.0,10.082,,68.0,-133.0,9.99938,0.7802999999999993,,1402-111-1,-9263.698993706534,4521.81050807279,2.861061072813671,,9.99938,0.7802999999999993,,,9528.950198233399,-3888.3739055658343,9531.271100435106,-3926.5456226726965
139.4524390394,13.6594774361,2.857645,825,544,1,9.407,8.942,45609.0,-47.7,0.7,8.90015,0.3952499999999999,45609.0,825-544-1,-9308.996059497635,-4435.6043452246595,2.8619896692172553,8.91,8.91,0.424,80045.0,F8,2861.441086729093,-9792.50907642046,2862.1804901759606,-9906.55926065023
143.8773397726,12.6126499289,2.868173,827,1131,1,10.817,10.377,,-13.0,-4.6,10.3374,0.3739999999999995,,827-1131-1,6212.8082094085285,-8237.846571262231,2.863723767267611,,10.3374,0.3739999999999995,,,-10282.70703653585,-814.0259202331554,-10285.205895879204,-821.9742440709074
142.1058385102,17.7694724797,2.862301,1406,1208,1,9.908,9.403,,-25.9,-16.3,9.35755,0.4292499999999991,,1406-1208-1,-18.004059716157084,10318.632514687864,2.863903675013347,,9.35755,0.4292499999999991,,,7727.1804502340765,6786.766254550466,7729.152242901845,6836.278719112229
140.8638380874,17.5079215392,2.860959,1405,1141,1,11.595,11.234,,-0.1,-8.7,11.20151,0.3068500000000005,,1405-1141-1,-4286.443900253349,9389.014574906678,2.8646110889223197,,11.20151,0.3068500000000005,,,9864.950441075434,3003.3925816129436,9867.388190021897,3026.8541929281564
139.8408821964,13.0694957789,2.86448,825,756,1,12.05,11.731,,-12.9,-9.2,11.70229,0.2711500000000007,,825-756-1,-7968.237213262607,-6576.665239419806,2.8675376070724368,,11.70229,0.2711500000000007,,,370.7798858417639,-10204.595915472455,370.8764116116053,-10325.104389086298
143.5437505946,17.4242293403,2.871124,1403,938,1,12.066,11.819,,-4.6,-7.3,11.79677,0.2099499999999999,,1403-938-1,4927.288038016202,9091.842827612383,2.8701437575228987,,11.79677,0.2099499999999999,,,3527.9217477988946,9653.79939316446,3528.850897945652,9720.441592420273
140.3551977668,17.2293549755,2.867136,1402,860,1,10.466,9.923,,-23.4,3.2,9.87413,0.4615499999999993,,1402-860-1,-6044.134394450476,8397.980264687094,2.8717222870582266,,9.87413,0.4615499999999993,,,10290.483379616999,1046.3296277701281,10292.998735012832,1054.4240822739087
139.5164507735,16.3227611083,2.86727,1402,1697,1,11.076,9.679,,24.6,-26.5,9.55327,1.18745,,1402-1697-1,-8971.024871714311,5159.435902208364,2.8722770035903173,,9.55327,1.18745,,,9811.475503069885,-3252.882255815752,9813.860911910295,-3284.387321799046
139.6393285001,16.5189487289,2.869343,1402,39,1,12.018,11.714,,-3.6,-14.9,11.68664,0.2584000000000002,,1402-39-1,-8538.532603846163,5861.820259919315,2.874530611842226,,11.68664,0.2584000000000002,,,10049.628508002741,-2471.0572418578868,10052.0688198753,-2494.671967822802
140.3949584129,12.5634034725,2.872968,825,1092,1,11.078,10.49,,11.3,-6.3,10.43708,0.4997999999999993,,825-1092-1,-6035.424239007929,-8416.984410698527,2.874590758656258,,10.43708,0.4997999999999993,,,-2287.931790649766,-9984.181608769235,-2288.5250217559083,-10101.219012552097
144.2957731335,16.8674880728,2.877488,1410,473,1,12.3,11.75,,6.0,-4.7,11.7005,0.4675000000000006,,1410-473-1,7535.25168573442,7107.85336671235,2.8749870010544614,,11.7005,0.4675000000000006,,,313.73622553056197,10283.74313754883,313.8194837442872,10353.893701485966
139.738598171,13.1777607067,2.874498,825,630,1,13.058,11.495,,-1.8,-8.0,11.35433,1.3285500000000006,,825-630-1,-8323.199125329744,-6182.91751954191,2.877694214339391,,11.35433,1.3285500000000006,,,900.7536444370422,-10208.618593430465,900.9881617046525,-10329.19808435377
143.8268354549,12.5606824322,2.881024,827,1373,1,9.625,8.736,,61.2,-90.2,8.655990000000001,0.7556499999999994,,827-1373-1,6038.527693611937,-8428.767290308942,2.8777452820749345,,8.655990000000001,0.7556499999999994,,,-10309.797700524963,-1068.7795682249762,-10312.302183641512,-1079.0544073218182
143.6255042821,17.38873829,2.879196,1403,994,1,12.189,11.63,,-28.9,-25.2,11.57969,0.4751499999999993,,1403-994-1,5208.767095317334,8965.48461038967,2.8777884952686654,,11.57969,0.4751499999999993,,,3246.640284528609,9779.729841472312,3247.4966445654723,9847.077459628914
142.7394517094,17.7238158233,2.881589,1406,14,1,11.887,10.757,,-6.9,-13.2,10.6553,0.9605000000000008,,1406-14-1,2157.983011681705,10157.614769907133,2.8820990278854706,,10.6553,0.9605000000000008,,,6162.6608294582875,8298.007907288662,6164.258820427981,8356.790154558323
139.9536049959,12.9223965925,2.881248,825,1004,1,9.321,8.916,,-9.6,-8.1,8.87955,0.3442499999999994,,825-1004-1,-7577.238404057031,-7110.574032570172,2.883976518311755,,8.87955,0.3442499999999994,,,-287.9074606272558,-10265.60962945186,-287.9825002643728,-10387.101182915325
140.3605574515,12.5744775208,2.883401,825,1019,1,11.6,10.956,,-30.6,7.9,10.89804,0.5474000000000001,,825-1019-1,-6157.306722652755,-8375.852550811647,2.8852098533886483,,10.89804,0.5474000000000001,,,-2176.2896080061787,-10047.038727018042,-2176.8545459266456,-10165.069420109367
142.8643544863,17.6996872078,2.885902,1406,17,1,10.776,10.239,,-9.9,-8.6,10.19067,0.4564499999999992,,1406-17-1,2587.087612876504,10072.246744388447,2.886220426193481,,10.19067,0.4564499999999992,,,5814.051475050608,8560.708185316053,5815.563510817713,8621.043895503171
141.3953996993,17.7093845994,2.883876,1406,1122,1,10.2,9.865,,6.9,-14.2,9.83485,0.2847499999999992,,1406-1122-1,-2456.5758236033207,10106.435128202094,2.8866416194437625,,9.83485,0.2847499999999992,,,9186.929401035703,4835.024623208131,9189.23156115059,4871.634129655495
139.1808999207,15.487839525,2.881295,1402,367,1,11.745,11.032,,-51.5,-64.6,10.96783,0.6060499999999993,,1402-367-1,-10174.690972354649,2164.0635972840446,2.887077305692362,,10.96783,0.6060499999999993,,,8370.60835363676,-6109.457881466113,8372.67333586567,-6172.993507763618
145.0551698331,14.4245561492,2.89411,827,221,1,12.522,11.368,,-15.8,-3.5,11.26414,0.9809,,827-221-1,10273.931196519849,-1665.5140402283378,2.888676227634445,,11.26414,0.9809,,,-8063.638639011895,6530.294528145279,-8065.691097938264,6578.162840919698
140.4339484394,17.3115266717,2.891231,1402,1310,1,11.837,11.184,,14.2,7.0,11.125229999999998,0.5550500000000004,,1402-1310-1,-5769.683554035389,8692.103743122618,2.8955138776544653,,11.125229999999998,0.5550500000000004,,,10328.254633261578,1443.6090832431332,10330.783973406478,1454.9289638060432
142.4540421983,17.7833306374,2.895569,1406,1076,1,12.67,11.488,,-147.4,-13.6,11.38162,1.0047000000000004,,1406-1076-1,1173.9322792618023,10369.823445208362,2.8964358049758467,,11.38162,1.0047000000000004,,,6974.40599167958,7706.484500290624,6976.202875054314,7761.697541592994
140.7087011164,17.4721476908,2.894463,1402,73,1,12.138,11.434,,-12.7,-10.5,11.37064,0.5984000000000005,,1402-73-1,-4821.017341159911,9263.581395689596,2.8983572313228243,,11.37064,0.5984000000000005,,,10125.945360532663,2523.9733207478107,10128.440036874004,2543.78672411432
142.0999151104,17.8070916135,2.899942,1406,1149,1,10.071,9.473,,-76.1,-24.1,9.41918,0.5082999999999991,,1406-1149-1,-39.6717278210178,10454.194727637523,2.901481107916826,,9.41918,0.5082999999999991,,,7842.918430150757,6860.103362108319,7844.921341440915,6910.062980607255
140.4998713836,17.3607943414,2.89807,1402,328,1,12.59,11.399,,-24.8,-38.9,11.29181,1.0123500000000003,,1402-328-1,-5542.510755717213,8866.699848060029,2.9020910078750317,,11.29181,1.0123500000000003,,,10308.032104780728,1727.1410873491072,10310.560143295897,1740.7300779583231
144.0459080583,12.6886034022,2.910776,827,873,1,10.063,8.807,47127.0,-4.0,-13.6,8.69396,1.0676,47127.0,827-873-1,6803.914912945662,-7959.8804128872025,2.906263429718073,8.69,8.69,1.037,83071.0,G5,-10467.160516122021,-192.9276979568733,-10469.70794270731,-195.37124784060094
140.159132562,17.1273449844,2.903143,1402,97,1,8.194,7.803,45827.0,-19.5,-9.5,7.76781,0.3323500000000007,45827.0,1402-97-1,-6722.597178316838,8036.095639445379,2.9078398303250204,7.77,7.77,0.37,80510.0,F2,10470.175926481095,304.92036566033124,10472.72797042165,306.7813647827651
143.6878578582,17.3891245367,2.910272,1403,1126,1,11.943,11.521,,-2.6,-2.0,11.483020000000002,0.3586999999999989,,1403-1126-1,5424.009471485687,8969.237385963426,2.90909502898413,,11.483020000000002,0.3586999999999989,,,3106.5994543731836,9942.301920761136,3107.4205054681606,10010.546230587395
141.7945220852,17.7990209689,2.907144,1406,1309,1,12.491,11.814,,-12.7,5.8,11.75307,0.5754499999999997,,1406-1309-1,-1086.1337449784553,10426.748053732463,2.909487046880942,,11.75307,0.5754499999999997,,,8516.901510765629,6064.358952062854,8519.05962320612,6109.204909336093
141.7660346675,17.801051685,2.912124,1406,1366,1,12.591,11.512,,-13.9,-7.4,11.41489,0.917149999999999,,1406-1366-1,-1183.9297494900854,10433.894679009392,2.9143866580223814,,11.41489,0.917149999999999,,,8587.149207496142,5996.409076994311,8589.323731725439,6040.808361139082
139.11222222,15.245765,2.909972,1402,1514,1,13.158,11.95,,0.0,0.0,11.84128,1.0268000000000002,,1402-1514-1,-10423.877263896033,1296.491419097082,2.915313389161873,,11.84128,1.0268000000000002,,,7887.281396974809,-6862.330136377125,7889.240439391786,-6935.271624242853
143.9573680046,12.6071536256,2.919779,827,1294,1,11.745,11.574,,4.1,-8.8,11.55861,0.1453499999999994,,827-1294-1,6495.06284959465,-8255.832427361987,2.9153991532860886,,11.55861,0.1453499999999994,,,-10483.475558837277,-616.6184938021347,-10486.024407733461,-622.818279502928
140.0787279737,17.0717456778,2.91216,1402,1281,1,12.382,12.261,,-0.6,1.6,12.25011,0.1028500000000003,,1402-1281-1,-7001.042891823537,7838.656627105704,2.916909123936886,,12.25011,0.1028500000000003,,,10507.34553697157,-31.488800075134318,10509.90395281069,-32.52988657397709
139.2955738976,15.9759720733,2.91166,1402,1007,1,11.484,10.827,,-13.6,-32.8,10.76787,0.55845,,1402-1007-1,-9752.694049688424,3919.068317887995,2.9171068077789957,,10.76787,0.55845,,,9402.794659888454,-4645.892464701033,9405.092400611635,-4692.374094534568
144.9370882403,15.9509825447,2.922324,1410,533,1,11.436,10.717,,-20.6,-38.5,10.65229,0.6111499999999995,,1410-533-1,9791.141442429442,3829.8545103713586,2.9178987910625196,,10.65229,0.6111499999999995,,,-3634.3148967333627,9797.609110920508,-3635.2737653864874,9865.04034289591
139.10402222,15.22203722,2.915339,1402,1622,1,13.905,11.654,,0.0,0.0,11.45141,1.9133499999999992,,1402-1622-1,-10453.58250406211,1211.3584642973046,2.920671597203146,,11.45141,1.9133499999999992,,,7843.339726396904,-6940.061714336247,7845.289381241473,-7014.0010709178305
140.2581104307,17.2211889066,2.916382,1402,514,1,11.642,10.855,,-38.1,-15.9,10.78417,0.6689499999999992,,1402-514-1,-6379.174435617518,8371.122937454702,2.9209978958265816,,10.78417,0.6689499999999992,,,10492.757507714618,780.1581123376358,10495.31963821438,786.0225224069175
143.0023701213,12.1148708455,2.925337,824,292,1,12.09,11.492,,-39.7,-2.3,11.43818,0.5082999999999991,,824-292-1,3141.3485640820395,-10049.223211275168,2.9221216266906085,,11.43818,0.5082999999999991,,,-9598.669451200543,-4279.0895153885895,-9601.011122200825,-4321.5209570787065
139.6190951914,16.5764616589,2.917763,1402,219,1,11.126,10.411,,9.8,-36.4,10.34665,0.6077499999999999,,1402-219-1,-8605.8401831064,6069.4861034912565,2.9227029653279377,,10.34665,0.6077499999999999,,,10249.57140573615,-2384.3699848806386,10252.060308094824,-2407.1572978987806
141.660468466,17.80068525,2.924833,1406,744,1,11.875,10.77,,-14.9,-13.8,10.67055,0.9392500000000004,,1406-744-1,-1546.2855798313462,10433.159145836411,2.9272070028019934,,10.67055,0.9392500000000004,,,8827.084016142557,5726.701432967792,8829.313704410662,5769.317842332244
141.0482327386,12.1606250472,2.932578,823,401,1,11.838,11.749,,-11.1,-0.1,11.74099,0.0756499999999988,,823-401-1,-3744.2313986548374,-9882.010370168944,2.932870006379697,,11.74099,0.0756499999999988,,,-4903.89317443063,-9254.242812381146,-4905.1491981561085,-9360.176764710623
144.3242635556,16.92387167,2.935848,1410,217,1,12.28,10.262,,-13.9,0.0,10.08038,1.715299999999999,,1410-217-1,7631.028322954679,7312.425519331158,2.933273230047693,,10.08038,1.715299999999999,,,403.1309470426522,10490.06571417365,403.2382067461993,10561.323742321507
139.1364025596,14.3349586894,2.929337,825,1191,1,11.886,11.445,,-1.6,-2.6,11.40531,0.3748499999999991,,825-1191-1,-10383.526308085582,-1987.5910035762256,2.9341116295384313,,11.40531,0.3748499999999991,,,5404.944050606655,-8983.208596857461,5406.322575525644,-9085.142420323706
142.2621327798,17.836245943,2.93295,1406,1389,1,9.971,9.42,,-25.3,-25.1,9.37041,0.4683500000000001,,1406-1389-1,518.3360226631887,10559.618947404488,2.934191398663305,,9.37041,0.4683500000000001,,,7551.410572525421,7344.401909416008,7553.348766936691,7397.37432821883
141.8316038425,17.8274328139,2.932027,1406,551,1,12.374,11.586,,-6.6,-3.8,11.51508,0.6698000000000002,,1406-551-1,-958.574216867969,10528.839163426788,2.9342057343274006,,11.51508,0.6698000000000002,,,8508.576172990306,6226.4858546065425,8510.73560388966,6272.375797035999
140.0422069344,17.07544419,2.938518,1402,412,1,11.985,11.617,,16.9,-6.8,11.58388,0.3127999999999987,,1402-412-1,-7126.369716571473,7853.0869599320085,2.9431123412887157,,11.58388,0.3127999999999987,,,10601.31026746379,-114.900279139141,10603.891059256226,-116.68136504493239
141.1747692124,17.7105594775,2.942213,1405,1111,1,9.091,7.283,46149.0,-2.4,-9.9,7.12028,1.536799999999999,46149.0,1405-1111-1,-3214.4908685246464,10114.088483301639,2.9453532492223338,7.13,7.13,1.508,81193.0,K2,9695.658010880728,4277.188240393006,9698.076733178801,4309.877616505973
145.0810235454,15.5879271733,2.950355,1410,595,1,11.787,11.077,,-1.2,-4.4,11.0131,0.6035000000000007,,1410-595-1,10308.599735420832,2528.887224890551,2.945806944331985,,11.0131,0.6035000000000007,,,-4950.455779915917,9323.694112630763,-4951.754645520735,9388.430381693042
139.1534110379,14.1917277455,2.945516,825,1121,1,11.917,10.887,,-25.9,-16.6,10.7943,0.8754999999999994,,825-1121-1,-10331.55571809083,-2505.0187019447444,2.9504188124332615,,10.7943,0.8754999999999994,,,4983.567304984019,-9283.373967530944,4984.844377298186,-9389.754458303487
140.564516314,12.3570243483,2.957284,823,529,1,12.914,11.566,,34.1,-34.5,11.44468,1.145799999999999,,823-529-1,-5443.229190998979,-9165.990306840924,2.958589750540964,,11.44468,1.145799999999999,,,-3240.9702321209834,-10037.595443921606,-3241.811533542799,-10155.529543644421
139.7213590902,16.77016278,2.954792,1402,1106,1,11.964,11.066,,9.2,-7.5,10.98518,0.7632999999999998,,1402-1106-1,-8244.791200552761,6764.480020735457,2.9597673949180896,,10.98518,0.7632999999999998,,,10529.609833154405,-1659.95663344508,10532.166663889304,-1675.7795963976148
142.8328778313,12.0296798994,2.963185,823,93,1,13.26,11.976,,-5.3,0.2,11.86044,1.091399999999999,,823-93-1,2545.8559774472683,-10358.39525197502,2.9603253695168075,,11.86044,1.091399999999999,,,-9434.627123017122,-4922.497221672353,-9436.9361893673,-4972.119287773813
144.098595372,12.6605462833,2.965427,827,1362,1,11.595,10.934,,25.9,11.4,10.87451,0.5618500000000012,,827-1362-1,6990.991365400356,-8059.0191831323245,2.9608969054006393,,10.87451,0.5618500000000012,,,-10665.44199358246,-119.4390367882589,-10668.038443689693,-121.26924241043737
140.9479177263,17.6491776149,2.958496,1405,1102,1,11.753,11.068,,-80.2,-26.1,11.00635,0.5822500000000004,,1405-1102-1,-3996.8506355191753,9896.456627236956,2.9621030705696465,,11.00635,0.5822500000000004,,,10052.16641969062,3552.8118673911886,10054.66034219248,3580.289678304768
144.9432108179,13.7859806311,2.969003,827,1393,1,13.519,11.738,,2.6,0.4,11.57771,1.5138500000000004,,827-1393-1,9912.498097228023,-3972.1725932254217,2.9636743809699286,,11.57771,1.5138500000000004,,,-9548.498992107461,4740.716088233148,-9550.890124309266,4776.638092978244
139.0848908251,15.4108626572,2.958587,1402,735,1,12.184,12.057,,-29.8,-34.3,12.04557,0.107949999999999,,1402-735-1,-10511.77109662834,1892.0080772187607,2.964209432224225,,12.04557,0.107949999999999,,,8390.889328131425,-6536.8288239776575,8392.967248063685,-6605.688981863057
139.661730927,16.70604983,2.960434,1402,25,1,12.944,12.213,,6.8,-4.5,12.14721,0.6213500000000014,,1402-25-1,-8453.360598538748,6535.839768307861,2.96549931222387,,12.14721,0.6213500000000014,,,10497.07327346403,-1964.8105186438481,10499.622061782282,-1983.5431544743906
140.3587145462,17.3472733275,2.961297,1402,69,1,11.902,10.858,,8.4,-4.5,10.76404,0.8873999999999989,,1402-69-1,-6027.834550115094,8823.063912925343,2.965560748356922,,10.76404,0.8873999999999989,,,10597.500023720044,1338.362326823394,10600.09428103441,1348.7947984441182
139.0477387562,15.1211015944,2.961058,1402,1369,1,8.854,8.569,45495.0,-8.4,-18.4,8.54335,0.2422499999999986,45495.0,1402-1369-1,-10654.818352591667,849.7615066138197,2.966416216600204,8.56,8.56,0.266,79746.0,A2,7706.516039994177,-7325.566353911435,7708.439628524432,-7404.539637157684
139.7529863414,16.8208435133,2.963749,1402,918,1,11.081,10.315,,11.2,-182.1,10.24606,0.6511,,1402-918-1,-8133.614259361216,6941.303380096184,2.967583935086046,,10.24606,0.6511,,,10588.037898750406,-1461.2935168736055,10590.609272220907,-1475.2521065122526
142.6989896127,11.9919241883,2.971838,823,908,1,12.173,11.79,,-0.4,-12.7,11.755529999999998,0.3255500000000007,,823-908-1,2074.2775922141914,-10496.15109216427,2.9693249948205667,,11.755529999999998,0.3255500000000007,,,-9224.65421570038,-5361.576828995668,-9226.917891574776,-5416.253456148221
144.1921380254,12.7285561311,2.975163,827,940,1,11.915,11.775,,-7.3,-12.4,11.7624,0.1189999999999989,,827-940-1,7317.016399327484,-7811.740345538142,2.970492547082599,,11.7624,0.1189999999999989,,,-10696.91655362916,285.05270475290337,-10699.523964446573,286.7109142783248
140.0325734507,17.1058154137,2.966935,1402,459,1,12.778,11.827,,-99.4,-14.6,11.74141,0.8083500000000005,,1402-459-1,-7161.665412403976,7962.819790869598,2.9722253274966177,,11.74141,0.8083500000000005,,,10706.782280820848,-68.84016183589063,10709.389220470317,-70.2355007474718
139.6667698269,13.1136125005,2.96895,825,949,1,10.08,9.346,,54.9,-132.1,9.27994,0.6239,,825-949-1,-8576.546998796868,-6415.162145576876,2.9724259653999106,,9.27994,0.6239,,,895.2382182301648,-10546.757842510024,895.4728591225559,-10672.84367613385
144.1724289787,12.7042198939,2.980167,827,1387,1,12.723,11.502,,-37.5,-45.4,11.39211,1.03785,,827-1387-1,7247.690686372937,-7900.97112527934,2.975565703836801,,11.39211,1.03785,,,-10717.627235937378,174.91813257387233,-10720.238770238155,175.62948760895435
145.1874266079,15.0529328461,2.980763,1410,688,1,12.348,11.317,,-10.3,-9.4,11.22421,0.8763500000000005,,1410-688-1,10704.988939351768,605.4711909655082,2.9756822132248693,,11.22421,0.8763500000000005,,,-6651.664234350119,8349.033433790859,-6653.3902150747845,8408.078389303955
139.0751062486,15.4506466289,2.974581,1402,1036,1,10.617,10.052,,-48.6,-13.6,10.00115,0.480250000000001,,1402-1036-1,-10544.355816519908,2036.4535270233944,2.9804221116331684,,10.00115,0.480250000000001,,,8520.518269487986,-6466.183741391973,8522.627017609397,-6534.172577444
139.0350599007,15.1836781922,2.977913,1402,1739,1,11.874,11.105,,-42.6,-5.0,11.03579,0.6536500000000001,,1402-1739-1,-10696.790104292997,1076.3107652992767,2.98363428200603,,11.03579,0.6536500000000001,,,7903.764944713082,-7208.094518214236,7905.735331040104,-7285.541316494279
139.1201146515,14.18225641,2.979224,825,985,1,11.411,11.077,,9.7,-6.8,11.04694,0.2838999999999996,,825-985-1,-10447.560149099323,-2537.4323359964596,2.9837671449490166,,11.04694,0.2838999999999996,,,5036.316027616337,-9390.028395536121,5037.608937676449,-9498.02990729411
139.6525057971,16.7261562767,2.979605,1402,1381,1,10.275,9.683,,-6.3,-8.4,9.62972,0.5032000000000004,,1402-1381-1,-8484.787394138932,6608.643653452454,2.984742410540835,,9.62972,0.5032000000000004,,,10572.366015390246,-1940.2108273942408,10574.933174225018,-1958.7180559564972
142.8263117577,12.0026742783,2.987907,823,187,1,13.021,11.796,,-5.4,-6.6,11.68575,1.0412500000000011,,823-187-1,2523.016740164677,-10456.111629144392,2.985129992528407,,11.68575,1.0412500000000011,,,-9492.531660994522,-5003.507815789236,-9494.856071068296,-5054.0668834097205
140.0738307315,17.1630380889,2.983453,1402,192,1,11.852,11.567,,9.9,-8.6,11.54135,0.2422500000000001,,1402-192-1,-7014.640944200335,8167.874801383746,2.988006476168777,,11.54135,0.2422500000000001,,,10762.527055358836,175.13625242638201,10765.14958812731,175.8428058670405
139.0599270744,14.4374672583,2.98334,825,118,1,11.867,11.175,,-37.8,-4.9,11.11272,0.5882000000000002,,825-118-1,-10646.853813457248,-1614.6422475872012,2.988562181445345,,11.11272,0.5882000000000002,,,5858.556721918215,-8933.268427913332,5860.049980601085,-9034.510497956271
144.4941423932,16.83401592,2.99855,1410,19,1,9.148,8.027,47262.0,-22.4,-19.8,7.92611,0.9528500000000004,47262.0,1410-19-1,8220.570749405908,6994.647734249637,2.995503875592185,7.91,7.91,0.976,83327.0,G5,-225.71606808520926,10718.812165584517,-225.77629808712777,10791.28840479456
141.3261919244,12.0082677139,2.996326,823,942,1,12.088,10.939,,-2.1,-11.8,10.83559,0.9766499999999992,,823-942-1,-2766.3437536637575,-10435.500632527483,2.996138386249949,,10.83559,0.9766499999999992,,,-5966.723105916063,-8895.545983990558,-5968.243096696855,-8996.24396921541
139.0167873689,15.1384045433,2.992118,1402,1494,1,12.073,11.049,,22.4,-47.8,10.95684,0.8704000000000007,,1402-1494-1,-10760.98726347304,912.8456881133765,2.9971620632732394,,10.95684,0.8704000000000007,,,7824.143126708501,-7362.584948740936,7826.096995083679,-7442.065570692273
142.6866309134,17.8522389522,2.997468,1406,728,1,9.998,9.141,,5.0,-63.2,9.06387,0.7284499999999994,,1406-728-1,1975.7202147719095,10619.204883893233,2.9976602686999976,,9.06387,0.7284499999999994,,,6628.745243027924,8467.15646417468,6630.467595597205,8526.891707820509
144.082626555,17.229922328,3.000705,1410,216,1,9.877,8.683,47138.0,-20.6,-10.3,8.57554,1.0149000000000006,47138.0,1410-216-1,6787.300191621563,8407.19351590285,2.9986521578373306,8.52,8.52,1.022,83070.0,K0,1781.6154696169467,10585.290131083046,1782.0900927493433,10657.040002099542
142.4821954085,11.9279066419,3.001723,823,590,1,10.539,10.088,,-11.3,-11.5,10.04741,0.3833500000000004,,823-590-1,1309.8979711662823,-10728.545317061897,2.9995387195225423,,10.04741,0.3833500000000004,,,-8891.117203137326,-6078.9586986799195,-8893.310539932267,-6142.193822686105
140.3433621614,12.4426184953,3.000858,822,5,1,12.49,11.615,,-13.2,3.5,11.53625,0.74375,,822-5-1,-6221.1243776619785,-8851.29127366437,3.0024876642461957,,11.53625,0.74375,,,-2489.416018172622,-10404.599517038414,-2490.0667349310456,-10528.405073380209
144.9154372005,13.6294079356,3.008059,827,159,1,13.572,12.017,,-1.9,-18.4,11.87705,1.3217499999999998,,827-159-1,9822.169136754623,-4538.32985279724,3.0027910496536774,,11.87705,1.3217499999999998,,,-9911.877642956486,4300.428147935227,-9914.35097835594,4333.253867681674
144.0671278154,12.57363766,3.012626,827,303,1,11.079,10.079,,-29.1,-20.1,9.989,0.85,,827-303-1,6881.555124530955,-8374.243727210322,3.00806448067851,,9.989,0.85,,,-10828.511022472154,-407.9763779204556,-10831.145412766518,-412.36874540447485
138.9983985193,14.8843890578,3.002682,825,192,1,9.215,8.698,45474.0,-24.2,-56.9,8.65147,0.4394499999999995,45474.0,825-192-1,-10839.091031032332,-2.114939775472525,3.008091825556126,8.64,8.64,0.499,,F5,7191.844204792753,-8019.526347475598,7193.654272927958,-8107.850334926235
139.243543862,16.1027623939,3.005692,1402,368,1,12.133,11.651,,-14.8,-12.1,11.60762,0.4096999999999994,,1402-368-1,-9927.335968371308,4379.19497871032,3.0112011023193097,,11.60762,0.4096999999999994,,,9862.739188090925,-4472.927879559924,9865.147761079694,-4517.544437252184
140.3937858647,17.4253064853,3.007154,1402,291,1,12.725,11.806,,-19.5,-6.5,11.72329,0.7811500000000003,,1402-291-1,-5905.690317072823,9103.482792030138,3.0114720805366284,,11.72329,0.7811500000000003,,,10726.105090998206,1613.6665328263107,10728.73459058674,1626.2936852566015
139.2649202409,13.6942212339,3.007861,825,1072,1,12.488,12.154,,-8.6,-17.0,12.12394,0.2838999999999996,,825-1072-1,-9963.860909140589,-4303.364659087195,3.0120705809693176,,12.12394,0.2838999999999996,,,3394.9116412545104,-10188.191225906497,3395.79544559805,-10308.542326509541
144.1626519727,12.6455964722,3.017627,827,902,1,12.592,11.874,,-4.0,-15.2,11.80938,0.6103,,827-902-1,7216.125481888829,-8111.917086864787,3.0130682827545017,,11.80938,0.6103,,,-10854.405712121576,12.700650349851792,-10857.049414998803,11.991447033354111
139.4549965529,13.3345497756,3.01322,825,1176,1,12.49,10.874,,-14.2,-1.3,10.72856,1.3735999999999997,,825-1176-1,-9313.076280148845,-5607.328601532893,3.0168911752685994,,10.72856,1.3735999999999997,,,1988.0470695188253,-10561.07640251398,1988.568331231523,-10687.42812080924
141.4158681786,11.9589734889,3.023522,823,342,1,11.788,11.511,,0.4,-15.1,11.48607,0.2354500000000008,,823-342-1,-2450.6008231549317,-10614.366391204532,3.0231873940544496,,11.48607,0.2354500000000008,,,-6310.007573328392,-8779.798468440827,-6311.6123495308275,-8878.83820273971
141.4663924165,17.86605925,3.021733,1406,1078,1,11.291,9.752,,1.0,-18.2,9.61349,1.3081499999999997,,1406-1078-1,-2211.322750392183,10670.936654816422,3.0243138983696225,,9.61349,1.3081499999999997,,,9446.232844740938,5389.466179241009,9448.611947307192,5429.785416267621
141.7325344272,11.9029218139,3.026097,823,398,1,11.646,10.999,,-10.0,-3.5,10.94077,0.5499500000000002,,823-398-1,-1334.374476922602,-10818.542363324454,3.0251091035308337,,10.94077,0.5499500000000002,,,-7203.475315439928,-8090.251186561768,-7205.290016003964,-8179.560495343433
138.9996862104,14.5848877375,3.020748,825,194,1,12.213,11.684,,10.2,-8.1,11.63639,0.4496499999999999,,825-194-1,-10848.730205674026,-1080.49996579227,3.025630171364787,,11.63639,0.4496499999999999,,,6391.915245622053,-8732.555407651837,6393.539739391521,-8830.915969048838
144.7674823216,13.3188101911,3.031043,827,962,1,11.249,10.979,,6.7,-2.8,10.9547,0.2295000000000011,,827-962-1,9316.937284080852,-5663.682844715959,3.025886732267986,,10.9547,0.2295000000000011,,,-10418.028430110486,3183.6343846825907,-10420.606646882648,3208.361081918892
140.4710579722,17.49096832,3.023074,1402,887,1,12.647,12.157,,14.9,-10.8,12.1129,0.4165000000000001,,1402-887-1,-5637.160324338976,9337.96877159636,3.02706294564892,,12.1129,0.4165000000000001,,,10723.214147721337,1967.3554648864797,10725.847941489197,1982.7816918820072
141.9948975679,11.8798118908,3.029291,823,626,1,11.71,11.495,,-21.1,-6.9,11.47565,0.1827500000000013,,823-626-1,-409.21094622405263,-10902.866818342345,3.0278846456917337,,11.47565,0.1827500000000013,,,-7880.529808357449,-7462.791318189141,-7882.500089130454,-7543.616559839058
139.945595178,12.7254840678,3.026273,825,1278,1,9.772,9.517,,-2.6,-0.4,9.49405,0.2167500000000006,,825-1278-1,-7612.090922237206,-7820.402990839805,3.0286801243725074,,9.49405,0.2167500000000006,,,-795.511096308276,-10754.828860105936,-795.7204910464533,-10884.367691679312
145.0297619595,16.0352896089,3.035632,1410,668,1,11.237,10.968,,-5.6,0.8,10.94379,0.2286500000000001,,1410-668-1,10109.083216497449,4139.3005428547785,3.0315309443115184,,10.94379,0.2286500000000001,,,-3613.9405062255305,10238.408207616618,-3614.8992184116837,10308.243114269082
140.5529634531,12.2772403175,3.03204,823,417,1,9.607,9.185,,-25.1,-2.7,9.14702,0.3586999999999989,,823-417-1,-5487.500897685476,-9452.79917343249,3.0333144092398103,,9.14702,0.3586999999999989,,,-3426.0313065267837,-10257.559535702274,-3426.924410347485,-10379.030176327171
139.2873262938,16.2489281133,3.028004,1402,1734,1,13.819,11.693,,-11.8,-0.8,11.50166,1.807100000000001,,1402-1734-1,-9768.776407028048,4904.41582188989,3.0334944480000834,,11.50166,1.807100000000001,,,10150.225538605464,-4010.7192051961197,10152.699653829171,-4050.305764216949
139.9062966567,17.0771989178,3.029443,1402,1393,1,12.809,11.791,,-17.5,-20.8,11.69938,0.8652999999999991,,1402-1393-1,-7595.849165700392,7864.168096066481,3.0342517686760413,,11.69938,0.8652999999999991,,,10921.172943522844,-455.61510116568815,10923.82970233434,-460.4443784682404
138.9708844835,15.00865696,3.029998,1402,915,1,8.18,7.808,45462.0,-29.1,-14.4,7.77452,0.3161999999999998,45462.0,1402-915-1,-10928.877966032365,448.3143621852392,3.0355093184123954,7.8,7.8,0.358,79681.0,F0,7588.223873657841,-7790.772208580434,7590.128402054182,-7875.995823011901
144.979184993,13.6828821539,3.041926,827,994,1,10.117,9.582,,-11.1,-1.0,9.53385,0.4547500000000001,,827-994-1,10043.011994307688,-4342.439437278083,3.036490611826024,,9.53385,0.4547500000000001,,,-9911.967665332975,4593.591371019867,-9914.447050126206,4628.456532633582
140.6393635141,17.5936825256,3.032799,1405,829,1,11.539,10.828,,-4.1,-2.0,10.76401,0.6043500000000003,,1405-829-1,-5056.367862585316,9704.158000884967,3.036726906107015,,10.76401,0.6043500000000003,,,10611.5570924634,2639.6078174610934,10614.17386486463,2660.2352592111533
144.4307257038,16.9663828289,3.03953,1410,438,1,11.824,10.962,,-15.9,-0.8,10.88442,0.7327,,1410-438-1,7996.774378064372,7469.983379584439,3.0368726315349797,,10.88442,0.7327,,,278.2091781564491,10866.197233308869,278.2835554040073,10939.452015879478
145.1019040016,13.9917607975,3.042531,827,854,1,9.481,8.962,,4.4,-28.5,8.91529,0.4411500000000001,,827-854-1,10458.817293751446,-3224.2477845122658,3.037297614397156,,8.91529,0.4411500000000001,,,-9351.8231654643,5639.727066818324,-9354.1838875305,5681.714244686428
141.1944344388,17.8143776933,3.0358,1405,469,1,11.811,10.972,,-44.4,-51.0,10.89649,0.7131500000000003,,1405-469-1,-3146.544284722371,10487.378651690247,3.0386035296486105,,10.89649,0.7131500000000003,,,9929.668761499379,4573.766769771925,9932.152175823227,4608.492711932927
144.8929283657,13.5040784067,3.044675,827,1346,1,12.655,11.835,,-9.9,-34.8,11.7612,0.6969999999999987,,827-1346-1,9748.67612968981,-4991.586442381939,3.039447990048235,,11.7612,0.6969999999999987,,,-10202.011800962984,3947.1136525428105,-10204.550655056642,3977.407122955606
140.591823022,12.2483035467,3.038742,823,445,1,12.077,11.817,,-2.1,-21.0,11.7936,0.2209999999999998,,823-445-1,-5350.669543800856,-9558.49858796237,3.039978279340732,,11.7936,0.2209999999999998,,,-3595.8708720326204,-10225.890169206066,-3596.8077075241486,-10346.861076584117
140.0221214978,17.1951118433,3.040185,1402,56,1,11.961,11.535,,6.3,-25.4,11.49666,0.3621000000000001,,1402-56-1,-7191.863253787541,8285.02678848626,3.044652790383255,,11.49666,0.3621000000000001,,,10967.738247331194,120.85968120986657,10970.410586592308,121.06819855063688
139.5975865547,13.0819760617,3.0418,825,471,1,11.167,10.487,,-8.3,6.9,10.4258,0.5779999999999997,,825-471-1,-8822.573069208329,-6523.156898674788,3.0449659151495,,10.4258,0.5779999999999997,,,977.7647939755991,-10798.26390472194,978.0223979663273,-10928.533464071412
144.8834468992,13.4715878283,3.051832,827,1492,1,12.373,11.617,,5.3,-11.4,11.54896,0.6425999999999986,,827-1492-1,9717.26425092712,-5108.495776392393,3.0466389733839696,,11.54896,0.6425999999999986,,,-10268.580538701886,3846.739206994164,-10271.134039693336,3876.3074127854193
138.9978882192,14.3980551061,3.049299,825,320,1,11.698,11.519,,-2.5,-6.1,11.50289,0.1521500000000002,,825-320-1,-10864.753071503837,-1753.8614720820935,3.0541602867369453,,11.50289,0.1521500000000002,,,5899.066189317117,-9184.903226483057,5900.575833562105,-9289.892044603623
140.0082824175,12.6304444189,3.054825,825,1036,1,12.225,11.186,,-6.3,-10.0,11.09249,0.8831499999999998,,825-1036-1,-7394.84836643425,-8165.3316123205495,3.05714799053406,,11.09249,0.8831499999999998,,,-1197.5840120317198,-10820.222824396667,-1197.8996799930183,-10950.865676209876
142.2880404733,11.8509893833,3.061407,823,280,1,12.189,11.083,,-12.3,13.6,10.98346,0.9400999999999998,,823-280-1,625.2796760412267,-11006.238131267577,3.0593074397310995,,10.98346,0.9400999999999998,,,-8644.38320991439,-6766.732818930424,-8646.528932989208,-6838.551738959033
145.0203513718,16.1481379478,3.070331,1410,286,1,13.81,11.656,,-1.4,0.8,11.46214,1.8309,,1410-286-1,10071.218922129969,4545.726404836478,3.066395031085541,,11.46214,1.8309,,,-3284.928217611941,10478.580883616269,-3285.8022502418507,10549.71955539115
143.7429489232,12.2798146328,3.071766,824,1431,1,12.88,11.503,,-7.2,-11.3,11.37907,1.1704500000000004,,824-1431-1,5748.879600737995,-9441.957631641117,3.0677371069887513,,11.37907,1.1704500000000004,,,-10875.140879514318,-1949.6128435237658,-10877.781962106757,-1968.2581554140609
140.3540593852,12.3564457067,3.066389,822,239,1,10.121,8.424,45891.0,-23.4,-1.6,8.27127,1.442450000000001,45891.0,822-239-1,-6186.1673109702815,-9162.619503436848,3.068013735177377,8.27,8.27,1.35,80676.0,K2,-2745.3910467592723,-10582.193533779235,-2746.1112631596598,-10708.927821888934
139.5777655738,13.0688147233,3.065133,825,1213,1,11.933,11.393,,-7.3,2.5,11.3444,0.4589999999999992,,825-1213-1,-8892.747934039031,-6570.050689098426,3.0683177462781828,,11.3444,0.4589999999999992,,,989.2735947551553,-10880.492167572362,989.53468403733,-11012.145703030326
142.4345643273,11.8532204456,3.070695,823,1134,1,11.352,10.87,,22.0,-8.0,10.826619999999998,0.4097000000000009,,823-1134-1,1143.1770208660498,-10998.282694674508,3.0686001140261476,,10.826619999999998,0.4097000000000009,,,-8982.149532183843,-6378.977404420649,-8984.371220391748,-6445.94056032235
139.5863472771,16.78269847,3.064303,1402,1001,1,11.725,11.58,,8.0,-15.3,11.56695,0.1232499999999996,,1402-1001-1,-8710.68943933713,6815.239521920583,3.0692829311757355,,11.56695,0.1232499999999996,,,10876.761579386555,-1971.6666671281075,10879.40306511113,-1990.5248545501381
144.8217670176,13.3125711499,3.079425,827,1451,1,7.582,7.076,47388.0,-67.9,13.3,7.03046,0.4301000000000002,47388.0,827-1451-1,9505.838418217021,-5683.711645445543,3.0735616410529243,7.02,7.02,0.475,83509.0,F7V,-10558.367416439596,3310.6990114076425,-10560.982868339848,3336.342751645433
139.1035321582,13.9208154633,3.070155,825,549,1,10.67,10.002,,-9.0,5.8,9.94188,0.5677999999999993,,825-549-1,-10518.788629005967,-3478.888551866326,3.0745872840069834,,9.94188,0.5677999999999993,,,4379.648870836779,-10057.922809267993,4380.786460788287,-10176.26108956466
140.4527221787,12.2844196044,3.075604,823,321,1,10.644,10.161,,-35.9,34.4,10.11753,0.4105500000000004,,823-321-1,-5840.833761459974,-9423.790876060551,3.0767814158428624,,10.11753,0.4105500000000004,,,-3169.8487571262244,-10498.646337064025,-3170.678979226868,-10624.027876253971
144.4701757413,16.9885957489,3.08241,1410,235,1,10.421,10.033,,-13.2,-11.8,9.99808,0.3297999999999999,,1410-235-1,8132.125091903276,7551.444949032138,3.0796855170281647,,9.99808,0.3297999999999999,,,249.2921660639668,11020.689245073123,249.3589449894933,11094.755492807362
145.2178198412,14.234417325,3.086431,827,1264,1,12.088,12.1,,-10.6,-0.2,12.10108,-0.0102000000000003,,827-1264-1,10852.182253257462,-2343.391783563101,3.0810025987127694,,12.10108,-0.0102000000000003,,,-8954.245865173603,6512.971575645808,-8956.525245059767,6560.640231242413
139.0320036869,14.1258817561,3.0761,825,1316,1,9.122,8.416,45488.0,25.3,-253.4,8.35246,0.6000999999999995,45488.0,825-1316-1,-10758.374520807653,-2743.256541538526,3.0810865968247385,8.36,8.36,0.658,79726.0,G0,5088.686122256962,-9753.511187224094,5090.000773093545,-9867.115632877014
144.6441681611,16.7911321511,3.084261,1410,747,1,10.715,9.725,,0.7,-7.6,9.6359,0.8415000000000001,,1410-747-1,8741.038782892983,6846.746061539705,3.0812813238906394,,9.6359,0.8415000000000001,,,-681.7064369318235,11008.361156585692,-681.8890206200231,11082.360669045627
143.4840524935,17.69161517,3.082758,1406,993,1,11.771,10.115,,-6.1,-11.4,9.96596,1.4076000000000004,,1406-993-1,4715.898088565404,10055.105315166029,3.082043893292456,,9.96596,1.4076000000000004,,,4388.427877965721,10132.55307497076,4389.590628359909,10201.780814947491
140.628050968,12.17901051,3.083136,823,447,1,11.869,11.985,,-7.8,4.0,11.99544,-0.0985999999999997,,823-447-1,-5224.80395784274,-9808.618926826828,3.0840725597210814,,11.99544,-0.0985999999999997,,,-3866.413865296467,-10296.63046894901,-3867.42262409719,-10418.763069396322
143.2905274218,12.0426796381,3.087575,824,626,1,11.92,11.274,,-6.3,-13.7,11.21586,0.5491000000000007,,824-626-1,4159.412227365342,-10306.205932401692,3.0842097444521577,,11.21586,0.5491000000000007,,,-10466.471090898924,-3694.469854486284,-10469.019791979263,-3730.712451178003
143.1193353069,11.98119083,3.087665,824,40,1,11.691,10.63,,-3.4,0.0,10.53451,0.90185,,824-40-1,3556.8025975566284,-10530.220263423349,3.084431446050461,,10.53451,0.90185,,,-10234.0342661425,-4287.481745220725,-10236.531814969741,-4330.103915070503
142.2627726932,17.987236598,3.083724,1406,463,1,12.419,11.146,,-21.8,-1.7,11.03143,1.0820499999999995,,1406-463-1,520.2357945861802,11105.304356503586,3.085204436500695,,11.03143,1.0820499999999995,,,7958.149392913386,7705.908990057201,7960.200245024802,7761.03357753696
140.5334150252,17.5964597917,3.083755,1405,1289,1,12.281,10.993,,-3.6,-15.0,10.87708,1.0948000000000002,,1405-1289-1,-5420.489433830651,9716.751808186207,3.0876765970363933,,10.87708,1.0948000000000002,,,10862.630245746595,2377.6803170496264,10865.304855386421,2396.2724811001
140.491979322,12.248360635,3.086881,823,471,1,13.161,11.141,,1.0,-4.5,10.9592,1.7169999999999996,,823-471-1,-5702.460529678372,-9555.809541698822,3.0881069786670623,,10.9592,1.7169999999999996,,,-3360.3898293943594,-10483.039892186875,-3361.2697114513057,-10608.176941239386
143.4224136033,12.08730176,3.096935,824,867,1,10.446,8.993,46911.0,8.5,-18.8,8.86223,1.2350499999999995,46911.0,824-867-1,4623.987139823374,-10143.141802164982,3.0934912486980948,8.87,8.87,1.246,82652.0,G5,-10652.870216475916,-3243.477712234657,-10655.461210926842,-3275.0158885883807
138.9460653638,14.46080969,3.088597,825,304,1,12.745,11.967,,-14.7,5.3,11.89698,0.6612999999999989,,825-304-1,-11043.06070322476,-1524.8541764521135,3.0936128337005515,,11.89698,0.6612999999999989,,,6188.629321598644,-9166.481944533352,6190.212745861742,-9271.226246593515
141.9617870264,11.8110887683,3.099278,823,470,1,11.485,11.045,,-11.0,1.4,11.0054,0.3739999999999995,,823-470-1,-525.9125843795393,-11150.699995007159,3.097837616798719,,11.0054,0.3739999999999995,,,-7988.37948939976,-7711.2213373323775,-7990.382800604609,-7795.413852058304
139.1237336791,16.0513955683,3.092923,1402,490,1,12.115,11.732,,-1.0,13.8,11.69753,0.3255500000000007,,1402-490-1,-10344.888367816446,4200.537301911546,3.0984148447567534,,11.69753,0.3255500000000007,,,10006.262982903454,-4898.982931351555,10008.712307138121,-4948.424690775808
144.602633294,12.9686698761,3.103356,827,1438,1,12.002,11.407,,21.0,-11.5,11.35345,0.5057500000000005,,827-1438-1,8752.689449684642,-6932.691345237301,3.0985457312069915,,11.35345,0.5057500000000005,,,-10992.424989938156,1928.8835527561962,-10995.124659529842,1943.9690358508722
145.0828779362,13.75364889,3.106787,827,1295,1,10.929,10.588,,-9.0,0.0,10.55731,0.2898500000000009,,827-1295-1,10403.295337946533,-4082.841436479934,3.101351979302238,,10.55731,0.2898500000000009,,,-9956.96049200038,5032.37512593762,-9959.460641396805,5070.235873846922
145.2988979355,15.3089163,3.109123,1410,611,1,12.044,11.189,,-26.6,-21.6,11.11205,0.7267500000000003,,1410-611-1,11079.878815069167,1533.4796752060233,3.1040412796454553,,11.11205,0.7267500000000003,,,-6206.57533273413,9240.29865272967,-6208.202525682986,9304.487942438878
141.2000031657,17.88484634,3.101731,1405,1087,1,13.348,11.835,,-8.0,-6.3,11.69883,1.28605,,1405-1087-1,-3125.419232469637,10742.855676056546,3.1048077702584567,,11.69883,1.28605,,,10106.665743901141,4757.911343293651,10109.197562703794,4793.883404245387
139.3947525905,13.2579897311,3.103557,825,952,1,12.119,11.48,,-13.3,-14.3,11.42249,0.5431499999999995,,825-952-1,-9527.94853521588,-5881.4980353288865,3.107240562657625,,11.42249,0.5431499999999995,,,1925.6484486593934,-10898.150967639538,1926.1568959431345,-11030.128831591763
140.9168921876,17.7952432781,3.105007,1405,1634,1,11.485,10.326,,-8.7,4.9,10.22169,0.9851499999999992,,1405-1634-1,-4098.721951288078,10425.132597216556,3.10858943739301,,10.22169,0.9851499999999992,,,10515.06161332093,3825.663436370678,10517.6762495108,3855.0483283608205
145.2459291145,14.22943991,3.113994,827,50,1,11.154,10.459,,34.8,-7.2,10.39645,0.5907500000000002,,827-50-1,10952.00612801046,-2360.186935666822,3.109009838865155,,10.39645,0.5907500000000002,,,-9033.050565643314,6576.0892160098065,-9035.351535609532,6624.148490728934
142.7707345948,11.8585893008,3.116539,823,1,1,9.87,8.708,46687.0,1.6,0.3,8.60342,0.9876999999999992,46687.0,823-1-1,2328.7672535701945,-10976.554878436913,3.113838942495541,8.6,8.6,0.98,82214.0,K0,-9752.747088613774,-5488.572205068082,-9755.14306278427,-5544.826214161347
138.8955996145,14.7034970067,3.109957,825,273,1,11.424,10.717,,-5.9,-3.0,10.65337,0.6009499999999991,,825-273-1,-11206.626226606368,-647.7204226494412,3.1150740406678694,,10.65337,0.6009499999999991,,,6953.0237802803595,-8713.148741929228,6954.790723171067,-8811.293839480853
139.9841369813,12.56802322,3.117274,825,691,1,12.135,10.507,,-4.4,1.5,10.36048,1.3838,,825-691-1,-7481.931514070462,-8389.557335585225,3.119462125652428,,10.36048,1.3838,,,-1307.4418644595548,-11030.632090925355,-1307.7880462078012,-11164.840433007135
139.2123016947,16.2999752242,3.115116,1402,1182,1,12.672,12.292,,-11.2,5.7,12.2578,0.3230000000000007,,1402-1182-1,-10026.309198010873,5092.2880807708125,3.1206236007237176,,12.2578,0.3230000000000007,,,10461.612455025412,-4077.8332834070857,10464.16355774566,-4118.198036572186
141.0585495357,17.8586874328,3.117721,1405,1575,1,12.845,11.914,,26.3,-17.5,11.83021,0.7913500000000008,,1405-1575-1,-3610.360868288843,10650.65400331934,3.120781984723442,,11.83021,0.7913500000000008,,,10359.569910413276,4336.970141356575,10362.156191639722,4369.994892189057
141.7129447237,11.8080000886,3.122606,823,456,1,13.03,12.104,,-23.8,-15.1,12.02066,0.7871000000000001,,823-456-1,-1404.4524814224974,-11161.447720242524,3.1217578716515373,,12.02066,0.7871000000000001,,,-7413.35128171693,-8366.377638773998,-7415.226080220777,-8459.599527371163
141.9706944342,11.7836829733,3.126277,823,332,1,12.801,11.598,,-3.8,-0.4,11.489730000000002,1.0225499999999994,,823-332-1,-494.3466720418177,-11249.714710123573,3.1248344674617194,,11.489730000000002,1.0225499999999994,,,-8083.360819019297,-7752.762625332454,-8085.389076151982,-7837.534253741764
139.7655954148,12.7649379633,3.12253,825,835,1,12.456,12.044,,-15.1,-20.8,12.00692,0.3501999999999992,,825-835-1,-8244.371808598327,-7673.111679168126,3.125398249666818,,12.00692,0.3501999999999992,,,-265.7698176665496,-11123.683320705466,-265.8403276267873,-11259.468827596056
142.9173700709,11.8793501383,3.129128,823,201,1,12.04,11.254,,-13.9,-11.4,11.18326,0.6680999999999996,,823-201-1,2845.5213509761625,-10900.536836290934,3.1262881190459577,,11.18326,0.6680999999999996,,,-10038.863463328946,-5056.633102884789,-10041.323103191076,-5107.888547679844
141.253473139,11.8893428289,3.129512,823,588,1,12.582,11.425,,15.9,-35.6,11.32087,0.98345,,823-588-1,-3023.9460744639537,-10864.685188919055,3.129567513239492,,11.32087,0.98345,,,-6116.653442102053,-9366.057812903618,-6118.223579085324,-9473.804639737178
144.935565301,13.3910193061,3.135148,827,481,1,11.899,10.743,,-13.3,4.3,10.63896,0.9825999999999988,,827-481-1,9903.371585862866,-5396.548253280771,3.1297377858183575,,10.63896,0.9825999999999988,,,-10607.470766396484,3795.1258143475725,-10610.107865981441,3824.279394853155
139.3422290274,16.5511607278,3.126788,1402,403,1,9.495,8.934,45579.0,14.7,-36.8,8.88351,0.4768499999999999,45579.0,1402-403-1,-9564.331805512718,5990.726726959256,3.131772173819115,8.9,8.9,0.516,79930.0,F8,10826.79265184934,-3145.729408247828,10829.425583478813,-3176.285745166212
144.7946931501,13.1629036169,3.138241,827,967,1,9.998,9.508,,-22.8,-13.3,9.4639,0.4165000000000001,,827-967-1,9418.489731519998,-6225.229965620285,3.132952166514755,,9.4639,0.4165000000000001,,,-10905.30093826657,2889.0756421279034,-10907.994882940382,2911.543333242542
143.4940111524,12.07039234,3.14168,824,1068,1,11.983,10.917,,1.2,-2.0,10.82106,0.9061000000000006,,824-1068-1,4876.643059053396,-10202.479839002364,3.1379867497831335,,10.82106,0.9061000000000006,,,-10864.91633067108,-3095.4023455131933,-10867.558293361708,-3125.4470289940377
142.3566056025,18.0370433667,3.139084,1406,1192,1,12.206,11.666,,-7.0,-0.7,11.6174,0.4589999999999992,,1406-1192-1,842.1873678686246,11285.517185781126,3.140434092944842,,11.6174,0.4589999999999992,,,7879.22223337476,8064.179385037478,7881.260792127445,8121.447287253376
142.1042360172,18.0479168078,3.140702,1406,77,1,13.371,12.097,,-15.4,2.3,11.98234,1.0829000000000006,,1406-77-1,-23.225228392612024,11324.273690910724,3.1424833710550173,,11.98234,1.0829000000000006,,,8482.546865991448,7446.434694095694,8484.727023085208,7499.941425212332
141.1752375394,17.9172375142,3.139503,1405,1568,1,12.196,11.829,,-4.0,-12.9,11.79597,0.3119499999999992,,1405-1568-1,-3209.8075690396404,10860.036061169245,3.1425265819541917,,11.79597,0.3119499999999992,,,10250.286225224192,4772.503229725699,10252.854489646059,4808.557236252125
143.6509638884,12.14168272,3.147273,824,29,1,12.143,12.063,,1.3,-11.5,12.0558,0.068,,824-29-1,5428.417754233872,-9942.418453161128,3.1434576537282277,,12.0558,0.068,,,-11036.660210570093,-2515.93071373862,-11039.34165335399,-2540.145640069416
139.4361564002,13.1263902408,3.142919,825,991,1,12.291,11.734,,7.2,-11.1,11.68387,0.4734500000000003,,825-991-1,-9387.655474326859,-6357.626245980135,3.1462444929639823,,11.68387,0.4734500000000003,,,1476.5440911768858,-11105.7714888309,1476.9356942154975,-11241.269845679695
145.3653567298,15.0333841281,3.151696,1410,483,1,11.829,11.313,,12.2,-9.5,11.26656,0.4386,,1410-483-1,11326.890422712408,543.9141756916173,3.146816043575718,,11.26656,0.4386,,,-7110.4062606288635,8770.876601495373,-7112.2604820388915,8832.329257578576
142.0753496464,18.0529076472,3.145816,1406,1134,1,13.129,12.469,,-3.4,6.2,12.4096,0.561,,1406-1134-1,-121.92741921472289,11342.407097187965,3.1476801565027435,,12.4096,0.561,,,8561.610505637229,7385.035149869318,8563.809580981624,7438.160425440195
141.7492972448,18.0372754533,3.148652,1406,1315,1,9.418,8.354,46349.0,-18.8,-6.6,8.258239999999999,0.9044,46349.0,1406-1315-1,-1240.1448110191807,11286.78765894095,3.1509069965646614,8.26,8.26,0.919,81580.0,G5,9262.15248863646,6517.272955306827,9264.510593082467,6564.935512324733
139.0590061272,13.8115880583,3.148047,825,366,1,12.353,11.573,,13.0,-28.1,11.5028,0.6629999999999995,,825-366-1,-10679.60502326877,-3871.658037884515,3.1522989092179574,,11.5028,0.6629999999999995,,,4192.694828324126,-10432.888634420726,4193.791733620598,-10557.263391161661
144.9476555334,16.4812106814,3.156563,1410,488,1,12.418,11.638,,-18.4,-6.7,11.5678,0.6629999999999995,,1410-488-1,9803.408702060406,5743.064695077901,3.1528585356321277,,11.5678,0.6629999999999995,,,-2211.953587672044,11069.949571542096,-2212.5465346647334,11144.247489329568
144.9311644125,13.3363040667,3.158537,827,232,1,13.308,12.013,,-9.6,0.2,11.89645,1.10075,,827-232-1,9890.522831892897,-5594.16376776483,3.153193617121495,,11.89645,1.10075,,,-10746.704165600995,3655.359794264456,-10749.37321141421,3683.4882530689397
145.1711192484,16.026827645,3.159556,1410,493,1,11.875,10.944,,5.2,-24.6,10.86021,0.7913499999999992,,1410-493-1,10600.172066547071,4115.191299893819,3.1554026032834313,,10.86021,0.7913499999999992,,,-3957.871640272461,10587.823781974443,-3958.926264158,10659.519225091111
138.99796194,13.96465528,3.153506,825,1007,1,12.21,11.673,,0.0,0.0,11.62467,0.4564500000000007,,825-1007-1,-10886.23988160716,-3316.2263309534787,3.1579482010383924,,11.62467,0.4564500000000007,,,4745.125925839124,-10222.095862169681,4746.362416240882,-10343.095264556989
145.2731774121,14.1259479831,3.164473,827,936,1,9.369,9.106,47503.0,-3.1,4.1,9.08233,0.2235499999999999,47503.0,827-936-1,11051.651217379946,-2731.742812025569,3.1590897580919832,9.1,9.1,0.19,83788.0,A2,-9376.996351998941,6405.08691415779,-9379.381096531686,6452.024772712243
139.4088479646,16.7050389944,3.156536,1402,527,1,8.469,8.372,45597.0,-6.6,-3.2,8.36327,0.0824499999999995,45597.0,1402-527-1,-9327.708941627008,6543.494147127338,3.161789472455488,8.37,8.37,0.079,79992.0,A0,11083.066006459616,-2607.245250797749,11085.759080206413,-2632.378272365828
139.3578880674,16.6312700344,3.156447,1402,1504,1,13.872,12.344,,-13.7,8.0,12.20648,1.2988000000000004,,1402-1504-1,-9507.334849288862,6280.117952649552,3.1618602929045116,,12.20648,1.2988000000000004,,,11005.347129145526,-2913.347166338378,11008.022469415133,-2941.5537983435293
143.912685303,12.27205167,3.166898,824,1188,1,11.531,10.151,,-24.3,0.0,10.0268,1.1730000000000007,,824-1188-1,6346.845556546922,-9465.841077429912,3.1625322225900763,,10.0268,1.1730000000000007,,,-11289.844921303069,-1522.257448835645,-11292.587598573004,-1536.899850469235
144.2226884741,12.498392645,3.167455,824,239,1,10.148,9.811,,-7.9,5.7,9.78067,0.2864499999999997,,824-239-1,7432.368570153572,-8640.806945195469,3.1627636825345102,,9.78067,0.2864499999999997,,,-11393.3736474939,-174.9441955441737,-11396.147880222446,-177.37169684903066
139.5055280245,13.0039109461,3.160382,825,659,1,11.53,11.024,,-27.8,-9.5,10.978459999999998,0.4301000000000002,,825-659-1,-9149.9448233657,-6801.908477951634,3.163781609634624,,10.978459999999998,0.4301000000000002,,,986.6014367154576,-11220.942473349673,986.8637576417107,-11358.413143433465
138.8891752371,14.3588360408,3.159894,825,1294,1,12.504,11.48,,0.1,-3.9,11.38784,0.8703999999999993,,825-1294-1,-11246.858727417528,-1889.9840003090592,3.1647096001094246,,11.38784,0.8703999999999993,,,6050.863388157705,-9555.392385325367,6052.421629002584,-9666.02623525787
138.857679791,15.2942701692,3.159426,1402,1606,1,12.497,11.278,,1.2,2.5,11.16829,1.0361499999999997,,1402-1606-1,-11307.764223377444,1484.1172572451433,3.164761382234709,,11.16829,1.0361499999999997,,,8614.155624463698,-7391.7909338736445,8616.30824053048,-7471.771414391481
139.7484915069,12.7249126633,3.162286,825,1207,1,12.164,11.749,,-4.5,-15.6,11.71165,0.3527499999999993,,825-1207-1,-8305.802118006442,-7816.834190851773,3.165017667290013,,11.71165,0.3527499999999993,,,-332.4616205286005,-11262.633631667117,-332.55009685116715,-11400.81821729629
140.4610492165,12.1743929792,3.166,823,579,1,12.146,11.508,,2.9,-9.1,11.45058,0.5423000000000014,,823-579-1,-5813.393272848018,-9822.24311735193,3.1672355482906016,,11.45058,0.5423000000000014,,,-3485.975431785081,-10738.629527566558,-3486.892997078989,-10868.00710471262
144.2573150848,12.5199946267,3.173032,827,531,1,10.825,10.443,,-5.9,-6.0,10.40862,0.3246999999999997,,827-531-1,7553.63689435512,-8562.18074186137,3.1684044206793835,,10.40862,0.3246999999999997,,,-11415.064168434094,-33.28728057447832,-11417.844820579136,-34.482477225707406
142.1135318051,18.0747481808,3.167569,1406,1218,1,13.227,11.719,,-30.4,-8.9,11.583279999999998,1.2818000000000007,,1406-1218-1,8.237445669398456,11420.860497590982,3.1692259522121784,,11.583279999999998,1.2818000000000007,,,8533.882221516944,7533.558477015452,8536.077676305647,7587.588567194567
142.6167989604,11.7732620925,3.173156,823,500,1,11.692,11.574,,-17.6,-13.5,11.56338,0.1003000000000002,,823-500-1,1785.7920017899964,-11286.155676529535,3.170804568973258,,11.56338,0.1003000000000002,,,-9623.875788068643,-6092.914016492127,-9626.250998780097,-6156.431981026089
145.3870721278,15.1053147378,3.175821,1410,756,1,11.652,9.612,,3.2,-17.6,9.4284,1.733999999999999,,1410-756-1,11398.548304712649,804.1396312858404,3.170891584824594,,9.4284,1.733999999999999,,,-6963.388015672045,8995.914641511918,-6965.208637275996,9058.66505842283
144.6523306666,16.9287242144,3.175554,1410,600,1,12.047,10.999,,8.2,-7.7,10.90468,0.8908,,1410-600-1,8763.747722599188,7343.43383077688,3.1727783092786344,,10.90468,0.8908,,,-325.4084364421396,11353.261093589099,-325.495981590035,11429.057132516686
141.7606583492,11.7469821856,3.178033,823,270,1,12.44,11.679,,7.5,19.6,11.61051,0.6468499999999994,,823-270-1,-1235.568934616071,-11381.066787519885,3.1767239453471667,,11.61051,0.6468499999999994,,,-7689.640294302025,-8385.550241920271,-7691.585708972218,-8479.081382774471
145.0565521271,16.33560267,3.180682,1410,403,1,10.769,10.16,,16.3,-2.1,10.10519,0.5176499999999999,,1410-403-1,10188.220264160405,5223.455230135417,3.177074738674112,,10.10519,0.5176499999999999,,,-2855.838859117853,11013.132486079729,-2856.603887971584,11087.1155364912
140.3412409641,17.5905293205,3.173023,1405,839,1,11.795,11.627,,-28.5,8.3,11.61188,0.1427999999999993,,1405-839-1,-6082.002046704263,9701.787751124715,3.1774510425274247,,11.61188,0.1427999999999993,,,11290.468097899673,1876.967512861915,11293.240559301328,1891.6004159828867
139.6169297059,16.990286172,3.172254,1402,1274,1,11.928,11.22,,-113.0,-78.1,11.15628,0.6018000000000001,,1402-1274-1,-8599.914010415492,7561.085804339586,3.1776095071956787,,11.15628,0.6018000000000001,,,11360.918400659531,-1399.068892629857,11363.678686799012,-1412.5672480687479
139.2670365682,16.5204521147,3.172972,1402,1631,1,11.436,10.5,,3.5,-4.1,10.41576,0.7956,,1402-1631-1,-9826.169569996286,5884.465615010075,3.1782382597019425,,10.41576,0.7956,,,10921.110107506172,-3409.3408756199615,10923.767858383873,-3442.6501083759736
140.3228919158,12.2425783164,3.178358,822,267,1,10.025,8.302,,-6.3,-15.5,8.14693,1.464550000000001,,822-267-1,-6298.81009948641,-9573.214198666363,3.1799410978436082,,8.14693,1.464550000000001,,,-2977.6291101924803,-10933.115465836428,-2978.4160227358598,-11065.73435242558
140.0515456565,12.43210078,3.179325,822,101,1,11.755,11.101,,-13.0,-22.6,11.042140000000002,0.5559,,822-101-1,-7249.343344239075,-8882.548682138227,3.181526075730798,,11.042140000000002,0.5559,,,-1830.4023386511717,-11181.339463269787,-1830.888616299587,-11318.149004493851
143.9161850092,17.5780480042,3.186706,1406,1022,1,11.431,10.87,,2.3,-27.1,10.81951,0.4768499999999999,,1406-1022-1,6204.34936312182,9657.30665621149,3.1852057440306947,,10.81951,0.4768499999999999,,,3103.182190694439,10977.124277535624,3104.0131126814354,11050.910617142868
139.5979336427,12.85325625,3.184872,825,812,1,12.563,11.445,,-23.3,-24.7,11.34438,0.9503000000000004,,825-812-1,-8831.049011843299,-7349.044995506416,3.1880797253580666,,11.34438,0.9503000000000004,,,365.8780330761103,-11343.523503035087,365.975580193317,-11483.115904242224
139.7751918533,17.1695503556,3.183257,1402,815,1,12.375,12.002,,-6.7,-8.5,11.96843,0.3170499999999994,,1402-815-1,-8044.1864642509045,8202.934952987647,3.188094051202355,,11.96843,0.3170499999999994,,,11472.015671358342,-564.9792572846236,11474.806534662854,-570.8701311581555
145.2879380784,15.7998955967,3.196025,1410,291,1,12.61,11.377,,-8.4,-6.9,11.26603,1.0480499999999988,,1410-291-1,11016.865076938899,3303.455217825188,3.1915515929501974,,11.26603,1.0480499999999988,,,-4841.339265188053,10361.867184747867,-4842.625788403254,10432.310768623815
141.5160911211,11.766563595,3.19254,823,866,1,10.92,10.321,,-8.8,-9.0,10.26709,0.5091500000000001,,823-866-1,-2099.198063332577,-11309.682596087883,3.1919298191549026,,10.26709,0.5091500000000001,,,-7063.099233303008,-8975.587581907368,-7064.90146838641,-9077.594404650685
140.3037280184,17.5858202943,3.188718,1405,1324,1,12.092,11.364,,104.4,-46.0,11.29848,0.6187999999999998,,1405-1324-1,-6207.59215397188,9684.521443674299,3.1920333707525588,,11.29848,0.6187999999999998,,,11360.908568649927,1772.414870854157,11363.696842494426,1786.211077930898
138.8077192982,14.9415095955,3.186589,825,1545,1,7.061,5.498,45410.0,-40.3,-11.8,5.35733,1.3285499999999997,45410.0,825-1545-1,-11501.730026357018,214.5743732870127,3.1921739514573395,5.36,5.36,1.319,79554.0,K1III,7793.617632507949,-8366.31604024935,7795.588904249513,-8459.58801578524
145.1607529714,13.6947515976,3.199374,827,1143,1,10.218,9.285,,-110.0,-17.2,9.20103,0.7930499999999998,,827-1143-1,10676.570304612404,-4292.301586283324,3.1931026361320827,,9.20103,0.7930499999999998,,,-10294.933083901293,5097.313271798163,-10297.519925777642,5135.571025227549
144.0049461936,17.53313847,3.197071,1413,226,1,11.698,11.06,,4.7,-10.8,11.00258,0.5422999999999999,,1413-226-1,6511.029934752602,9498.631812767944,3.19556243803229,,11.00258,0.5422999999999999,,,2781.014421698223,11100.499725440144,2781.760241490892,11174.941927573227
139.8380819422,17.2396093567,3.191585,1402,711,1,11.588,11.392,,-4.6,-0.4,11.37436,0.1665999999999997,,1402-711-1,-7824.757974290691,8453.37010210936,3.196389352909217,,11.37436,0.1665999999999997,,,11513.63958315542,-237.52160298254643,11516.442806142752,-240.5172183224093
139.7588037517,17.1666542522,3.192255,1402,628,1,10.41,9.635,,-23.8,12.4,9.56525,0.6587500000000003,,1402-628-1,-8101.24245410281,8193.728641811356,3.1973629974231668,,9.56525,0.6587500000000003,,,11502.998132439649,-613.3244502882305,11505.796296082042,-619.6530875120607
141.87563967,11.7124111028,3.202633,823,850,1,11.266,10.084,,-20.1,8.2,9.97762,1.0047000000000004,,823-850-1,-830.5387953801797,-11506.624755739502,3.201264550088375,,9.97762,1.0047000000000004,,,-8052.326096534913,-8168.988221979818,-8054.357492314421,-8259.511689320692
144.2298015383,12.4534830967,3.206283,824,1,1,11.964,11.943,,-13.2,-12.0,11.94111,0.0178500000000006,,824-1-1,7458.829424642731,-8803.143419620319,3.2017117235684145,,11.94111,0.0178500000000006,,,-11532.315386471679,-262.1295842491139,-11535.123004234574,-265.34454865483497
141.0516523831,11.8740659567,3.201669,823,714,1,11.392,10.901,46109.0,-18.2,6.0,10.85681,0.4173499999999997,46109.0,823-714-1,-3737.2577085255675,-10916.281473998151,3.201745634153198,10.88,10.88,0.557,,G0,-5681.826655170357,-9925.178845869235,-5683.29937493405,-10041.53397715515
144.7768875985,16.8280009144,3.208073,1410,258,1,12.061,10.779,,-12.2,-13.1,10.66362,1.0897,,1410-258-1,9197.602881813289,6985.61169675811,3.2048924632622176,,10.66362,1.0897,,,-880.873235030561,11439.763742839807,-881.1104880150853,11516.00251204101
145.1197509851,16.2743192975,3.209033,1410,603,1,12.909,11.221,,-0.4,-11.7,11.06908,1.4348000000000003,,1410-603-1,10409.699928952165,5005.381568868821,3.205144528821521,,11.06908,1.4348000000000003,,,-3165.8738928723155,11033.913851251202,-3166.722226780097,11107.995660748858
142.4396042114,11.7156123425,3.208103,823,248,1,12.592,11.422,,-10.3,-4.5,11.3167,0.9945,,823-248-1,1160.8407858014332,-11495.033595013758,3.205955351353914,,11.3167,0.9945,,,-9365.288071061785,-6691.51785059036,-9367.611797330546,-6762.484594806029
141.1410063876,11.841251605,3.206296,823,859,1,12.943,11.946,,-2.2,2.1,11.85627,0.8474499999999999,,823-859-1,-3422.017709573371,-11036.014353466879,3.20620064171022,,11.85627,0.8474499999999999,,,-5980.56391053578,-9771.277927735082,-5982.109888937142,-9885.250593244566
144.8700990657,16.7110351711,3.213838,1410,285,1,12.589,11.579,,3.0,-4.4,11.4881,0.8584999999999998,,1410-285-1,9525.26716443294,6568.327420703962,3.2106290739376186,,11.4881,0.8584999999999998,,,-1410.3244965581894,11407.987973936572,-1410.7042006017862,11484.056483568933
145.4230927298,15.2548342461,3.222132,1410,368,1,10.555,9.961,,-12.4,34.9,9.90754,0.5048999999999995,,1410-368-1,11515.636933517806,1346.4876051223598,3.2171951253392956,,9.90754,0.5048999999999995,,,-6635.574163495272,9440.973714479775,-6637.318185453425,9506.257421319684
139.0568724374,13.6366790089,3.216022,825,500,1,11.813,11.683,,-6.9,-5.8,11.6713,0.1105000000000006,,825-500-1,-10696.244451884006,-4501.692514348255,3.2202024780059455,,11.6713,0.1105000000000006,,,3732.6559826750226,-10856.565396521088,3733.6409629743866,-10987.939116494921
141.6572796888,11.7143332369,3.222517,823,676,1,11.902,10.393,,2.2,-2.3,10.25719,1.2826499999999987,,823-676-1,-1600.8930748395803,-11499.035231989268,3.221583578127666,,10.25719,1.2826499999999987,,,-7535.386690847398,-8732.117595385263,-7537.302611309728,-8830.61375268701
144.5669093066,12.7362967622,3.228776,827,596,1,7.866,6.838,47291.0,-16.1,1.6,6.74548,0.8737999999999996,47291.0,827-596-1,8635.341908171886,-7771.880712849649,3.2237364129239157,6.74,6.74,0.912,83362.0,G8III,-11542.021831436112,1289.2393003932918,-11544.847910795117,1299.1329425442304
138.7775905499,14.7470602488,3.2208,825,104,1,11.415,10.699,,-103.7,-16.4,10.63456,0.6085999999999994,,825-104-1,-11619.022019440785,-485.01101642682323,3.226900613879379,,10.63456,0.6085999999999994,,,7348.363847666772,-8910.625438368405,7350.23717964806,-9011.71025817098
140.187121372,17.5523593105,3.223186,1405,1528,1,10.264,9.353,,-72.4,-69.4,9.27101,0.7743499999999996,,1405-1528-1,-6614.333724588675,9567.098436697295,3.2273991078726603,,9.27101,0.7743499999999996,,,11543.053956844627,1393.3288404889443,11545.881702928136,1404.065105213533
143.9228764663,17.62563213,3.230035,1406,1036,1,11.766,10.763,,-6.3,-19.0,10.67273,0.85255,,1406-1036-1,6225.72327723388,9829.495202264492,3.2285871300891906,,10.67273,0.85255,,,3217.739642973792,11106.737966459312,3218.6026901037776,11181.198637860405
140.0269586841,12.3874518467,3.229275,822,191,1,12.312,11.742,,8.9,-2.4,11.6907,0.4844999999999987,,822-191-1,-7336.879428007666,-9042.475866244804,3.2311748833119824,,11.6907,0.4844999999999987,,,-1891.883566565815,-11350.040072402371,-1892.3880870350968,-11489.77966981056
143.16139,17.9757908486,3.231359,1406,390,1,11.625,11.571,,0.0,-13.9,11.56614,0.0459000000000002,,1406-390-1,3602.772077031377,11073.730482724879,3.2313092777959294,,11.56614,0.0459000000000002,,,5888.770858306701,9977.1748044155,5890.328525362317,10045.471781174478
139.4036222905,16.8218038214,3.22791,1402,325,1,13.98,11.973,,-6.9,-13.9,11.79237,1.7059499999999996,,1402-325-1,-9340.666695463244,6964.649201461289,3.233055519541405,,11.79237,1.7059499999999996,,,11406.566932294643,-2339.961946879306,11409.338332074787,-2362.496907807642
139.5520205684,17.0050925347,3.229277,1402,784,2,12.797,11.579,,-3.2,-62.5,11.46938,1.0353,,1402-784-2,-8820.374514391515,7617.762346562265,3.233945594693532,,11.46938,1.0353,,,11549.60704962162,-1525.1120366526993,11552.413212905269,-1539.8242435824727
139.5518066877,17.0055385383,3.229721,1402,784,1,12.225,11.696,,-3.2,-62.5,11.64839,0.4496499999999999,,1402-784-1,-8821.094142856426,7619.381091513925,3.2343893743094343,,11.64839,0.4496499999999999,,,11551.294984834862,-1524.580402962943,11554.101561657446,-1539.2878865773207
144.3423142851,12.50474649,3.239375,827,192,1,11.91,10.801,,-7.3,0.4,10.70119,0.94265,,827-192-1,7853.5318513349675,-8614.545304733732,3.2346469075721767,,10.70119,0.94265,,,-11653.244218418293,154.65298807538537,-11656.084863901551,155.04513138183836
138.817334663,14.3418086194,3.23146,825,609,1,12.526,11.92,,17.9,-21.4,11.86546,0.5150999999999999,,825-609-1,-11498.585891576788,-1948.313372829502,3.236131720444681,,11.86546,0.5150999999999999,,,6174.303536742167,-9778.897401396103,6175.899919054264,-9893.010800284428
141.90843098,18.1359371303,3.234268,1406,583,1,12.19,11.184,,2.1,-8.5,11.09346,0.8551000000000002,,1406-583-1,-693.71413304026,11642.196877045035,3.2362336311234454,,11.09346,0.8551000000000002,,,9165.235522759307,7157.862631471243,9167.584391620936,7209.534232165324
138.9008394091,15.8540365233,3.231617,1402,461,1,10.73,10.532,,-2.2,-0.3,10.51418,0.1683000000000003,,1402-461-1,-11128.478687993796,3500.0046655818555,3.237077327569745,,10.51418,0.1683000000000003,,,10002.49020446996,-5937.810163838735,10004.956183330192,-5999.49350677814
140.0763471892,17.4946634792,3.238971,1402,1450,1,12.046,11.652,,-16.5,-8.7,11.61654,0.3349000000000001,,1402-1450-1,-6995.756441447851,9364.412302004637,3.243476543448046,,11.61654,0.3349000000000001,,,11644.64457718738,976.9332983725085,11647.491900804474,984.2552365581722
144.8727411043,16.7664886233,3.247088,1410,618,1,11.823,10.088,,-13.6,2.0,9.93185,1.474750000000001,,1410-618-1,9531.464709022413,6768.655015092603,3.243839946559534,,9.93185,1.474750000000001,,,-1264.6541998591033,11544.898781298169,-1264.99529348803,11621.673593770063
139.3408452387,13.0815460583,3.244758,825,730,1,9.896,8.545,45578.0,2.2,-11.4,8.42341,1.1483500000000006,45578.0,825-730-1,-9724.800271827065,-6515.786439953904,3.2481442694427414,8.44,8.44,1.16,79954.0,K0,1582.030790075128,-11456.806618681128,1582.4536986805672,-11598.407371253563
145.2976373722,13.8940146781,3.253561,827,924,1,12.07,11.529,,-10.5,-31.7,11.48031,0.4598500000000003,,827-924-1,11149.098718296327,-3567.849825475809,3.2482003439893643,,11.48031,0.4598500000000003,,,-10066.836133829169,5926.100917596655,-10069.384937931332,5969.87785295706
142.5659569986,18.1249930544,3.247949,1406,1262,1,12.009,11.46,,-9.8,-13.1,11.41059,0.4666499999999995,,1406-1262-1,1559.1854011214089,11604.164624867288,3.2488595049776023,,11.41059,0.4666499999999995,,,7641.620455710065,8807.589261836694,7643.614325094526,8869.208296420975
144.1581803254,12.33402996,3.255821,824,223,1,12.088,12.244,,-4.0,1.8,12.25804,-0.1326000000000005,,824-223-1,7210.731704327112,-9235.866090542891,3.2513201046665916,,12.25804,-0.1326000000000005,,,-11691.215400549136,-730.7303622882022,-11694.058977374118,-738.1455059278917
139.1726742069,13.33684363,3.248777,825,802,1,12.663,11.93,,-11.5,-1.2,11.86403,0.6230500000000004,,825-802-1,-10304.369773000137,-5587.898625236731,3.252605022397643,,11.86403,0.6230500000000004,,,2660.4346779173275,-11277.400042683828,2661.14305926802,-11415.90842126697
145.0807783438,13.3896297311,3.25969,827,701,1,13.071,11.776,,10.2,-10.6,11.65945,1.10075,,827-701-1,10413.988558107312,-5395.96068807022,3.254528394416815,,11.65945,1.10075,,,-10945.89789600847,4174.7471858773115,-10948.627632275455,4206.554695395983
139.2886661597,13.14410054,3.252087,825,1144,1,11.86,11.256,,-5.7,-9.0,11.20164,0.5133999999999993,,825-1144-1,-9905.615793918794,-6288.036196224127,3.2556267983737226,,11.20164,0.5133999999999993,,,1872.3149286292357,-11441.11709526039,1872.8152694644998,-11582.451658790582
144.3501351305,12.4742681155,3.267225,824,125,1,10.603,9.413,,-29.4,-4.9,9.3059,1.0114999999999996,,824-125-1,7881.601113488454,-8724.450384505115,3.2624048893551336,,9.3059,1.0114999999999996,,,-11754.049872685704,103.14846153977676,-11756.914776663325,103.08034782743506
139.8061511795,12.5321631994,3.260264,825,1195,1,13.66,12.014,,-13.6,-6.5,11.86586,1.399100000000001,,825-1195-1,-8110.2889974409,-8513.902805842881,3.26273053653645,,11.86586,1.399100000000001,,,-983.4031385817082,-11573.674750431175,-983.6667249528027,-11717.325991179585
145.1775502166,16.2943038755,3.26789,1410,431,1,10.568,9.979,,-58.5,4.0,9.92599,0.5006500000000004,,1410-431-1,10607.44538507619,5080.83184851357,3.2635477632562813,,9.92599,0.5006500000000004,,,-3240.691070656228,11230.866916132843,-3241.5616739585776,11305.973102045178
138.8055046275,15.6083629539,3.259887,1402,1065,1,12.147,11.287,,-7.7,6.1,11.2096,0.7309999999999995,,1402-1065-1,-11472.913422155574,2619.4266980354655,3.265388014945841,,11.2096,0.7309999999999995,,,9572.64721820334,-6769.642402343044,9575.024478870904,-6841.640508510032
138.7760805065,14.39815939,3.261077,825,330,1,12.624,11.509,,8.4,-8.6,11.40865,0.9477500000000002,,825-330-1,-11640.122043478672,-1742.722176751762,3.26586304013264,,11.40865,0.9477500000000002,,,6421.954762676876,-9748.717126949547,6423.614420121082,-9862.388126312946
142.9259996324,11.7344847142,3.271663,823,157,1,11.969,11.556,,-29.8,12.3,11.51883,0.3510500000000002,,823-157-1,2877.466661899726,-11422.903120498864,3.268602546274903,,11.51883,0.3510500000000002,,,-10450.635236894874,-5375.718659370453,-10453.201582444366,-5430.755635031952
139.1254953173,13.3847687433,3.266003,825,823,1,12.667,11.776,,-9.9,-26.4,11.69581,0.75735,,825-823-1,-10467.749375553985,-5413.733484141453,3.27000964431086,,11.69581,0.75735,,,2899.082447531782,-11283.850275282128,2899.8545132292425,-11422.48357533643
142.0082937739,18.17411475,3.268261,1406,1153,1,11.406,10.852,,-13.3,-12.4,10.80214,0.4709000000000002,,1406-1153-1,-351.86961902262175,11779.700536833341,3.27004335510007,,10.80214,0.4709000000000002,,,9041.17224486098,7502.683122552443,9043.497795385885,7556.47434926609
142.1302364654,11.6351569767,3.2722,823,1051,1,10.042,8.931,46462.0,-13.4,25.5,8.83101,0.9443500000000006,46462.0,823-1051-1,68.54667525592633,-11785.489235522802,3.270246549393448,8.79,8.79,1.002,81857.0,G5,-8857.52935521187,-7688.205394229802,-8859.750867939409,-7772.21137935402
141.2138554699,18.0644768633,3.270963,1405,1249,1,12.641,11.904,,-17.5,-12.2,11.83767,0.6264500000000001,,1405-1249-1,-3075.5424690876443,11391.058098844347,3.2739176323021977,,11.83767,0.6264500000000001,,,10558.21600472407,5222.41096473039,10560.872254958584,5261.4772930099
140.5904032668,17.837750405,3.271217,1405,1193,1,12.592,11.666,,40.3,-0.9,11.58266,0.7871000000000001,,1405-1193-1,-5217.484221404628,10586.515434866587,3.274871196074784,,11.58266,0.7871000000000001,,,11378.217339247536,3101.483100982505,11381.032768332116,3125.4669698182684
145.0000729488,13.2081504717,3.281857,827,634,1,11.013,10.514,,-20.3,4.1,10.46909,0.4241500000000004,,827-634-1,10138.261198157401,-6053.524694274953,3.2764314334612488,,10.46909,0.4241500000000004,,,-11254.585635571777,3536.6377699097116,-11257.378977185219,3563.835000429766
139.4932515727,17.0143977732,3.278612,1402,148,1,13.075,11.958,,79.0,-131.7,11.85747,0.9494499999999992,,1402-148-1,-9020.629102698362,7652.133731188923,3.2822576219430366,,11.85747,0.9494499999999992,,,11708.208023614608,-1650.8491678184662,11711.05278958525,-1666.7761121383712
140.0188554421,12.3285815844,3.280378,822,49,1,12.822,11.764,,-10.0,-15.2,11.66878,0.8992999999999999,,822-49-1,-7367.931342102725,-9255.067875244018,3.282442446376165,,11.66878,0.8992999999999999,,,-2030.2270952631568,-11511.544729454308,-2030.7705278590288,-11654.126509545644
142.6101631641,18.1560503864,3.284668,1406,408,1,11.458,10.908,,-5.8,-4.9,10.8585,0.4675000000000006,,1406-408-1,1710.5318742104616,11716.946812248121,3.285601296406301,,10.8585,0.4675000000000006,,,7625.501708318711,8994.577707618884,7627.495737502724,9057.266180703777
138.9199348947,13.7900537856,3.282057,825,458,1,13.235,12.171,,-10.3,-3.2,12.07524,0.9044,,825-458-1,-11168.904567376749,-3942.311315675409,3.2864602926744175,,12.07524,0.9044,,,4464.581186490229,-10838.972170508694,4465.75906785255,-10970.106822304297
138.9756997127,13.6499973267,3.28319,825,1235,1,12.914,12.174,,-16.2,-29.0,12.1074,0.6290000000000001,,825-1235-1,-10980.631085744084,-4450.652705580892,3.287585870068052,,12.1074,0.6290000000000001,,,3959.5466066540594,-11032.375384100033,3960.5954572758096,-11166.747609340528
139.101769626,16.4651642622,3.284686,1402,1406,1,12.21,11.188,,-8.1,-2.0,11.09602,0.8687000000000001,,1402-1406-1,-10401.119688842315,5693.3884660453805,3.290101502629098,,11.09602,0.8687000000000001,,,11159.807092630906,-3960.2833677092776,11162.528205552519,-3999.4908509922598
144.4422196189,17.3187385183,3.294605,1410,156,1,11.386,10.626,,4.9,-23.1,10.5576,0.6459999999999998,,1410-156-1,8023.62835581221,8741.18144942858,3.2923061301056102,,10.5576,0.6459999999999998,,,1210.8460741800748,11725.686412588446,1211.1734321482968,11803.386126077905
143.4291575897,17.9464339919,3.293728,1406,1054,1,12.355,11.829,,39.4,-35.3,11.78166,0.4470999999999998,,1406-1054-1,4523.041156691452,10973.047551721873,3.293225446425052,,11.78166,0.4470999999999998,,,5202.746442289,10595.223217800625,5204.133162055552,10666.896076603969
145.3701448018,13.9623809422,3.299691,827,260,1,11.608,11.119,,-0.9,-1.4,11.07499,0.4156500000000006,,827-260-1,11399.884476372998,-3317.055014977116,3.2943280006527718,,11.07499,0.4156500000000006,,,-10045.74315577264,6277.872691535924,-10048.295349616204,6323.921300420576
139.9767214941,17.4867965519,3.291283,1402,245,1,11.821,11.374,,-2.7,-14.3,11.33377,0.3799499999999993,,1402-245-1,-7338.474723040183,9339.602394430947,3.295740417031628,,11.33377,0.3799499999999993,,,11853.545569397229,706.428741206653,11856.44103967015,711.4703223516784
138.7844169362,15.6621028253,3.291295,1402,1475,1,12.082,11.095,,5.2,-2.5,11.00617,0.8389500000000001,,1402-1475-1,-11543.019611004123,2814.1087654176763,3.2966624604612944,,11.00617,0.8389500000000001,,,9764.739936379026,-6693.77826840728,9767.163313314471,-6764.837817322141
138.7911592446,14.1678888689,3.292174,825,868,1,10.07,9.967,,-32.6,-3.4,9.95773,0.0875499999999998,,825-868-1,-11600.839982033147,-2573.6230092542546,3.2971577616115697,,9.95773,0.0875499999999998,,,5774.609382990445,-10262.82244993524,5776.1157749904605,-10384.580407335094
141.831998783,11.6178097717,3.300129,823,931,1,11.83,10.609,,-0.4,-9.3,10.49911,1.03785,,823-931-1,-984.5148035976877,-11848.611171792882,3.2989726242187447,,10.49911,1.03785,,,-8205.83283013118,-8506.358475327119,-8207.91288023294,-8601.687174580635
139.0031850731,13.557128775,3.296255,825,665,1,11.666,10.911,,53.8,-15.8,10.84305,0.6417500000000006,,825-665-1,-10886.990712976338,-4786.496910531019,3.2998837186821817,,10.84305,0.6417500000000006,,,3646.2913618249213,-11182.726523869307,3647.2603615960543,-11319.655971525292
141.3973858149,11.6788579214,3.301061,823,304,1,12.425,10.76,,5.4,-1.7,10.61015,1.4152500000000008,,823-304-1,-2518.8693350163053,-11625.253333048517,3.3005133501911796,,10.61015,1.4152500000000008,,,-7020.519678964409,-9491.18156207194,-7022.326257436013,-9600.945355461992
139.2324117477,13.1437791992,3.298261,825,1181,1,12.615,11.905,,-7.7,2.3,11.8411,0.6035000000000007,,825-1181-1,-10103.428232565337,-6286.658043574729,3.301794549979067,,11.8411,0.6035000000000007,,,2004.6208829352536,-11585.586129108113,2005.1583874639748,-11729.47872876814
142.5887125807,11.634877355,3.305942,823,534,1,12.664,11.697,,-2.9,-2.7,11.60997,0.8219500000000004,,823-534-1,1688.1234646350852,-11785.797936962905,3.303579288000273,,11.60997,0.8219500000000004,,,-9932.6332720113,-6492.613148240726,-9935.093780204263,-6561.151226828866
143.6625983961,11.9660422108,3.308096,824,294,1,11.256,10.942,,-9.2,-7.5,10.91374,0.2669,,824-294-1,5473.585348875634,-10576.159932031527,3.3042826428767222,,10.91374,0.2669,,,-11540.48759623648,-2898.9068719934644,-11543.293766255909,-2927.057311576348
139.4658093737,17.0163133467,3.299731,1402,1276,1,11.541,10.313,,-14.6,-9.4,10.20248,1.0437999999999998,,1402-1276-1,-9117.714418557369,7663.610325941124,3.304844551602134,,10.20248,1.0437999999999998,,,11781.220907752453,-1715.2160350382833,11784.083467067505,-1731.7668109271174
143.59725472,17.88957306,3.307854,1406,947,1,12.952,12.376,,0.0,0.0,12.32416,0.4896000000000004,,1406-947-1,5100.191029590068,10773.0280868167,3.307242986693393,,12.32416,0.4896000000000004,,,4670.165984193238,10892.48736248732,4671.415371964521,10965.763134421004
142.1294217572,11.5962396608,3.311036,823,673,1,11.754,11.354,,-2.1,-7.3,11.318,0.3400000000000003,,823-673-1,65.98504357002884,-11926.929089513573,3.3094013544761496,,11.318,0.3400000000000003,,,-8961.581473944334,-7782.7081059030625,-8963.831832472273,-7868.018201009478
144.9608291547,13.0773370717,3.320215,827,120,1,12.02,11.738,,2.6,-2.5,11.71262,0.2397,,827-120-1,10007.007506401133,-6527.171561915466,3.3150622431344043,,11.71262,0.2397,,,-11521.633864191597,3127.101358434459,-11524.485475491545,3151.254092742851
138.6801085301,14.9235626992,3.309988,825,96,1,11.156,10.552,,4.5,-66.1,10.49764,0.5134000000000009,,825-96-1,-11946.795192218566,155.13180034524333,3.3151295966130947,,10.49764,0.5134000000000009,,,8044.5309701241185,-8733.322672465898,8046.576821207865,-8831.90708175196
138.9276250309,16.1729196133,3.312931,1402,211,1,13.143,12.258,,7.5,-10.6,12.178349999999998,0.7522500000000013,,1402-211-1,-11018.763195735015,4648.250126272925,3.3182492092699984,,12.178349999999998,0.7522500000000013,,,10788.240636459368,-5103.288181870732,10790.88568457171,-5155.206857400531
144.4320437186,12.4710193578,3.323237,824,138,1,11.641,9.801,,-13.2,-1.6,9.6354,1.5639999999999998,,824-138-1,8170.744588918709,-8733.591709788217,3.318449674700934,,9.6354,1.5639999999999998,,,-11952.775897542026,311.5711638468442,-11955.691519572534,313.2596039166445
139.6526039425,17.2384527281,3.314992,1402,344,1,8.927,8.637,,-11.5,-15.1,8.6109,0.2464999999999992,,1402-344-1,-8464.206777733092,8456.607123705899,3.3198418464314057,,8.6109,0.2464999999999992,,,11940.439753351795,-709.3416491517454,11943.344452142399,-716.6056924272126
145.1583558257,13.390758805,3.325943,827,294,1,12.64,12.4,,-2.0,-16.2,12.3784,0.2040000000000001,,827-294-1,10686.07523390813,-5388.718916629733,3.320692013544704,,12.3784,0.2040000000000001,,,-11121.050638087529,4381.618228781136,-11123.828930200816,4414.852817344649
145.4415747528,15.7551881417,3.32725,1410,303,1,9.309,8.082,47557.0,-34.6,-3.0,7.971570000000001,1.0429499999999987,47557.0,1410-303-1,11552.379834519512,3150.590683274942,3.3224635460305216,7.97,7.97,1.03,83891.0,K0,-5311.021787142381,10659.334043029598,-5312.438543911704,10731.341864450807
145.0894044013,13.2635889305,3.328178,827,1188,1,13.111,11.934,,27.3,5.0,11.82807,1.0004500000000012,,827-1188-1,10450.825226632998,-5849.8125973407305,3.323114929972966,,11.82807,1.0004500000000012,,,-11309.697024928511,3902.998717803895,-11312.511899331752,3932.827210686192
142.5374198746,18.2056560317,3.324332,1406,1333,1,13.68,12.281,,-25.2,-2.2,12.15509,1.1891499999999993,,1406-1333-1,1460.410044436064,11895.549493800792,3.325389156824838,,12.15509,1.1891499999999993,,,7925.036595360862,8926.488854390725,7927.107453233841,8988.763134171586
141.5747691419,18.1931669794,3.325121,1406,600,1,13.374,12.349,,-32.9,-18.2,12.25675,0.8712500000000003,,1406-600-1,-1837.537273308591,11850.90059553426,3.3275077640035686,,12.25675,0.8712500000000003,,,10080.402379013825,6445.509431874464,10082.967695484143,6492.622783425932
141.0278908498,11.7484347919,3.328199,823,665,1,13.1,11.836,,-4.3,-7.7,11.72224,1.0743999999999994,,823-665-1,-3822.938965112542,-11369.988901069017,3.328328569510679,,11.72224,1.0743999999999994,,,-5964.188787293321,-10284.66338537989,-5965.745390210023,-10406.795466453488
144.8328813939,16.9640995814,3.332922,1410,314,1,13.11,11.799,,-44.0,-11.3,11.68101,1.11435,,1410-314-1,9384.162588813717,7479.306422422934,3.3296094504074074,,11.68101,1.11435,,,-635.5515660302771,11904.64063596141,-635.7237949719695,11983.254454041064
143.7349882461,11.974374155,3.333571,824,315,1,11.552,10.914,,-9.2,-3.9,10.85658,0.5422999999999999,,824-315-1,5728.824768894816,-10544.501821865028,3.3296488979047796,,10.85658,0.5422999999999999,,,-11686.209864302225,-2689.095297197568,-11689.050738863194,-2715.150958657375
145.3078753955,16.173871035,3.335204,1410,721,1,10.857,10.465,,-48.5,1.8,10.42972,0.3331999999999995,,1410-721-1,11065.628678998619,4653.336334496108,3.330752883515397,,10.42972,0.3331999999999995,,,-3864.394744093512,11289.475955388043,-3865.4337666195215,11364.862467240657
143.1609861993,11.73442882,3.334789,824,409,1,10.564,9.434,,17.3,-17.3,9.3323,0.9605000000000008,,824-409-1,3708.4832304685806,-11421.118177381442,3.3318263679828166,,9.3323,0.9605000000000008,,,-11000.822319288412,-4760.034588919002,-11003.514406686605,-4808.061875040538
144.9514955098,13.0312364375,3.338674,827,988,1,10.872,10.263,,-46.9,3.9,10.20819,0.5176499999999999,,827-988-1,9974.989018344539,-6693.703562604547,3.3331089218581504,,10.20819,0.5176499999999999,,,-11624.903788929543,2993.6153368273,-11627.778468799785,3016.7600469103913
141.4608730288,11.6311206572,3.335528,823,690,1,12.765,11.782,,4.6,-34.9,11.69353,0.8355500000000005,,823-690-1,-2295.182626993977,-11799.093994384892,3.3351870696835766,,11.69353,0.8355500000000005,,,-7298.95147753884,-9440.033914077503,-7300.828269315901,-9549.051731011983
140.6276664023,11.8947535989,3.337789,823,382,1,12.857,12.232,,11.6,-16.0,12.17575,0.53125,,823-382-1,-5232.4502220114955,-10835.343362131056,3.338602159590487,,12.17575,0.53125,,,-4628.99886755566,-10972.634889956844,-4630.223664583077,-11106.044746760286
141.7747396719,18.2315110979,3.33951,1406,98,1,10.318,9.663,46357.0,-170.3,-74.1,9.60405,0.5567499999999994,46357.0,1406-98-1,-1155.921776952844,11986.305369011345,3.3411833664330586,9.55,9.55,0.658,,G5,9729.272792105812,7041.390545849067,9731.76363051714,7092.280887935049
139.5532564412,12.6698965275,3.338911,825,1251,1,14.415,12.157,,-14.5,2.7,11.95378,1.9192999999999991,,825-1251-1,-8995.575495001525,-8008.374175690844,3.3417208553541276,,11.95378,1.9192999999999991,,,-17.908763482365675,-11894.438604933805,-17.913600489600043,-12043.841352619314
145.4735979307,15.7151589025,3.347441,1410,456,1,12.533,11.191,,13.9,-20.7,11.07022,1.140699999999999,,1410-456-1,11667.171919994556,3007.555126354866,3.343029080888515,,11.07022,1.140699999999999,,,-5494.149508721483,10650.29440965513,-5495.614994403981,10722.24343512384
139.3596140949,16.9499497756,3.338279,1402,162,1,13.022,12.4,,12.1,-24.5,12.34402,0.5286999999999998,,1402-162-1,-9486.495713046334,7428.77970149616,3.343167859191183,,12.34402,0.5286999999999998,,,11850.381881776342,-2142.7809923794066,11853.261461965707,-2163.460533795621
144.80597525,12.8225545255,3.349462,827,262,1,12.086,11.374,,-27.2,-10.3,11.30992,0.6051999999999997,,827-262-1,9472.899355798825,-7452.564761647307,3.3442725067556722,,11.30992,0.6051999999999997,,,-11859.10759386247,2121.04493830132,-11862.024495265747,2137.5028901395217
140.8601989133,11.7904697933,3.343836,823,252,1,12.966,12.403,,-5.7,-31.4,12.35233,0.478549999999999,,823-252-1,-4414.306046476507,-11216.358075548425,3.3444590300866244,,12.35233,0.478549999999999,,,-5456.849976026936,-10619.526602970544,-5458.283486160723,-10747.089268056938
139.6580312524,12.558228535,3.341995,825,1238,1,12.806,11.318,,-17.9,-7.8,11.18408,1.2647999999999997,,825-1238-1,-8631.167627892259,-8415.165920275182,3.344680485641576,,11.18408,1.2647999999999997,,,-563.898988457238,-11891.980820409559,-564.0512850823764,-12041.3420445703
140.9792386838,18.0752538589,3.346962,1405,1143,1,12.27,12.041,,-33.2,2.0,12.02039,0.1946499999999993,,1405-1143-1,-3880.2004811529337,11434.755269171554,3.3503882419529964,,12.02039,0.1946499999999993,,,11124.91769568806,4653.568170689132,11127.703279735952,4688.688895410067
141.5240889633,11.603847145,3.351464,823,496,1,12.97,11.745,,-6.2,-1.8,11.63475,1.0412500000000011,,823-496-1,-2072.4298186429473,-11897.205198376923,3.3507191898034687,,11.63475,1.0412500000000011,,,-7520.142461336017,-9340.059372487694,-7522.073043217924,-9447.585618451967
142.9360850339,11.6519109833,3.354125,823,182,1,11.908,10.14,,-6.5,-8.4,9.98088,1.502799999999999,,823-182-1,2914.80957799467,-11721.576639922827,3.3513267930005255,,9.98088,1.502799999999999,,,-10698.734851111976,-5544.0257533931735,-10701.36556227444,-5601.093545381858
145.5761625549,14.763967295,3.357967,834,1404,1,10.225,8.89,47597.0,12.8,-15.0,8.76985,1.1347499999999993,47597.0,834-1404-1,12077.264565335756,-416.4948249111753,3.3529572352428962,8.75,8.75,1.149,83982.0,K0,-8326.486003631404,8695.074637083739,-8328.656127528186,8755.985063354177
138.680047771,15.4367793792,3.348112,1402,817,1,12.431,11.292,,-19.7,-35.7,11.18949,0.9681499999999994,,1402-817-1,-11919.145192450042,2006.4716437695074,3.3536233635152755,,11.18949,0.9681499999999994,,,9410.464939085437,-7500.705895929392,9412.82043639315,-7582.266284441569
141.3538073104,11.6314889517,3.356356,823,765,1,12.206,11.519,,-18.2,-15.9,11.45717,0.5839499999999994,,823-765-1,-2673.981000031431,-11796.322666375574,3.356043945666756,,11.45717,0.5839499999999994,,,-7045.4804184258,-9717.253426302595,-7047.300615552733,-9830.5115264572
145.4823365072,14.113326515,3.364076,827,1365,1,12.571,12.121,,4.4,-5.4,12.0805,0.3824999999999994,,827-1365-1,11784.96927407218,-2767.297237591239,3.358789558071779,,12.0805,0.3824999999999994,,,-9890.235995582414,6926.7037311507975,-9892.765154361396,6976.86408013358
144.0967790093,12.1545195683,3.365223,824,694,1,12.283,11.366,,-34.2,-14.3,11.28347,0.7794499999999999,,824-694-1,6999.308338253549,-9885.918728065642,3.3608272570972906,,11.28347,0.7794499999999999,,,-12036.953284787283,-1314.9591220658533,-12039.879104524012,-1327.7866772603074
143.1016398343,18.1305074233,3.361816,1406,540,1,11.408,10.535,,5.8,-26.4,10.45643,0.7420499999999994,,1406-540-1,3395.46744688677,11630.993355124583,3.361826945311536,,10.45643,0.7420499999999994,,,6443.004340390442,10190.932422816768,6444.7133278998745,10260.354561661627
145.59013761,14.9718287633,3.367441,834,1318,1,11.879,11.056,,2.6,-3.3,10.981929999999998,0.6995500000000003,,834-1318-1,12114.056207740663,334.0816305564224,3.3624296198034265,,10.981929999999998,0.6995500000000003,,,-7789.688279592336,9217.81235346959,-7791.730731254053,9281.750942134046
141.0043786132,18.0988208978,3.361648,1405,970,1,12.637,12.235,,-4.4,-5.2,12.19882,0.3417000000000008,,1405-970-1,-3792.813983285447,11519.154147398427,3.364877244209881,,12.19882,0.3417000000000008,,,11130.025454521676,4774.121503532003,11132.815194088815,4810.07027366531
140.0627961911,17.63847024,3.362069,1405,1250,1,12.619,11.949,,-17.0,11.7,11.8887,0.5694999999999999,,1405-1250-1,-7037.625706260829,9884.553875354144,3.366659818639273,,11.8887,0.5694999999999999,,,12061.340288556685,1288.4189852619484,12064.29428843507,1298.2234854750743
144.5190726795,17.3553890767,3.371769,1410,20,1,9.753,8.119,47274.0,-3.4,-51.8,7.97194,1.3889000000000002,47274.0,1410-20-1,8286.74263476793,8875.959007323996,3.369170327355727,7.95,7.95,1.374,83326.0,K0,1137.0023831088813,12010.491507896293,1137.310938873154,12089.635049202128
141.1300333423,18.141427155,3.366714,1405,1091,1,8.128,7.3,46137.0,-31.9,-33.0,7.22548,0.7038000000000002,46137.0,1405-1091-1,-3362.1036599829185,11669.873414674898,3.3695912925215086,7.18,7.18,0.749,81163.0,G0III,10956.864989876844,5193.425977049805,10959.621264375919,5232.2450512613605
139.1819197941,13.0931667933,3.367013,825,677,1,11.76,11.402,,-2.8,-6.0,11.36978,0.3043000000000004,,825-677-1,-10283.204663986831,-6467.42981777659,3.37052866428169,,11.36978,0.3043000000000004,,,1988.7642675590334,-11835.558121002941,1989.3007069785672,-11983.932130420388
145.4568822717,13.9601446133,3.380944,827,1149,1,12.353,11.954,,-24.3,-8.2,11.91809,0.3391499999999992,,827-1149-1,11703.368022915427,-3321.0741118065594,3.3753834868855077,,11.91809,0.3391499999999992,,,-10250.15036604927,6500.782064836311,-10252.760496247694,6548.225602595647
144.7487502708,12.7053475094,3.381775,827,910,1,9.586,9.256,47362.0,-19.3,7.0,9.2263,0.2805,47362.0,827-910-1,9276.717324829746,-7877.12452143297,3.3766144736643704,9.23,9.23,0.324,,F0,-12046.36202145051,1695.8661349927863,-12049.318329349077,1708.947877779679
143.5937336119,17.9700487153,3.379102,1406,906,1,12.267,11.633,,-40.7,-13.9,11.57594,0.5389000000000003,,1406-906-1,5085.074896112611,11063.1527739027,3.3782604201356548,,11.57594,0.5389000000000003,,,4897.117931308213,11072.839061490004,4898.431121083168,11147.049320326436
138.7764751478,15.9569774033,3.376205,1402,206,1,12.532,12.006,,-20.2,4.6,11.95866,0.4470999999999998,,1402-206-1,-11555.393419740607,3878.1089678624494,3.3818450018882786,,11.95866,0.4470999999999998,,,10568.524566369157,-6005.184342012713,10571.13230379463,-6067.784444694352
143.2472633606,11.7083848778,3.386235,824,1679,1,10.317,9.888,,-25.3,-15.1,9.84939,0.3646500000000002,,824-1679-1,4012.507499722963,-11513.93595960461,3.3830267670671574,,9.84939,0.3646500000000002,,,-11271.993665420025,-4596.073052543374,-11274.750134732736,-4642.29976590859
145.6091363259,14.7977736778,3.38834,834,1325,1,11.958,9.935,,-10.0,-11.5,9.75293,1.7195499999999997,,834-1325-1,12189.90345919173,-292.72222708148803,3.3831231928175414,,9.75293,1.7195499999999997,,,-8308.690466060338,8860.527400048195,-8310.86012392397,8922.389626507738
138.7936483911,13.8466026033,3.378786,825,973,1,11.378,10.996,,-12.7,-9.3,10.96162,0.3246999999999997,,825-973-1,-11608.837282240764,-3732.5351029110952,3.383321697844509,,10.96162,0.3246999999999997,,,4913.384320004848,-11025.537019695088,4914.685949526645,-11159.873805627605
138.8891917668,16.2620629533,3.381258,1402,1168,1,12.559,11.804,,4.3,-5.8,11.73605,0.6417499999999992,,1402-1168-1,-11147.483520788172,4971.969969822512,3.386611090283464,,11.73605,0.6417499999999992,,,11115.716076646617,-4985.958862794836,11118.43996615405,-5036.5828640152595
142.3192691393,18.28698466,3.385988,1406,616,1,13.245,12.402,,-21.6,-3.6,12.32613,0.7165499999999999,,1406-616-1,712.9244943631394,12187.974525646812,3.387383303367328,,12.32613,0.7165499999999999,,,8639.7585850722,8563.723416048137,8642.007141040775,8623.844673153766
138.7880197449,13.8480023714,3.383515,825,1034,1,12.206,11.461,,-12.2,-11.3,11.39395,0.6332499999999993,,825-1034-1,-11628.486956142142,-3727.2669116142265,3.388054840533298,,11.39395,0.6332499999999993,,,4930.363432517528,-11036.546143397285,4931.669878449349,-11171.072452078251
138.751221678,13.959926745,3.383598,825,355,1,12.388,11.581,,-13.1,-6.9,11.50837,0.6859500000000003,,825-355-1,-11751.465947606004,-3321.6896137321028,3.3882401065027596,,11.50837,0.6859500000000003,,,5315.229970455034,-10862.210132781347,5316.6332926922205,-10993.815726978384
144.0442646394,17.7426983044,3.39139,1413,725,1,10.966,10.17,,-5.3,-41.0,10.09836,0.6765999999999994,,1413-725-1,6639.4168696198385,10255.683535596856,3.389716848226027,,10.09836,0.6765999999999994,,,3261.8437440741836,11696.009729248517,3262.7253789510005,11773.509428053132
144.2238342963,12.2088426889,3.394252,824,393,1,11.629,9.923,,-3.4,-7.6,9.76946,1.4500999999999995,,824-393-1,7446.456924087458,-9686.21568327081,3.3898481867413133,,9.76946,1.4500999999999995,,,-12184.386971987567,-852.2032504436119,-12187.350657053496,-860.8013401156354
142.8315990059,11.5886095442,3.392998,823,151,1,12.243,12.471,,-12.3,-6.5,12.49152,-0.1937999999999997,,823-151-1,2546.338095744055,-11951.193329232041,3.3903280634686044,,12.49152,-0.1937999999999997,,,-10625.872627285815,-5966.950932055229,-10628.493778536666,-6029.094433670884
142.3793968536,18.28653549,3.389536,1406,12,1,14.218,12.441,,-5.0,-14.4,12.28107,1.5104499999999994,,1406-12-1,919.2608984455644,12186.339310348418,3.3907476454498737,,12.28107,1.5104499999999994,,,8501.596951118747,8716.061454405864,8503.81336568478,8777.076086485513
142.370742029,18.289377295,3.391721,1406,273,1,12.84,12.076,,2.4,-7.8,12.00724,0.6493999999999994,,1406-273-1,889.8093224099104,12196.738239328692,3.3930150382567175,,12.00724,0.6493999999999994,,,8528.918081146243,8701.027190510931,8531.141247702775,8761.952597492036
139.8583267213,12.3132617844,3.390775,822,53,1,10.373,9.814,,-23.0,-8.8,9.76369,0.4751499999999993,,822-53-1,-7934.729205540809,-9305.615609967874,3.393040220956277,,9.76369,0.4751499999999993,,,-1691.863566966414,-11960.94093637353,-1692.3213084498916,-12111.58363033953
144.041590691,12.0787499363,3.397523,824,336,1,10.882,9.913,,-88.7,-102.7,9.82579,0.8236499999999994,,824-336-1,6805.591263983145,-10163.253449851298,3.3936443274864625,,9.82579,0.8236499999999994,,,-12115.756653391225,-1640.8640552839604,-12118.701118491083,-1656.76683302356
142.7088193216,18.2523919342,3.395351,1406,544,1,11.519,10.247,46662.0,177.6,-286.1,10.13252,1.0812000000000002,46662.0,1406-544-1,2052.549468354505,12058.466678271461,3.3937776734804563,10.06,10.06,1.08,,K8,7653.862944716857,9474.377258714501,7655.875900829623,9539.766356789
138.6529314729,15.52840519,3.388805,1401,2204,1,12.712,11.587,,-25.1,-3.3,11.48575,0.95625,,1401-2204-1,-12008.552838865206,2339.2522062323847,3.3944323344968543,,11.48575,0.95625,,,9718.625769425169,-7348.646842080074,9721.054484529783,-7428.226024899078
138.9918999614,16.4904402733,3.389735,1402,274,1,12.703,11.11,,-7.5,2.4,10.96663,1.35405,,1402-274-1,-10780.241016386299,5790.435848983954,3.395170986280665,,10.96663,1.35405,,,11483.975228665633,-4176.988690725285,11486.778350418643,-4218.609583847587
141.1789466757,11.6321726503,3.396875,823,871,1,12.073,11.481,,-4.4,-5.5,11.42772,0.5032000000000004,,823-871-1,-3291.3119314018395,-11791.746326024515,3.3967005859198927,,11.42772,0.5032000000000004,,,-6632.352126860185,-10168.826111523564,-6634.079654916855,-10289.169197720525
145.1418507243,13.2033451866,3.402824,827,63,1,13.284,11.664,,-65.7,42.0,11.5182,1.377000000000001,,827-63-1,10635.60004015628,-6063.96483969753,3.39680958877661,,11.5182,1.377000000000001,,,-11592.446399263936,3899.099513665418,-11595.331930645156,3928.859275848544
140.6308466805,11.8289974133,3.39601,823,356,1,13.645,11.926,,-11.7,-12.0,11.77129,1.4611499999999995,,823-356-1,-5223.41670305356,-11072.75369964573,3.3968355753089567,,11.77129,1.4611499999999995,,,-4812.499579432004,-11120.92653355712,-4813.777107270887,-11256.887070068287
143.6477097324,17.9683699128,3.399735,1406,907,1,9.15,8.863,46986.0,-11.3,-7.0,8.837169999999999,0.2439500000000007,46986.0,1406-907-1,5271.114174369943,11058.792337137684,3.3990005628740083,8.79,8.79,0.37,82768.0,F0,4770.391449413959,11208.368164294514,4771.672875576126,11283.291654640094
138.832716494,16.1622759833,3.393719,1402,47,1,12.72,11.209,,1.2,-9.2,11.07301,1.2843500000000008,,1402-47-1,-11348.654244282583,4615.058238136982,3.3991043055160257,,11.07301,1.2843500000000008,,,10982.353438590842,-5368.913781603241,10985.051015018282,-5423.962563949155
145.1637898126,13.2382730282,3.403353,827,715,1,12.96,11.694,,102.6,-64.2,11.58006,1.0761,,827-715-1,10715.525635628179,-5939.796224009761,3.3992506332235384,,11.58006,1.0761,,,-11552.64517047728,4040.2899764318113,-11555.523915189258,4071.0607801965134
145.2813887171,16.4026553314,3.404078,1410,489,1,11.702,11.048,,-23.5,-0.1,10.98914,0.5559,,1410-489-1,10962.655039529594,5477.067302163996,3.4000910178358543,,10.98914,0.5559,,,-3180.1572284301087,11756.848475552679,-3181.0174676016154,11834.66094229029
141.4482538675,18.250730895,3.402283,1406,699,1,10.941,10.237,,-42.0,8.1,10.17364,0.5984000000000005,,1406-699-1,-2270.610239824579,12060.942480232956,3.4051009074712506,,10.17364,0.5984000000000005,,,10524.865621941766,6262.272661046974,10527.539612988287,6308.162495501263
142.6657922358,18.2700351433,3.405435,1406,322,1,11.861,10.145,,-7.0,-8.4,9.99056,1.4586000000000008,,1406-322-1,1900.076807492543,12129.132836436507,3.4062751985986512,,9.99056,1.4586000000000008,,,7807.88934200373,9407.640376761628,7809.941236998405,9472.643406828429
138.6117449245,14.5168452225,3.401588,825,173,1,13.042,11.98,,-19.3,-2.1,11.88442,0.9026999999999996,,825-173-1,-12209.025058832662,-1306.0341432079701,3.40672454012798,,11.88442,0.9026999999999996,,,7126.013237819939,-9882.131992891267,7127.859783146128,-9997.981445383924
138.9814395307,13.3531505761,3.404707,825,551,1,13.395,12.073,,-3.4,-35.8,11.95402,1.1236999999999993,,825-551-1,-10975.178541501906,-5521.799449130257,3.408739217490752,,11.95402,1.1236999999999993,,,3155.027185034473,-11727.240681224392,3155.876134433609,-11873.721362671944
144.0927735237,12.092364673,3.414132,824,1165,1,11.93,11.613,,-25.7,-35.5,11.58447,0.2694500000000001,,824-1165-1,6987.411618517858,-10110.992398693868,3.409992469079335,,11.58447,0.2694500000000001,,,-12197.34740992319,-1471.7712881992984,-12200.312108858474,-1486.093153030462
141.6750941155,18.2949098567,3.412763,1406,575,1,12.004,11.248,,-11.3,-26.0,11.17996,0.6426000000000002,,1406-575-1,-1492.5474770057474,12217.315188435825,3.4148805101341577,,11.17996,0.6426000000000002,,,10125.403384546236,6943.633630915865,10127.993357247255,6993.871527291751
144.4769136512,12.3798854717,3.420039,824,167,1,11.563,10.705,,17.7,-17.9,10.62778,0.7293000000000004,,824-167-1,8333.179677588547,-9061.564832184458,3.4155927860648507,,10.62778,0.7293000000000004,,,-12305.806065057552,216.2140792278161,-12308.807414906953,217.0271171590411
138.9894661825,16.5314869483,3.410888,1402,1787,1,12.089,10.698,,-8.6,0.6,10.57281,1.18235,,1402-1787-1,-10786.623116224977,5938.59006483752,3.4163149950608496,,10.57281,1.18235,,,11598.98768488107,-4084.403557793241,11601.817971292256,-4125.03454175425
141.7955506393,18.314152615,3.419884,1406,1235,1,12.037,10.404,,4.7,-10.5,10.25703,1.388050000000001,,1406-1235-1,-1079.5585658752968,12286.409899388242,3.421966271249378,,10.25703,1.388050000000001,,,9902.974817060625,7296.170233681368,9905.517126528077,7348.6083967646755
142.1776217098,11.4782302505,3.429486,823,914,1,10.521,9.854,,30.6,-91.7,9.79397,0.5669500000000013,,823-914-1,237.25791920506563,-12355.456142239918,3.428605523091395,,9.79397,0.5669500000000013,,,-9395.653218825135,-7936.892848294993,-9398.01771845807,-8024.39099038602
138.7408757533,16.0046023158,3.423491,1402,758,1,8.839,8.352,45387.0,-3.6,-10.5,8.30817,0.4139500000000001,45387.0,1402-758-1,-11675.974403655197,4051.4487952874215,3.4289305850178375,8.3,8.3,0.446,79499.0,F5,10778.15658002187,-5980.562605205163,10780.815814144797,-6042.8988074549225
139.1600202631,16.8417048692,3.430399,1402,347,1,12.043,11.94,,-17.9,-0.3,11.93073,0.0875499999999998,,1402-347-1,-10181.731423591405,7048.821172988086,3.435764632582436,,11.93073,0.0875499999999998,,,12027.682172883864,-2907.323159010226,12030.607659747873,-2935.6454227537506
141.6128247811,11.5034359256,3.437373,823,772,1,12.154,12.151,,-2.9,-7.0,12.15073,0.00255,,823-772-1,-1759.6750796427723,-12260.666517856493,3.436511786504486,,12.15073,0.00255,,,-7999.461517359532,-9347.250487369967,-8001.515816425936,-9454.953436558495
145.2631540487,13.3331765456,3.443016,827,1148,1,13.172,12.488,,-18.0,-7.7,12.42644,0.5814000000000009,,827-1148-1,11056.716164014522,-5591.5992598799385,3.4375904043143235,,12.42644,0.5814000000000009,,,-11518.719468756322,4523.210940917755,-11521.600992696101,4557.374812298503
138.9906924964,16.5790424033,3.432432,1402,624,1,11.529,10.688,,-17.7,-4.0,10.61231,0.7148499999999994,,1402-624-1,-10780.220049324938,6109.964303706749,3.4379014934539676,,10.61231,0.7148499999999994,,,11722.877136826317,-3967.102765027563,11725.736526690269,-4006.483621716384
141.0220962907,18.185207195,3.438538,1405,276,1,9.409,8.886,46100.0,-16.5,-12.2,8.83893,0.4445500000000012,46100.0,1405-276-1,-3730.8774209706207,11830.637977204267,3.441681337835832,8.89,8.89,0.503,81085.0,G0,11321.811624283646,5025.52627176966,11324.655891597056,5063.162076696288
143.2927196376,18.1570144733,3.443319,1406,803,1,11.319,10.623,,-9.7,-15.0,10.56036,0.5916000000000012,,1406-803-1,4049.52571417597,11730.92866226581,3.443130228186253,,10.56036,0.5916000000000012,,,6083.650298586682,10743.451054187572,6085.275125955057,10815.857452387947
143.092329544,18.2224148844,3.447451,1406,599,1,12.739,12.303,,-8.8,5.2,12.26376,0.3705999999999999,,1406-599-1,3361.687148664874,11963.648379132017,3.4477712634443525,,12.26376,0.3705999999999999,,,6714.141435000496,10385.462396176446,6715.926783742773,10455.914616159456
145.1781059786,16.7048882817,3.459939,1410,439,1,12.167,11.598,,-5.5,3.0,11.54679,0.4836499999999992,,1410-439-1,10590.314539645075,6561.9367324434115,3.4564902123407717,,11.54679,0.4836499999999992,,,-2121.9091929595097,12196.292824763099,-2122.4864876457164,12276.352342571907
139.4123581626,12.6510740672,3.453973,825,680,1,12.213,12.202,,-21.1,-33.7,12.20101,0.0093499999999993,,825-680-1,-9492.797629367966,-8072.285067041516,3.457170123151677,,12.20101,0.0093499999999993,,,264.28337942704854,-12301.224807237673,264.3554925019221,-12458.134258760427
139.0591947797,16.7321658819,3.452495,1402,170,1,11.53,11.087,,0.6,-4.9,11.04713,0.3765499999999996,,1402-170-1,-10535.099882080693,6658.724987044423,3.4577470554989462,,11.04713,0.3765499999999996,,,11970.517756651605,-3425.222330937986,11973.43272161836,-3458.8808651626246
141.9545609852,18.3603259,3.456187,1406,1240,1,12.035,11.089,,-17.4,-20.4,11.00386,0.8040999999999997,,1406-1240-1,-535.6172034937832,12452.278165681659,3.4579598962451286,,11.00386,0.8040999999999997,,,9665.992487094667,7809.949240664046,9668.487631635035,7865.523772840178
139.7735937929,17.5386321633,3.454916,1405,973,1,12.929,12.146,,-25.7,-13.6,12.07553,0.6655499999999995,,1405-973-1,-8036.2405695457655,9534.930534092327,3.4596243138036553,,12.07553,0.6655499999999995,,,12462.676973017326,317.6273091772673,12465.717871318953,319.2815908596218
140.2367215943,11.9586490533,3.463609,822,780,1,8.348,7.981,45855.0,-27.3,-11.2,7.94797,0.3119500000000007,45855.0,822-780-1,-6611.738845913434,-10596.12200672949,3.465133426542417,7.96,7.96,0.347,80582.0,F0,-3534.755607962796,-11830.434604299424,-3535.709166957632,-11978.80014169827
139.731471553,12.3177783853,3.46804,822,131,1,9.032,8.677,45695.0,-38.4,-9.7,8.64505,0.3017500000000003,45695.0,822-131-1,-8382.267373738194,-9285.475356679848,3.470553370072722,8.63,8.63,0.363,80235.0,F2,-1379.796291633983,-12276.459049803476,-1380.1725664796072,-12432.923333274584
138.5298265015,14.66266382,3.465849,825,1506,1,11.41,11.014,,-10.7,-1.6,10.97836,0.3366000000000007,,825-1506-1,-12486.823233125113,-775.7355249835616,3.470996504522907,,10.97836,0.3366000000000007,,,7706.881102997706,-9740.0170909349,7708.873516646628,-9853.719559860747
144.8666892215,12.6946792808,3.47628,827,1454,1,12.87,11.525,,-7.8,-8.7,11.40395,1.143249999999999,,827-1454-1,9692.839073219151,-7911.727250840256,3.4712623649576404,,11.40395,1.143249999999999,,,-12348.392872646979,1981.898778286444,-12351.428474205344,1997.1910368311662
139.2960980276,12.7655637127,3.467783,825,892,1,11.448,10.791,,-84.6,-24.2,10.73187,0.55845,,825-892-1,-9898.83346570791,-7654.487904482419,3.4716110839707612,,10.73187,0.55845,,,846.1265792866803,-12327.060639695404,846.3576138021972,-12484.461055698297
141.281575152,18.28973233,3.473431,1405,1156,1,12.077,10.774,,-5.0,-4.8,10.65673,1.1075500000000007,,1405-1156-1,-2840.0243295300625,12203.807622269638,3.476258922524143,,10.65673,1.1075500000000007,,,11009.588348519628,5933.435629196281,11012.377074496695,5977.140607580785
142.3960802964,11.4380675933,3.480564,823,890,1,10.729,9.972,,-58.1,-45.2,9.90387,0.6434499999999997,,823-890-1,1007.2030220378226,-12498.838117304595,3.4788725970161667,,9.90387,0.6434499999999997,,,-10013.852593298692,-7462.5873924648295,-10016.358777533851,-7543.7370745479075
140.0261973461,12.07704011,3.478079,822,479,1,11.555,10.096,,1.9,3.0,9.96469,1.2401499999999996,,822-479-1,-7350.205451952846,-10162.88609444274,3.479693114987144,,9.96469,1.2401499999999996,,,-2720.746850450609,-12090.435458450325,-2721.4854288811853,-12243.499949561943
145.1468602056,13.0537874283,3.484666,827,529,1,7.519,6.999,47468.0,24.5,-113.9,6.9521999999999995,0.4420000000000004,47468.0,827-529-1,10663.04394024941,-6607.481445837597,3.4802396729225276,6.96,6.96,0.477,83683.0,F8,-12017.056194285786,3561.321997015073,-12020.040382185027,3588.585562504596
145.0639161039,16.9182494089,3.483886,1410,246,1,11.735,11.153,,-13.8,21.5,11.10062,0.4946999999999991,,1410-246-1,10184.94369663387,7326.282339528311,3.4807710419088025,,11.10062,0.4946999999999991,,,-1281.3961740283794,12399.48246225576,-1281.745732729529,12480.569654415507
140.261607179,11.9252238889,3.479664,822,779,1,10.093,8.947,,-35.7,8.0,8.84386,0.9741000000000006,,822-779-1,-6525.112183620118,-10716.907843931866,3.4810105003575056,,8.84386,0.9741000000000006,,,-3682.5546024663972,-11845.543761373234,-3683.5484266990393,-11994.193333956244
144.8397008478,12.6482314808,3.486232,827,325,1,12.334,12.129,,-4.7,3.9,12.11055,0.17425,,827-325-1,9599.921798815045,-8080.029975843911,3.481188940974194,,12.11055,0.17425,,,-12412.571294975316,1802.1107661164147,-12415.619769976829,1815.9759583373423
143.2741798318,11.6054480128,3.492128,824,344,1,12.109,12.009,,10.4,-14.6,12.0,0.0849999999999997,,824-344-1,4110.474254005422,-11885.362021616056,3.489036890565785,,12.0,0.0849999999999997,,,-11614.725066722358,-4767.372225827054,-11617.5684916827,-4815.592520010027
141.4390276794,18.3347896528,3.486581,1406,302,1,12.496,11.693,,-2.1,-17.5,11.62073,0.6825500000000007,,1406-302-1,-2300.2417502409953,12364.054663731753,3.4890713392092487,,11.62073,0.6825500000000007,,,10771.162534821751,6440.220156460672,10773.904217626965,6487.214174566749
138.7479955663,16.20196291,3.48391,1402,685,1,11.469,11.06,,-21.8,-27.6,11.02319,0.347649999999999,,1402-685-1,-11641.0026009502,4762.463387076898,3.4894348467762226,,11.02319,0.347649999999999,,,11286.586271672437,-5488.2451280654,11289.361344436289,-5544.756036412097
145.7181109553,15.1038490333,3.494907,1410,725,1,12.062,11.124,,10.7,-24.4,11.03958,0.797299999999999,,1410-725-1,12553.146602959543,816.7667131048568,3.4900354713390014,,11.03958,0.797299999999999,,,-7720.173609986411,9863.02520997037,-7722.213673311091,9930.559575510006
141.0680297814,11.5663510755,3.490076,823,1015,1,12.03,11.298,,-29.4,-8.0,11.23212,0.6221999999999994,,823-1015-1,-3684.9367239717512,-12028.233913470154,3.4901297630407337,,11.23212,0.6221999999999994,,,-6547.928672186665,-10612.965079106983,-6549.6492048152895,-10740.543051014341
141.9206739793,11.4187041725,3.493117,823,474,1,9.291,8.801,46398.0,-57.8,-8.1,8.7569,0.4165000000000001,46398.0,823-474-1,-673.4293405401376,-12568.119986875503,3.491823023559423,8.8,8.8,0.427,81708.0,F8,-8950.254229570262,-8747.724449575657,-8952.531865418072,-8846.655881171755
138.9636154501,16.6529657847,3.491095,1402,753,1,12.334,10.959,,-15.8,-1.1,10.83525,1.16875,,1402-753-1,-10870.113764883232,6378.204806575953,3.4965442248610428,,10.83525,1.16875,,,11983.102275484707,-3857.4038240828363,11986.024381793935,-3895.6500529660993
141.3638239432,11.4858484925,3.496477,823,757,1,10.894,9.752,,-7.1,-96.3,9.64922,0.9706999999999996,,823-757-1,-2640.061255194939,-12324.698652955934,3.4968433987607015,,9.64922,0.9706999999999996,,,-7463.044661745588,-10037.538129468816,-7464.984364631637,-10155.891332284029
145.1282944154,12.9926516567,3.50297,827,283,1,11.127,10.48,,-18.0,-25.8,10.42177,0.5499500000000002,,827-283-1,10599.56146556853,-6826.525701682178,3.497765839529982,,10.42177,0.5499500000000002,,,-12138.709871232735,3369.8529117505504,-12141.72024676414,3395.701086286131
140.700983339,18.1320158,3.494582,1405,418,1,9.418,7.839,45992.0,14.0,-7.2,7.696890000000001,1.342149999999999,45992.0,1405-418-1,-4831.8125428352905,11646.072399040731,3.4980430454071176,7.69,7.69,1.346,80888.0,K0,11914.476543586023,4086.2219956270114,11917.447026557324,4117.265007501918
145.3594347463,13.3822997117,3.504325,827,1236,1,12.087,11.69,,-2.8,-13.0,11.65427,0.3374500000000002,,827-1236-1,11392.889417190023,-5410.140444265657,3.49903207035475,,11.65427,0.3374500000000002,,,-11606.13659567207,4892.560154778383,-11609.049260737935,4929.251886519544
145.5481821092,13.8246462433,3.506338,834,368,1,12.061,11.284,,-48.6,-36.6,11.21407,0.6604499999999993,,834-368-1,12030.320896280593,-3805.9867666331993,3.500640161377559,,11.21407,0.6604499999999993,,,-10829.704339409873,6423.971085897711,-10832.46053859002,6470.854256986651
142.1342799157,11.4029858889,3.504332,823,1225,1,11.382,10.638,,-8.4,-1.9,10.57104,0.6323999999999997,,823-1225-1,83.06523249757744,-12624.955555720668,3.502638129077698,,10.57104,0.6323999999999997,,,-9494.818149094226,-8227.048883085716,-9497.216975268355,-8318.610000561846
138.8323675135,13.4340723792,3.498643,825,1137,1,13.396,11.334,,-4.4,-0.3,11.14842,1.752700000000001,,825-1137-1,-11494.726697958022,-5222.151027398634,3.50267320692883,,11.14842,1.752700000000001,,,3723.861431169861,-11913.48638193925,3724.8680781022513,-12063.372704780712
144.5946905818,17.4738115042,3.50721,1410,28,1,11.201,10.438,,9.0,-4.9,10.36933,0.6485499999999998,,1410-28-1,8542.761730083965,9308.019161186605,3.5050659365723713,,10.36933,0.6485499999999998,,,1290.1406757242576,12486.40265511129,1290.4930326939375,12567.920528654462
144.075269403,17.8623373756,3.507585,1413,39,1,12.256,11.706,,-3.0,-6.2,11.6565,0.4675000000000006,,1413-39-1,6742.188950618742,10689.737238853706,3.506266036762616,,11.6565,0.4675000000000006,,,3518.17176335715,12059.176234658531,3519.1272939438545,12138.506381371792
138.4825482272,14.9532222355,3.500816,825,336,1,11.282,10.597,,-34.9,-19.0,10.53535,0.5822500000000004,,825-336-1,-12635.658090525852,274.28311081645273,3.506348066839118,,10.53535,0.5822500000000004,,,8590.771748514944,-9162.99247103361,8592.97179371098,-9268.005306323435
141.0952349244,18.2758371917,3.504968,1405,816,1,12.511,11.55,,-0.6,-6.6,11.46351,0.8168499999999987,,1405-816-1,-3478.3333836222546,12156.763803818765,3.5079967119358324,,11.46351,0.8168499999999987,,,11398.043684822513,5428.197845882373,11400.917597902931,5468.526971249944
143.5929979986,11.7075963639,3.511728,824,1228,1,12.066,11.589,,2.1,-5.8,11.54607,0.4054500000000002,,824-1228-1,5234.508839531293,-11510.827350448202,3.5081446547300272,,11.54607,0.4054500000000002,,,-12080.673262080898,-3689.8410057101514,-12083.617617434757,-3726.3137761841567
139.0773022823,16.8543298456,3.503355,1402,1154,1,12.347,11.933,,-3.3,-13.6,11.89574,0.3518999999999997,,1402-1154-1,-10466.590882595774,7098.332921544913,3.5085454090704196,,11.89574,0.3518999999999997,,,12253.751280484874,-3085.63517334035,12256.73320541835,-3115.821897979244
145.654272061,14.1606250117,3.515386,834,563,1,11.792,11.567,,-16.6,-0.6,11.54675,0.1912499999999997,,834-563-1,12384.010598415392,-2587.707026878797,3.5099028506517396,,11.54675,0.1912499999999997,,,-10153.496454440618,7490.503860913306,-10156.108758354554,7544.097099527261
142.2156631409,18.4154203694,3.509815,1406,573,1,12.566,11.945,,-4.0,-7.4,11.88911,0.5278500000000004,,1406-573-1,358.3924845716089,12651.598259161967,3.511340076252837,,11.88911,0.5278500000000004,,,9221.691464708554,8606.149858850855,9224.093074994831,8666.457790127624
140.7304248076,18.1615864944,3.511134,1405,807,1,11.506,10.837,,-31.9,-14.8,10.77679,0.5686500000000004,,1405-807-1,-4731.439116884629,11751.937103992701,3.5146527459770684,,10.77679,0.5686500000000004,,,11927.014936744328,4230.548905721663,11929.991996012306,4262.608683432563
138.516950811,15.492662325,3.51212,1401,766,1,12.034,11.95,,12.7,-20.7,11.94244,0.0714000000000012,,1401-766-1,-12482.918627764495,2217.6447227788126,3.5173457654324203,,11.94244,0.0714000000000012,,,9942.502539097786,-7778.314718930658,9945.000316925714,-7863.725216474006
138.9489019939,13.1838876686,3.513657,825,1117,1,11.703,11.136,,-13.4,-6.7,11.084969999999998,0.4819500000000001,,825-1117-1,-11098.416705827489,-6130.237706411096,3.5174926819968877,,11.084969999999998,0.4819500000000001,,,2781.88208019145,-12214.419979701679,2782.639631105845,-12369.785139471858
145.2931615945,13.2095619053,3.528584,827,1159,1,11.977,10.654,47513.0,-658.7,-144.7,10.53493,1.1245500000000004,47513.0,827-1159-1,11151.495554326913,-6040.1101433633585,3.5184105259640885,10.38,10.38,1.49,,M2,-11916.978296701676,4297.992673633865,-11919.954461858324,4330.527597112836
144.2616262752,12.0760160931,3.522835,824,1518,1,11.373,10.728,,-18.3,-20.9,10.66995,0.5482499999999996,,824-1518-1,7583.993301792543,-10165.111780380857,3.5184941874186,,10.66995,0.5482499999999996,,,-12633.739197705674,-1065.218109057665,-12636.811983811564,-1075.8414358384105
139.1073111414,12.934383918,3.515444,825,999,1,11.793,10.79,,-50.3,-77.9,10.69973,0.85255,,825-999-1,-10554.592654650343,-7039.1969081533425,3.5196206469712408,,10.69973,0.85255,,,1741.358930910902,-12407.51402984057,1741.835433980733,-12566.452504119352
140.7995265571,18.1971693433,3.519961,1405,1569,1,11.939,10.948,,-46.7,-0.4,10.85881,0.8423499999999997,,1405-1569-1,-4494.206252392591,11879.140119098729,3.5235680713556854,,10.85881,0.8423499999999997,,,11864.677523662525,4490.585987408603,11867.645252541359,4524.473004457231
138.6469739904,13.81263811,3.524602,825,817,1,12.331,11.234,,-4.2,-34.2,11.13527,0.9324499999999996,,825-817-1,-12124.92266349597,-3848.439257729248,3.5291454647690514,,11.13527,0.9324499999999996,,,5169.208128813735,-11480.533920868847,5170.591661241272,-11622.788658015597
141.9213983397,11.38081351,3.530925,823,950,1,11.28,10.775,,-21.9,-9.1,10.72955,0.4292499999999991,,823-950-1,-670.0249921089396,-12705.066825816917,3.529617723151671,,10.72955,0.4292499999999991,,,-9054.905463567868,-8834.797109762902,-9057.212903274516,-8935.018240791756
141.5424228631,11.4099475008,3.539934,823,1157,1,12.305,11.392,,-2.4,-12.9,11.30983,0.7760500000000002,,823-1157-1,-2009.3337856009584,-12598.15827541394,3.539211266873308,,11.30983,0.7760500000000002,,,-8086.10210055735,-9751.764544025813,-8088.193336185735,-9865.705385364841
145.1029669508,16.9686428678,3.543548,1410,65,1,9.829,9.118,47455.0,-30.0,-74.0,9.05401,0.6043500000000003,47455.0,1410-65-1,10316.996998952432,7507.626088177123,3.539795379610111,9.08,9.08,0.66,,G0,-1233.443106756491,12617.545181324997,-1233.7805760303684,12699.711100906268
145.377985705,13.3263851044,3.545467,827,113,1,13.193,11.467,,-6.3,-0.8,11.31166,1.4670999999999992,,827-113-1,11460.941350855695,-5610.687989757611,3.5401002874345155,,11.31166,1.4670999999999992,,,-11801.251367500983,4810.913530631962,-11804.211165370407,4847.019200447106
141.9170821783,11.3684549167,3.543495,823,532,1,11.527,10.51,,-16.3,-4.4,10.41847,0.8644499999999995,,823-532-1,-685.1753928701036,-12749.591732564168,3.5421441717836792,,10.41847,0.8644499999999995,,,-9078.140626208546,-8875.089263559305,-9080.455448210323,-8975.905721381592
143.3424440677,11.57153856,3.546259,824,756,1,11.375,10.714,,5.4,-2.8,10.65451,0.5618499999999996,,824-756-1,4352.245519396203,-12006.534087148262,3.5429822347720368,,10.65451,0.5618499999999996,,,-11865.781374877504,-4668.066523811879,-11868.685136195178,-4715.211022299182
144.1207589372,11.94929758,3.548333,824,300,1,11.856,11.86,,-43.7,-17.0,11.86036,-0.0033999999999996,,824-300-1,7090.338494726193,-10626.41155416255,3.544007184846894,,11.86036,-0.0033999999999996,,,-12651.038672050143,-1734.3743728832083,-12654.114083997963,-1751.2621840834333
143.4855458802,11.6212339653,3.549782,824,880,1,11.819,10.671,,-21.5,-34.9,10.56768,0.9758000000000012,,824-880-1,4856.221497383437,-11825.52254416743,3.5465227581830927,,10.56768,0.9758000000000012,,,-12064.91328012679,-4176.411858320903,-12067.859193524566,-4218.132899699194
138.5967799161,13.9040320858,3.543189,825,513,1,12.015,11.145,,-45.1,7.7,11.0667,0.7395000000000008,,825-513-1,-12296.894104178837,-3515.076274736922,3.548075442866669,,11.0667,0.7395000000000008,,,5532.591170308352,-11389.419500353144,5534.069026841357,-11530.110399851435
145.6018234205,13.8299304725,3.55407,834,26,1,12.995,12.286,,-0.9,-9.3,12.22219,0.6026499999999997,,834-26-1,12219.455389808429,-3783.455735823387,3.5487272958828004,,12.22219,0.6026499999999997,,,-10938.373264922755,6579.408188751508,-10941.161602430717,6627.262641388754
139.5832076472,17.4979714708,3.546494,1402,1459,1,12.472,11.085,,9.7,-19.1,10.960170000000002,1.1789499999999988,,1402-1459-1,-8692.223398917538,9396.333611036838,3.5510650127925607,,10.960170000000002,1.1789499999999988,,,12794.401969117716,-259.9147298903418,12797.51901057308,-263.32512340024596
138.6686665182,16.22852176,3.56455,1402,848,1,11.702,10.895,,0.4,-0.2,10.82237,0.6859500000000003,,1402-848-1,-11914.092278871649,4863.544127498278,3.56997102346549,,10.82237,0.6859500000000003,,,11543.400354088843,-5623.728286003082,11546.241767451074,-5681.897337788443
139.2744643429,12.63444513,3.567137,825,932,1,11.198,10.134,,-22.2,-2.6,10.03824,0.9044,,825-932-1,-9979.35583524312,-8126.341118262607,3.570243084802642,,10.03824,0.9044,,,546.7652155823835,-12693.538542835262,546.9159614804638,-12857.909852998913
145.6154084578,13.788352868,3.57978,834,1045,1,12.283,12.247,,-35.4,14.9,12.24376,0.0305999999999996,,834-1045-1,12268.546988190914,-3932.1094912735925,3.5740441165669665,,12.24376,0.0305999999999996,,,-11082.102981348868,6517.8517626538,-11084.926363832396,6565.29799485304
138.4747859768,14.274425155,3.570073,825,633,1,10.892,10.356,,-1.0,-12.6,10.30776,0.4555999999999996,,825-633-1,-12701.800789942308,-2173.1804880654668,3.5749001690330853,,10.30776,0.4555999999999996,,,6804.650063245569,-10811.235389747053,6806.445592712661,-10942.154958440888
139.5628174322,12.3262534375,3.573077,822,135,1,11.493,10.56,,-9.2,5.7,10.47603,0.7930499999999998,,822-135-1,-8975.925859241815,-9249.017093651035,3.575470267171752,,10.47603,0.7930499999999998,,,-958.557501409585,-12688.433565710891,-958.8217486749938,-12852.712674121502
138.9771353823,16.8311314431,3.571418,1402,843,1,11.885,11.727,,-4.2,1.7,11.71278,0.1342999999999995,,1402-843-1,-10813.984401426946,7020.416160452142,3.5767253123211473,,11.71278,0.1342999999999995,,,12426.041349687499,-3393.941232565133,12429.067795658124,-3427.356916222604
144.4639352092,17.6812182756,3.580297,1413,444,1,12.348,11.317,,-8.4,-17.6,11.22421,0.8763500000000005,,1413-444-1,8084.195813954925,10050.780191796825,3.5782691283518653,,11.22421,0.8763500000000005,,,2149.8146444155027,12635.785913259191,2150.403005147771,12718.025449637786
138.7532387916,13.4134924266,3.576936,825,1149,1,12.108,11.435,,-57.5,-5.3,11.37443,0.5720500000000001,,825-1149-1,-11775.270414292334,-5292.77868417453,3.5814650107760406,,11.37443,0.5720500000000001,,,3857.228396584837,-12165.544537346412,3858.277690967316,-12320.07275906867
145.5073677276,16.3654801956,3.585771,1410,157,1,12.831,11.554,,-6.2,-0.4,11.43907,1.0854499999999994,,1410-157-1,11748.138589387587,5355.630281484366,3.581797587959019,,11.43907,1.0854499999999994,,,-3792.228113247575,12261.171635643084,-3793.260893360839,12341.503466851624
143.3618638213,18.285830493,3.586678,1406,1045,1,8.971,8.536,46900.0,-43.0,13.9,8.49685,0.3697500000000004,46900.0,1406-1045-1,4283.003355492177,12198.654461447497,3.586613493097621,8.48,8.48,0.401,82604.0,F2,6278.407388044963,11226.034159310908,6280.0947262869995,11300.960076109232
138.608418868,16.1305667058,3.584697,1401,114,1,9.816,9.358,,4.3,-23.5,9.31678,0.3893000000000001,,1401-114-1,-12128.540967445762,4513.074398581504,3.5900152881185337,,9.31678,0.3893000000000001,,,11423.66467416529,-6012.092315331726,11426.484941205377,-6074.931144840358
140.8813117228,11.5192067842,3.591426,823,1135,1,12.108,10.935,,-5.7,-1.5,10.82943,0.99705,,823-1135-1,-4345.140584763802,-12195.78220670953,3.5915971549239476,,10.82943,0.99705,,,-6235.039409285474,-11207.913718206113,-6236.698485067926,-11345.52521222385
145.8279085094,15.0043736516,3.597772,1410,696,1,11.656,10.807,,-76.5,-78.9,10.73059,0.7216500000000001,,1410-696-1,12939.870351130572,462.8870946225746,3.5919941984883677,,10.73059,0.7216500000000001,,,-8241.413159123,9917.087980314936,-8243.592705936127,9984.872981919818
138.7829074889,16.5372826616,3.589476,1402,505,1,11.003,10.254,,-63.8,-35.3,10.18659,0.6366500000000005,,1402-505-1,-11502.966561734818,5969.996769165848,3.5952471054983635,,10.18659,0.6366500000000005,,,12097.872035174738,-4593.581312570209,12100.831856095434,-4639.93206143723
144.2895005244,17.83510293,3.600335,1413,454,1,11.085,9.608,,-5.0,-6.6,9.47507,1.2554500000000002,,1413-454-1,7478.988937649461,10599.549282759051,3.598731954131448,,9.47507,1.2554500000000002,,,2961.7623261267167,12547.898118533394,2962.5719872020754,12629.682804717231
141.0513250115,11.4570998367,3.599507,823,1222,1,14.582,12.257,,2.1,4.8,12.04775,1.976250000000001,,823-1222-1,-3744.998352804162,-12422.423456028875,3.5993279989414706,,12.04775,1.976250000000001,,,-6802.790319519256,-10914.473495109525,-6804.589290778552,-11047.134550064357
138.6594998681,13.5769865894,3.595083,825,1015,1,12.094,11.578,,-14.7,5.8,11.53156,0.4386,,825-1015-1,-12094.408828215237,-4698.083348785643,3.5993823223199133,,11.53156,0.4386,,,4513.672321451228,-12012.225838856994,4514.895671546531,-12163.980809389675
143.8526594024,11.7271541317,3.605917,824,1113,1,10.955,10.187,,-9.4,3.3,10.11788,0.6528000000000006,,824-1113-1,6151.088364679205,-11434.659214264651,3.601946822354196,,10.11788,0.6528000000000006,,,-12632.024756073255,-2961.267149944477,-12635.098648476573,-2990.25108640092
138.4586807017,14.2108873383,3.597668,825,631,1,10.686,8.755,45295.0,-1.0,-4.2,8.58121,1.6413499999999992,45295.0,825-631-1,-12761.951639735811,-2401.2478264654687,3.6024377674683032,8.56,8.56,1.69,79319.0,R4,6674.037595791048,-11004.365930865404,6675.80584744742,-11138.537474293802
139.7451206646,17.7053720142,3.600112,1405,943,1,7.2,6.67,45699.0,-131.0,-130.7,6.6223,0.4505000000000002,45699.0,1405-943-1,-8130.683984245507,10135.093359970126,3.6045117430835485,6.61,6.61,0.487,80218.0,F5,12974.096939902322,642.7324795585022,12977.267263789201,647.0500994282093
145.5668545872,16.29389779,3.610647,1410,704,1,10.522,10.146,,-13.7,-6.0,10.11216,0.3195999999999995,,1410-704-1,11958.160682937629,5100.695317612628,3.606497486769135,,10.11216,0.3195999999999995,,,-4122.219116748004,12249.087444895322,-4123.341629713686,12329.345215652858
145.5518179617,13.5291439422,3.613675,834,1079,1,9.198,8.622,47589.0,0.9,-35.2,8.57016,0.4896000000000004,47589.0,834-1079-1,12060.902865495174,-4871.7498426943985,3.6084615433595433,8.58,8.58,0.503,83966.0,F5,-11646.889334282903,5743.8685409507025,-11649.834956894558,5786.248347402367
144.3325675183,12.01222591,3.615365,824,930,1,12.734,11.186,,-4.7,-5.4,11.04668,1.3158,,824-930-1,7837.032643174529,-10393.060080468922,3.610964759611098,,11.04668,1.3158,,,-12972.109627777085,-1027.573481214961,-12975.265498602103,-1037.913159762422
140.743707109,11.54819326,3.611024,823,796,1,12.779,12.441,,-5.4,-14.4,12.41058,0.2872999999999993,,823-796-1,-4830.976325318124,-12089.18812976716,3.611517607025012,,12.41058,0.2872999999999993,,,-5832.906968276684,-11495.526743836239,-5834.4690014795115,-11638.117260255667
140.8539088071,18.3127668639,3.610527,1405,1044,1,12.855,11.072,,-0.6,-11.0,10.91153,1.515550000000001,,1405-1044-1,-4304.25564088598,12295.204754632936,3.6137682947267242,,10.91153,1.515550000000001,,,12049.697283114145,4906.0096130848915,12052.722227710088,4942.728343952456
145.6796927488,13.8487752233,3.620196,834,1089,1,11.912,11.733,,41.5,-70.8,11.71689,0.1521500000000002,,834-1089-1,12492.712781800567,-3713.067377284662,3.615425229945487,,11.71689,0.1521500000000002,,,-11067.084855059722,6828.94887891562,-11069.913355624287,6878.354475875142
143.388699128,11.5104652711,3.619083,824,1977,1,12.833,12.258,,-32.6,-26.8,12.20625,0.4887500000000009,,824-1977-1,4515.989452952762,-12227.128206273188,3.6158718898516216,,12.20625,0.4887500000000009,,,-12139.390623346326,-4691.720880531308,-12142.362203766723,-4739.184004062114
143.0827275887,11.4143573544,3.62008,824,1782,1,10.849,10.246,,-4.6,-13.9,10.19173,0.5125499999999997,,824-1782-1,3436.6122691073406,-12578.336955851408,3.6172305340440896,,10.19173,0.5125499999999997,,,-11685.633719256828,-5720.228240136956,-11688.512460017353,-5779.579650383831
138.700785864,16.4287609211,3.613991,1402,1791,1,11.18,10.068,,17.6,0.4,9.96792,0.9452,,1402-1791-1,-11791.167974561307,5584.09617242309,3.619234117856158,,9.96792,0.9452,,,12000.591822905955,-5060.00523077244,12003.53538436437,-5111.644602621216
144.8320953348,12.4286135311,3.627891,824,44,1,9.462,9.137,,-4.4,16.0,9.10775,0.2762499999999994,,824-44-1,9582.836601322317,-8872.762816014452,3.622868157672239,,9.10775,0.2762499999999994,,,-12993.971391257886,1267.4868466030655,-12997.155087262712,1276.963959762661
144.7846352395,17.4679934272,3.629971,1410,230,1,9.152,8.661,47375.0,-32.3,-17.0,8.61681,0.4173499999999997,47375.0,1410-230-1,9195.991841450836,9295.534191359151,3.6272776643465723,8.63,8.63,0.47,83478.0,F,847.2936800670702,12964.310573384912,847.5265931463852,13048.176904252474
138.3585168302,15.038973415,3.622103,1401,69,1,12.856,10.779,,-1.7,-11.7,10.59207,1.76545,,1401-69-1,-13062.55971578581,590.9264892139523,3.6273457802562423,,10.59207,1.76545,,,9110.835282766502,-9270.373858184337,9113.173211374567,-9377.085606072427
143.1047833359,18.4059934411,3.627334,1406,190,1,11.286,10.177,,-21.6,12.8,10.07719,0.94265,,1406-190-1,3401.028785242204,12627.38677434966,3.627750233681535,,10.07719,0.94265,,,7184.292210381707,10853.035794600872,7186.214130032993,10925.942523388192
141.8479590008,18.5252240917,3.626444,1406,1171,1,12.216,12.032,,8.8,-14.9,12.01544,0.1563999999999993,,1406-1171-1,-899.1347070154841,13048.734100670004,3.628384978506713,,12.01544,0.1563999999999993,,,10353.205362065723,7933.361730631889,10355.882199393276,7989.593777135299
138.4071917192,15.5358604694,3.623415,1401,2047,1,12.431,11.25,,-12.7,-9.4,11.14371,1.0038499999999992,,1401-2047-1,-12863.179652586654,2380.2571446667907,3.6289043357714155,,11.14371,1.0038499999999992,,,10316.444442251435,-7952.303719091366,10319.042447359228,-8040.172748085673
145.0135432131,12.6191346267,3.634868,827,153,1,12.476,11.748,,-20.5,-4.7,11.68248,0.6188000000000012,,827-153-1,10213.34962984743,-8178.684346069847,3.629711865324343,,11.68248,0.6188000000000012,,,-12893.435450259347,2192.4190470881654,-12896.60976912314,2209.2633969504914
138.786683577,16.6208638883,3.624517,1402,433,1,10.525,10.175,,-3.0,-24.1,10.1435,0.2974999999999997,,1402-433-1,-11483.762314007345,6271.635298754118,3.629783945226215,,10.1435,0.2974999999999997,,,12310.666907756164,-4381.310335089327,12313.676039030965,-4425.334858628283
145.7723137914,14.1181970433,3.636421,834,1011,1,9.641,9.022,,-18.6,-5.7,8.96629,0.5261499999999998,,834-1011-1,12800.03176307292,-2734.516823084089,3.6309275427601757,,8.96629,0.5261499999999998,,,-10539.352427022071,7702.948889003646,-10542.07066211231,7757.779421099347
143.3026312663,11.4647484422,3.634347,824,558,1,11.817,10.514,,-9.4,-13.4,10.39673,1.1075500000000007,,824-558-1,4213.211831628123,-12393.285287454835,3.631205263527161,,10.39673,1.1075500000000007,,,-12062.680439621112,-5024.68302868279,-12065.638706174439,-5075.927182937319
138.9204882392,16.849579175,3.627141,1402,77,1,11.488,10.887,,-22.1,-9.0,10.83291,0.5108499999999992,,1402-77-1,-11009.344650842015,7089.8367156926515,3.632544807354199,,10.83291,0.5108499999999992,,,12607.599450523356,-3492.893423808213,12610.671318153065,-3527.3819188911116
143.9698008099,18.0710139633,3.633788,1406,836,1,11.667,10.346,,-11.4,-4.0,10.22711,1.1228499999999997,,1406-836-1,6373.417841001064,11439.790275599113,3.6327328636098652,,10.22711,1.1228499999999997,,,4323.7051410365775,12280.204370575215,4324.883041907606,12360.608528689261
138.4119851736,14.2757137167,3.629683,825,530,1,11.772,11.461,,10.0,-29.1,11.43301,0.2643499999999999,,825-530-1,-12921.364507112083,-2165.512058980839,3.634442101694603,,11.43301,0.2643499999999999,,,6956.090419987283,-10967.689826922333,6957.932139871256,-11101.273960235334
144.1840271258,11.8772657344,3.642543,824,919,1,11.707,11.304,,-23.3,-4.6,11.26773,0.3425500000000004,,824-919-1,7316.695293784939,-10884.595619903535,3.638213131701217,,11.26773,0.3425500000000004,,,-12994.308635244917,-1736.3896246899967,-12997.468141063486,-1753.3607024689775
141.2902329978,18.4595040433,3.637125,1405,1571,1,12.463,11.424,,6.8,-14.8,11.33049,0.8831499999999998,,1405-1571-1,-2807.8152792706774,12816.875860500515,3.639770433795094,,11.33049,0.8831499999999998,,,11446.591371722727,6361.792934352556,11449.503497220516,6408.1981190603665
139.81996556,12.0268085039,3.638118,822,475,1,10.688,10.38,,0.0,9.5,10.35228,0.2617999999999998,,822-475-1,-8079.980218742482,-10338.309907869483,3.639882170293576,,10.35228,0.2617999999999998,,,-2367.5882905948984,-12740.409974390997,-2368.24197563905,-12905.741436711172
140.6222233642,11.5655068083,3.640144,823,274,1,13.132,11.398,,12.8,-29.4,11.24194,1.4739,,823-274-1,-5259.551074783326,-12024.889569918943,3.6408742261382634,,11.24194,1.4739,,,-5500.400706937838,-11768.538064569697,-5501.883059496712,-11915.961122654975
144.0223228234,11.7746047978,3.645685,824,1532,1,11.923,10.987,,-38.8,-7.6,10.90276,0.7956,,824-1532-1,6748.360565530947,-11259.621497097729,3.641491785948102,,10.90276,0.7956,,,-12897.53611430076,-2403.9286468802616,-12900.672631727257,-2427.363225666854
139.8062202364,12.0331281475,3.641297,822,804,1,11.043,10.306,,23.0,-4.5,10.239669999999998,0.6264500000000001,,822-804-1,-8127.66458450328,-10315.458857637144,3.643052883472497,,10.239669999999998,0.6264500000000001,,,-2318.857359169131,-12760.51616655606,-2319.4979363080897,-12926.235042163586
140.9129831863,11.4548384944,3.642073,823,946,1,11.413,10.476,,-18.4,-107.2,10.39167,0.7964499999999994,,823-946-1,-4234.776343316867,-12431.674129786948,3.643181693827872,,10.39167,0.7964499999999994,,,-6484.653506006656,-11280.671532462542,-6486.381967312862,-11419.575356432959
143.2353551467,18.3859726367,3.643261,1406,971,1,11.789,11.113,,-7.7,-9.3,11.05216,0.5746000000000001,,1406-971-1,3848.753477474951,12557.069702011058,3.643319148523521,,11.05216,0.5746000000000001,,,6834.579864190776,11139.676172832336,6836.414834439253,11214.113208051669
145.7701014499,15.8332525175,3.652823,1410,35,1,11.842,10.233,,-12.8,-18.9,10.08819,1.36765,,1410-35-1,12690.513498712106,3450.7097868147403,3.648198931350694,,10.08819,1.36765,,,-5841.921864872571,11704.348982547546,-5843.501609127149,11781.766414164696
138.372825329,15.4521575606,3.643404,1401,796,1,11.541,10.7,,11.4,-71.9,10.62431,0.7148500000000009,,1401-796-1,-12987.287367290557,2078.7391110296794,3.6485592481348736,,10.62431,0.7148500000000009,,,10173.354018141903,-8241.26764051578,10175.925697792984,-8333.146203284154
143.3710721693,18.350218985,3.650228,1406,957,1,12.098,11.204,,-7.8,9.9,11.12354,0.7599000000000001,,1406-957-1,4314.161950356514,12431.440401732103,3.6502617070677106,,11.12354,0.7599000000000001,,,6431.7765973273345,11402.95985211877,6433.5091866392895,11478.791893799353
139.3043048617,17.36697292,3.645449,1402,415,1,13.641,12.062,,-4.9,6.1,11.91989,1.3421500000000004,,1402-415-1,-9658.967377261584,8937.436408463524,3.6504794747207217,,11.91989,1.3421500000000004,,,13092.876618767945,-1278.292313453986,13096.061158614133,-1290.9695891748727
145.2811666217,16.9137025986,3.653997,1410,197,1,12.171,11.823,,1.6,-3.1,11.79168,0.2957999999999991,,1410-197-1,10936.214860227416,7320.912997952152,3.650722725117186,,11.79168,0.2957999999999991,,,-1783.9819982698289,12955.064832115831,-1784.4723541155158,13038.873456324385
142.5752938429,18.5309710708,3.651579,1406,55,1,13.036,10.951,,-3.1,-1.1,10.76335,1.7722499999999992,,1406-55-1,1588.2530173276439,13071.344288246459,3.65267747378613,,10.76335,1.7722499999999992,,,8719.304522498562,9797.810029280734,8721.607386754056,9864.895019220752
139.1951185216,17.2518448097,3.649149,1402,581,1,12.54,11.366,,-4.3,-3.7,11.26034,0.9978999999999996,,1402-581-1,-10040.71820076004,8527.127714140683,3.654203955491598,,11.26034,0.9978999999999996,,,13039.4398286323,-1830.9659279553043,13042.610351891357,-1848.8494392674947
141.6821157064,11.2718820619,3.658562,823,410,1,11.82,11.121,,1.0,-30.7,11.05809,0.5941499999999998,,823-410-1,-1516.2790565827568,-13098.45104665785,3.657778626315849,,11.05809,0.5941499999999998,,,-8787.386340619672,-9715.57488326982,-8789.658214654135,-9829.060507937096
142.4193563326,11.2598054375,3.66018,823,694,1,11.72,10.439,,2.1,-3.9,10.32371,1.0888500000000003,,823-694-1,1091.993680069068,-13141.874022560887,3.658122491086425,,10.32371,1.0888500000000003,,,-10550.911857852952,-7821.080803913094,-10553.564791607887,-7907.184910668456
144.9264227653,17.3689386011,3.660808,1410,18,1,10.67,10.81,,-6.6,1.4,10.8226,-0.1190000000000004,,1410-18-1,9689.58572505719,8945.421931060278,3.658199502630018,,10.8226,-0.1190000000000004,,,257.9512544651259,13100.388929094135,258.0222944685024,13184.918260781353
139.1769904584,17.2382270838,3.654039,1402,106,1,10.326,9.394,,55.2,-37.0,9.31012,0.7922000000000003,,1402-106-1,-10102.309628415958,8477.999646323262,3.658456399038588,,9.31012,0.7922000000000003,,,13043.582223739322,-1908.8927633722942,13046.753763028228,-1927.525376836258
145.8909860236,15.1719747714,3.665361,1410,272,1,11.571,11.386,,-2.0,1.1,11.36935,0.1572500000000004,,1410-272-1,13151.717562586162,1073.3055281731808,3.6604121640524623,,11.36935,0.1572500000000004,,,-7925.585425856891,10477.670808625217,-7927.695956708444,10548.521053722854
140.5986526298,18.2687096378,3.65856,1405,224,1,12.888,12.051,,5.4,-39.2,11.97567,0.7114499999999998,,1405-224-1,-5179.559946698793,12141.862822586216,3.661806235521692,,11.97567,0.7114499999999998,,,12515.96327469988,4154.869078863616,12519.086325893768,4186.305245532304
145.8082182646,15.75071023,3.669232,1410,637,1,11.193,10.161,,-17.0,-12.7,10.06812,0.8772,,1410-637-1,12827.877112158161,3155.436149653629,3.6645142986505492,,10.06812,0.8772,,,-6153.8567097923105,11611.566598073172,-6155.518873199403,11688.489889667537
138.5177946759,13.7609646725,3.659912,825,1017,1,12.495,11.411,,-45.7,-15.9,11.31344,0.9213999999999996,,825-1017-1,-12582.262466079106,-4027.697636046286,3.6647704934682532,,11.31344,0.9213999999999996,,,5338.674263219227,-11933.429779935967,5340.118735018891,-12083.824266705358
141.2876382766,18.4850595689,3.662596,1405,163,1,12.694,11.515,,-18.4,-14.9,11.40889,1.00215,,1405-163-1,-2817.0275258759225,12909.280559122535,3.665288634598114,,11.40889,1.00215,,,11521.794401388566,6415.908961819521,11524.727334878644,6462.6487211038075
141.4561795679,18.5173139667,3.663269,1406,1168,1,12.163,12.073,,-7.0,-8.0,12.0649,0.0764999999999998,,1406-1168-1,-2239.7260314336895,13023.69987956415,3.665790697471032,,12.0649,0.0764999999999998,,,11224.202922291664,6920.405478977685,11227.07447746049,6970.360817518879
145.8926806957,14.6337208675,3.672204,834,1364,1,11.858,11.245,,-3.2,16.5,11.18983,0.5210500000000011,,834-1364-1,13190.652049059143,-867.608150697614,3.666972385271689,,11.18983,0.5210500000000011,,,-9402.664495983377,9225.390874624618,-9405.131237777121,9289.216962838675
140.1028472697,18.02682147,3.663181,1405,1428,1,11.917,11.139,,-18.7,3.9,11.06898,0.6613000000000003,,1405-1428-1,-6887.338014580674,11285.311966817455,3.667470899856008,,11.06898,0.6613000000000003,,,13008.93725434705,2322.6447445999574,13012.142676468202,2340.477319420249
139.3439178133,12.4104225178,3.665208,822,99,1,12.256,11.934,,22.1,-6.4,11.90502,0.2737000000000008,,822-99-1,-9743.50025998344,-8937.786636950577,3.6677443320011465,,11.90502,0.2737000000000008,,,-216.46196823155773,-13048.852343441136,-216.52223652868165,-13220.171912839945
143.5936770897,11.5303541975,3.674377,824,1926,1,10.144,9.505,,0.9,-18.3,9.44749,0.5431499999999995,,824-1926-1,5241.150555831639,-12151.515744245198,3.67097721959718,,9.44749,0.5431499999999995,,,-12564.123074995985,-4105.607031130143,-12567.190900295356,-4146.650082544917
139.0808282371,17.1416387953,3.666441,1402,992,1,11.982,11.438,,-5.7,-23.5,11.38904,0.4623999999999988,,1402-992-1,-10440.372844047692,8134.807451040635,3.6714734875067463,,11.38904,0.4623999999999988,,,13011.333517126754,-2384.9098559268296,13014.497874877952,-2408.178243618317
138.7810261249,13.1599182769,3.667958,825,350,1,13.837,11.83,,-6.0,-9.7,11.64937,1.7059499999999996,,825-350-1,-11689.9238858975,-6209.196450527152,3.67180751425333,,11.64937,1.7059499999999996,,,3115.3838460753586,-12699.990545745379,3116.2431527134736,-12864.581984366432
144.8992595578,17.4186856108,3.675102,1410,166,1,10.699,10.07,,-3.1,-4.1,10.01339,0.5346499999999996,,1410-166-1,9593.810518727449,9123.515048213207,3.6725523583774855,,10.01339,0.5346499999999996,,,454.66880453430366,13146.758612404317,454.79410073726757,13231.511230020298
140.821935636,11.45385649,3.672474,823,576,1,13.94,11.637,,5.4,5.4,11.42973,1.9575499999999992,,823-576-1,-4556.114248380228,-12430.831679493542,3.6725944220519944,,11.42973,1.9575499999999992,,,-6270.760121712781,-11516.331586914554,-6272.440471758914,-11659.341482967036
142.2754530215,11.2348795767,3.676011,823,330,1,11.876,11.062,,-6.8,-21.3,10.98874,0.6919000000000001,,823-330-1,582.6998061524347,-13232.86037129855,3.67431136475715,,10.98874,0.6919000000000001,,,-10280.932094841544,-8256.368577685673,-10283.531662705098,-8348.479455117427
139.06334021,12.7276053578,3.670907,825,1011,1,12.168,11.655,,-30.6,-13.6,11.60883,0.4360499999999999,,825-1011-1,-10719.005529228663,-7781.975062143703,3.674395767985577,,11.60883,0.4360499999999999,,,1295.0999663733812,-13011.884048692373,1295.460195100342,-13182.488319220101
143.1694483045,11.37866122,3.677456,824,59,1,9.335,8.829,46837.0,-44.9,-16.8,8.78346,0.4301000000000002,46837.0,824-59-1,3742.834437683358,-12706.341950075404,3.674434612856008,8.79,8.79,0.533,82489.0,F8,-11984.573561913723,-5577.825921359003,-11987.523363230894,-5635.5318290421665
144.0398345803,11.7466314283,3.678424,824,501,1,11.543,11.122,,0.3,-18.6,11.08411,0.3578499999999994,,824-501-1,6812.155721902789,-11360.542042650104,3.6745123613790303,,11.08411,0.3578499999999994,,,-13015.33331606213,-2422.9988955361873,-13018.498766334216,-2446.6448359387737
139.0612643682,17.1247523911,3.671221,1402,401,1,12.492,11.76,,-2.0,-3.8,11.69412,0.6222000000000009,,1402-401-1,-10508.621564377214,8075.429308603105,3.6763528603998985,,11.69412,0.6222000000000009,,,13012.229768214249,-2474.481443006209,13015.394621853993,-2498.6373364216033
138.5425043415,13.6563186722,3.672308,825,1312,1,11.732,10.841,,-22.7,-4.3,10.76081,0.75735,,825-1312-1,-12500.963707891038,-4406.21895088931,3.6768242894030587,,10.76081,0.75735,,,5001.699034124452,-12120.497820432394,5003.058506579581,-12274.292837020315
145.0395542887,12.5731736042,3.683634,827,1063,1,12.314,11.929,,-6.4,-27.3,11.89435,0.3272499999999998,,827-1063-1,10307.587974345579,-8344.183247157463,3.6787324589661528,,11.89435,0.3272499999999998,,,-13079.722508265455,2153.372325310871,-13082.942284806652,2169.881352386155
138.7312643598,16.62724205,3.674529,1402,238,1,12.735,11.991,,-5.3,-26.0,11.92404,0.6323999999999997,,1402-238-1,-11675.315973822257,6297.805478788514,3.679812757850992,,11.92404,0.6323999999999997,,,12457.359049499932,-4505.786014058413,12460.406142948468,-4551.223537690015
139.5700113769,12.1776355583,3.677672,822,184,1,12.312,11.644,,19.1,-21.1,11.58388,0.5677999999999993,,822-184-1,-8955.915852083459,-9786.622337730643,3.679927956949902,,11.58388,0.5677999999999993,,,-1373.792117643223,-13023.780246224234,-1374.174364608306,-13194.622023636128
138.5343707992,13.664970945,3.676748,825,1318,1,11.764,11.374,,-15.0,2.7,11.3389,0.3314999999999989,,825-1318-1,-12528.814201659743,-4374.398999881875,3.68118043803947,,11.3389,0.3314999999999989,,,5043.973150011092,-12120.20529199889,5045.344119040108,-12273.999129474778
145.052476437,12.5841647864,3.686443,827,579,1,11.949,12.038,,-17.9,11.9,12.04601,-0.0756500000000003,,827-579-1,10352.293476768975,-8302.950553110766,3.681205621671626,,12.04601,-0.0756500000000003,,,-13078.5606834985,2213.7094002615713,-13081.781303442987,2230.6873482052642
141.6764904935,18.5643001061,3.680098,1406,338,1,12.597,12.167,,2.6,-6.1,12.1283,0.3654999999999997,,1406-338-1,-1485.5233528167848,13191.330838051108,3.682341742114991,,12.1283,0.3654999999999997,,,10848.991998098947,7591.578000857507,10851.787021537717,7645.698617514943
138.300014574,14.8293482825,3.678696,825,310,1,11.95,11.36,,-63.8,-2.1,11.3069,0.5014999999999998,,825-310-1,-13281.343683627094,-161.40392596113333,3.6844474619118808,,11.3069,0.5014999999999998,,,8693.490746614523,-9923.398141775002,8695.746705771386,-10040.126020075777
138.2982632595,14.7471661278,3.683896,825,197,1,9.533,9.374,,4.8,-11.2,9.35969,0.135149999999999,,825-197-1,-13290.708221737876,-458.00180048684655,3.688949030250635,,9.35969,0.135149999999999,,,8477.93248349417,-10124.131757572091,8480.140553876265,-10244.018101854734
139.6288881966,17.7242538611,3.685583,1405,580,1,10.995,10.375,,-24.1,-5.3,10.3192,0.5269999999999994,,1405-580-1,-8526.76015820445,10211.72994535906,3.69032557200223,,10.3192,0.5269999999999994,,,13294.261141759294,399.49749369651016,13297.507393938235,401.7018554157664
142.599237017,18.5667504333,3.68997,1406,554,1,12.545,11.851,,-7.5,-9.2,11.78854,0.5898999999999992,,1406-554-1,1669.7441206655699,13200.677265836437,3.690958245186996,,11.78854,0.5898999999999992,,,8761.920256262087,9943.812987554915,8764.238556312948,10011.695572344886
138.2925099662,15.0991567411,3.687923,1401,97,1,13.308,12.197,,-12.2,4.6,12.09701,0.9443500000000006,,1401-97-1,-13289.497999141726,812.3876338232967,3.693294327364719,,12.09701,0.9443500000000006,,,9427.028220331356,-9292.697177962287,9429.448570251605,-9399.79948710425
141.2142207938,11.314807435,3.695724,823,1236,1,10.217,9.926,,-6.5,-9.0,9.89981,0.2473500000000003,,823-1236-1,-3171.3448875765284,-12938.98310058006,3.6954127261074285,,9.89981,0.2473500000000003,,,-7569.724481635981,-10829.674422427997,-7571.723279681293,-10961.009016007049
139.1220645143,12.6111130144,3.696947,825,726,1,12.04,11.679,,-39.5,-0.5,11.64651,0.306849999999999,,825-726-1,-10517.988246457511,-8204.541799276962,3.700267053119614,,11.64651,0.306849999999999,,,845.7508631314092,-13139.528092672157,845.9869524374973,-13312.658974262478
145.7379756319,13.7445038583,3.7066,834,190,1,11.526,11.136,,-34.8,19.0,11.1009,0.3315000000000004,,834-190-1,12701.261726096227,-4083.808294372568,3.7008575599910065,,11.1009,0.3315000000000004,,,-11482.693762469049,6739.430140925272,-11485.626281255505,6788.219836401402
138.7783181494,16.7599392856,3.698259,1402,937,1,12.285,10.866,,-6.2,5.6,10.73829,1.2061500000000005,,1402-937-1,-11505.284642688115,6774.789953123443,3.7036536006684257,,10.73829,1.2061500000000005,,,12701.166262578636,-4066.778638961473,12704.267321424462,-4107.425646802498
138.6009067668,13.4415988789,3.700343,825,1110,1,12.785,11.494,,0.4,-21.1,11.37781,1.0973500000000005,,825-1110-1,-12307.493731666453,-5184.368379743314,3.704510427530465,,11.37781,1.0973500000000005,,,4291.481408856214,-12485.57963452179,4292.658644928452,-12646.15195266987
139.2706954213,17.4122114467,3.6996,1402,1308,1,11.883,10.674,,-1.1,-2.4,10.56519,1.0276499999999995,,1402-1308-1,-9772.6202542353,9102.242813458675,3.7045399787283206,,10.56519,1.0276499999999995,,,13291.53024783669,-1254.0772166182658,13294.763573253938,-1266.567171504839
145.2702851474,17.0269682383,3.708071,1410,133,1,10.526,10.083,,6.9,0.2,10.04313,0.3765499999999996,,1410-133-1,10892.931071855759,7729.215472710763,3.704972728744298,,10.04313,0.3765499999999996,,,-1449.9744600962783,13192.578630885764,-1450.374302445686,13277.542451169154
142.9864051701,11.2998280066,3.707834,824,1978,1,6.303,5.08,46771.0,-91.5,-83.6,4.96993,1.0395499999999998,46771.0,824-1978-1,3095.3150192959465,-12995.23611239178,3.7055983085139377,4.99,4.99,1.046,82395.0,K0IIIvar,-11770.833844949853,-6245.795824721387,-11773.746212190958,-6311.579581721451
144.7307886868,12.2135965933,3.710349,824,277,1,11.832,10.069,,16.6,-39.3,9.91033,1.4985499999999998,,824-277-1,9235.359380700476,-9654.196085379568,3.7059940793358095,,9.91033,1.4985499999999998,,,-13347.6572958149,495.3482410129722,-13350.917804266193,498.3560267308073
140.2599864299,18.1692777158,3.710774,1405,1279,1,11.328,9.75,,-1.7,3.1,9.60798,1.3412999999999995,,1405-1279-1,-6343.347924117236,11794.337761436092,3.714773691908846,,9.60798,1.3412999999999995,,,13028.49933808076,3061.7953056376837,13031.724874248732,3085.2249381742213
139.5258571092,12.1690628633,3.712937,822,404,1,11.109,10.38,,30.5,-22.2,10.31439,0.6196499999999993,,822-404-1,-9111.81151088197,-9816.144483315995,3.7151592543971654,,10.31439,0.6196499999999993,,,-1292.4056166265095,-13157.316077766234,-1292.7665818206594,-13330.812281781853
139.4647293286,12.22453732,3.712747,822,281,1,11.628,10.827,,-32.0,-25.2,10.75491,0.6808500000000001,,822-281-1,-9326.87817091407,-9613.787612436296,3.715507932596481,,10.75491,0.6808500000000001,,,-998.3807228888024,-13183.31958123006,-998.6597702705621,-13357.329348913805
138.5309364645,16.29130886,3.710554,1401,355,1,12.303,11.664,,-6.3,-13.8,11.60649,0.5431500000000009,,1401-355-1,-12388.427555387161,5097.888477433056,3.7159832405742734,,11.60649,0.5431500000000009,,,12033.41278618835,-5820.458536743994,12036.380115675856,-5881.0847583064215
139.5318827663,12.1622349922,3.714053,822,639,1,11.824,11.04,,33.6,-23.2,10.96944,0.6664000000000005,,822-639-1,-9090.745292392816,-9841.032766859002,3.716251365775175,,10.96944,0.6664000000000005,,,-1324.9944376208578,-13158.066391589673,-1325.3645136246728,-13331.578481019544
142.0893730641,18.62340998,3.716251,1406,114,1,12.859,12.128,,-1.7,-8.4,12.06221,0.6213499999999998,,1406-114-1,-73.67415042770739,13403.200410295278,3.717940225973994,,12.06221,0.6213499999999998,,,10070.395706880212,8781.026665530833,10073.024404306329,8842.250192639316
139.721360373,17.83316081,3.713802,1405,1492,1,12.346,12.131,,-12.9,-15.3,12.11165,0.1827499999999998,,1405-1492-1,-8204.261633315755,10600.689628066935,3.7182840312966174,,12.11165,0.1827499999999998,,,13371.05314321527,894.7464651161148,13374.324519300893,901.0955503885841
139.8279173746,11.9212553008,3.717813,822,963,1,12.964,11.772,,-49.5,-7.5,11.66472,1.0132,,822-963-1,-8057.130104350963,-10720.243143944928,3.7198976612227566,,11.66472,1.0132,,,-2668.312925779991,-12972.309345913804,-2669.054401639031,-13142.188066864348
144.4110335631,17.9010067922,3.721956,1413,604,1,11.688,11.144,,20.8,-16.0,11.09504,0.4624000000000004,,1413-604-1,7894.813004528902,10842.371080390698,3.7203526949651837,,11.09504,0.4624000000000004,,,2867.35357063061,13017.77697430947,2868.142443780584,13101.864063695642
141.7687018126,18.6133596881,3.720185,1406,1195,1,11.823,11.33,,-2.1,-16.7,11.28563,0.4190500000000002,,1406-1195-1,-1170.0363408949913,13367.723467462823,3.722207670686117,,11.28563,0.4190500000000002,,,10771.49610357237,7942.505973988171,10774.281803233504,7998.741611409062
142.6291508085,11.21668658,3.725514,823,803,1,10.443,9.539,46627.0,-33.3,-41.1,9.45764,0.7683999999999999,46627.0,823-803-1,1833.6875427677069,-13297.67650915274,3.7235019081370573,9.41,9.41,0.843,,G5,-11159.649286584054,-7375.7083655269735,-11162.441207443962,-7455.904830195349
140.2473346777,18.17317695,3.720014,1405,1104,1,12.733,11.531,,-3.0,-12.8,11.42282,1.0216999999999998,,1405-1104-1,-6386.654301850368,11808.440042058828,3.723893391523569,,11.42282,1.0216999999999998,,,13067.784763412112,3038.9450550955858,13071.019589032829,3062.1979526752775
141.2122523629,11.2793324617,3.730674,823,1329,1,13.688,12.237,,25.7,-17.8,12.10641,1.2333500000000004,,823-1329-1,-3177.9653380871546,-13067.430571212817,3.7303634771616494,,12.10641,1.2333500000000004,,,-7661.366145028686,-10918.380731843288,-7663.393035731133,-11051.226746540766
145.9490084734,14.5350630397,3.735896,834,1442,1,9.757,9.2,,-8.7,-18.1,9.14987,0.4734500000000003,,834-1442-1,13393.659805701594,-1221.0998343364402,3.73061030662074,,9.14987,0.4734500000000003,,,-9801.696029431849,9143.070457777441,-9804.265269600199,9206.388560103076
141.4098989709,18.57697108,3.729721,1406,1143,1,12.292,11.297,,-40.2,-17.4,11.20745,0.8457499999999993,,1406-1143-1,-2398.2587805721478,13239.689323767165,3.7322533068691026,,11.20745,0.8457499999999993,,,11490.907588610513,6945.101180494098,11493.84845214439,6995.174503013376
139.4013297948,12.26079943,3.729728,822,273,1,12.353,12.138,,-11.1,-5.4,12.11865,0.1827499999999998,,822-273-1,-9548.479114193618,-9480.094529529195,3.732300866923685,,12.11865,0.1827499999999998,,,-751.3578445504079,-13258.791950327637,-751.5683038718962,-13434.313929919092
145.6814679169,16.3580952778,3.736751,1410,187,1,12.592,11.102,,-4.6,-25.0,10.9679,1.2665000000000002,,1410-187-1,12352.168080572315,5338.6786708013615,3.7326287419071735,,10.9679,1.2665000000000002,,,-4205.755142974069,12699.513434981736,-4206.907393741286,12781.998138838255
145.2198202534,12.7047087794,3.741254,827,1459,1,11.943,11.37,,-51.5,0.2,11.31843,0.4870500000000003,,827-1459-1,10935.269756026482,-7861.258224013789,3.735730847613116,,11.31843,0.4870500000000003,,,-13135.187644384818,2937.4116136729185,-13138.437044416982,2959.894851440712
139.2223912299,12.4389550544,3.733442,822,179,1,11.718,11.135,45538.0,12.7,-11.6,11.08253,0.4955500000000001,45538.0,822-179-1,-10171.052321673864,-8830.352152957577,3.736202356946973,10.98,10.98,0.65,,G0,147.60435821311364,-13292.421286784576,147.64574269886884,-13468.61630644135
139.0923941684,12.5848569667,3.736045,825,1262,1,11.29,10.667,,8.8,-4.8,10.61093,0.5295499999999994,,825-1262-1,-10622.565520176488,-8298.266762214093,3.7390218516843756,,10.61093,0.5295499999999994,,,845.0749458694,-13277.193359005962,845.3117831642983,-13453.088027533096
138.2954667305,14.3077665489,3.735188,825,1183,1,12.363,12.109,,-13.8,-3.1,12.08614,0.2158999999999996,,825-1183-1,-13328.126660059854,-2042.5928198233482,3.7401606808120555,,12.08614,0.2158999999999996,,,7317.9330984659455,-11186.507430647554,7319.88019470954,-11323.890657777236
138.5562973868,13.4488502189,3.737204,825,934,1,10.974,10.523,,-2.3,-20.0,10.48241,0.3833500000000004,,825-934-1,-12463.933940227807,-5155.927664692936,3.741412740087498,,10.48241,0.3833500000000004,,,4416.563065334541,-12581.852940434117,4417.777748622982,-12744.272404248315
141.6669105472,18.6279146972,3.744328,1406,1305,1,14.4,11.747,,-4.3,-5.5,11.50823,2.25505,,1406-1305-1,-1518.0175823752847,13421.394834029372,3.7465867416258574,,11.50823,2.25505,,,11042.570890639598,7719.252495430515,11045.419964962135,7774.118243822562
139.5458431969,17.7309482556,3.742485,1405,1336,1,9.83,9.489,,-18.9,-1.6,9.45831,0.2898499999999994,,1405-1336-1,-8811.945856636734,10239.828219276835,3.747265055384158,,9.45831,0.2898499999999994,,,13504.538717821077,206.55052883691405,13507.834584008073,207.066635825885
142.1483133816,11.1570601703,3.750342,823,666,1,12.674,11.828,,-2.6,-17.3,11.75186,0.7191000000000001,,823-666-1,133.00284830202307,-13514.24272142177,3.7487795559562613,,11.75186,0.7191000000000001,,,-10192.859086016817,-8772.092098528954,-10195.45556776802,-8871.5912809839
140.746359203,18.4193082361,3.745648,1405,240,1,12.303,11.482,,-34.7,-35.8,11.40811,0.6978500000000013,,1405-240-1,-4671.211385284,12682.226928470938,3.748847599119341,,11.40811,0.6978500000000013,,,12582.606742970263,4888.680419857569,12585.765789690264,4925.200012010395
138.6837187882,13.1709418119,3.746055,825,748,1,12.155,11.091,,4.7,-10.9,10.99524,0.9044,,825-748-1,-12031.373655249918,-6164.856616805525,3.7498739252886235,,10.99524,0.9044,,,3375.1299400775924,-12921.590599682986,3376.0666152780936,-13090.51501459051
138.2313513755,14.84717964,3.744645,825,159,1,12.199,11.52,,-26.5,-13.0,11.45889,0.5771500000000002,,825-159-1,-13519.155374452926,-93.2769447804606,3.7500463286667505,,11.45889,0.5771500000000002,,,8902.247031450182,-10053.925572004999,8904.563013039045,-10172.758729756937
142.5193819056,18.642239005,3.756013,1406,342,1,13.608,11.725,,-19.9,-11.1,11.55553,1.6005500000000008,,1406-342-1,1395.8134870060167,13472.833567031463,3.7570904570066546,,11.55553,1.6005500000000008,,,9147.203105270179,9919.77631981528,9149.622903965954,9987.489190515418
142.1991855582,11.14834986,3.759955,823,238,1,11.474,10.652,,-13.2,-6.0,10.57802,0.6987000000000008,,823-238-1,312.7992420442972,-13545.39087671285,3.758212536799622,,10.57802,0.6987000000000008,,,-10335.475319908805,-8659.907429907817,-10338.10390739248,-8757.800235716426
143.8795132338,11.5647394894,3.762089,824,1615,1,12.086,10.935,,-2.2,1.0,10.83141,0.9783499999999998,,824-1615-1,6250.834361853508,-12020.96470040519,3.7582234088701005,,10.83141,0.9783499999999998,,,-13136.604355975254,-3272.5668238524245,-13139.804252193906,-3304.855028854368
139.7836511762,17.9310283217,3.755279,1405,1440,1,11.09,10.401,,-22.3,-11.8,10.33899,0.58565,,1405-1440-1,-7986.752453643357,10951.611359426868,3.7597488427257435,,10.33899,0.58565,,,13489.081531195056,1287.169432850259,13492.387769752346,1296.7183172704974
140.4768346456,11.4980678289,3.759672,823,262,1,12.626,11.882,,-3.4,-23.2,11.81504,0.6323999999999997,,823-262-1,-5775.764642676518,-12265.626521171283,3.760555220036206,,11.81504,0.6323999999999997,,,-5337.795653439268,-12304.581464209723,-5339.253438549678,-12461.838703955005
144.8640865189,17.5825910367,3.764372,1413,638,1,11.018,9.562,,5.9,-22.2,9.43096,1.2376000000000011,,1413-638-1,9465.528468412784,9713.128454259982,3.7619426459341145,,9.43096,1.2376000000000011,,,980.6452034749431,13440.808875373787,980.9165476191977,13526.969220113468
141.3235471637,11.2203407406,3.764691,823,1182,1,12.333,12.258,,-5.1,-3.1,12.25125,0.0637500000000009,,823-1182-1,-2785.7409191546244,-13281.418574128036,3.764137711871935,,12.25125,0.0637500000000009,,,-8081.6682580829565,-10769.535556054998,-8083.800016876058,-10899.936196923525
142.898592736,18.5954629689,3.765695,1406,189,1,10.138,9.6,,-27.7,-37.9,9.55158,0.4573000000000002,,1406-189-1,2692.639255094769,13307.373160573638,3.7659721197436893,,9.55158,0.4573000000000002,,,8162.832151693228,10775.122014310678,8165.0141987076695,10847.535652291643
145.5559165639,13.1662082878,3.772906,834,815,1,11.04,9.468,,1.6,-11.6,9.32652,1.3361999999999992,,834-815-1,12095.6109804746,-6180.557984790355,3.767668801663015,,9.32652,1.3361999999999992,,,-12648.543146592314,4906.756838082581,-12651.719347941762,4943.389478410223
143.9883664433,11.6088164861,3.773225,824,571,1,12.506,12.088,,-20.0,-0.2,12.05038,0.3553000000000009,,824-571-1,6633.947364947491,-11859.242493791113,3.769173115146138,,12.05038,0.3553000000000009,,,-13269.943075143343,-2882.666272024003,-13273.17300752527,-2910.9738026539344
144.42597194,11.88090139,3.77529,824,1192,2,11.019,10.333,,0.0,0.0,10.27126,0.5831,,824-1192-2,8171.886333880858,-10864.563329217437,3.7708780751138455,,10.27126,0.5831,,,-13546.88494316739,-1089.4569144327938,-13550.18152484343,-1100.4740943043373
144.4260262976,11.880123725,3.77588,824,1192,1,10.17,9.568,,-44.8,-69.9,9.51382,0.5117000000000003,,824-1192-1,8170.931360761219,-10869.247974956326,3.7717548944031605,,9.51382,0.5117000000000003,,,-13549.75392114099,-1093.2454726817145,-13553.05119098655,-1104.2980837898724
138.2795480319,15.6603457578,3.766624,1401,482,1,12.786,12.036,,5.6,-6.1,11.9685,0.6375,,1401-482-1,-13299.43236302191,2837.227072514422,3.771959176624804,,11.9685,0.6375,,,10947.641375474606,-7974.79742717747,10950.400133711933,-8063.094663415893
138.4318309502,16.1970526961,3.76676,1401,454,1,13.21,11.085,,4.8,-8.6,10.89375,1.80625,,1401-454-1,-12737.526513077766,4764.010800484962,3.7721180357124595,,10.89375,1.80625,,,12015.441546152884,-6297.3355047193045,12018.416238893742,-6363.807954927326
139.4509121944,12.1587129633,3.770077,822,14,1,12.871,12.162,,-8.1,-0.4,12.09819,0.6026499999999997,,822-14-1,-9377.829424862113,-9850.38154656317,3.772456850999922,,12.09819,0.6026499999999997,,,-1141.4625537658467,-13374.617133088677,-1141.783371802807,-13552.491729071833
139.7345174792,17.9128600911,3.768996,1405,1285,1,13.784,11.721,,21.7,8.9,11.53533,1.7535500000000004,,1405-1285-1,-8155.046337893582,10888.644086561828,3.7734089417952363,,11.53533,1.7535500000000004,,,13553.692841389606,1120.8740668030011,13557.012505652072,1129.0539130637662
140.0978846567,11.6788147228,3.773388,822,244,1,12.937,11.902,,-1.3,-17.0,11.80885,0.8797500000000001,,822-244-1,-7110.291832276062,-11603.725432321788,3.774784482323525,,11.80885,0.8797500000000001,,,-3957.2384420696512,-12852.910432942446,-3958.3347114441985,-13020.53302138667
139.5056381245,12.1057283953,3.773196,822,22,1,11.708,10.745,,-7.6,-13.3,10.65833,0.8185500000000008,,822-22-1,-9186.864910816117,-10043.963209940417,3.7755667335563365,,10.65833,0.8185500000000008,,,-1412.930779008144,-13360.57876529984,-1413.3277399422052,-13538.175229761693
142.6225239707,18.6508280325,3.776185,1406,1085,1,12.359,11.525,,-1.1,2.5,11.44994,0.7088999999999996,,1406-1085-1,1748.8438950995403,13505.168976844436,3.777276774000615,,11.44994,0.7088999999999996,,,8937.084198425,10203.701038778874,8939.456587064302,10272.982039824057
139.8316623719,17.9888450814,3.775043,1405,1314,1,11.994,10.53,,3.3,-10.9,10.39824,1.2444000000000004,,1405-1314-1,-7819.025838249158,11158.460105952203,3.779310745661052,,10.39824,1.2444000000000004,,,13532.425940269262,1547.824740121402,13535.747096597546,1559.470272974394
139.2336641962,12.3626995978,3.776469,822,175,1,12.224,11.731,,-19.5,-3.2,11.68663,0.4190500000000002,,822-175-1,-10135.702185880795,-9105.902569702426,3.7793262070363256,,11.68663,0.4190500000000002,,,-81.87878958958898,-13445.782569242296,-81.90184981162925,-13625.09495367955
144.723702842,17.7339505733,3.781883,1413,653,1,11.227,10.129,,-14.0,0.6,10.03018,0.9333000000000006,,1413-653-1,8975.316715077435,10253.512651335443,3.7797413995840397,,10.03018,0.9333000000000006,,,1710.0050453767815,13432.951423179484,1710.4781652228576,13519.064178904626
145.4114405399,12.8986418908,3.785596,827,1376,1,9.165,8.011,47551.0,26.6,-14.1,7.907139999999999,0.9809,47551.0,827-1376-1,11602.33923006003,-7153.1446871266035,3.780663970140677,7.91,7.91,1.001,83871.0,G5,-13048.41178611259,3899.3164615377664,-13051.662044759856,3928.851281701954
145.5667896517,16.7059703822,3.784995,1410,310,1,11.9,11.47,,-14.4,-16.4,11.4313,0.3654999999999997,,1410-310-1,11934.768342597607,6587.35451754884,3.781173041040393,,11.4313,0.3654999999999997,,,-2995.1296484157656,13213.69846900896,-2995.955903489847,13298.728629297095
145.9617985674,14.2604573603,3.787616,834,220,1,12.524,11.263,,1.6,5.9,11.14951,1.0718499999999993,,834-220-1,13455.853005835033,-2210.3258692900567,3.7823250901405543,,11.14951,1.0718499999999993,,,-10582.627568322165,8536.480285930225,-10585.382666697793,8596.231404671653
141.028171467,11.2727543022,3.782812,823,1174,1,13.06,12.13,,-12.4,-11.2,12.0463,0.7904999999999998,,823-1174-1,-3830.4774369161446,-13088.83322316819,3.7827772699098476,,12.0463,0.7904999999999998,,,-7244.310154563821,-11412.139523220914,-7246.247438367368,-11553.441504616241
138.5158220025,16.431629701,3.777232,1401,330,1,12.075,11.255,,-81.7,-51.8,11.1812,0.6969999999999987,,1401-330-1,-12434.710238165992,5604.163162194185,3.7831681469571734,,11.1812,0.6969999999999987,,,12442.679114852983,-5522.4838672860815,12445.741325369632,-5579.622417120444
143.6110625376,18.40601917,3.784363,1406,924,1,10.402,8.376,,-0.1,-3.5,8.19366,1.7220999999999995,,1406-924-1,5134.9459330777245,12639.025938087922,3.78401952886517,,8.19366,1.7220999999999995,,,6042.261484030075,12150.784814233037,6043.90516549392,12230.447937414521
138.296027094,15.7930567,3.778818,1401,278,1,11.461,10.985,,17.6,-10.8,10.94216,0.4046000000000007,,1401-278-1,-13233.556975221774,3314.836671070607,3.784045133059703,,10.94216,0.4046000000000007,,,11261.044546121386,-7613.371052349088,11263.869928673985,-7696.778975794688
138.3070055798,14.0367171289,3.779425,825,386,1,11.139,10.627,,-25.9,-7.6,10.58092,0.4351999999999988,,825-386-1,-13304.735695953668,-3021.1962086300705,3.784333461103279,,10.58092,0.4351999999999988,,,6570.69206164299,-11807.758091317226,6572.465176951708,-11956.016057532865
144.2588830588,18.0820898456,3.787093,1413,381,1,11.711,11.368,,-14.8,-13.6,11.33713,0.29155,,1413-381-1,7364.8898081829675,11490.348433482273,3.7856112402061597,,11.33713,0.29155,,,3703.5137826074138,13051.460053025145,3704.5332551583842,13135.682029149943
146.028417256,14.9057305806,3.790863,834,1417,1,11.452,10.014,,-1.4,-6.2,9.88458,1.2223000000000004,,834-1417-1,13648.135975710496,121.10335201154844,3.785779151787989,,9.88458,1.2223000000000004,,,-8966.991409676415,10218.336479019887,-8969.372191867065,10287.693819176004
145.6351980283,16.5870166622,3.789661,1410,250,1,10.551,10.155,,1.6,13.7,10.11936,0.3366000000000007,,1410-250-1,12178.77276057628,6162.9909683727865,3.7859684262162703,,10.11936,0.3366000000000007,,,-3474.351604457623,13114.97698520228,-3475.308805157166,13199.514852402643
138.4647961366,13.5459260556,3.782363,825,816,1,12.948,11.838,,6.6,-15.4,11.7381,0.943500000000001,,825-816-1,-12779.588281461829,-4800.804920033832,3.786582736267298,,11.7381,0.943500000000001,,,4891.563506935753,-12582.138826965058,4892.909008329009,-12744.608505564707
138.7490422725,16.8833410922,3.784655,1402,72,1,12.544,11.871,,-39.0,9.7,11.81043,0.5720500000000001,,1402-72-1,-11600.71233464669,7222.012613957202,3.790312453744747,,11.81043,0.5720500000000001,,,13098.891469009792,-3843.6046560583786,13102.08769934513,-3881.9184414480537
144.6712867997,12.04555886,3.796444,824,998,1,10.804,9.497,,-11.4,-29.6,9.37937,1.1109500000000003,,824-998-1,9031.612554746993,-10262.86253356099,3.791955276732696,,9.37937,1.1109500000000003,,,-13667.548167686553,-56.2822762271191,-13670.881482159994,-58.07084093157237
143.9197705493,11.5467357586,3.796219,824,749,1,11.648,10.112,,-31.9,0.7,9.97376,1.3055999999999996,,824-749-1,6392.926593803471,-12085.145948461855,3.7921969180403696,,9.97376,1.3055999999999996,,,-13278.89447605757,-3209.5279244446397,-13282.12882414806,-3241.190665190738
144.5738384021,17.8727960558,3.794893,1413,513,1,12.608,11.401,,-4.6,-34.9,11.29237,1.0259500000000006,,1413-513-1,8454.613607941223,10747.111632155416,3.792810164733259,,11.29237,1.0259500000000006,,,2424.620153085346,13371.494150521117,2425.290450070743,13457.29786868054
144.6796053095,17.7912165911,3.796995,1413,586,1,11.533,9.913,,-23.0,-5.6,9.7672,1.3769999999999991,,1413-586-1,8821.01726808751,10458.096114211536,3.794844480346023,,9.7672,1.3769999999999991,,,1965.3676261527507,13453.267419646629,1965.9115594214054,13539.472357463615
146.0346214718,14.7485099967,3.801568,834,1459,1,13.224,11.089,,-7.0,4.0,10.89685,1.81475,,834-1459-1,13679.677803901828,-445.40368208783394,3.796358724116517,,10.89685,1.81475,,,-9411.506920817272,9867.822601744958,-9413.995249802363,9935.223333940614
139.2205205183,12.3509408517,3.793873,822,251,1,12.208,11.748,,-7.0,-20.6,11.7066,0.3910000000000007,,822-251-1,-10182.297830763355,-9148.334458460566,3.796755180290252,,11.7066,0.3910000000000007,,,-82.68164795646689,-13507.53242952845,-82.70497704848286,-13688.110620717556
138.4702301617,13.4948311191,3.796577,825,847,1,11.898,11.226,,65.6,-98.3,11.16552,0.5711999999999989,,825-847-1,-12761.96701291752,-4987.70073872992,3.8005288895511247,,11.16552,0.5711999999999989,,,4740.126509627705,-12690.948905760712,4741.434118408435,-12855.495447423178
138.4390869003,13.56767261,3.797738,825,428,1,11.986,11.006,,5.4,-16.8,10.9178,0.8330000000000003,,825-428-1,-12868.665454132533,-4721.019499089803,3.801998127859413,,10.9178,0.8330000000000003,,,5010.332467253254,-12595.527019444899,5011.7111767748775,-12758.265037291063
139.741150812,11.8818353144,3.800189,822,938,1,12.68,12.018,,-7.5,-0.7,11.95842,0.5626999999999992,,822-938-1,-8364.02217129173,-10859.911322699652,3.8020381276041384,,11.95842,0.5626999999999992,,,-2569.0685104561844,-13288.245575006009,-2569.7888593290236,-13464.424459932565
145.4177501379,16.99082896,3.805614,1410,334,1,11.507,11.307,,5.6,-23.4,11.289,0.1699999999999994,,1410-334-1,11404.239892418074,7606.553388685642,3.8022580470037073,,11.289,0.1699999999999994,,,-1881.0096334851282,13492.127316400873,-1881.530497673525,13578.519247880782
145.5096354526,16.8477122622,3.805916,1410,21,1,12.85,11.447,,-6.6,1.1,11.32073,1.1925500000000004,,1410-21-1,11729.338446077645,7096.005620143148,3.8024026360110947,,11.32073,1.1925500000000004,,,-2478.4864111344236,13396.820352612853,-2479.1718421547484,13482.743901773363
139.7125784806,17.9343376147,3.798704,1405,1124,1,11.696,11.583,,-24.5,-5.5,11.57283,0.0960499999999996,,1405-1124-1,-8230.819760206714,10966.83015753428,3.803280909165421,,11.57283,0.0960499999999996,,,13662.44076118902,1116.164199639418,13665.787203325672,1124.2854364579496
145.2125453775,17.2699732022,3.807028,1410,184,1,12.507,11.549,,-3.7,-9.2,11.46278,0.8143000000000001,,1410-184-1,10680.973732730277,8603.020711081826,3.8040614427374106,,11.46278,0.8143000000000001,,,-655.9801566467686,13612.095269422241,-656.1620963390092,13699.073564949793
145.9329372182,14.0216921225,3.810351,834,1466,1,7.461,5.539,47723.0,4.9,-5.7,5.36602,1.6337000000000004,47723.0,834-1466-1,13369.653161581382,-3073.700264271096,3.8050704900272656,5.36,5.36,1.61,84194.0,M2III,-11170.982027191547,7902.687935285113,-11173.870207302052,7958.63578548045
138.3056944127,15.91754575,3.799825,1401,521,1,12.309,12.397,,2.2,3.6,12.40492,-0.0748000000000008,,1401-521-1,-13192.66217510055,3763.756529406036,3.805241230763071,,12.40492,-0.0748000000000008,,,11569.573313796123,-7289.066520869831,11572.465641783248,-7368.19092102809
144.1105714188,18.1932749827,3.806765,1413,383,1,12.367,11.1,,-42.3,-2.5,10.98597,1.076950000000001,,1413-383-1,6851.605488554584,11886.647363734799,3.805490026306137,,10.98597,1.076950000000001,,,4340.458124023749,12931.26244586537,4341.65105729654,13014.874160638381
144.7058628791,12.0514344398,3.814376,824,888,1,9.549,9.002,47342.0,-128.7,-30.8,8.952770000000001,0.464949999999999,47342.0,824-888-1,9150.346831680987,-10240.548746026476,3.809124634157119,8.93,8.93,0.514,,F8,-13729.662154873204,46.449535792676116,-13733.011749474852,45.54172354095056
144.8727327247,12.1994740367,3.816751,824,1459,1,12.466,11.429,,-15.5,12.0,11.33567,0.8814499999999992,,824-1459-1,9736.121240757988,-9698.844916086602,3.811761375675793,,11.33567,0.8814499999999992,,,-13713.372358530494,837.4218165616454,-13716.727364453413,843.2318366208685
139.8645161471,18.0581646078,3.81378,1405,354,1,11.054,9.602,,-15.1,-25.9,9.47132,1.2342,,1405-354-1,-7704.18927817733,11407.142625718137,3.8179722735289854,,9.47132,1.2342,,,13642.150478834048,1796.8259900386583,13645.503104573754,1810.4365055225146
145.2910384809,12.660464035,3.82334,827,1266,1,12.578,11.807,,-1.5,-2.9,11.73761,0.6553499999999991,,827-1266-1,11189.876566280413,-8018.027307034849,3.818220021863795,,11.73761,0.6553499999999991,,,-13421.374234563822,3023.17085449709,-13424.696865371827,3046.2458104734033
144.9867827528,12.3035942778,3.823568,824,168,1,12.238,11.345,,-13.0,-8.0,11.26463,0.759049999999999,,824-168-1,10133.98324071104,-9319.113917528646,3.818635853926042,,11.26463,0.759049999999999,,,-13693.482011561513,1382.5777846957415,-13696.840273310161,1392.8629000428084
146.0501954285,14.6354644108,3.82395,834,1418,1,12.545,11.659,,1.0,3.5,11.57926,0.7530999999999993,,834-1418-1,13741.575993849667,-852.2749022900493,3.818774277850727,,11.57926,0.7530999999999993,,,-9756.806640480712,9645.28988408145,-9759.379545303656,9711.425960924964
145.193723204,17.3169308019,3.822072,1410,38,1,11.83,11.327,,-40.5,-2.5,11.28173,0.4275500000000001,,1410-38-1,10612.705464877405,8771.69158944496,3.8189229859149205,,11.28173,0.4275500000000001,,,-484.5623116216188,13672.717406269823,-484.6968205926095,13759.983997690106
138.1804015142,14.5114382667,3.816939,825,247,1,12.297,11.828,,-12.3,2.4,11.78579,0.398650000000001,,825-247-1,-13718.182564796454,-1300.9419356643243,3.8220238163315243,,11.78579,0.398650000000001,,,8131.326445841551,-10989.165252898372,8133.481390660219,-11123.284733784325
139.5111591579,12.0383946717,3.82013,822,616,1,11.87,11.427,,-21.7,-3.5,11.38713,0.3765499999999996,,822-616-1,-9170.578226618278,-10287.101438958012,3.822455053799787,,11.38713,0.3765499999999996,,,-1605.5267994290853,-13506.805170445776,-1605.97983129635,-13687.395289367827
141.4088618181,18.6692693833,3.820713,1406,434,1,11.947,11.32,,-24.9,-13.2,11.26357,0.532949999999999,,1406-434-1,-2400.3549047152233,13573.507635536442,3.8232360862491954,,11.26357,0.532949999999999,,,11741.886934736069,7163.810300609637,11744.899241216206,7215.203047332798
140.6841315209,11.3432487083,3.823162,823,1152,1,12.775,11.607,,-30.6,-24.9,11.50188,0.9928000000000008,,823-1152-1,-5046.986051631122,-12829.137596291775,3.8238080875958023,,11.50188,0.9928000000000008,,,-6242.779365020111,-12136.631496603924,-6244.477525842722,-12290.86409082756
138.59039863,16.6824616722,3.819734,1401,354,1,12.19,11.518,,-21.1,-18.4,11.45752,0.5711999999999989,,1401-354-1,-12160.28331820714,6505.698708064188,3.825189589834046,,11.45752,0.5711999999999989,,,12934.651325225925,-4727.891989320201,12937.819775279308,-4775.921431678807
145.9473703554,15.88489649,3.830786,1410,723,1,12.258,11.624,,-5.3,-10.8,11.56694,0.5388999999999987,,1410-723-1,13303.882079716775,3648.2712468885434,3.826257766660579,,11.56694,0.5388999999999987,,,-6101.252588004022,12291.282238435222,-6102.9154577329855,12371.64436918758
145.8040172625,16.32319785,3.83303,1410,306,1,11.059,11.125,,-12.5,-4.8,11.13094,-0.0561000000000006,,1410-306-1,12779.018342253192,5220.874211241729,3.8288396207897697,,11.13094,-0.0561000000000006,,,-4577.106948761409,12939.393482685588,-4578.365101790463,13023.033836858516
144.0143764993,11.5545964897,3.833005,824,595,1,13.552,11.717,,-15.3,-1.3,11.55185,1.559749999999999,,824-595-1,6727.71675092105,-12054.604280526406,3.828988057482434,,11.55185,1.559749999999999,,,-13478.24693682826,-2941.5809945481287,-13481.528367522144,-2970.5302416241084
143.7423153696,18.4022520244,3.830624,1406,881,1,12.207,11.115,,-3.3,-12.1,11.01672,0.9282000000000004,,1406-881-1,5584.4363267306235,12629.07515133978,3.830027684183025,,11.01672,0.9282000000000004,,,5736.513786869083,12478.695353535473,5738.081090522142,12560.011690444007
138.7562163129,12.8833121556,3.829493,825,963,1,12.579,10.717,,-20.3,-7.6,10.54942,1.5827,,825-963-1,-11792.610107279872,-7206.351736819003,3.8332074484604206,,10.54942,1.5827,,,2437.9599665692463,-13424.377508126629,2438.6462720246345,-13603.314407048658
139.2998504035,12.2110856536,3.83487,822,266,1,12.326,11.287,,19.6,-28.1,11.19349,0.8831499999999998,,822-266-1,-9908.06518851249,-9656.596749787073,3.837431704750839,,11.19349,0.8831499999999998,,,-644.6884691307129,-13637.151414559232,-644.8710833268933,-13820.410914792024
139.7148031758,11.8560223067,3.836318,822,566,1,12.251,11.594,,-8.4,-2.6,11.53487,0.55845,,822-566-1,-8458.144802919202,-10952.425561864611,3.8381933714788237,,11.53487,0.55845,,,-2575.773603877381,-13417.42862941508,-2576.498570590726,-13596.230886208168
138.1426169237,14.7662997794,3.833248,825,1439,1,12.399,11.973,,-16.7,-21.8,11.93466,0.3620999999999986,,825-1439-1,-13834.180545153173,-379.86175106564144,3.838523152823646,,11.93466,0.3620999999999986,,,8897.01651829317,-10472.99245461608,8899.350037686481,-10598.604399285461
138.7505462057,12.8810526111,3.83538,825,1091,1,12.094,10.359,,-17.3,-6.2,10.20285,1.4747499999999996,,825-1091-1,-11812.62577597157,-7214.211581098084,3.839063917114244,,10.20285,1.4747499999999996,,,2445.3660381024183,-13444.15996802048,2446.0548318128062,-13623.501466941765
138.7099288989,12.94474706,3.835494,825,523,1,11.806,11.142,,-34.2,-32.4,11.08224,0.5643999999999997,,825-523-1,-11952.664799129041,-6983.088078821318,3.8395307757897648,,11.08224,0.5643999999999997,,,2711.1082568330526,-13396.428664521405,2711.8708578302417,-13574.81017794967
139.9296070886,18.1260824708,3.835575,1405,704,1,12.717,12.106,,-15.8,-21.9,12.05101,0.5193500000000005,,1405-704-1,-7478.391692586817,11649.98800220248,3.8397190258864935,,12.05101,0.5193500000000005,,,13673.868521752313,2124.336325536399,13677.235110931408,2140.514536161955
139.8172470568,18.0541094131,3.836167,1405,922,1,12.385,11.244,,-8.4,-14.9,11.14131,0.96985,,1405-922-1,-7866.413898215805,11394.770883507696,3.840445141052685,,11.14131,0.96985,,,13740.564088536095,1668.3263929378506,13743.93880924548,1680.8977105698855
138.2133141913,14.1832759222,3.836204,825,697,1,11.708,10.812,,-30.5,-16.0,10.73136,0.7616000000000006,,825-697-1,-13624.203968982547,-2487.2853459823004,3.841286356052871,,10.73136,0.7616000000000006,,,7181.908792287151,-11694.22365550808,7183.842034075908,-11840.520926472367
138.6450752982,16.8165917167,3.83721,1401,1950,1,11.783,11.76,,4.9,4.4,11.75793,0.0195499999999997,,1401-1950-1,-11962.781677558956,6987.111139329061,3.8425075961746935,,11.75793,0.0195499999999997,,,13163.539527612254,-4265.721890969464,13166.75715946047,-4308.63939568846
145.22058559,12.52895495,3.848523,827,788,1,13.357,11.342,,-38.7,-176.4,11.16065,1.7127499999999989,,827-788-1,10947.251296216253,-8500.495384014293,3.8442324512179202,,11.16065,1.7127499999999989,,,-13621.10811150053,2525.234142556911,-13624.469661193505,2544.5155073946275
138.8520114539,17.13501731,3.839299,1402,54,1,10.685,9.628,,3.4,6.0,9.53287,0.8984500000000003,,1402-54-1,-11230.318464721779,8124.437103659916,3.8444898009751083,,9.53287,0.8984500000000003,,,13527.832097464277,-2976.5384187427444,13531.125929630798,-3005.854645000355
142.5513010826,11.0846094547,3.847147,823,240,1,11.875,11.25,,0.7,-19.9,11.19375,0.53125,,823-240-1,1560.0477666266486,-13775.099445831607,3.845094071178968,,11.19375,0.53125,,,-11334.998750446712,-7890.277202250058,-11337.852656937994,-7977.481488933077
138.4663949902,16.4889354358,3.843719,1401,488,1,14.45,12.15,,-7.6,-25.5,11.943,1.954999999999999,,1401-488-1,-12600.672135682937,5814.695453791549,3.849086440770359,,11.943,1.954999999999999,,,12710.237340030753,-5506.978501765571,12713.36558915166,-5563.987498898517
143.2476220848,11.2174633594,3.853759,824,779,1,11.86,10.393,,0.9,-6.1,10.26097,1.246949999999999,,824-779-1,4023.5522152458575,-13287.717907261504,3.8507279766894986,,10.26097,1.246949999999999,,,-12605.56753393186,-5751.605901081863,-12608.675420449945,-5811.516476231677
144.8948899371,12.1660803289,3.855694,824,509,1,9.884,8.224,,-12.5,-24.4,8.0746,1.411,,824-509-1,9815.944145343272,-9819.629850335714,3.8509816198636435,,8.0746,1.411,,,-13856.659388209613,817.1364581518978,-13860.049459231239,822.7507822914298
145.1126051143,17.4590783708,3.853624,1410,148,1,12.502,11.387,,0.6,3.5,11.28665,0.9477500000000002,,1410-148-1,10327.12359536621,9280.73125293429,3.8510171150757255,,11.28665,0.9477500000000002,,,85.56075893683095,13796.460153012156,85.58455053914402,13884.312357040682
145.1568392285,17.4104464472,3.854096,1410,26,1,12.203,10.891,,-10.7,1.9,10.77292,1.1151999999999995,,1410-26-1,10481.666321959287,9107.475189323102,3.851315632443147,,10.77292,1.1151999999999995,,,-146.54014535383766,13797.027163567056,-146.58089362679203,13884.88196747296
138.6575472361,13.0011895775,3.850773,825,674,1,12.909,11.965,,-2.0,0.3,11.88004,0.8024000000000007,,825-674-1,-12133.124419734784,-6776.005270004579,3.8544560571971944,,11.88004,0.8024000000000007,,,2985.699391294598,-13393.960292158605,2986.539207860256,-13572.307805373777
145.9466279096,13.8743385033,3.861245,834,1113,1,11.3,10.024,,-13.1,-9.4,9.909159999999998,1.0846000000000011,,834-1113-1,13426.372169040911,-3604.700367413237,3.855792755868302,,9.909159999999998,1.0846000000000011,,,-11605.660221227661,7594.525480096002,-11608.651177470378,7648.565368762734
141.9397752835,18.7594829511,3.855587,1406,1115,1,11.923,11.136,,-5.8,-22.4,11.065169999999998,0.6689500000000007,,1406-1115-1,-584.85491970925,13895.089547865213,3.8573263862836473,,11.065169999999998,0.6689500000000007,,,10777.424620836278,8725.648933565148,10780.23676950368,8786.470509467626
138.4438294542,13.3999851422,3.857013,825,643,1,12.178,11.763,,-6.4,-6.4,11.72565,0.3527500000000008,,825-643-1,-12862.272643324632,-5326.125891284882,3.861202651167231,,11.72565,0.3527500000000008,,,4553.648228036262,-12984.900531711639,4554.914541638207,-13155.167352770828
143.8628197171,18.3864330586,3.865273,1406,842,1,9.923,9.297,,26.9,-119.3,9.24066,0.5320999999999995,,1406-842-1,5998.435254166932,12572.900303517705,3.863718169865734,,9.24066,0.5320999999999995,,,5419.760430800792,12749.677143929162,5421.246553813389,12832.347148647335
139.712784948,11.8231074417,3.863814,822,1163,1,12.417,12.125,,-9.8,-5.8,12.09872,0.2481999999999998,,822-1163-1,-8466.593180522616,-11071.375533001265,3.8656977517028652,,12.09872,0.2481999999999998,,,-2659.1015376043983,-13500.99337123176,-2659.851823246515,-13681.511047964954
143.0034807366,18.6775794344,3.867206,1406,350,1,12.46,11.451,,-11.2,-46.4,11.36019,0.8576500000000002,,1406-350-1,3050.57801034942,13605.742243491466,3.8673211830146816,,11.36019,0.8576500000000002,,,8148.36232501136,11238.452889187052,8150.55349831203,11313.29862881357
143.1288159793,11.1662097167,3.871507,824,320,1,12.09,10.653,,-11.6,-3.8,10.52367,1.2214499999999997,,824-320-1,3603.5241029482795,-13474.525260066468,3.8685700214792504,,10.52367,1.2214499999999997,,,-12466.478317128822,-6184.494624440378,-12469.562499829384,-6249.658231259405
142.0807052443,18.7771189922,3.870011,1406,653,1,11.372,10.788,,2.6,-12.8,10.73544,0.4963999999999997,,1406-653-1,-103.13434648647782,13958.867322547256,3.871665323749035,,10.73544,0.4963999999999997,,,10505.404610634534,9125.940621821801,10508.158409994849,9189.081589166664
138.2813605546,13.7929453572,3.868629,825,375,1,12.757,12.445,,-1.9,-16.1,12.41692,0.2651999999999995,,825-375-1,-13409.155545956231,-3899.5476615193543,3.873163647883218,,12.41692,0.2651999999999995,,,5983.23041279813,-12456.975848300195,5984.871302110082,-12617.180347339608
145.9435837919,13.8027541933,3.878687,834,348,1,9.214,8.785,,12.8,-6.0,8.74639,0.3646500000000002,,834-348-1,13420.835190503398,-3863.073343189832,3.8734629085553314,,8.74639,0.3646500000000002,,,-11795.17582678676,7419.955820484203,-11798.210136186945,7472.910440242897
145.8417848263,13.51281313,3.880986,834,1243,1,12.994,11.257,,-7.4,-8.1,11.10067,1.47645,,834-1243-1,13080.494871729117,-4915.021082808249,3.8755870214330304,,11.10067,1.47645,,,-12355.877321594235,6473.081674476414,-12359.025523705846,6520.066444305668
145.9233634507,13.7292439433,3.882236,834,1087,1,10.689,9.013,,-25.4,-11.1,8.86216,1.4246,,834-1087-1,13353.378149822918,-4129.617605894264,3.876671964917331,,8.86216,1.4246,,,-11949.709497982261,7193.9722201405675,-11952.776367129682,7245.521837691638
139.3071621747,12.1431479258,3.878186,822,32,1,11.522,10.257,,-10.7,-11.1,10.14315,1.0752500000000005,,822-32-1,-9886.140830698467,-9901.794421782284,3.8807733049178137,,10.14315,1.0752500000000005,,,-842.5661143665486,-13780.526078507222,-842.8058276422857,-13966.781720659084
138.1003113545,14.7278533642,3.876085,825,274,1,10.173,9.475,,0.7,-14.5,9.41218,0.5933000000000003,,825-274-1,-13984.124366527458,-515.7589805923858,3.8811727445291613,,9.41218,0.5933000000000003,,,8894.907581299469,-10672.054463341996,8897.250007174458,-10800.957547106811
141.927691504,18.7829810228,3.87954,1406,252,1,12.33,12.375,,2.1,-15.7,12.37905,-0.0382499999999999,,1406-252-1,-625.8614356525619,13980.287020287858,3.8813543887628947,,12.37905,-0.0382499999999999,,,10868.339343187858,8751.399464959417,10871.176157342494,8812.35817828007
140.6347415637,11.2989751978,3.881982,823,378,1,12.38,11.63,,-19.4,-34.4,11.5625,0.6375,,823-378-1,-5222.519017198799,-12988.57952012865,3.882715256470355,,11.5625,0.6375,,,-6245.49068214905,-12369.403456803968,-6247.199736782206,-12527.984605851809
139.2301680128,17.6338402067,3.879588,1405,491,1,12.171,10.635,,1.6,-7.8,10.49676,1.3055999999999996,,1405-491-1,-9901.858706948318,9904.562724103496,3.884386510913664,,10.49676,1.3055999999999996,,,13977.198379523788,-821.9681427917001,13980.601942096167,-830.6250325683106
140.7806703106,11.2427212033,3.884974,823,766,1,11.335,10.066,,-2.8,-5.7,9.95179,1.07865,,823-766-1,-4706.8074351928835,-13193.670555321885,3.885174270074745,,9.95179,1.07865,,,-6741.092882561017,-12124.36327968245,-6742.926363174246,-12278.433247575462
143.9879116479,11.4759075567,3.889941,824,1936,1,11.468,10.672,,-26.9,-12.9,10.60036,0.6765999999999994,,824-1936-1,6636.213751371125,-12339.949615945907,3.8860299534493055,,10.60036,0.6765999999999994,,,-13630.872735646992,-3196.780657295893,-13634.193473990219,-3228.3831544239156
140.6953686979,11.2718414846,3.886112,823,602,1,10.551,9.707,45990.0,-313.3,132.1,9.63104,0.7173999999999995,45990.0,823-602-1,-5016.373673005922,-13083.250604616509,3.8862446742915395,9.62,9.62,0.77,,,-6453.085359083224,-12279.731945532443,-6454.847266400671,-12436.655417670378
138.2494542586,13.84760991,3.882516,825,1286,1,12.721,11.598,,-9.6,-18.3,11.49693,0.9545499999999996,,825-1286-1,-13517.970535544733,-3700.5568594079114,3.887173970778711,,11.49693,0.9545499999999996,,,6204.22897106724,-12407.178514202733,6205.928381023803,-12566.467339677129
139.2307891322,17.6398019694,3.883319,1405,865,1,11.634,11.773,,1.6,-3.5,11.78551,-0.1181499999999994,,1405-865-1,-9899.440840269961,9926.17906123961,3.8881436136368372,,11.78551,-0.1181499999999994,,,13991.75631485928,-805.9528126983697,13995.163546595855,-814.4673166143078
139.5185990225,11.9446618894,3.886627,822,669,1,12.951,12.294,,-16.7,-11.0,12.23487,0.55845,,822-669-1,-9148.104429383631,-10626.17202600682,3.88888698789536,,12.23487,0.55845,,,-1873.9538557484018,-13710.843903439585,-1874.4859083405715,-13895.670158600913
141.1616840564,11.1280336244,3.889312,823,1009,1,11.203,10.761,,-19.6,-31.6,10.72122,0.3757000000000001,,823-1009-1,-3360.426658602139,-13614.252830888081,3.8892517933925985,,10.72122,0.3757000000000001,,,-7949.107611825286,-11409.32414570657,-7951.233875804848,-11550.680816447148
138.1075847096,14.5296879717,3.885035,825,213,1,11.813,10.79,,-4.6,4.1,10.69793,0.8695500000000013,,825-213-1,-13971.674441395886,-1230.6442463218925,3.8900584082862992,,10.69793,0.8695500000000013,,,8352.109537872735,-11129.644309902438,8354.330013771289,-11266.203529954611
139.064941746,17.4735448653,3.887209,1402,755,1,12.879,11.275,,2.6,-4.1,11.13064,1.3633999999999993,,1402-755-1,-10478.592360637027,9334.57374870735,3.892157271109195,,11.13064,1.3633999999999993,,,13933.77188054507,-1624.2410902985555,13937.161923526332,-1640.3299813964643
145.6287650104,13.0250192011,3.902872,834,694,1,10.669,9.777,,-68.1,-26.2,9.69672,0.758200000000001,,834-694-1,12358.163669043923,-6687.060264145116,3.8971371005206206,,9.69672,0.758200000000001,,,-13201.503740320934,4767.927643054432,-13204.81573925991,4803.52220140396
140.11661743,11.5230207699,3.898275,822,527,1,9.867,9.065,45809.0,-72.3,-196.6,8.99282,0.6817000000000012,45809.0,822-527-1,-7051.036149689016,-12172.011139338223,3.90140455442668,8.96,8.96,0.764,80496.0,G5,-4421.448802578696,-13179.335678383275,-4422.685109918946,-13353.457319319827
140.4451707306,18.46951052,3.901036,1405,1421,1,12.156,11.217,,-6.0,8.8,11.13249,0.79815,,1405-1421-1,-5700.390550093579,12873.48991929558,3.904805728988239,,11.13249,0.79815,,,13408.6521738682,4250.487136866625,13412.002062481768,4282.452078166281
142.148610846,11.0009496197,3.906462,823,1089,1,13.46,11.693,,-36.7,-10.9,11.53397,1.501950000000001,,823-1089-1,133.2523212788775,-14078.580702960026,3.904835143750814,,11.53397,1.501950000000001,,,-10614.963491022872,-9140.990823684862,-10617.683833663787,-9246.025135118385
145.7795776709,13.2958952967,3.910608,834,737,1,11.918,11.199,,-27.7,-38.6,11.13429,0.6111499999999995,,834-737-1,12874.252694340792,-5702.01161971686,3.9051800542357666,,11.13429,0.6111499999999995,,,-12807.456901246955,5800.816223719094,-12810.699510024057,5843.397728462257
138.0731262927,14.9960430328,3.8956,825,1543,1,7.403,6.565,45170.0,-522.8,245.8,6.48958,0.7122999999999993,45170.0,825-1543-1,-14075.518950486305,460.7046189665375,3.905898321000914,6.49,6.49,0.731,79096.0,G9V,9685.683982859773,-10101.385239515443,9688.207053183085,-10221.111806750205
146.1292668147,14.4692874844,3.916866,834,1215,1,11.152,10.584,,-38.6,13.1,10.53288,0.4827999999999997,,834-1215-1,14027.987129162671,-1446.7310945276502,3.911244254597167,,10.53288,0.4827999999999997,,,-10391.358678125394,9465.949357925529,-10394.093558642491,9531.016359760155
140.60831528,18.54285306,3.908057,1405,798,1,12.49,11.11,,0.0,0.0,10.9858,1.1730000000000007,,1405-798-1,-5139.925285736622,13133.524748965485,3.911546663673546,,10.9858,1.1730000000000007,,,13231.108363199515,4838.164333914259,13234.429843227326,4874.235427155828
139.4844457451,17.8975452528,3.906557,1405,900,1,10.88,10.203,,-119.3,-22.1,10.14207,0.5754500000000011,,1405-900-1,-9018.712605913459,10844.053756490153,3.9117659742659954,,10.14207,0.5754500000000011,,,14093.541524978118,451.03492061085785,14096.985230264077,453.52658073259823
138.6671675934,12.8693222683,3.910507,825,869,1,12.75,12.36,,-19.6,1.7,12.3249,0.3315000000000004,,825-869-1,-12107.07381047897,-7252.464823753566,3.9142038406353996,,12.3249,0.3315000000000004,,,2612.165817618783,-13684.791864577492,2612.9069448202927,-13869.109544952122
138.3287558451,16.3469111744,3.911582,1401,2077,1,12.332,12.127,,6.2,-20.8,12.10855,0.17425,,1401-2077-1,-13086.089286651875,5310.975461160338,3.916874197347462,,12.10855,0.17425,,,12655.73778896161,-6196.06099824831,12658.869492843787,-6261.406897050257
141.6198062761,18.7955637806,3.916105,1406,1196,1,11.638,11.043,,10.8,-33.1,10.98945,0.5057500000000005,,1406-1196-1,-1677.3394287547426,14027.29146082187,3.918109116414284,,10.98945,0.5057500000000005,,,11601.322170914807,8000.69608147825,11604.325392773813,8057.171058425405
145.8601563764,16.4367898677,3.9253,1410,113,1,11.721,11.089,,-48.6,-4.4,11.03212,0.5371999999999997,,1410-113-1,12965.873649439874,5634.38226351349,3.9208653620114635,,11.03212,0.5371999999999997,,,-4391.931361326726,13351.63739759307,-4393.14543569312,13437.277111285795
145.3178280253,12.5195862308,3.929152,827,1347,1,11.143,9.89,,-10.1,-2.9,9.77723,1.06505,,827-1347-1,11291.424490343963,-8525.574258203329,3.924008246927519,,9.77723,1.06505,,,-13868.267694069064,2764.218526526101,-13871.695918748212,2785.2712239666675
142.5975204508,11.00984146,3.926673,823,628,1,10.747,10.348,,-23.4,-32.7,10.31209,0.3391499999999992,,823-628-1,1723.662276062275,-14045.580727635133,3.9246693226810483,,10.31209,0.3391499999999992,,,-11645.819055660937,-7946.62310193845,-11648.75391346894,-8034.66750288256
141.2639360641,18.7489735547,3.925345,1405,430,1,9.443,8.943,,-7.1,-37.9,8.898,0.425,,1405-430-1,-2894.2254370583587,13863.203306064031,3.9277511131521305,,8.898,0.425,,,12286.255340450503,6987.9207028012015,12289.402230127987,7038.1488767934925
144.9771657561,12.1366095422,3.933209,824,602,1,11.826,11.746,,-8.1,-0.2,11.7388,0.068,,824-602-1,10107.948180849131,-9922.411985045821,3.9283360426230365,,11.7388,0.068,,,-14127.299121697857,966.1099083601803,-14130.758120061431,972.9085157548438
139.2760181491,12.1063041983,3.925786,822,687,1,10.105,9.571,,-42.4,-5.5,9.52294,0.4539000000000006,,822-687-1,-9998.658687255549,-10033.593181319835,3.928543834975754,,9.52294,0.4539000000000006,,,-866.4370685493283,-13948.61526945912,-866.6848636097363,-14138.42371057154
138.0806388959,14.4099083317,3.925385,825,233,1,12.127,10.842,,-10.3,-3.3,10.72635,1.0922500000000002,,825-233-1,-14073.973433392424,-1661.3471834760787,3.9304038106270043,,10.72635,1.0922500000000002,,,8097.950010863761,-11485.894278672618,8100.120055528622,-11628.622349784533
142.0923879749,18.8369987756,3.929882,1406,1259,1,12.914,11.726,,-0.6,-31.9,11.61908,1.009799999999999,,1406-1259-1,-63.29776228579288,14174.920063612824,3.931335856014972,,11.61908,1.009799999999999,,,10640.502564932362,9298.198301906154,10643.297632761167,9362.29570762361
138.0499698893,14.6758159242,3.927879,825,1380,1,11.943,11.419,,-3.5,-20.5,11.37184,0.4453999999999992,,825-1380-1,-14163.72367882439,-700.5176846661877,3.932987776935805,,11.37184,0.4453999999999992,,,8875.943108035764,-10924.778508522151,8878.292966505416,-11057.92509820548
144.878151427,17.8083468022,3.936127,1413,323,1,13.029,11.791,,-52.0,1.6,11.67958,1.0522999999999996,,1413-323-1,9502.223743963637,10529.903048783377,3.9336634513496853,,11.67958,1.0522999999999996,,,1566.9778024825087,14007.775103304892,1567.4148320689585,14096.606862693525
142.3453325335,10.9778671667,3.936327,823,804,1,11.595,11.353,,7.4,18.3,11.33122,0.2057000000000007,,823-804-1,831.3309271228906,-14160.95601875728,3.9341767718361678,,11.33122,0.2057000000000007,,,-11139.85666079069,-8680.279770730489,-11142.692009265395,-8778.621831598619
144.6143070642,11.8151409878,3.939198,824,1951,1,11.861,11.18,,-29.5,-17.0,11.11871,0.5788500000000008,,824-1951-1,8839.275036723751,-11096.853368149768,3.9346557189018325,,11.11871,0.5788500000000008,,,-14163.486962120223,-747.520487906603,-14166.936745275094,-755.5402732029618
143.7758497706,18.503281085,3.935747,1406,917,1,12.196,11.133,,4.7,4.2,11.03733,0.9035500000000004,,1406-917-1,5696.750141073967,12995.789982520486,3.9353433857780566,,11.03733,0.9035500000000004,,,5936.157846597493,12804.535546398978,5937.786924813196,12887.44372927096
138.0381234606,14.94976364,3.930231,825,1529,1,10.785,10.398,,-12.9,10.4,10.36317,0.3289500000000003,,825-1529-1,-14187.324251111624,289.441199613926,3.9355423725298073,,10.36317,0.3289500000000003,,,9631.821437078019,-10295.573626188143,9634.339786999015,-10418.4184252153
142.8618327912,11.0379165044,3.938817,823,34,1,11.657,11.617,,-0.6,-8.2,11.6134,0.0339999999999992,,823-34-1,2660.212500882234,-13941.426038859034,3.936284067909324,,11.6134,0.0339999999999992,,,-12189.516067227016,-7187.187302049786,-12192.561091559626,-7265.090816735301
138.483831099,13.1325575861,3.936311,825,418,1,11.366,10.214,45300.0,-4.1,1.4,10.11032,0.9791999999999992,45300.0,825-418-1,-12737.269196275594,-6293.226495180373,3.9402036211645575,9.95,9.95,1.197,,K0,3747.591350241085,-13522.626655832042,3748.649654846333,-13703.661994636783
139.1956781624,12.1655995961,3.939228,822,499,1,12.236,10.879,,-7.5,-5.0,10.75687,1.153450000000001,,822-499-1,-10278.71141058994,-9816.393872208973,3.94186483637202,,10.75687,1.153450000000001,,,-518.1898158357368,-14012.52404088199,-518.3383108051744,-14203.690446925702
138.0313196053,15.1041891441,3.94,1401,51,1,11.098,10.581,,-48.5,-3.3,10.53447,0.439450000000001,,1401-51-1,-14201.846526421721,846.6882234420592,3.945712639585781,,10.53447,0.439450000000001,,,10058.126583308032,-9942.105588997807,10060.739409397565,-10059.366194942453
138.0916649055,14.238624515,3.941689,825,953,1,11.568,11.156,,-20.6,9.0,11.11892,0.3501999999999992,,825-953-1,-14046.779549124185,-2279.7018621319617,3.9466815091368446,,11.11892,0.3501999999999992,,,7617.5473910350465,-11869.243928113816,7619.606933822627,-12018.762268051902
142.0034461691,18.8511523192,3.945166,1406,1374,1,12.775,12.152,,-13.3,-7.3,12.09593,0.529550000000001,,1406-1374-1,-367.371975565425,14226.870198862513,3.9469703977237254,,12.09593,0.529550000000001,,,10881.149996763332,9106.3823395762,10884.002015580374,9169.367369047737
139.9529614731,18.2704075955,3.945356,1405,1103,1,10.887,10.014,,-32.8,-60.2,9.935429999999998,0.7420500000000009,,1405-1103-1,-7393.680366756722,12169.623972832262,3.9491790698357327,,9.935429999999998,0.7420500000000009,,,14006.174845620591,2529.5704144592933,14009.632278298195,2548.8154960220886
139.5358966374,17.9898697344,3.946402,1405,1556,1,11.563,10.91,,0.9,14.6,10.85123,0.5550500000000004,,1405-1556-1,-8834.819338802388,11176.111784598792,3.9510545853981713,,10.85123,0.5550500000000004,,,14219.775996524631,806.0337704793781,14223.255518128944,811.4861903573301
139.0880169975,12.26015427,3.950674,822,193,1,11.384,11.034,,-3.4,-0.8,11.0025,0.2974999999999997,,822-193-1,-10654.215748422315,-9470.55894235832,3.953424181133198,,11.0025,0.2974999999999997,,,-10.42052908899017,-14062.714321573536,-10.423519972348336,-14254.95321791158
145.0790508146,12.20104617,3.959527,824,342,1,12.312,11.318,,-13.0,-9.0,11.22854,0.8448999999999998,,824-342-1,10464.578483198196,-9686.000468901306,3.9546090384667085,,11.22854,0.8448999999999998,,,-14187.207244750613,1386.3409065482683,-14190.687676157315,1396.5640666750144
138.1831365281,16.0545620789,3.950161,1401,557,1,13.567,12.215,,-23.5,3.7,12.09332,1.1492000000000002,,1401-557-1,-13610.71168022838,4266.073602861129,3.955819125332003,,12.09332,1.1492000000000002,,,12222.59817339809,-7268.413209496579,12225.654295852542,-7347.396373249326
145.9017353479,13.4420204886,3.961238,834,122,1,8.615,7.211,47706.0,65.5,-57.5,7.08464,1.1933999999999998,47706.0,834-122-1,13297.560114264468,-5168.578701594623,3.9566762371722186,7.06,7.06,1.182,84182.0,K0,-12689.518045772462,6467.192350302375,-12692.751560668548,6514.0900059947435
146.143513102,14.2359990614,3.965261,834,396,1,13.347,11.967,,6.1,-10.3,11.8428,1.1729999999999992,,834-396-1,14094.36145656338,-2288.2056917061673,3.9600426124075527,,11.8428,1.1729999999999992,,,-11064.589385699284,8959.937601242422,-11067.484679756806,9022.067003695132
138.4726897666,16.7586473978,3.954884,1401,661,1,11.424,10.953,,-2.2,-9.8,10.91061,0.40035,,1401-661-1,-12562.802244379121,6788.229678554378,3.960208650712682,,10.91061,0.40035,,,13413.034357954208,-4840.008412067308,13416.323076445071,-4889.410752701313
144.5489705579,11.7334993383,3.965394,824,640,1,11.732,10.342,,-7.0,-6.6,10.2169,1.1814999999999989,,824-640-1,8612.147315164615,-11393.648140505711,3.9609852719816847,,10.2169,1.1814999999999989,,,-14234.668610695284,-1111.072931253001,-14238.133983720729,-1122.42593936646
139.2241786542,17.7379779175,3.956962,1405,1066,1,12.578,11.28,,4.0,-8.9,11.16318,1.1033,,1405-1066-1,-9917.541035269158,10281.026833464131,3.961690102283942,,11.16318,1.1033,,,14269.08910291768,-585.862301982391,14272.565923634977,-592.4482189568512
139.7762620098,18.177137625,3.959359,1405,1392,1,11.996,11.185,,21.9,-9.3,11.11201,0.6893499999999999,,1405-1392-1,-8001.6459537202045,11841.269740271575,3.963478608258469,,11.11201,0.6893499999999999,,,14164.157706458796,1862.1244778135508,14167.64090644023,1876.1551579575053
140.0024010038,18.3156623097,3.959474,1405,604,1,11.928,11.616,,-13.1,-3.7,11.58792,0.265200000000001,,1405-604-1,-7222.0865178370705,12332.731298779101,3.963602290806008,,11.58792,0.265200000000001,,,14014.246078439479,2764.395534343941,14017.7106818843,2785.423163184613
146.1960094294,14.5806735228,3.969122,834,1412,1,11.592,11.025,,39.9,-47.8,10.97397,0.4819500000000001,,834-1412-1,14256.435367880496,-1042.2819645856796,3.9643518325842417,,10.97397,0.4819500000000001,,,-10240.549896755407,9902.849922295416,-10243.25930605149,9970.353046971006
139.8805110029,11.587952935,3.963122,822,242,1,11.428,11.128,,4.4,-11.4,11.101,0.2550000000000006,,822-242-1,-7881.955002601892,-11926.209609502586,3.964616672336257,,11.101,0.2550000000000006,,,-3686.22545752786,-13628.506074215522,-3687.269736317148,-13811.724447167193
138.0085214972,14.8250484331,3.960628,825,248,1,11.846,10.526,,-0.9,-7.3,10.4072,1.122,,825-248-1,-14298.73508009392,-159.1133340563938,3.965771499087724,,10.4072,1.122,,,9370.359292740524,-10670.5419129017,9372.827445903231,-10799.502192837768
138.1453839848,15.9661246933,3.961315,1401,287,1,12.516,11.286,,4.6,-40.4,11.1753,1.0455000000000003,,1401-287-1,-13746.854065308991,3948.228217592493,3.9665965361682547,,11.1753,1.0455000000000003,,,12075.28549648753,-7577.127553211927,12078.315374258007,-7660.208905183923
140.3262156117,11.3399180583,3.965664,822,1187,1,12.727,11.996,,4.7,-35.4,11.93021,0.6213499999999998,,822-1187-1,-6312.847230092489,-12834.485704685194,3.9667082603706834,,11.93021,0.6213499999999998,,,-5406.662317420835,-13069.116923949583,-5408.169779992291,-13241.13904031815
138.0249681565,15.37229862,3.966192,1401,2001,1,13.197,11.501,,1.7,-5.4,11.34836,1.4415999999999998,,1401-2001-1,-14204.928665715233,1814.3747852442934,3.9714976196065592,,11.34836,1.4415999999999998,,,10783.736751810913,-9311.660606791404,10786.508381384461,-9419.29886975209
145.7039221205,16.8645858367,3.975969,1410,631,1,11.011,10.49,,17.7,-55.5,10.44311,0.4428499999999991,,1410-631-1,12401.042094331317,7167.324845149616,3.972312529552592,,10.44311,0.4428499999999991,,,-2870.9250778486357,13943.94406491311,-2871.725128685005,14032.447585740616
144.0914590002,11.4325590278,3.976304,824,732,1,9.611,8.24,47143.0,5.4,-8.8,8.11661,1.1653500000000003,47143.0,824-732-1,7004.831398997292,-12494.07301165557,3.9724392623497886,8.12,8.12,1.16,83084.0,G5,-13990.749684101611,-3025.099178133423,-13994.157608205094,-3055.008377349428
140.3115740624,11.340174725,3.971715,822,849,1,13.213,12.225,,-18.2,-8.6,12.13608,0.8397999999999995,,822-849-1,-6365.273074453896,-12832.518964853625,3.972639211838535,,12.13608,0.8397999999999995,,,-5370.398487948488,-13106.28450241427,-5371.89740315303,-13279.04223149002
145.8841965254,13.3549596569,3.979398,834,771,1,12.576,11.127,,5.0,-9.7,10.99659,1.23165,,834-771-1,13239.583714718374,-5482.516105698687,3.9741279788899386,,10.99659,1.23165,,,-12885.780416644418,6217.061922467891,-12889.056107973043,6262.331229965894
140.5304670388,11.2412741625,3.973843,823,554,1,11.464,10.37,,-3.1,-26.1,10.27154,0.929900000000001,,823-554-1,-5592.646445470714,-13195.06444938468,3.9745413757180854,,10.27154,0.929900000000001,,,-6154.226334354205,-12775.527263165015,-6155.928689245228,-12941.868569120033
138.0641342178,14.2228824339,3.970794,825,433,1,11.36,10.828,,-7.4,-1.0,10.78012,0.4522,,825-433-1,-14143.966920370227,-2335.1099418297763,3.9756707878135464,,10.78012,0.4522,,,7640.611732267776,-11976.747047046967,7642.682987474319,-12128.228866488957
138.9422298773,17.46697862,3.972247,1402,346,1,11.752,10.995,,-25.0,-18.0,10.92687,0.6434500000000012,,1402-346-1,-10902.569509813613,9317.373970275068,3.977357194208635,,10.92687,0.6434500000000012,,,14202.288245684847,-1949.580153442429,14205.744091825085,-1968.8358021577008
138.0673921267,15.68962195,3.972722,1401,433,1,11.675,10.46,,0.9,4.4,10.350650000000002,1.0327499999999998,,1401-433-1,-14036.21861478216,2956.8223370415744,3.9781161135112675,,10.350650000000002,1.0327499999999998,,,11526.015711568876,-8439.784688446889,11528.939750769,-8534.739571769562
145.5785128494,17.0821198889,3.984288,1410,228,1,8.483,8.338,47598.0,-14.1,4.4,8.32495,0.1232500000000011,47598.0,1410-228-1,11954.124991403263,7946.515908553001,3.9809094246570846,8.3,8.3,0.125,83965.0,B9,-1991.7458193323064,14126.071490885963,-1992.3022517886516,14215.44762336014
138.1181350626,13.9588297567,3.976122,825,769,1,11.868,11.52,,-20.4,-4.0,11.48868,0.2958000000000006,,825-769-1,-13972.101651901272,-3291.250060815449,3.980945361560691,,11.48868,0.2958000000000006,,,6811.637924225616,-12473.770104298956,6813.507389703849,-12634.40020675042
143.0203423156,11.0243620582,3.983807,824,574,1,9.357,8.684,,-131.8,-44.6,8.623429999999999,0.5720500000000001,,824-574-1,3218.3892313621664,-13989.861491280499,3.981160103958409,,8.623429999999999,0.5720500000000001,,,-12596.181141496969,-6806.751417172308,-12599.3159291797,-6879.788652747973
138.2684766715,13.4975843225,3.9777,825,1240,1,13.967,12.127,,-14.6,1.9,11.9614,1.5639999999999998,,825-1240-1,-13473.11008865981,-4964.264727589637,3.9820685984516815,,11.9614,1.5639999999999998,,,5229.571330022046,-13197.233635130495,5231.034678369993,-13371.794791292285
138.9572020318,17.4942463464,3.978822,1402,870,1,9.225,8.687,45454.0,2.7,-16.3,8.63858,0.4573000000000002,45454.0,1402-870-1,-10848.830810073985,9415.041832471594,3.983719372840437,8.64,8.64,0.504,79635.0,F5,14239.650922726207,-1845.548774173244,14243.115921248878,-1863.8110168865333
143.1553921497,18.7649090117,3.986409,1406,518,1,11.27,10.772,,-12.4,-12.3,10.72718,0.4232999999999994,,1406-518-1,3568.388622632628,13925.311654446317,3.986677658570534,,10.72718,0.4232999999999994,,,8043.641825661598,11834.782183642987,8045.821720941725,11912.701409437668
142.9133189369,18.8189258775,3.987404,1406,593,1,11.797,11.163,,-42.5,-18.5,11.10594,0.5389000000000003,,1406-593-1,2739.662654226765,14116.193094103051,3.987878931910944,,11.10594,0.5389000000000003,,,8736.35434563442,11344.275493739242,8738.707228615605,11419.617108358365
146.1364423012,15.8242941278,3.993524,1410,470,1,11.339,10.895,,-18.0,-2.8,10.85504,0.3774000000000007,,1410-470-1,13965.031303392903,3442.141276276845,3.9888186551708404,,10.85504,0.3774000000000007,,,-6694.13048430613,12647.191216732273,-6695.963919371772,12729.277397443433
138.8490253582,17.3764286689,3.985096,1402,693,1,12.106,11.07,,29.9,-64.4,10.97676,0.8805999999999996,,1402-693-1,-11227.185539398597,8994.457703354585,3.989582830722311,,10.97676,0.8805999999999996,,,14176.275502138773,-2402.2971075378587,14179.725816102513,-2425.9720306867744
144.5073295615,11.6659134967,3.996032,824,763,1,12.107,11.755,,3.7,-5.7,11.72332,0.2991999999999987,,824-763-1,8467.822612298001,-11639.155236877581,3.991734310565698,,11.72332,0.2991999999999987,,,-14322.454222206166,-1379.4746252927125,-14325.940222488707,-1393.3381366923184
143.2174957275,18.7545409878,3.991791,1406,858,1,13.684,11.959,,-3.1,-4.6,11.80375,1.4662499999999996,,1406-858-1,3781.060726500176,13889.30956463458,3.9920740944224447,,11.80375,1.4662499999999996,,,7875.581462083247,11969.243098385474,7877.719526127996,12047.857712780138
143.7603440753,18.57619069,3.996458,1406,873,1,11.733,10.961,,3.7,-5.2,10.89152,0.6562000000000002,,1406-873-1,5641.683941711346,13258.672450629956,3.996024720182042,,10.89152,0.6562000000000002,,,6169.252078236434,12937.226503234027,6170.9482598486575,13020.767658841492
142.7320011491,18.8574623933,3.995491,1406,568,1,11.634,11.22,,-25.4,-8.2,11.18274,0.3518999999999997,,1406-568-1,2120.3418418867996,14253.35803555703,3.9963419399193496,,11.18274,0.3518999999999997,,,9249.931103340803,10974.125534776627,9252.410789389898,11047.486564853416
143.2041858629,11.0533535267,3.999741,824,1017,1,11.331,10.769,,-6.0,-2.0,10.71842,0.4776999999999994,,824-1017-1,3872.5328929240645,-13881.652610699783,3.9967517156842463,,10.71842,0.4776999999999994,,,-12949.416510978059,-6252.620508961717,-12952.623096021849,-6318.7297096271295
140.6609354746,18.6540930822,3.99386,1405,124,1,12.714,11.558,,-8.8,4.7,11.45396,0.9826000000000004,,1405-124-1,-4957.484197356843,13534.416599690212,3.9973298994103414,,11.45396,0.9826000000000004,,,13409.765728245353,5238.0492768993445,13413.144239173962,5276.802429514639
141.2496926299,18.8173314211,3.995008,1405,89,1,10.244,9.685,,-20.0,-38.0,9.63469,0.4751499999999993,,1405-89-1,-2942.2951570454843,14110.673829766081,3.9974366664709677,,9.63469,0.4751499999999993,,,12503.185665290308,7115.488040555706,12506.392705358,7166.4746019637005
145.4687998809,17.27000292,4.003015,1410,126,1,11.838,11.3,,-6.3,-18.0,11.25158,0.4572999999999987,,1410-126-1,11565.070740473899,8617.714870454092,3.999810646974992,,11.25158,0.4572999999999987,,,-1231.7114191523553,14279.932118331184,-1232.0562555241054,14370.035080118456
138.0117395626,15.4994886708,3.994524,1401,2050,1,12.479,11.661,,-11.3,-3.9,11.58738,0.6952999999999997,,1401-2050-1,-14242.956425588314,2274.230708814601,3.9999837334281305,,11.58738,0.6952999999999997,,,11152.8192543564,-9038.86128490525,11155.673663540338,-9142.476588469723
139.6398382316,11.7087408192,3.998203,822,304,1,12.697,11.501,,-0.4,-6.9,11.39336,1.0165999999999995,,822-304-1,-8728.757292200959,-11482.46337677532,4.000024325054014,,11.39336,1.0165999999999995,,,-2792.4706543326824,-13960.337624631464,-2793.2697366733046,-14150.470424806548
143.5742597603,11.1655187311,4.00587,824,1661,1,12.389,12.006,,9.0,7.4,11.97153,0.3255499999999992,,824-1661-1,5181.394113384485,-13470.0560554044,4.002429617227304,,11.97153,0.3255499999999992,,,-13510.329958143391,-5015.188561732521,-13513.64615275033,-5066.61847312474
139.8209737303,18.25451453,3.999601,1405,1225,1,12.347,12.141,,-2.1,-10.2,12.12246,0.1750999999999996,,1405-1225-1,-7846.017657110333,12118.999419313843,4.003778590696268,,12.12246,0.1750999999999996,,,14268.527554686752,2160.560406901384,14272.042504877541,2176.9112843627245
142.0366769224,18.9124045078,4.005731,1406,1081,1,11.769,11.533,,-11.1,1.7,11.51176,0.2006000000000005,,1406-1081-1,-253.76254396198294,14448.62738780463,4.007578242128822,,11.51176,0.2006000000000005,,,10971.551718285345,9337.265149083536,10974.435437253498,9401.542195506747
139.5067288349,18.0453352,4.007082,1405,1398,1,9.837,8.683,,2.6,-40.2,8.57914,0.9809,,1405-1398-1,-8932.645472281985,11376.48230539808,4.011299594832661,,8.57914,0.9809,,,14434.516424292036,865.4287976286361,14438.049821181987,871.3335409495442
137.9890435028,14.4610726258,4.006819,825,209,1,11.407,10.922,,-6.8,-30.3,10.87835,0.4122499999999995,,825-209-1,-14391.318565107169,-1471.7784273892157,4.011869778605729,,10.87835,0.4122499999999995,,,8450.286925858964,-11595.395206055256,8452.557549439778,-11740.121492349926
144.7362139542,11.8106141667,4.017216,824,642,1,11.987,11.445,,3.4,-11.4,11.39622,0.4606999999999998,,824-642-1,9271.335385360957,-11109.088473458949,4.012761285212164,,11.39622,0.4606999999999998,,,-14459.374012359956,-435.24879729424646,-14462.898777260018,-440.5286570840696
141.886855135,10.8983113992,4.014549,823,1293,1,10.106,8.623,,-19.7,-2.3,8.489529999999998,1.2605500000000005,,823-1293-1,-793.8305932203564,-14449.343874836275,4.013183435402874,,8.489529999999998,1.2605500000000005,,,-10276.878887196026,-10066.227557014372,-10279.555056194564,-10185.502111857859
143.0343148126,18.8206888538,4.013246,1406,603,1,12.493,11.74,,-76.0,-43.4,11.67223,0.6400500000000001,,1406-603-1,3152.093640473977,14123.923616552309,4.013252268382841,,11.67223,0.6400500000000001,,,8468.417835672613,11656.229953046302,8470.707706163414,11733.20176257396
140.9211063,11.0623186883,4.014223,823,1090,1,10.857,9.785,46069.0,-20.2,-25.5,9.68852,0.9111999999999992,46069.0,823-1090-1,-4213.635840894639,-13848.693622636276,4.014399395245494,9.72,9.72,0.893,,K0,-7558.130292548195,-12189.028475808165,-7560.190040603074,-12344.414469843658
145.9490014696,13.3997472758,4.019962,834,1109,1,12.102,11.482,,17.4,-15.9,11.4262,0.5270000000000008,,834-1109-1,13465.112445706089,-5317.500767334004,4.014819715993768,,11.4262,0.5270000000000008,,,-12912.062492555997,6493.51189138991,-12915.353926939086,6540.542831295002
145.0980544106,17.7174450425,4.017944,1413,553,1,11.574,11.046,,-9.1,29.7,10.99848,0.4488000000000003,,1413-553-1,10264.151538240645,10213.876884573261,4.015688563348953,,10.99848,0.4488000000000003,,,825.0457424532996,14366.153761799465,825.277005101478,14456.65956153224
141.4654896645,18.8744677358,4.014232,1406,291,1,13.087,11.214,,-3.8,-5.7,11.04543,1.5920499999999993,,1406-291-1,-2204.086735228467,14315.102493267446,4.016681745174117,,11.04543,1.5920499999999993,,,12166.10008929348,7799.083277947361,12169.243232992862,7854.277615759471
138.4953990253,16.9210972525,4.013318,1401,205,1,11.666,10.885,,-10.6,-9.9,10.81471,0.6638500000000005,,1401-205-1,-12474.905452618323,7373.278073398794,4.018669251564839,,10.81471,0.6638500000000005,,,13792.15229841155,-4390.871899813395,13795.526948310611,-4435.305154988499
138.2232017508,16.3711237875,4.014773,1401,2085,1,11.883,11.3,,-12.5,-10.3,11.24753,0.4955499999999986,,1401-2085-1,-13451.263584142302,5405.543850097333,4.020270270359148,,11.24753,0.4955499999999986,,,12968.791474623178,-6403.741105966682,12972.007266333454,-6471.74040020043
139.264158612,17.8570446244,4.016236,1405,378,1,11.773,9.742,,-8.0,3.2,9.55921,1.726349999999999,,1405-378-1,-9774.807758812212,10709.440112590435,4.021057455895992,,9.55921,1.726349999999999,,,14494.686763584634,-198.11732802098118,14498.222268945437,-201.30893460775903
140.3634251916,11.2589600331,4.023397,822,1085,1,11.791,11.168,,-14.6,-1.9,11.11193,0.529550000000001,,822-1085-1,-6183.934854777394,-13127.11258366265,4.0241365315610835,,11.11193,0.529550000000001,,,-5711.00061036583,-13165.009519066563,-5712.597435668363,-13338.979181717112
140.6449292232,11.1426765289,4.024427,823,1156,1,10.686,10.103,,-6.3,17.6,10.05053,0.4955500000000001,,823-1156-1,-5189.808958602402,-13552.544688607151,4.024550336198801,,10.05053,0.4955500000000001,,,-6688.849818828344,-12712.700890816453,-6690.697257173062,-12877.894034986548
141.1200548263,10.9983063228,4.025083,823,1088,1,12.963,11.379,,1.2,-6.5,11.23644,1.3463999999999996,,823-1088-1,-3509.3537634402146,-14082.288424569224,4.024748668955913,,11.23644,1.3463999999999996,,,-8200.196533167371,-11823.966230655393,-8202.41174417854,-11972.754599034042
137.9717212213,15.4101664633,4.021401,1401,2037,1,12.368,12.106,,-16.1,-1.2,12.08242,0.2227000000000003,,1401-2037-1,-14388.554132713798,1954.6640850937306,4.026888736793764,,12.08242,0.2227000000000003,,,11010.491750325156,-9355.159895454568,11013.32410372136,-9463.503257355605
143.4108124815,18.73660923,4.028016,1406,926,1,9.257,8.108,46910.0,-23.2,-3.2,8.00459,0.9766499999999992,46910.0,1406-926-1,4441.644038786805,13828.973885809772,4.028007089109979,7.99,7.99,1.018,82624.0,K0,7392.066086093639,12420.932945293462,7394.08480341792,12501.849080098706
137.9814910575,14.3920603167,4.022923,825,329,1,12.448,11.574,,-24.0,-1.7,11.49534,0.7429000000000004,,825-329-1,-14422.834480985333,-1719.5583271675455,4.028067174225301,,11.49534,0.7429000000000004,,,8285.93036277175,-11780.16322177659,8288.166456505001,-11928.173879336942
141.513566854,10.91898488,4.029684,823,432,1,12.072,11.999,,2.4,-16.6,11.99243,0.0620499999999988,,823-432-1,-2115.9575265473222,-14373.16079044741,4.028923346385895,,11.99243,0.0620499999999988,,,-9342.4430750719,-10989.408863924697,-9344.920464842568,-11123.735382863952
141.1172446832,10.9946071997,4.029327,823,954,1,12.043,10.68,,5.2,-9.1,10.55733,1.1585499999999995,,823-954-1,-3519.2634276122462,-14095.706231831835,4.029010120465735,,10.55733,1.1585499999999995,,,-8203.65151583095,-11839.993758512084,-8205.868525064092,-11989.072983195792
144.6123787041,11.6935575992,4.034533,824,1084,1,12.465,11.252,,-14.0,-17.7,11.14283,1.0310499999999994,,824-1084-1,8837.815859195509,-11536.333015904946,4.030149754708814,,11.14283,1.0310499999999994,,,-14491.121754790287,-1037.6382101026204,-14494.650486860024,-1048.368198043757
138.502447213,16.9617174367,4.027693,1401,693,1,9.979,9.516,,-16.8,-2.1,9.47433,0.3935499999999993,,1401-693-1,-12448.315950155316,7519.707078617394,4.033121402679931,,9.47433,0.3935499999999993,,,13883.993481668183,-4275.043992096057,13887.388999482502,-4318.216219708467
141.5112426796,18.9005995011,4.033677,1406,1241,1,9.088,8.871,46272.0,-3.8,-16.0,8.85147,0.1844499999999989,46272.0,1406-1241-1,-2047.5898376092,14408.815350053488,4.035971408686326,8.77,8.77,0.241,81418.0,A0,12132.303369675788,7977.265582744906,12135.44391685318,8033.528793496008
145.0741841194,12.0791483589,4.040931,824,404,1,13.081,11.624,,-3.7,-8.0,11.49287,1.2384499999999992,,824-404-1,10453.510885768548,-10126.543819347638,4.036125199532911,,11.49287,1.2384499999999992,,,-14509.263419321633,1088.114222597709,-14512.818661779625,1095.8439917925946
145.6244131073,12.7471455122,4.042268,834,170,1,13.001,11.576,,-7.3,24.8,11.44775,1.211249999999999,,834-170-1,12360.303855993032,-7689.159588758602,4.036861110477551,,11.44775,1.211249999999999,,,-13952.21361101891,4109.033053924383,-13955.69637851082,4139.90642221467
138.1379956846,13.6871853817,4.033407,825,1241,1,11.931,11.44,,-5.5,-1.9,11.39581,0.4173499999999997,,825-1241-1,-13919.490114068081,-4272.706139717065,4.037885712785663,,11.39581,0.4173499999999997,,,6042.876141163573,-13074.364126354303,6044.561590157367,-13246.565516193801
139.8712805908,11.5036729067,4.038995,822,699,1,10.841,10.465,,-10.3,-1.5,10.43116,0.3195999999999995,,822-699-1,-7918.054428006867,-12230.347228714847,4.040435784345991,,10.43116,0.3195999999999995,,,-3889.658009135859,-13852.688829539102,-3890.7675585150523,-14040.616334955554
138.2148051754,16.4124262022,4.037185,1401,180,1,12.762,11.281,,1.6,-4.0,11.14771,1.2588499999999998,,1401-180-1,-13477.406008040372,5555.3446190833565,4.042572715446251,,11.14771,1.2588499999999998,,,13098.149856410879,-6324.810921574458,13101.39568173174,-6391.850884762921
145.4797267068,12.53153022,4.048095,827,382,1,12.245,11.767,,-11.9,-3.2,11.72398,0.4062999999999998,,827-382-1,11861.917450726243,-8475.317997069336,4.042892892150362,,11.72398,0.4062999999999998,,,-14209.291980615126,3220.89574816848,-14212.816017990526,3245.2983835147975
141.2685697544,10.9458753728,4.044396,823,1100,1,12.376,11.594,,-13.5,-2.9,11.52362,0.6647,,823-1100-1,-2984.27315077339,-14273.453959118602,4.043852801395498,,11.52362,0.6647,,,-8691.60905259984,-11562.765593557242,-8693.943006083842,-11706.952172468846
139.558441816,18.1270394878,4.040855,1405,1390,1,13.096,12.325,,23.2,5.6,12.25561,0.6553500000000007,,1405-1390-1,-8751.110106817852,11670.513976459832,4.045231033992518,,12.25561,0.6553500000000007,,,14533.882791881571,1193.6969863576708,14537.445810721727,1202.2869361050327
139.5210122318,11.7367603672,4.046518,822,1191,1,11.75,11.135,,-32.2,-0.2,11.07965,0.5227500000000002,,822-1191-1,-9148.709189867237,-11377.23501126139,4.048616847856751,,11.07965,0.5227500000000002,,,-2435.094753220285,-14199.441441148092,-2435.7968534532624,-14394.695204516996
137.9254998391,15.1850091153,4.046169,1401,162,1,11.268,10.934,,-0.9,0.1,10.90394,0.2839000000000012,,1401-162-1,-14564.603536198014,1145.3170254091121,4.051446837064994,,10.90394,0.2839000000000012,,,10522.14950982376,-10013.943028885418,10524.88724804602,-10132.431873506095
137.9204632852,15.0900496289,4.046435,1401,234,1,10.937,10.183,,-38.5,-8.6,10.11514,0.6408999999999996,,1401-234-1,-14589.64611313739,802.7867393895592,4.052040957021577,,10.11514,0.6408999999999996,,,10282.648728029882,-10256.21177916909,10285.336150863908,-10378.540384816119
138.5161486222,17.0245791025,4.048397,1401,389,1,11.767,11.517,,-29.4,-11.1,11.4945,0.2125,,1401-389-1,-12397.617875016265,7745.587239016329,4.053864112844446,,11.4945,0.2125,,,14019.241778840262,-4089.190845012931,14022.667944038723,-4130.3552369460795
143.7462368831,11.17755367,4.057619,824,872,1,12.683,11.743,,-6.9,-0.7,11.6584,0.7989999999999996,,824-872-1,5789.764824691564,-13423.53715084591,4.054031207378305,,11.6584,0.7989999999999996,,,-13879.3069316288,-4534.689006528949,-13882.705498694135,-4580.743869930539
140.451027541,11.1853715422,4.055703,823,837,1,12.725,11.37,,-2.2,-1.6,11.24805,1.1517500000000005,,823-837-1,-5875.399442908099,-13395.022326637634,4.056244666494618,,11.24805,1.1517500000000005,,,-6116.069482703129,-13113.091570291434,-6117.777267029303,-13286.073274518192
139.3482331861,11.8671379133,4.053971,822,36,1,12.153,11.945,,3.1,-19.2,11.92628,0.1768000000000001,,822-36-1,-9753.096361030994,-10900.716560319599,4.056259484683107,,11.92628,0.1768000000000001,,,-1677.7217544161238,-14332.267677967688,-1678.2075322030373,-14530.386424140403
137.9402441357,14.4767500122,4.051819,825,346,1,9.952,9.387,,-42.0,-14.0,9.33615,0.4802499999999995,,825-346-1,-14562.11436070012,-1411.6707960193924,4.057199239445712,,9.33615,0.4802499999999995,,,8608.571533898217,-11681.663823509967,8610.889585405586,-11827.957120246901
138.0085936039,15.8086773783,4.052027,1401,1912,1,11.513,11.216,,-3.5,1.4,11.18927,0.2524500000000005,,1401-1912-1,-14233.150056597537,3390.3123177777757,4.0574711619189925,,11.18927,0.2524500000000005,,,11980.835740926495,-8301.185019217031,11983.870102197205,-8394.262059250343
145.8974172494,16.6983806844,4.064362,1410,772,1,11.958,10.214,,-1.6,-8.6,10.05704,1.4823999999999995,,1410-772-1,13080.222189555458,6580.989866644755,4.060538315673806,,10.05704,1.4823999999999995,,,-3760.044717777218,14062.15035499513,-3761.0943685797206,14151.176958248414
138.1107088884,16.1878812689,4.055956,1401,1975,1,11.903,11.12,,0.7,-13.4,11.04953,0.6655500000000011,,1401-1975-1,-13853.119950580827,4751.581469458301,4.061338736659393,,11.04953,0.6655500000000011,,,12746.493558857235,-7129.141736142171,12749.67685394523,-7206.399860267111
145.241572459,12.2133224075,4.068106,824,1591,1,12.323,12.459,,-24.6,-5.9,12.47124,-0.1155999999999993,,824-1591-1,11037.638226415382,-9635.091159162963,4.063017791641475,,12.47124,-0.1155999999999993,,,-14529.449764334715,1845.1176596499029,-14533.02325599251,1858.9444056743325
141.4372795344,10.8957321575,4.063949,823,438,1,12.903,12.487,,12.7,-18.9,12.44956,0.3536000000000003,,823-438-1,-2386.285351119104,-14456.781401903838,4.0632860936328425,,12.44956,0.3536000000000003,,,-9225.549779257219,-11242.758212175147,-9228.00969328959,-11381.42009504739
138.6077441824,12.68147241,4.060837,825,495,1,11.858,11.481,,-12.0,-8.4,11.44707,0.3204500000000005,,825-495-1,-12326.92130189252,-7928.230735509115,4.064388889015894,,11.44707,0.3204500000000005,,,2252.7969211442537,-14285.01174984991,2253.448247000021,-14482.120092604511
143.6680477712,18.6889738089,4.066766,1406,961,1,11.66,10.991,,-22.0,-4.3,10.93079,0.5686500000000004,,1406-961-1,5322.308381278361,13663.727153310383,4.066411547245604,,10.93079,0.5686500000000004,,,6684.0547022912915,12967.142010763264,6685.893355419281,13050.794468747854
141.1835902844,10.94088642,4.066717,823,693,1,9.416,8.917,,-41.1,-19.8,8.87209,0.4241500000000004,,823-693-1,-3286.234335454872,-14291.071346345727,4.066502488614114,,8.87209,0.4241500000000004,,,-8504.373979342336,-11796.145376919583,-8506.670145264834,-11944.48070757068
139.0426719418,17.7122901767,4.062922,1405,1348,1,13.583,11.579,,1.6,-11.1,11.39864,1.7033999999999996,,1405-1348-1,-10543.489325167298,10198.032159910203,4.067736536214199,,11.39864,1.7033999999999996,,,14622.453090299034,-1104.3116054274199,14626.013809276385,-1115.6823631032
145.9079610056,16.6974293917,4.073051,1410,221,1,11.734,10.731,,0.3,-3.5,10.64073,0.85255,,1410-221-1,13116.84611315942,6578.387693704838,4.069260632654045,,10.64073,0.85255,,,-3786.2949429593514,14087.695438308318,-3787.3523037463556,14176.840237947994
138.3780889716,13.050067,4.065714,825,828,1,13.301,11.881,,-7.2,-2.7,11.7532,1.207,,825-828-1,-13114.633413142701,-6585.729923713079,4.069624232676504,,11.7532,1.207,,,3779.3096270542637,-13989.241293674075,3780.392283522046,-14180.059321875231
141.7105100166,18.9572743656,4.067656,1406,735,1,11.685,10.814,,7.7,-4.7,10.73561,0.7403500000000004,,1406-735-1,-1366.5335428432552,14612.252469162402,4.069811502009609,,10.73561,0.7403500000000004,,,11832.406932945307,8617.866115933983,11835.491764842354,8677.930100583248
138.974905416,12.2087082631,4.067122,822,166,1,12.164,11.263,,-5.6,-13.3,11.18191,0.7658499999999998,,822-166-1,-11056.28942486532,-9652.19150068344,4.070009237490013,,11.18191,0.7658499999999998,,,120.60592986656731,-14474.994383328276,120.64101271462215,-14676.231885545685
146.3239149614,14.9467052517,4.07622,834,1388,1,12.097,10.531,,-6.8,-5.7,10.39006,1.331099999999999,,834-1388-1,14677.857244100709,287.83453570716307,4.071101341706324,,10.39006,1.331099999999999,,,-9525.67034121468,11094.527475899193,-9528.22810849758,11168.491890608459
143.1186972155,10.9534287803,4.075193,824,708,1,12.089,11.907,,-12.5,1.3,11.89062,0.1547000000000003,,824-708-1,3571.168769822614,-14244.091054310018,4.07227811448434,,11.89062,0.1547000000000003,,,-13020.396521538685,-6712.788246374973,-13023.634753577795,-6784.71179575324
138.4422289997,16.9459991139,4.069866,1401,535,1,12.383,12.253,,1.1,-7.0,12.2413,0.1104999999999991,,1401-535-1,-12657.005919798854,7466.661728877223,4.075132724054264,,12.2413,0.1104999999999991,,,13982.827121068089,-4464.215637322194,13986.250084659005,-4509.506047970831
140.5646517496,18.7069858767,4.075968,1405,1624,1,12.123,11.477,,9.8,-28.4,11.41886,0.5490999999999991,,1405-1624-1,-5284.984832396058,13727.574715188783,4.079141672668906,,11.41886,0.5490999999999991,,,13771.54091457327,5122.178506172654,13775.007633525162,5160.090787581146
138.0085842074,13.9682182,4.077016,825,489,1,12.252,11.86,,-7.6,21.2,11.82472,0.333200000000001,,825-489-1,-14355.644883607429,-3250.1576433268124,4.08168380119211,,11.82472,0.333200000000001,,,7096.883458020555,-12728.41572970523,7098.844743602173,-12893.970220104971
139.1851578733,11.9783200256,4.079638,822,534,1,12.38,11.537,,18.9,-35.2,11.46113,0.7165499999999999,,822-534-1,-10324.04732699106,-10493.452967909423,4.082157350636658,,11.46113,0.7165499999999999,,,-994.319588724203,-14485.561376983882,-994.6089342983068,-14687.044000325419
143.9346652239,18.5966658327,4.084222,1406,795,2,12.532,11.352,,-56.0,-104.2,11.2458,1.0029999999999997,,1406-795-2,6236.0712254981745,13335.84324071676,4.0824839240489466,,11.2458,1.0029999999999997,,,5832.481270683605,13430.589668227387,5834.095666951194,13516.531619440082
143.9344687278,18.5968327922,4.084291,1406,795,1,13.059,11.011,,-56.0,-104.2,10.82668,1.7408,,1406-795-1,6235.393809339732,13336.440193661785,4.082554074637814,,10.82668,1.7408,,,5833.377164276564,13430.479884887814,5834.99180631892,13516.4212577466
137.9810965831,14.0797318417,4.077833,825,627,1,13.539,12.005,,-22.6,3.0,11.86694,1.303899999999999,,825-627-1,-14445.08214113989,-2846.506094942451,4.082762649790191,,11.86694,1.303899999999999,,,7458.0516270990365,-12531.09184528817,7460.102140771138,-12692.906328421772
143.7668885243,11.1548931622,4.086391,824,1241,1,9.711,9.08,,-21.5,-15.1,9.02321,0.5363500000000002,,824-1241-1,5863.135528265123,-13505.471462363403,4.082867042400449,,9.02321,0.5363500000000002,,,-13989.262743459729,-4534.187196260166,-13992.688487965852,-4580.260529954651
138.6121615308,12.63507554,4.083189,825,1233,1,11.502,10.202,,-5.1,5.4,10.085,1.1050000000000006,,825-1233-1,-12313.782574520568,-8095.636488104094,4.08656748198187,,10.085,1.1050000000000006,,,2118.9107964884706,-14384.144322171482,2119.525393233978,-14583.421530886606
137.9687488215,15.7706402886,4.081602,1401,1977,1,12.024,10.741,,-18.9,1.1,10.62553,1.0905499999999997,,1401-1977-1,-14374.78873901898,3255.7504527329693,4.087185284603447,,10.62553,1.0905499999999997,,,11974.214677635038,-8493.697435412376,11977.255636463917,-8589.517432352954
138.775193812,12.414308755,4.08468,822,69,1,11.904,11.369,,-9.4,4.5,11.32085,0.4547500000000001,,822-69-1,-11750.81022009329,-8900.490319698622,4.087802201382312,,11.32085,0.4547500000000001,,,1143.536592494921,-14494.965539977286,1143.8694671939788,-14696.660552714726
139.7668818015,18.3228414922,4.084926,1405,1489,1,11.299,10.895,,-7.5,-11.0,10.85864,0.3433999999999999,,1405-1489-1,-8029.0804133103675,12368.334429262468,4.089128967007102,,10.85864,0.3433999999999999,,,14576.446808366492,2189.0011492153985,14580.038868969259,2205.5147736601443
139.7707873443,18.3268209989,4.086202,1405,1418,1,11.696,11.184,,-2.1,-12.8,11.13792,0.4352000000000003,,1405-1418-1,-8015.395315772956,12382.499921949655,4.0903567219019195,,11.13792,0.4352000000000003,,,14577.955774436026,2208.488361121129,14581.548617372893,2225.153096843004
138.160212774,13.4662770569,4.087161,825,1032,1,12.067,11.432,,-22.5,-3.5,11.37485,0.5397499999999998,,825-1032-1,-13856.023922000726,-5071.382521918625,4.091625456933451,,11.37485,0.5397499999999998,,,5403.581557709947,-13547.57164018195,5405.109307116699,-13729.2794053003
139.0386881215,17.7450492267,4.088178,1405,543,1,12.87,12.419,,-14.6,-29.5,12.37841,0.3833499999999989,,1405-543-1,-10556.010165571393,10316.13313782173,4.0929703817311704,,12.37841,0.3833499999999989,,,14719.06716144474,-1035.8869865802062,14722.651954007873,-1046.648448170673
140.1985204876,11.2610147199,4.091762,822,1213,1,12.201,11.586,,-73.7,-22.5,11.53065,0.5227500000000002,,822-1213-1,-6769.419945096281,-13116.580993736912,4.093136926647026,,11.53065,0.5227500000000002,,,-5314.5582659319825,-13587.347083630344,-5316.062600329091,-13769.866440445636
139.7970554141,11.4864520339,4.092786,822,373,1,12.38,11.178,,-5.0,1.0,11.06982,1.0216999999999998,,822-373-1,-8181.245929562598,-12290.460119742113,4.0942456721995555,,11.06982,1.0216999999999998,,,-3759.9325004870466,-14084.501052525145,-3761.012855066264,-14277.358902086342
139.4628793528,18.1181609578,4.089892,1405,1133,1,12.809,12.107,,-5.7,-4.0,12.04382,0.5966999999999999,,1405-1133-1,-9080.326964502252,11642.802186938898,4.094423355659483,,12.04382,0.5966999999999999,,,14731.6543089315,931.2811511894273,14735.262108130059,937.6732646108288
145.746512259,17.0409428336,4.099238,1410,1,1,11.709,10.891,,6.9,-12.7,10.81738,0.6952999999999997,,1410-1-1,12537.640205167763,7807.953174975578,4.095821051650648,,10.81738,0.6952999999999997,,,-2482.585691815453,14468.919900185923,-2483.2826335817385,14559.871636062095
137.9147116762,14.3584349289,4.091721,825,457,1,10.621,9.978,,-5.8,-15.8,9.92013,0.5465500000000005,,825-457-1,-14658.624515323821,-1837.0709712752114,4.096696132978994,,9.92013,0.5465500000000005,,,8354.534236620198,-12029.955332985597,8356.802746702326,-12182.52643286555
137.8716399864,14.8612032344,4.091981,818,2114,1,11.813,10.545,,-3.2,-8.0,10.43088,1.0778000000000003,,818-2114-1,-14774.95877508288,-19.76523378313693,4.097160922295396,,10.43088,1.0778000000000003,,,9790.5791202699,-10929.768059130109,9793.172636536261,-11063.162621098369
140.2120672706,11.2494093556,4.096251,822,1011,1,11.857,10.824,,-18.1,-11.6,10.73103,0.8780499999999996,,822-1011-1,-6720.314462213212,-13158.58075145516,4.097264510661706,,10.73103,0.8780499999999996,,,-5378.549053781672,-13578.674179293197,-5380.071134006629,-13761.021344966668
140.8351070305,11.0009893367,4.097602,823,1251,1,10.528,9.862,,-25.5,-8.4,9.80206,0.5661000000000003,,823-1251-1,-4519.703067740728,-14068.825649161548,4.097719902979484,,9.80206,0.5661000000000003,,,-7519.5812277762125,-12557.126649931559,-7521.650142678163,-12719.447711996057
143.2236713577,10.9533615933,4.101247,824,1424,1,11.525,10.974,,-6.6,5.7,10.92441,0.4683500000000001,,824-1424-1,3943.3554614574296,-14242.896230564182,4.098192796242627,,10.92441,0.4683500000000001,,,-13266.515883123324,-6437.081314268427,-13269.807177599316,-6505.563987799885
138.2294564766,16.6005532866,4.096475,1401,534,1,11.34,10.446,,-63.5,-34.7,10.36554,0.7599000000000001,,1401-534-1,-13416.501715930206,6232.7024851274955,4.102294887190435,,10.36554,0.7599000000000001,,,13564.206540130619,-5835.52731229804,13567.555109414405,-5896.655570294045
137.8775510555,15.2831797411,4.099249,1401,2151,1,12.827,12.115,,-4.3,-4.3,12.05092,0.6051999999999997,,1401-2151-1,-14725.35889662016,1502.6786941541266,4.104583946558609,,12.05092,0.6051999999999997,,,10896.037897437918,-9898.697167410512,10898.867497561005,-10015.4343471839
139.3963556055,18.0835226675,4.102979,1405,1334,1,12.914,11.373,,-18.7,-19.5,11.23431,1.3098500000000002,,1405-1334-1,-9310.61186432837,11520.509520741996,4.107527136524893,,11.23431,1.3098500000000002,,,14793.049732310108,679.9798562463444,14796.669034287657,684.2648576601073
145.0001020421,11.9082837056,4.11336,824,1696,1,14.316,11.706,,-21.6,-12.1,11.4711,2.218500000000001,,824-1696-1,10199.32104201755,-10746.874973683398,4.10857027315492,,11.4711,2.218500000000001,,,-14804.401476930972,491.2564013940369,-14808.021028738802,493.9480038948603
138.7272141906,12.4320157333,4.110915,822,35,1,11.985,12.174,,-7.6,-5.8,12.19101,-0.16065,,822-35-1,-11919.175349230874,-8834.667803458231,4.114130562574178,,12.19101,-0.16065,,,1304.4813245030614,-14575.391975209583,1304.8620757965418,-14778.884638778562
142.3348901933,10.7959604697,4.117316,823,1205,1,11.687,10.405,,-5.7,-4.7,10.28962,1.0897,,823-1205-1,794.6633670474122,-14819.69819744455,4.11540485706007,,10.28962,1.0897,,,-11608.041353408655,-9138.142342520994,-11611.017848835367,-9243.333221533037
145.4701988763,12.3988530083,4.120713,824,13,1,11.019,10.826,,-9.2,-2.1,10.80863,0.1640499999999996,,824-13-1,11835.614535628734,-8954.958960051865,4.115573526566241,,10.80863,0.1640499999999996,,,-14550.473011923743,2885.390255824848,-14554.074160402131,2907.230081316669
138.3666453505,12.9640527086,4.116088,825,694,1,11.28,11.022,,-8.5,4.9,10.99878,0.2192999999999992,,825-694-1,-13160.194848507057,-6895.511031546929,4.119907191718425,,10.99878,0.2192999999999992,,,3577.9222263388933,-14223.914843380471,3578.954851517821,-14419.77402762115
145.4453864968,17.502560255,4.125523,1413,492,1,12.105,11.415,,-3.7,-27.0,11.352899999999998,0.586500000000001,,1413-492-1,11471.721968826347,9456.059159599134,4.122497880615758,,11.352899999999998,0.586500000000001,,,-542.946957490984,14764.399606787449,-543.1000083313664,14856.73255264574
141.249349752,10.8691287467,4.123342,823,853,1,13.247,11.722,,-9.9,-15.2,11.58475,1.2962500000000003,,823-853-1,-3053.3567700217545,-14551.25568982374,4.122912093900789,,11.58475,1.2962500000000003,,,-8853.458082854215,-11794.662027495327,-8855.848823335631,-11943.030240851296
142.2562657354,10.7845920922,4.125208,823,336,1,10.322,9.847,,-12.8,-12.8,9.80425,0.4037499999999996,,823-336-1,515.7410989776629,-14861.226953792331,4.123469879663598,,9.80425,0.4037499999999996,,,-11453.973802475133,-9370.831779222219,-11456.921817456941,-9479.504096838402
139.9959905689,11.3325859978,4.122724,822,1199,1,12.253,12.112,,3.5,-12.4,12.09931,0.11985,,822-1199-1,-7482.2462492243585,-12852.562097925502,4.1239372860481405,,12.09931,0.11985,,,-4644.086649563838,-13937.918352739263,-4645.41517243986,-14127.720243929365
145.3875968629,12.2840181344,4.129897,824,788,1,12.383,11.648,,-20.7,-10.6,11.58185,0.6247499999999995,,824-788-1,11549.818990551992,-9373.66779497701,4.124788277257056,,11.58185,0.6247499999999995,,,-14673.883894539958,2397.431232434968,-14677.50465106824,2415.5380069408443
138.1675545872,16.5252430425,4.121407,1401,310,2,8.876,8.707,45201.0,1.0,-2.7,8.691790000000001,0.1436499999999989,45201.0,1401-310-2,-13634.116373940435,5965.80830482951,4.126794453870156,7.75,7.75,0.169,79127.0,A0,13509.06115667688,-6171.3534047136645,13512.405232189689,-6236.577817138681
138.1671331943,16.52495444,4.12167,1401,310,1,8.496,8.318,45201.0,1.0,-2.7,8.30198,0.1513000000000006,45201.0,1401-310-1,-13635.595899819627,5964.794952508715,4.127056783411722,7.75,7.75,0.169,79127.0,A0,13509.285317023194,-6173.110837848916,13512.629499300141,-6238.357025956158
146.3778523054,14.7672652144,4.132226,834,1319,1,12.422,11.422,,-4.9,-14.0,11.332,0.85,,834-1319-1,14878.890396140301,-356.3371781292053,4.127057723250089,,11.332,0.85,,,-10140.734162468028,10818.777990447215,-10143.448002914502,10891.226662641953
141.2474907476,18.9501756008,4.125478,1405,119,1,11.074,10.337,,-16.2,-36.1,10.27067,0.6264500000000001,,1405-119-1,-2947.8663211071057,14591.353006646901,4.127885206772708,,10.27067,0.6264500000000001,,,12866.2743529211,7428.540643038114,12869.586058659177,7481.393793302647
141.8291318057,10.7841469083,4.131748,823,860,1,10.749,9.742,,-41.4,-42.7,9.651370000000002,0.8559499999999997,,823-860-1,-999.4873983681422,-14863.325907208839,4.1308536624659205,,9.651370000000002,0.8559499999999997,,,-10449.904418727694,-10487.980033757533,-10452.64834374134,-10614.121474972955
144.5599318478,11.5317969119,4.135301,824,525,1,13.223,11.217,,-6.3,-2.5,11.03646,1.7051,,824-525-1,8658.956686763448,-12122.303852710445,4.130949652768699,,11.03646,1.7051,,,-14810.555761518026,-1555.494966317833,-14814.161339333587,-1571.1159769021594
137.8776339131,14.3673771864,4.126007,825,537,1,12.131,11.816,,-11.2,7.9,11.78765,0.2677499999999995,,825-537-1,-14788.092882501254,-1801.7978447799494,4.131008871370062,,11.78765,0.2677499999999995,,,8466.82394903939,-12102.021271792744,8469.127217799976,-12255.939406820544
144.292768777,18.4700490008,4.133042,1413,475,1,11.449,11.27,,-27.5,-7.9,11.25389,0.1521500000000002,,1413-475-1,7467.040018557454,12894.216932816893,4.131781840589372,,11.25389,0.1521500000000002,,,4685.354669131002,14055.045256350619,4686.662644499988,14143.999088162096
138.7760848269,12.34150447,4.129161,822,111,1,12.408,11.361,,-15.2,-25.2,11.26677,0.889949999999999,,822-111-1,-11751.766653771158,-9164.3228416923,4.13244308690138,,11.26677,0.889949999999999,,,946.909466424022,-14666.973611601292,947.1866989402505,-14872.513909517924
139.6425333094,11.5430130558,4.130893,822,782,1,11.516,10.225,,-11.8,-6.5,10.10881,1.0973500000000005,,822-782-1,-8726.157337105185,-12081.608569178014,4.1326494142757255,,10.10881,1.0973500000000005,,,-3242.150832684188,-14347.711552072027,-3243.0902666793163,-14546.252198175429
140.7205531219,11.0013508675,4.132294,823,1109,1,12.329,12.366,,13.8,-44.1,12.36933,-0.0314499999999991,,823-1109-1,-4924.615968905872,-14066.67612551712,4.1327618886341995,,12.36933,-0.0314499999999991,,,-7249.241756310971,-12852.852777364522,-7251.252110298667,-13020.851066435202
137.9083606732,14.1589841406,4.131037,825,818,1,11.704,11.146,,-9.6,-19.3,11.09578,0.4742999999999998,,825-818-1,-14694.57337415131,-2556.564910743419,4.135943170564067,,11.09578,0.4742999999999998,,,7840.408527036444,-12525.266298197728,7842.564190325591,-12687.028718805117
140.4648853469,11.0921737992,4.136215,823,705,1,10.076,9.517,,8.1,-32.1,9.46669,0.4751500000000009,,823-705-1,-5828.532383892009,-13733.20362638753,4.136926461527193,,9.46669,0.4751500000000009,,,-6400.0142308543755,-13298.76633157803,-6401.811059026456,-13475.514341145956
137.8305938884,15.05579251,4.132225,1401,125,1,11.581,10.853,,12.5,-7.2,10.78748,0.6187999999999998,,1401-125-1,-14904.570538614122,685.2016945405126,4.137325160193064,,10.78748,0.6187999999999998,,,10403.713546008425,-10564.726917110693,10406.449508260002,-10692.12480916502
145.1535372215,12.0118765011,4.143341,824,931,1,12.286,11.474,,22.3,-24.8,11.40092,0.6901999999999995,,824-931-1,10737.934585266923,-10366.989299491795,4.138824879602119,,11.40092,0.6901999999999995,,,-14877.80509111413,1140.8590660066943,-14881.452344172194,1148.9483980484283
138.1982299019,16.6303327594,4.135974,1401,176,1,9.386,8.265,45209.0,-21.7,-0.5,8.16411,0.9528499999999988,45209.0,1401-176-1,-13521.70003728438,6343.208122239782,4.141554321869208,8.17,8.17,0.92,79145.0,K0,13716.647500289972,-5840.750709855919,13720.03420279888,-5901.97616518206
139.400791223,11.7109218867,4.140259,822,468,1,11.531,11.108,,0.4,-5.2,11.06993,0.35955,,822-468-1,-9574.208319385898,-11466.774902496138,4.142291815157443,,11.06993,0.35955,,,-2219.6590042554085,-14568.976129925437,-2220.306797475969,-14772.36031690932
138.6935753204,17.4330401967,4.137079,1402,541,1,10.331,9.456,,-19.5,-1.6,9.37725,0.74375,,1402-541-1,-11761.527810249694,9209.973065044365,4.14233573548667,,9.37725,0.74375,,,14692.037991104673,-2656.2199800789717,14695.616167167476,-2682.5371865839716
146.4001081947,14.8868361889,4.150291,834,1305,1,10.39,8.953,47887.0,-14.1,-35.8,8.82367,1.221450000000001,47887.0,834-1305-1,14948.184807822308,76.0714091295001,4.145080586430125,8.85,8.85,1.207,,K0,-9863.402393183578,11155.844352633216,-9866.053212534845,11230.093940636847
140.3375381671,11.1365363931,4.145296,822,471,1,12.128,11.217,,-6.3,-9.1,11.13501,0.7743499999999996,,822-471-1,-6278.895939947646,-13569.521108499866,4.146027126421725,,11.13501,0.7743499999999996,,,-5978.743545442828,-13522.42242744185,-5980.432954399702,-13703.680491628775
143.9009874499,11.1390959033,4.154226,824,1507,1,11.729,10.592,,-3.8,4.0,10.48967,0.9664499999999988,,824-1507-1,6339.118957060063,-13559.317279591458,4.1504885890040555,,10.48967,0.9664499999999988,,,-14345.41929559505,-4217.382145876538,-14348.927893004622,-4260.021427379849
142.3842164292,10.7609316433,4.155149,823,818,1,12.34,11.278,,-14.6,-10.5,11.18242,0.9026999999999996,,823-818-1,969.469858669437,-14946.46873791008,4.153231755447785,,11.18242,0.9026999999999996,,,-11818.840080799011,-9092.20216398578,-11821.868790827935,-9196.750395255998
145.2640525253,17.7508162511,4.15587,1413,422,1,12.222,11.142,,-40.3,57.5,11.0448,0.918,,1413-422-1,10832.976739815966,10344.528370958573,4.153470221691695,,11.0448,0.918,,,545.2368358673212,14875.967986545738,545.3907768377392,14968.807606603263
142.5849261835,19.0350788267,4.153235,1406,159,1,11.768,11.33,,-12.5,6.6,11.29058,0.3723000000000005,,1406-159-1,1617.006816495405,14894.808292294767,4.154460483312989,,11.29058,0.3723000000000005,,,10063.570039939717,11023.322072515875,10066.270216798956,11096.856718512487
139.7662264702,11.4331677017,4.153898,822,972,1,11.308,10.721,,-2.2,-16.7,10.66817,0.4989499999999998,,822-972-1,-8292.322266796322,-12482.713283182371,4.155481312113719,,10.66817,0.4989499999999998,,,-3829.9542191059477,-14290.717624287761,-3831.062040779027,-14488.053807404482
139.5112556291,11.6083103,4.154115,822,260,1,15.48,11.624,,-2.1,-1.8,11.27696,3.2775999999999996,,822-260-1,-9187.823885047757,-11841.289359449533,4.1559560930927155,,11.27696,3.2775999999999996,,,-2756.089827419757,-14529.467464756799,-2756.8931725102216,-14731.99855661937
140.0177819919,18.5467859261,4.152371,1405,884,1,13.79,11.886,,-7.7,-0.2,11.71464,1.6183999999999998,,1405-884-1,-7161.382929058513,13167.880867340624,4.156382416179468,,11.71464,1.6183999999999998,,,14598.389247783847,3359.859735747165,14602.014157011263,3385.2141071922024
142.5034977857,10.7657672978,4.159582,823,1323,1,11.615,10.107,,1.2,3.2,9.97128,1.2818000000000007,,823-1323-1,1392.8452185254557,-14928.133396936575,4.1574025650699244,,9.97128,1.2818000000000007,,,-12086.120103995161,-8768.12326025434,-12089.20220191839,-8867.94083429937
140.4463083896,18.7463504799,4.15469,1405,870,1,8.394,7.75,45917.0,-64.8,-109.2,7.69204,0.5474000000000001,45917.0,1405-870-1,-5690.629564192588,13871.455804364838,4.157507304574666,7.69,7.69,0.604,80699.0,G0,14148.335235779401,4915.778320078638,14151.891073999259,4952.224752469633
137.856208345,15.5776767111,4.154126,1401,2118,1,10.819,9.624,,-18.6,3.2,9.51645,1.0157500000000002,,1401-2118-1,-14779.906520308885,2567.1470301553945,4.159675218213636,,9.51645,1.0157500000000002,,,11728.169864222094,-9242.821502305822,11731.182541315135,-9349.61158582791
137.8366017833,14.4112167522,4.159488,818,34,1,13.016,11.992,,-9.4,-68.5,11.89984,0.8703999999999993,,818-34-1,-14928.861814419875,-1642.9730519919976,4.164593943098789,,11.89984,0.8703999999999993,,,8678.995083128757,-12101.836614525308,8681.356301421729,-12255.78754268293
146.1428453877,16.4136894867,4.169012,1410,11,1,9.405,8.947,47784.0,-9.2,-4.2,8.90578,0.3893000000000001,47784.0,1410-11-1,13948.903593684903,5569.867581493343,4.164824465488018,8.89,8.89,0.431,84281.0,G5,-5092.531585713646,14040.78191116745,-5093.953026293877,14129.648930783791
145.0975544295,17.9298384644,4.167835,1413,350,1,12.149,10.928,,9.6,-2.2,10.81811,1.0378499999999986,,1413-350-1,10252.611618941562,10980.489763301992,4.165669368551504,,10.81811,1.0378499999999986,,,1405.8825975181426,14864.146445582639,1406.2794736603137,14956.924098650705
137.8213147756,14.5239452417,4.161236,818,37,1,12.253,11.356,,-12.6,-1.0,11.27527,0.7624500000000002,,818-37-1,-14974.645984274837,-1233.3358835077408,4.1663492853489466,,11.27527,0.7624500000000002,,,9015.673268978815,-11868.370455840753,9018.112367306356,-12018.102557664737
138.1836162744,16.6641249325,4.162643,1401,561,1,12.437,11.827,,-7.3,5.1,11.7721,0.5184999999999995,,1401-561-1,-13569.801727059441,6466.348282556623,4.168114677558487,,11.7721,0.5184999999999995,,,13840.644073696025,-5795.501668486458,13844.060480908627,-5856.207682791078
138.6514041829,12.4404455855,4.164912,822,21,1,12.21,11.398,,-33.4,28.6,11.32492,0.6902000000000009,,822-21-1,-12187.015841298395,-8799.847912874247,4.168183603032397,,11.32492,0.6902000000000009,,,1508.2593205186727,-14748.682578977106,1508.7021510186464,-14956.085591667725
146.3585337423,15.6777027299,4.174273,1410,645,1,11.001,10.134,,-97.5,64.8,10.05597,0.7369499999999992,,1410-645-1,14745.922694350435,2930.0289512019385,4.168795912305676,,10.05597,0.7369499999999992,,,-7595.253551924679,12890.136416209038,-7597.3410681300775,12973.346309150449
142.4070010561,10.7441389092,4.17342,823,948,1,11.969,11.769,,3.2,-5.7,11.751,0.1699999999999994,,823-948-1,1050.8227379723262,-15007.036195146591,4.171442133352091,,11.751,0.1699999999999994,,,-11918.117126927345,-9071.847801443228,-11921.170476646654,-9176.11346136293
140.6862113081,10.9713941736,4.171695,823,424,1,13.309,12.184,,-5.3,-2.5,12.08275,0.95625,,823-424-1,-5047.519263599061,-14173.370870280993,4.171869406185036,,12.08275,0.95625,,,-7247.443206484848,-13012.457699438239,-7249.462017033868,-13183.595602358135
143.0011200394,10.8217605433,4.177666,824,963,1,11.799,10.559,,-11.6,-3.3,10.4474,1.054,,824-963-1,3156.4374346709733,-14721.932639183648,4.174958209675505,,10.4474,1.054,,,-13102.419100322728,-7332.069321797749,-13105.699508708121,-7412.087310542098
144.0916764853,18.6272423958,4.177747,1413,491,1,11.826,11.079,,-8.7,7.5,11.01177,0.6349499999999999,,1413-491-1,6773.684539626099,13455.149340318863,4.177026315805858,,11.01177,0.6349499999999999,,,5564.892952752859,13909.578453981143,5566.443502092355,13997.805283353073
146.4152295237,15.3397757775,4.182834,1410,345,1,11.284,9.953,,-3.0,-20.7,9.83321,1.131350000000001,,1410-345-1,14969.657318189622,1712.1261676906583,4.17792653758452,,9.83321,1.131350000000001,,,-8654.359551038639,12252.234236403841,-8656.718373172018,12332.2035032554
145.7491927901,12.6747916111,4.183734,834,722,1,12.887,11.178,,-8.5,-20.0,11.02419,1.4526499999999996,,834-722-1,12804.583839246943,-7945.608536915567,4.178550405279842,,11.02419,1.4526499999999996,,,-14438.805294366659,4270.019516986857,-14442.415142200965,4301.942256532141
141.6435554047,19.0599350667,4.176101,1406,234,1,7.749,7.512,46304.0,-18.6,17.6,7.49067,0.20145,46304.0,1406-234-1,-1595.0126791542011,14984.893845794444,4.178560000997599,7.5,7.5,0.205,81506.0,A3,12262.655762510783,8693.97546842683,12265.856141257596,8754.420719748685
138.5387371492,17.2945550422,4.176151,1401,342,1,11.702,11.222,,-7.6,-7.3,11.1788,0.4080000000000003,,1401-342-1,-12303.31836680421,8719.274999176485,4.181366990945693,,11.1788,0.4080000000000003,,,14684.699253513818,-3379.7402753664205,14688.280991262176,-3413.4734315551873
143.3777582118,18.9095696575,4.183294,1406,789,1,12.624,11.31,,-10.9,-1.7,11.19174,1.1169,,1406-789-1,4325.397840277979,14453.900150533966,4.183445148256397,,11.19174,1.1169,,,7936.45047443911,12747.26668603459,7938.627706478184,12829.750043404092
137.8199089812,15.5147848199,4.179964,1401,2066,1,11.41,10.735,,88.6,-62.7,10.67425,0.5737500000000005,,1401-2066-1,-14907.963138416291,2340.8724220278073,4.184385919657979,,10.67425,0.5737500000000005,,,11643.957854573235,-9485.131239892835,11646.960959731938,-9595.590082692934
138.0627852871,13.4482619622,4.182103,825,899,1,12.886,12.312,,-11.5,4.4,12.26034,0.4878999999999998,,825-899-1,-14199.62610370047,-5130.651393807971,4.1864535889303,,12.26034,0.4878999999999998,,,5587.27988349988,-13837.816303784379,5588.873688681302,-14025.600026438964
138.3829808716,17.0706246828,4.181375,1401,1913,1,11.339,10.289,,-3.7,-14.6,10.1945,0.8925000000000006,,1401-1913-1,-12854.520017529392,7920.374706191629,4.186618791494137,,10.1945,0.8925000000000006,,,14453.155063810706,-4312.330220180391,14456.691790677842,-4356.0398112156045
137.7791233658,14.7808582978,4.183819,818,2150,1,11.552,11.191,,-2.0,-3.2,11.15851,0.306849999999999,,818-2150-1,-15104.110204828681,-303.4050565209683,4.188952945655412,,11.15851,0.306849999999999,,,9796.919719418103,-11356.862629459569,9799.539517716164,-11497.618229383681
137.8740296825,15.83398386,4.183915,1401,566,1,13.318,11.452,,-1.9,7.2,11.28406,1.5860999999999996,,1401-566-1,-14699.741271277175,3491.074873931588,4.1893534337834035,,11.28406,1.5860999999999996,,,12365.818166852006,-8579.197700156376,12368.963294949172,-8676.332417910751
137.7840771725,15.226557,4.185034,1401,2205,1,10.975,10.406,,20.4,-22.5,10.35479,0.4836499999999992,,1401-2205-1,-15054.920936178316,1304.2380352861614,4.190100255713744,,10.35479,0.4836499999999992,,,10966.358455783089,-10270.936942747525,10969.226542555805,-10393.63989684839
139.4605854622,11.6027479761,4.188623,822,520,1,11.742,11.362,,-13.8,-19.0,11.3278,0.3230000000000007,,822-520-1,-9367.70546687746,-11860.202907474393,4.190709409790085,,11.3278,0.3230000000000007,,,-2650.852513536735,-14673.334902642278,-2651.628923908347,-14879.085414450887
137.8287752134,14.2689378567,4.187659,818,534,1,11.468,10.239,,-5.7,-24.6,10.12839,1.0446499999999992,,818-534-1,-14966.04590511731,-2154.8004359267316,4.192604526691927,,10.12839,1.0446499999999992,,,8320.964917037156,-12462.70960076886,8323.249433518347,-12623.359846735935
141.968399442,19.1001746313,4.195014,1406,612,1,12.944,12.432,,-75.8,-2.9,12.38592,0.4352000000000003,,1406-612-1,-488.1771775452988,15128.084269330368,4.196910628184133,,12.38592,0.4352000000000003,,,11635.13513237722,9611.539053550503,11638.204140509977,9677.26485120952
137.8739433653,15.87094462,4.192002,1401,37,1,12.83,12.048,,5.3,-2.0,11.97762,0.6647,,1401-37-1,-14697.314433457794,3624.2399908417856,4.197357061664252,,11.97762,0.6647,,,12463.778995261935,-8490.243106039376,12466.945146681916,-8586.119366557181
141.7735648271,19.0905897525,4.195378,1406,537,1,11.75,11.119,,-6.7,8.1,11.06221,0.5363500000000002,,1406-537-1,-1150.969307629699,15094.577626043789,4.197583716733836,,11.06221,0.5363500000000002,,,12049.961977267885,9096.54803158478,12053.121404738406,9159.326856183601
138.0440330023,13.4623764167,4.194141,825,1090,1,12.697,11.992,,-12.3,-4.4,11.92855,0.5992499999999985,,825-1090-1,-14264.699580275279,-5078.843115984113,4.19854449257518,,11.92855,0.5992499999999985,,,5669.199917521956,-13851.787856189681,5670.817833854203,-14039.876303142062
137.9624622815,16.201404825,4.195716,1401,706,1,11.978,10.425,,-4.9,-11.8,10.28523,1.320049999999999,,1401-706-1,-14367.330492856647,4810.635772959919,4.201153861947127,,10.28523,1.320049999999999,,,13131.89454527411,-7469.904824392179,13135.187663523806,-7551.771121734603
141.357344421,19.0458127358,4.199974,1406,561,1,11.621,11.225,,-23.1,-5.7,11.18936,0.3366000000000007,,1406-561-1,-2571.846596562139,14936.534429623158,4.20253999293689,,11.18936,0.3366000000000007,,,12874.800977101842,7935.844759141197,12878.13327312638,7991.75444337243
139.8652786202,11.3146333575,4.202999,822,1131,1,12.436,11.836,,-29.4,25.1,11.782,0.5099999999999997,,822-1131-1,-7946.675480906206,-12913.018086286242,4.204191506555825,,11.782,0.5099999999999997,,,-4381.06237858948,-14317.228978344605,-4382.330869756696,-14515.19422686358
140.9950320358,18.97443585,4.203577,1405,184,1,11.154,10.012,,-25.0,-2.4,9.90922,0.9706999999999996,,1405-184-1,-3809.628366605174,14684.862557923529,4.206584882833699,,9.90922,0.9706999999999996,,,13508.121356873668,6849.782482026219,13511.578219304074,6898.964462901428
142.4586858451,19.09940435,4.205792,1406,1132,1,10.826,9.159,46570.0,-4.8,-9.0,9.00897,1.4169499999999997,46570.0,1406-1132-1,1186.086841077392,15126.167625074087,4.207033697695202,8.88,8.88,1.426,,M2,10522.538341655792,10855.557223321712,10525.356033161554,10928.157639401505
137.756150423,15.0261029555,4.203534,1401,117,1,12.519,11.561,,56.6,8.0,11.47478,0.8143000000000001,,1401-117-1,-15165.600538446533,583.514456753001,4.208200567576825,,11.47478,0.8143000000000001,,,10500.899830135257,-10823.119527362336,10503.676324708907,-10954.84881131296
146.355035969,13.9953816911,4.214773,834,793,1,14.06,12.035,,8.3,-4.6,11.85275,1.7212500000000002,,834-793-1,14852.661708773143,-3143.3491811807967,4.209531765060666,,11.85275,1.7212500000000002,,,-12207.21914010567,8959.550802527227,-12210.414848186721,9021.528315383679
145.6672070192,17.3712824978,4.216011,1410,138,1,11.077,10.625,,4.4,-9.4,10.58432,0.3841999999999999,,1410-138-1,12244.342832588509,8996.092179693036,4.212909845030816,,10.58432,0.3841999999999999,,,-1399.5919471173427,15035.67809627127,-1399.9880169172995,15129.2312911127
143.483902051,18.90908026,4.213622,1406,984,1,12.362,11.374,,-33.3,-56.4,11.28508,0.8397999999999995,,1406-984-1,4687.370405864652,14453.384693541006,4.213074989550754,,11.28508,0.8397999999999995,,,7695.837697205331,13016.307377830666,7697.956550811351,13100.123486558636
146.4769101976,14.940285585,4.224098,834,1376,1,10.834,10.044,,-29.3,-23.1,9.9729,0.6714999999999992,,834-1376-1,15212.56291742351,274.5234852634333,4.218759267191005,,9.9729,0.6714999999999992,,,-9890.463698849348,11483.610201787731,-9893.133138225901,11559.55666839632
144.497092968,11.3837386911,4.223361,824,92,1,12.928,11.552,,-4.0,-0.8,11.42816,1.169600000000001,,824-92-1,8442.358275720399,-12659.505761211769,4.219113929443319,,11.42816,1.169600000000001,,,-15068.477323608691,-2069.1153336078464,-15072.1462363833,-2089.7146223477325
146.4690912083,15.2163330417,4.224994,1410,227,1,10.61,9.996,,-22.0,0.6,9.94074,0.5218999999999991,,1410-227-1,15165.847375795229,1270.9131027386277,4.219855076142449,,9.94074,0.5218999999999991,,,-9114.452874394201,12106.847543686417,-9116.932593296113,12186.04475742324
138.3953643121,17.1557971008,4.21538,1401,296,1,11.881,11.09,,17.2,-16.9,11.01881,0.6723500000000003,,1401-296-1,-12806.023755933757,8227.111739662734,4.220412934574562,,11.01881,0.6723500000000003,,,14650.32260182732,-4075.000773476089,14653.904385664397,-4116.150904698279
137.7418225492,14.9565366564,4.216521,818,38,1,11.784,10.12,,-8.1,-0.5,9.97024,1.4144000000000012,,818-38-1,-15222.341151253058,333.2362002102994,4.221784039930031,,9.97024,1.4144000000000012,,,10351.412685439918,-11028.245082470516,10354.161465599753,-11163.424959866004
146.4003197618,15.7607276147,4.228861,1410,280,1,11.964,12.25,,-3.0,-5.5,12.27574,-0.2430999999999996,,1410-280-1,14888.263854248846,3230.8125305816347,4.224213224121835,,12.27574,-0.2430999999999996,,,-7464.817214928616,13194.770839841649,-7466.877386538801,13279.468825818694
146.1349708117,13.2889763,4.229695,834,358,1,12.17,11.364,,5.1,-4.8,11.29146,0.6850999999999993,,834-358-1,14126.314999472514,-5706.735376058128,4.224404117742998,,11.29146,0.6850999999999993,,,-13641.892916010682,6728.267839143045,-13645.379894430303,6776.66670667411
145.4890027686,17.6163777799,4.229573,1413,481,1,11.065,10.391,,-75.6,-63.0,10.33034,0.5728999999999995,,1413-481-1,11613.914606316255,9868.946309709103,4.225850090462159,,10.33034,0.5728999999999995,,,-328.6034769748089,15143.11522097622,-328.69660915785784,15237.160899782377
140.3198845744,11.0562592333,4.225505,822,1138,1,12.537,11.732,,45.9,-79.9,11.65955,0.6842500000000012,,822-1138-1,-6342.394145508005,-13861.452438519913,4.226635947107955,,11.65955,0.6842500000000012,,,-6154.862108970351,-13758.7695651682,-6156.613880942074,-13944.960836205797
137.9949060375,13.5078385286,4.223245,825,1255,1,11.716,10.375,,-8.6,0.7,10.25431,1.1398499999999994,,825-1255-1,-14434.415383088923,-4911.702081174212,4.227644747136542,,10.25431,1.1398499999999994,,,5906.795471204454,-13867.405329574103,5908.48214422211,-14055.852999273138
143.5530540704,18.9017900908,4.227766,1406,787,1,11.849,11.25,,-15.3,1.7,11.19609,0.5091500000000001,,1406-787-1,4924.227739026775,14430.45438347186,4.22772508497612,,11.19609,0.5091500000000001,,,7521.500553079253,13177.435071063946,7523.5759004562215,13262.04502365081
139.3128795046,11.6707315292,4.225975,822,1147,1,10.798,10.507,,-12.2,-1.5,10.48081,0.2473500000000003,,822-1147-1,-9887.404745652464,-11608.934190769083,4.228106408415018,,10.48081,0.2473500000000003,,,-2118.094390306462,-14890.306169963027,-2118.719353131803,-15100.965331813239
140.9752865545,10.8232059025,4.229845,823,1140,1,11.726,10.951,,-57.9,-33.9,10.88125,0.6587500000000003,,823-1140-1,-4027.104389279564,-14714.74775443742,4.23003767420769,,10.88125,0.6587500000000003,,,-8329.43079786816,-12616.232322079368,-8331.726988176064,-12779.815985896446
143.0805848457,19.0350808706,4.231866,1406,376,1,13.306,11.033,,-9.2,-0.7,10.82843,1.9320499999999996,,1406-376-1,3308.5398062288864,14901.639071828464,4.232426559006439,,10.82843,1.9320499999999996,,,8946.06105073344,12286.358704439277,8948.50068193189,12366.471534836293
137.76820306,14.38565,4.228552,818,33,1,12.83,12.154,,0.0,0.0,12.09316,0.5746000000000001,,818-33-1,-15170.092142501442,-1728.9506282408881,4.233473274079283,,12.09316,0.5746000000000001,,,8774.787115252993,-12334.961030851018,8777.188740596615,-12493.275139002757
140.74786537,10.8836619228,4.235465,823,969,1,11.527,11.064,,-7.1,-13.0,11.02233,0.3935499999999993,,823-969-1,-4830.971220308107,-14492.105537865009,4.235629878549406,,11.02233,0.3935499999999993,,,-7629.461495977038,-13061.064585941209,-7631.5899799311,-13233.224861320869
145.6339350507,17.4542092125,4.238837,1410,56,1,11.263,10.916,,14.9,-26.1,10.88477,0.2949499999999996,,1410-56-1,12125.065354779144,9293.119267985001,4.235809542928981,,10.88477,0.2949499999999996,,,-1098.3540557710826,15143.157812528289,-1098.6653541345167,15237.198234133582
145.5494984709,12.3010410157,4.242189,831,639,1,11.75,10.96,,-121.1,-26.7,10.8889,0.6714999999999992,,831-639-1,12118.09274692907,-9305.471872641774,4.236358378491685,,10.8889,0.6714999999999992,,,-15000.021803477104,2864.2194587811123,-15003.734701144705,2885.8142028480593
139.7481433234,11.3480825558,4.235038,822,82,1,12.636,12.283,,3.4,-17.7,12.25123,0.3000499999999997,,822-82-1,-8359.455782702073,-12789.915672329602,4.236561476187785,,12.25123,0.3000499999999997,,,-4015.079847616511,-14539.3464056074,-4016.250835779091,-14742.190241356959
143.0846463174,10.7764943944,4.239582,824,803,1,8.14,7.917,46812.0,-7.1,15.1,7.896929999999999,0.1895500000000006,46812.0,824-803-1,3453.4488685400056,-14884.345749010254,4.236630304549519,7.93,7.93,0.239,82444.0,A5,-13420.972965960189,-7219.1754303423995,-13424.329597128488,-7297.76899684836
140.1705860616,18.7138266933,4.233119,1405,1276,1,11.524,10.353,,-4.4,4.4,10.24761,0.9953499999999994,,1405-1276-1,-6632.895244258605,13766.33360179858,4.236966427809137,,10.24761,0.9953499999999994,,,14695.09786935134,4146.724765748931,14698.768707967052,4177.731277501213
137.9530046175,16.2897900858,4.231604,1401,819,1,12.778,11.391,,0.9,-2.3,11.26617,1.1789500000000004,,1401-819-1,-14394.06801314328,5130.629141262852,4.237014419539353,,11.26617,1.1789500000000004,,,13388.905617326787,-7279.9583085286185,13392.256438582895,-7359.34894100048
146.1819749079,16.5180691011,4.241755,1410,702,1,11.393,10.64,,-19.7,-1.0,10.57223,0.6400500000000001,,1410-702-1,14077.484942051273,5949.524448836798,4.237555605062997,,10.57223,0.6400500000000001,,,-4893.994071365763,14387.352044095787,-4895.366734621163,14477.838512518212
140.79684734,18.952299584,4.23423,1405,167,1,10.178,9.705,,-101.6,-3.5,9.66243,0.4020500000000006,,1405-167-1,-4488.814662874205,14609.393894165612,4.237658851603294,,9.66243,0.4020500000000006,,,13902.456699421833,6295.301488390445,13905.995335157679,6340.910090128655
146.3430611945,13.8287744922,4.244193,834,1092,1,12.001,11.784,,2.5,2.8,11.76447,0.1844499999999989,,834-1092-1,14821.92096298954,-3745.3191416170107,4.238859903381708,,11.76447,0.1844499999999989,,,-12636.922959730528,8539.438891847652,-12640.21567538874,8598.936224052897
137.7303496203,15.1858749706,4.234284,1401,115,1,10.198,10.046,,16.6,-14.9,10.03232,0.1292000000000008,,1401-115-1,-15245.5099379657,1161.3487368521992,4.239379832265479,,10.03232,0.1292000000000008,,,10985.991842721744,-10504.510796948067,10988.878412966415,-10631.032658318949
143.0522366712,10.7664002633,4.242393,824,1908,1,11.81,10.5,,0.6,-3.3,10.3821,1.1135000000000004,,824-1908-1,3338.865217559591,-14921.733085820462,4.239667426487901,,10.3821,1.1135000000000004,,,-13372.87935496184,-7328.255154684556,-13376.227964872773,-7408.283516257123
146.3183057674,13.7396176789,4.245485,834,80,1,11.744,11.443,,-23.9,0.2,11.41591,0.2558500000000001,,834-80-1,14740.33424966721,-4068.786555631092,4.239905351322567,,11.41591,0.2558500000000001,,,-12824.64306114293,8265.325456703004,-12827.974555412118,8323.19329541822
139.5326875037,11.487530965,4.238657,822,1122,1,11.268,10.712,,-9.6,3.4,10.66196,0.4726000000000008,,822-1122-1,-9117.224925098535,-12278.535283022387,4.2403907704288235,,10.66196,0.4726000000000008,,,-3129.8506280323945,-14761.672026137889,-3130.770170698823,-14969.452133245562
143.8426285997,11.0156177797,4.243609,824,1847,1,12.345,12.445,,-17.8,-53.3,12.454,-0.0849999999999997,,824-1847-1,6135.474720150579,-14008.782930486655,4.240425364712473,,12.454,-0.0849999999999997,,,-14546.329055426226,-4663.043970399266,-14549.89500815074,-4710.690446939569
144.8539012904,11.6101658467,4.245546,824,1071,1,12.414,11.618,,-20.1,-9.4,11.54636,0.6765999999999994,,824-1071-1,9695.802071261563,-11829.644386456413,4.240958349105951,,11.54636,0.6765999999999994,,,-15279.84037422286,-594.5213805281719,-15283.565919875995,-601.3957830786424
145.6368561945,17.4620071872,4.245718,1410,94,1,11.103,10.718,,10.3,-24.2,10.68335,0.3272499999999998,,1410-94-1,12134.569546348634,9321.527739327565,4.2426701744888575,,10.68335,0.3272499999999998,,,-1083.4208657641243,15169.007920855334,-1083.7280454607137,15263.164514402322
139.0628430022,11.86841249,4.241822,822,424,1,12.812,11.996,,-1.9,-6.0,11.92256,0.6935999999999991,,822-424-1,-10762.410891459076,-10885.231536853662,4.244286579590402,,11.92256,0.6935999999999991,,,-996.3247162926245,-15060.410858134737,-996.6204183779204,-15274.963225788286
139.2288959248,18.129047295,4.240687,1405,1605,1,9.105,8.14,45540.0,-15.4,-11.4,8.05315,0.8202499999999998,45540.0,1405-1605-1,-9883.55783025657,11694.009130119419,4.245340502969025,8.04,8.04,0.848,79839.0,G5,15303.021155663873,369.38492476247546,15306.762243661618,370.93737390197276
144.2480327813,18.6256419508,4.246628,1413,50,1,10.888,10.395,,-16.3,-22.3,10.35063,0.4190500000000002,,1413-50-1,7308.677680745057,13454.72905136307,4.245448201436854,,10.35063,0.4190500000000002,,,5209.5289290527935,14307.540684273012,5210.988514621977,14397.642237084958
143.6367988666,18.8922174183,4.245711,1406,863,1,12.071,11.262,,3.7,-9.3,11.18919,0.6876499999999993,,1406-863-1,5211.06419992998,14397.939030081481,4.245532413572279,,11.18919,0.6876499999999993,,,7306.828055503523,13369.432870183999,7308.849407586118,13454.982673603346
139.5631676436,18.3814236639,4.242732,1405,1601,1,12.793,12.339,,-10.7,0.5,12.29814,0.385899999999999,,1405-1601-1,-8725.288957504896,12589.841297471918,4.2471462393926505,,12.29814,0.385899999999999,,,15204.12026431355,1818.3867180307718,15207.86073370935,1831.8687702987909
139.5647651845,18.387101585,4.246523,1405,1612,1,12.977,12.179,,-6.5,-17.0,12.10718,0.6783,,1405-1612-1,-8719.470482026432,12609.82806553268,4.25077110179881,,12.10718,0.6783,,,15215.202625509151,1835.8697889232856,15218.946198267651,1849.4880219834663
138.0432556497,13.3175013378,4.248084,825,664,1,12.952,10.742,,-4.8,-1.6,10.5431,1.8784999999999992,,825-664-1,-14276.787396285905,-5601.802881357272,4.252301779051914,,10.5431,1.8784999999999992,,,5286.200527931398,-14200.555503094061,5287.725690708281,-14396.069286446107
144.3368026143,18.5856185249,4.253816,1413,146,1,11.378,10.759,,-59.9,-17.1,10.70329,0.5261499999999998,,1413-146-1,7612.826292100261,13313.785834115755,4.252348283103619,,10.70329,0.5261499999999998,,,4902.301685948385,14440.818022830037,4903.6777200743945,14531.550578243261
142.8419112753,10.7127993286,4.255411,823,42,1,12.429,12.238,,11.2,4.7,12.22081,0.1623500000000006,,823-42-1,2593.8432244945034,-15117.574059520372,4.252862063966279,,12.22081,0.1623500000000006,,,-13024.844906416234,-8006.3133773430045,-13028.132842187246,-8095.48162647917
138.752893586,12.1789617878,4.250189,822,425,1,9.92,9.604,,8.5,-28.0,9.57556,0.2686000000000006,,822-425-1,-11841.87953439183,-9750.683771970473,4.253194131373114,,9.57556,0.2686000000000006,,,568.3033034794147,-15113.367986627762,568.4722854833544,-15329.148188619603
140.7452381667,18.9535572333,4.250334,1405,978,1,11.556,11.036,,-29.4,-6.6,10.9892,0.4419999999999996,,1405-978-1,-4663.105172301304,14615.183698847364,4.253574095877538,,10.9892,0.4419999999999996,,,14022.45848884401,6169.62240993718,14026.023489550866,6214.403388062916
140.7914590419,18.9688070817,4.251581,1405,459,1,12.321,11.258,,-4.1,-6.6,11.16233,0.9035500000000004,,1405-459-1,-4504.261121990707,14669.16690824335,4.254696529572185,,11.16233,0.9035500000000004,,,13957.39897781456,6323.25803968675,13960.952679034583,6369.036530805732
142.2146610943,19.1593820956,4.253468,1406,510,1,12.647,11.634,,-15.6,-6.2,11.54283,0.8610499999999999,,1406-510-1,353.31409231111485,15342.236090976561,4.255022477835915,,11.54283,0.8610499999999999,,,11236.773386837165,10378.793537363243,11239.765007803504,10448.766515165635
137.8242387971,15.9432438411,4.254952,1401,2150,1,12.268,11.614,,-8.8,-31.3,11.555140000000002,0.5559,,1401-2150-1,-14865.67269423033,3887.9616364412354,4.260378232060889,,11.555140000000002,0.5559,,,12772.69690479749,-8441.718310559143,12775.939950173897,-8536.96835697408
144.4898327276,11.3292315594,4.26523,824,1569,1,9.589,9.503,,-15.7,-4.7,9.49526,0.0731000000000002,,824-1569-1,8418.443909803349,-12856.958406434267,4.260981414236016,,9.49526,0.0731000000000002,,,-15200.24254854947,-2216.6052517657254,-15203.944167775897,-2238.673506887129
138.4116313556,17.2613713383,4.25872,1401,445,1,11.656,10.239,,-22.9,-26.3,10.11147,1.2044499999999998,,1401-445-1,-12744.558913101324,8607.164280876897,4.263995546497801,,10.11147,1.2044499999999998,,,14893.702238699098,-3779.8772700906848,14897.34006604016,-3817.894420262889
141.4508569733,19.1228170092,4.261808,1406,489,1,12.09,10.548,,-3.4,-2.5,10.40922,1.3106999999999998,,1406-489-1,-2251.4100113860263,15214.048679559857,4.264256582830549,,10.40922,1.3106999999999998,,,12869.623525142915,8357.2254958167,12872.97025082686,8415.626012645456
141.1225889119,19.0673124767,4.264947,1405,736,1,11.826,10.423,,-0.9,-10.0,10.29673,1.1925500000000004,,1405-736-1,-3372.02361118802,15018.188950381975,4.26767162372937,,10.29673,1.1925500000000004,,,13466.911595738331,7394.958063940279,13470.377627436754,7447.514293913087
141.6271145357,10.6637102544,4.269057,823,1166,1,12.835,11.587,,-3.1,2.0,11.47468,1.0608000000000009,,823-1166-1,-1715.7092236800775,-15297.146817077817,4.26793916947031,,11.47468,1.0608000000000009,,,-10298.903076664343,-11297.932550235848,-10301.654213426647,-11437.756744678816
145.7180995334,12.4694601358,4.273236,831,1514,1,10.837,10.409,,-33.8,-28.1,10.37048,0.3637999999999992,,831-1514-1,12706.258906504345,-8689.092988378561,4.267966029403443,,10.37048,0.3637999999999992,,,-14929.47203076499,3707.043839290956,-14933.189297971106,3734.8640873225663
139.0799368063,18.0317795144,4.263595,1405,1347,1,12.356,11.167,,-8.0,1.0,11.05999,1.01065,,1405-1347-1,-10399.772782297727,11350.891719088857,4.268402662224848,,11.05999,1.01065,,,15389.067971675684,-239.1643229381358,15392.823474612685,-242.9037284937181
139.4639805657,11.5011436172,4.26758,822,44,1,6.496,6.401,45614.0,-15.0,-3.4,6.39245,0.0807500000000005,45614.0,822-44-1,-9360.075887467041,-12227.279272756317,4.2694734280237165,6.4,6.4,0.095,80064.0,A2IV,-2930.3611057050366,-14905.988574061004,-2931.2263082217482,-15117.052998620804
140.820732602,18.9964734789,4.269801,1405,502,1,11.945,11.489,,-12.2,13.6,11.44796,0.3875999999999995,,1405-502-1,-4403.938267751821,14769.095897557801,4.2730909800991235,,11.44796,0.3875999999999995,,,13965.531201926338,6463.728786943999,13969.091957545339,6510.402121149906
146.3215341607,16.2650368439,4.281849,1410,514,1,10.395,9.955,,-10.1,-5.0,9.9154,0.3739999999999995,,1410-514-1,14579.19491067956,5045.731682656261,4.277493139702047,,9.9154,0.3739999999999995,,,-5902.700085893536,14163.708886913377,-5904.350717725151,14253.104049962027
137.9840036596,16.50925038,4.278607,1401,259,1,11.887,10.894,,6.0,-9.0,10.80463,0.8440500000000003,,1401-259-1,-14271.59844484287,5920.618811893386,4.283933283927204,,10.80463,0.8440500000000003,,,13898.326307228182,-6671.744844061224,13901.783616548815,-6743.34201751935
142.4280067155,19.18025967,4.284241,1406,1365,1,14.197,11.949,,-11.5,-37.1,11.74668,1.9107999999999992,,1406-1365-1,1080.833668258125,15417.88875474917,4.2852492873055095,,11.74668,1.9107999999999992,,,10810.501452735298,10969.920936774504,10813.400769501019,11043.09100163632
138.6996267156,12.1876271869,4.284484,822,593,1,12.38,11.363,,-6.7,-1.1,11.27147,0.864450000000001,,822-593-1,-12030.054791038405,-9716.299365731591,4.287475537732185,,11.27147,0.864450000000001,,,718.8884237470222,-15228.569228968161,719.1030648438191,-15447.05740333857
140.9088084526,10.7802770439,4.288594,823,618,1,11.354,10.241,,-5.9,-5.3,10.14083,0.9460499999999996,,823-618-1,-4262.302336656454,-14868.45523610957,4.288453325022631,,10.14083,0.9460499999999996,,,-8288.251652886776,-12888.883824953931,-8290.553491203655,-13057.752682860588
138.280526152,12.7681514383,4.285651,825,603,1,13.07,12.03,,-6.3,8.7,11.9364,0.8840000000000008,,825-603-1,-13475.808406680479,-7598.452276017896,4.28930783328899,,11.9364,0.8840000000000008,,,3261.780410286755,-14911.238966050592,3262.743698481715,-15122.446652658544
146.4236435475,13.9280530472,4.295204,834,488,1,11.745,10.978,,-31.6,-4.1,10.90897,0.6519499999999995,,834-488-1,15097.216400432431,-3382.0553513651585,4.289578793764131,,10.90897,0.6519499999999995,,,-12547.995435281919,8983.90069212015,-12551.281760914851,9045.969688170882
145.2748048938,17.9381170833,4.292468,1413,409,1,9.594,9.116,47504.0,-14.0,7.1,9.07298,0.4062999999999998,47504.0,1413-409-1,10861.057549052299,11020.749364580337,4.2900719430321015,9.04,9.04,0.456,83768.0,F5,1032.1955349766386,15343.76126594709,1032.4889262372976,15438.6998888483
137.6758045873,14.7439451122,4.285263,818,2110,1,12.427,11.63,,2.3,-1.9,11.55827,0.677449999999999,,818-2110-1,-15468.18953391746,-429.5645706836294,4.290339046100501,,11.55827,0.677449999999999,,,9944.189103342711,-11706.67198618456,9946.870263282346,-11853.657036670715
138.7401155053,17.7309235222,4.289736,1405,1145,1,12.653,11.781,,-14.7,-3.8,11.70252,0.7411999999999999,,1405-1145-1,-11584.61575431056,10283.360780869576,4.294811989013831,,11.70252,0.7411999999999999,,,15377.208956695502,-1819.4297222125792,15380.953706633352,-1837.6871874597923
137.8641362099,16.2131819114,4.289371,1401,857,1,12.539,11.354,,-7.2,-16.7,11.24735,1.0072500000000004,,1401-857-1,-14708.216305935748,4859.995881657772,4.294815160811121,,11.24735,1.0072500000000004,,,13395.022756451113,-7689.060936653413,13398.391371845544,-7773.9498016637845
145.8419924181,12.5991978191,4.300876,834,14,1,9.754,8.966,47683.0,-68.8,-48.5,8.89508,0.6698000000000002,47683.0,834-14-1,13134.99391571335,-8214.843014372305,4.295354750698372,8.93,8.93,0.71,,G0,-14859.388692565137,4338.005622158329,-14863.106630683304,4370.328614823687
146.2617337668,16.4812541061,4.299477,1410,389,1,12.614,11.467,,33.8,11.9,11.36377,0.9749500000000002,,1410-389-1,14358.052870914205,5822.611503433929,4.2957538982239205,,11.36377,0.9749500000000002,,,-5175.076908231821,14512.376793280386,-5176.531035735294,14603.424714770172
138.1782277669,16.9437167983,4.290281,1401,372,1,11.771,11.124,,-41.9,3.1,11.06577,0.5499500000000002,,1401-372-1,-13571.565287799052,7476.339805761952,4.29599059357649,,11.06577,0.5499500000000002,,,14597.005278777255,-5134.023619758266,14600.59360246985,-5187.071207119874
138.6227210707,17.6014374133,4.293659,1404,62,1,12.17,11.706,,0.1,-9.6,11.66424,0.3944000000000003,,1404-62-1,-11995.85826532168,9822.597232097329,4.298672590951042,,11.66424,0.3944000000000003,,,15305.617272707324,-2426.9507417038917,15309.345480621936,-2451.1166558647305
138.3419226913,17.2255426889,4.295567,1401,276,1,11.943,11.647,,2.4,-19.7,11.62036,0.2515999999999994,,1401-276-1,-12986.823793963118,8482.541889645634,4.300694854546299,,11.62036,0.2515999999999994,,,14961.299064370009,-4040.958140207475,14964.957199282677,-4081.8090583321073
140.9468203458,10.7513102778,4.30667,823,902,1,10.957,10.434,,29.2,3.8,10.38693,0.4445500000000012,,823-902-1,-4127.078732098349,-14973.58109672251,4.306298574136398,,10.38693,0.4445500000000012,,,-8456.593792331101,-12858.110445623464,-8458.940572517375,-13026.405264372896
145.5057829753,17.7275410117,4.312855,1413,279,1,11.669,10.697,,4.0,-11.1,10.60952,0.826200000000001,,1413-279-1,11667.694224528803,10273.125801845421,4.310131780548281,,10.60952,0.826200000000001,,,-62.097321682539715,15450.267899557377,-62.11499906858623,15545.685703259873
140.9311742047,10.7512317442,4.31073,823,460,1,11.758,11.004,,-1.5,-5.9,10.93614,0.6408999999999996,,823-460-1,-4183.406110633788,-14973.910273859707,4.310546392348059,,10.93614,0.6408999999999996,,,-8419.456240623518,-12899.647973442836,-8421.795361291102,-13068.75045551891
146.2301825113,13.2819853333,4.317836,834,551,1,11.967,11.29,,1.2,-12.0,11.229069999999998,0.5754500000000011,,834-551-1,14461.940754472826,-5726.689884473957,4.3125341892297175,,11.229069999999998,0.5754500000000011,,,-13879.54292190768,6964.593494511003,-13883.099705552646,7014.43155105983
138.0850871391,16.8097268556,4.309778,1401,224,1,12.109,11.594,,3.9,-5.6,11.54765,0.4377500000000004,,1401-224-1,-13901.42438310669,6998.6470219605635,4.315090060022158,,11.54765,0.4377500000000004,,,14458.732281286622,-5691.27957502233,14462.300004243834,-5750.872855878431
146.1636979178,16.7548081,4.31914,1410,39,1,11.701,11.145,,-1.1,-3.0,11.09496,0.4726000000000008,,1410-39-1,13998.983001631233,6803.073114697808,4.315291203909471,,11.09496,0.4726000000000008,,,-4203.70751397709,14892.90303728001,-4204.894953521092,14985.732792017128
141.5177979584,19.1836837978,4.313248,1406,1123,1,11.748,11.026,,-20.1,-21.4,10.96102,0.6136999999999996,,1406-1123-1,-2022.9445335393088,15433.068787815264,4.315456129832497,,10.96102,0.6136999999999996,,,12881.750595035337,8671.655403541548,12885.112572638669,8731.883576047361
139.8141746948,11.214287615,4.314839,822,551,1,10.648,9.434,,-16.3,20.6,9.324739999999998,1.0319000000000005,,822-551-1,-8131.079008969699,-13274.700882322364,4.315990337090034,,9.324739999999998,1.0319000000000005,,,-4529.090840850105,-14686.995272101396,-4530.418498609754,-14893.201052584172
137.7368679147,15.8240691653,4.310955,1401,1905,1,12.338,11.098,,-3.5,3.7,10.9864,1.0539999999999987,,1401-1905-1,-15178.000495186145,3464.9620529818653,4.316394250734988,,10.9864,1.0539999999999987,,,12663.673521272334,-8948.750292489804,12666.913169159443,-9051.351933576445
141.161387429,10.6889882233,4.317462,823,1211,1,13.042,11.211,,-1.3,-3.1,11.04621,1.5563499999999997,,823-1211-1,-3367.723261697426,-15201.964916203451,4.316958706128332,,11.04621,1.5563499999999997,,,-9131.316874652455,-12449.55436839751,-9133.82401031943,-12610.097391748079
142.6919894956,10.6257580875,4.319484,823,744,1,12.121,11.799,,-3.7,4.9,11.77002,0.2737000000000008,,823-744-1,2062.467653145241,-15433.79687515167,4.317087856787306,,11.77002,0.2737000000000008,,,-12908.607798013534,-8605.176224499564,-12911.893450642041,-8702.807956227594
138.1788036908,16.9988810464,4.316004,1401,820,1,13.268,12.177,,52.6,-21.5,12.07881,0.9273500000000008,,1401-820-1,-13563.538291643848,7674.840238106015,4.320783675715506,,12.07881,0.9273500000000008,,,14740.1007251946,-4997.7923800278,14743.72156189442,-5049.298780491598
142.2971891426,10.5881186614,4.32317,823,876,1,11.196,10.758,,-58.2,13.3,10.71858,0.3723000000000005,,823-876-1,660.236189332033,-15571.602473989462,4.321120148208892,,10.71858,0.3723000000000005,,,-12080.99357709233,-9728.679114310424,-12084.123612296542,-9843.00116612825
138.7160108806,17.7461146942,4.317105,1405,1052,1,12.632,11.941,,-11.0,-35.7,11.87881,0.587349999999999,,1405-1052-1,-11666.7028767653,10338.900673271659,4.32195393365068,,11.87881,0.587349999999999,,,15473.21434696024,-1843.698718377396,15476.982735000594,-1862.2106666537236
139.3344669803,18.3134790533,4.318726,1405,329,1,11.057,10.402,,-27.6,-45.6,10.34305,0.556750000000001,,1405-329-1,-9513.054409780492,12354.370667602312,4.323051034176723,,10.34305,0.556750000000001,,,15550.878434865597,1078.953463589949,15554.691321756214,1086.3961896325284
146.4983552804,14.1004819989,4.328596,834,422,1,12.857,12.317,,-10.2,-60.8,12.2684,0.4589999999999992,,834-422-1,15347.981612075222,-2756.2570127449467,4.323306220555725,,12.2684,0.4589999999999992,,,-12246.48724627747,9583.445147670236,-12249.717193251936,9648.933670113653
138.343954633,12.5981768822,4.32182,825,1178,1,12.669,12.086,,-7.8,-42.8,12.03353,0.4955500000000001,,825-1178-1,-13262.506838679756,-8217.109070452934,4.325585883104981,,12.03353,0.4955500000000001,,,2657.670480446333,-15156.728681731425,2658.4620993102835,-15373.599070753751
145.3797988769,17.8868574256,4.329229,1413,34,1,9.324,8.948,,-10.7,-2.0,8.91416,0.3195999999999995,,1413-34-1,11224.990497553194,10841.468004712833,4.326673335706313,,8.91416,0.3195999999999995,,,656.6321655796361,15496.250827713618,656.8192156634346,15591.870596092993
145.4105226601,17.85881535,4.331673,1413,699,1,10.167,9.798,,-9.3,-4.6,9.76479,0.3136499999999998,,1413-699-1,11332.24435344454,10741.900030123736,4.329064948709863,,9.76479,0.3136499999999998,,,511.0101815609582,15510.306256286683,511.1557785484243,15605.989174461407
145.4291791462,12.0178370011,4.33522,824,1077,1,12.036,11.316,,-31.0,-16.0,11.2512,0.611999999999999,,824-1077-1,11710.775582550179,-10333.929177467971,4.330163076087068,,11.2512,0.611999999999999,,,-15498.706046062056,1884.527274130851,-15502.521071650666,1898.4723892668287
138.3310243192,12.6053287478,4.328651,825,766,1,12.654,11.592,,-4.2,2.0,11.49642,0.9026999999999996,,825-766-1,-13307.59789995217,-8189.420514333246,4.3321645494301,,11.49642,0.9026999999999996,,,2708.29542910877,-15171.716642891348,2709.1025655855765,-15388.941923229671
146.5738975238,15.3664314699,4.337501,1410,626,1,12.336,11.614,,79.6,-76.4,11.54902,0.6136999999999996,,1410-626-1,15523.739993269393,1818.1199817205245,4.333342412754747,,11.54902,0.6136999999999996,,,-8942.80588896901,12734.624487757199,-8945.259399258177,12816.957436402296
137.6268866036,14.8683237833,4.328344,818,2128,1,12.553,12.162,,-8.4,-2.4,12.12681,0.33235,,818-2128-1,-15630.668618172762,22.771647617437104,4.3335743918515455,,12.12681,0.33235,,,10390.234710011042,-11530.963543261481,10393.025263605927,-11674.90239227359
141.4442640943,19.1925364016,4.331657,1406,261,1,12.177,11.754,,-33.0,3.4,11.71593,0.35955,,1406-261-1,-2273.939987410141,15466.683424702389,4.334199674913154,,11.71593,0.35955,,,13073.463270299355,8507.234525012003,13076.869130007208,8566.480781684686
142.6493240279,10.6017385044,4.33803,823,1350,1,10.002,8.954,46637.0,-197.0,-12.5,8.85968,0.8908,46637.0,823-1350-1,1906.1222734700996,-15521.508829229771,4.335625530680965,8.66,8.66,0.905,82159.0,G5,-12870.422373137986,-8777.828148282604,-12873.706701221783,-8877.962279047859
142.6458347746,10.5999486375,4.339389,823,1352,1,9.829,8.859,46634.0,-192.3,-13.0,8.7717,0.8245000000000006,46634.0,823-1352-1,1893.8804775977937,-15528.023845112535,4.337000857953946,8.67,8.67,0.878,,G5,-12867.16867723551,-8791.114770424194,-12870.452832104153,-8891.442610419914
138.3526362674,12.563059055,4.333902,825,1165,1,11.991,11.262,,13.0,-2.7,11.19639,0.6196499999999993,,825-1165-1,-13233.426228088849,-8343.35934653926,4.337256037603348,,11.19639,0.6196499999999993,,,2543.977035305664,-15217.367648575673,2544.7364236146414,-15435.657791428459
137.6775380136,14.2588970333,4.333951,818,93,1,10.142,9.021,45065.0,-7.7,-2.4,8.920110000000001,0.9528499999999988,45065.0,818-93-1,-15497.265344503325,-2180.5269265999996,4.3388862705532,8.99,8.99,0.93,78823.0,G5,8654.241844937778,-12869.18514337651,8656.644440012567,-13037.731316251813
138.7559637879,12.0451532229,4.335491,822,428,1,12.29,11.098,,-134.5,-11.9,10.99072,1.0131999999999983,,822-428-1,-11842.124734756211,-10233.937051618557,4.339322635958358,,10.99072,1.0131999999999983,,,207.15252549917966,-15426.923380476708,207.2148222534728,-15650.126128164482
144.3959594183,11.1805496667,4.343357,824,710,1,12.256,11.833,,-4.1,-13.0,11.79493,0.35955,,824-710-1,8091.766683493586,-13397.669941775994,4.339365534403273,,11.79493,0.35955,,,-15387.730648472912,-2813.8645040552715,-15391.481049205671,-2841.9287536481174
137.6443875,15.42625194,4.336796,1401,2015,1,12.8,11.951,,0.0,0.0,11.87459,0.7216500000000001,,1401-2015-1,-15528.794791052298,2035.4934897295504,4.342121407192137,,11.87459,0.7216500000000001,,,11827.606044292335,-10141.817359859007,11830.693370261191,-10262.6212922533
137.7494167718,15.99369705,4.33681,1401,246,1,13.366,10.932,,3.5,2.4,10.71294,2.0688999999999993,,1401-246-1,-15122.117683153117,4076.387825563558,4.3421979361104786,,10.71294,2.0688999999999993,,,13083.770133607011,-8507.416411873843,13087.09602507178,-8603.679361650302
137.934766825,13.3382405133,4.338147,825,972,1,11.581,10.384,,21.2,-26.4,10.27627,1.0174499999999993,,825-972-1,-14656.697269453694,-5521.261507918859,4.342266026197613,,10.27627,1.0174499999999993,,,5598.527235799479,-14426.238705190079,5600.154612846685,-14626.73483042114
138.035332197,13.1101500131,4.338534,825,493,1,12.788,11.952,,-4.4,-1.7,11.87676,0.7106000000000002,,825-493-1,-14318.377281391791,-6350.136879734257,4.342592795828183,,11.87676,0.7106000000000002,,,4754.267413349756,-14717.027513457908,4755.662588396619,-14923.935128141135
143.7652361172,10.8719270517,4.347396,824,498,1,12.505,11.663,,5.6,-1.5,11.58722,0.7157000000000004,,824-498-1,5865.623679621791,-14528.916438533679,4.343957231467568,,11.58722,0.7157000000000004,,,-14756.134818561113,-5203.888218821887,-14759.764310515146,-5257.785800779134
145.3812805256,17.9190253311,4.352295,1413,380,1,12.332,11.413,,-5.1,-28.0,11.33029,0.7811500000000003,,1413-380-1,11228.53441199833,10957.147160510514,4.34963027614291,,11.33029,0.7811500000000003,,,740.7706937646652,15575.342088164261,740.9819532409335,15671.311517658269
137.6082131764,15.0921716233,4.347876,1401,2,1,11.634,10.524,,-11.2,8.0,10.4241,0.943500000000001,,1401-2-1,-15679.723227277527,832.3798230770566,4.353215668632027,,10.4241,0.943500000000001,,,11028.15625251637,-11038.656630403206,11031.08658639597,-11174.15345237964
146.5556721678,14.2359812461,4.358988,834,299,1,10.543,10.141,,-27.0,-9.7,10.10482,0.3416999999999993,,834-299-1,15538.937414933094,-2261.9496220824744,4.353465559310649,,10.10482,0.3416999999999993,,,-12003.606784472115,10051.777899429913,-12006.790523028654,10119.880108684873
140.3371027082,10.9093214169,4.353474,822,1117,1,11.86,10.837,,-11.3,-0.7,10.74493,0.8695499999999997,,822-1117-1,-6287.100169744081,-14391.3799501329,4.354032320297837,,10.74493,0.8695499999999997,,,-6587.753548327535,-14062.684136503596,-6589.646702206535,-14255.385008956506
137.8074027514,13.648295175,4.351237,818,332,1,13.322,11.042,,-11.4,0.2,10.8368,1.9379999999999995,,818-332-1,-15084.44970886993,-4393.23416490111,4.355805315608546,,10.8368,1.9379999999999995,,,6725.817182891948,-14006.323996207719,6727.746668748292,-14197.8362509303
145.7954130894,12.4192797361,4.363874,831,127,1,12.248,11.259,,-44.8,-28.6,11.16999,0.8406499999999991,,831-127-1,12981.994126433683,-8866.668294926236,4.358518971269329,,11.16999,0.8406499999999991,,,-15245.236285151383,3794.812590339218,-15249.035403320639,3823.2051238825775
139.1940816785,11.59637445,4.357695,822,142,1,12.404,11.735,,-6.5,-15.7,11.67479,0.5686500000000004,,822-142-1,-10311.236373912167,-11873.944599869616,4.359943236643599,,11.67479,0.5686500000000004,,,-2034.9580332870867,-15371.932423326618,-2035.5688454658814,-15593.864671556983
137.8323692705,16.3316033033,4.354658,1401,743,1,13.497,12.43,,-7.2,-11.4,12.33397,0.90695,,1401-743-1,-14810.378782653812,5290.00506302338,4.360112852381417,,12.33397,0.90695,,,13784.34980008058,-7482.7172838808965,13787.808666668712,-7564.906174159249
145.9008105764,17.3060521425,4.364365,1410,110,1,,12.209,,-10.6,-3.5,12.209,,,1410-110-1,13054.254771316744,8776.009527115611,4.360994636235517,,12.209,,,,-2101.624952008272,15493.273410322681,-2102.223633640337,15588.860338351744
137.8409791108,16.3673984175,4.358373,1401,1983,1,11.552,10.321,,5.8,-18.3,10.21021,1.04635,,1401-1983-1,-14777.653269983528,5418.43833739417,4.36368528116528,,10.21021,1.04635,,,13858.665363301228,-7374.417843676347,13862.138669401771,-7455.174155865289
141.6401156024,19.2464384769,4.361987,1406,315,1,11.795,11.825,,-68.5,-19.7,11.8277,-0.0254999999999994,,1406-315-1,-1606.6763159860202,15659.059420534348,4.3641154933148,,11.8277,-0.0254999999999994,,,12774.448600405354,9130.354379207165,12777.800334112468,9193.224099396879
141.527154106,19.23421106,4.362141,1406,51,1,12.717,10.996,,1.0,6.5,10.84111,1.46285,,1406-51-1,-1990.0018147430103,15616.641029577737,4.364571914832429,,10.84111,1.46285,,,12997.138267934792,8817.329792566388,13000.5362641804,8878.38054563483
141.6257052753,10.5662949567,4.366041,823,746,1,12.02,11.602,,-5.5,-4.9,11.56438,0.3552999999999993,,823-746-1,-1721.5348476153247,-15650.002401536665,4.3649812752501305,,11.56438,0.3552999999999993,,,-10558.84793712113,-11532.349361156506,-10561.684148730275,-11676.347260257244
137.6516426204,15.6490401511,4.359836,1401,1901,1,12.16,11.675,,-30.9,-8.8,11.63135,0.4122499999999995,,1401-1901-1,-15488.19546991706,2838.987373542245,4.365488092635623,,11.63135,0.4122499999999995,,,12401.461847619457,-9586.690768611381,12404.667551130686,-9698.87989241121
143.3593235089,19.10510563,4.365683,1406,952,1,11.999,10.2,,-5.8,-2.0,10.03809,1.5291500000000011,,1406-952-1,4258.577418217307,15161.1280906919,4.3659373961268235,,10.03809,1.5291500000000011,,,8509.565124407809,13164.782605443128,8511.913240449192,13249.249774850816
138.8103642981,11.9459034856,4.363334,822,538,1,10.553,9.839,,-0.3,-18.5,9.77474,0.6069000000000003,,822-538-1,-11651.48851396661,-10595.241079747337,4.366121805497039,,9.77474,0.6069000000000003,,,-189.4922892778882,-15521.902631616951,-189.54947501569742,-15747.393089828704
140.0626085736,18.8084849728,4.363517,1405,660,1,11.253,10.798,,0.1,7.7,10.75705,0.38675,,1405-660-1,-6999.006977523796,14113.037979458459,4.36741596385845,,10.75705,0.38675,,,15197.302614478493,4103.464371592235,15201.09872472334,4134.07029963043
138.7655756215,17.8692689933,4.36321,1405,1427,1,11.483,10.343,,-19.4,-13.2,10.2404,0.9690000000000004,,1405-1427-1,-11489.563992906275,10781.58114644876,4.368192799141831,,10.2404,0.9690000000000004,,,15686.648619314616,-1421.318121146093,15690.470142766728,-1435.8688879918834
143.4324208163,10.7311044514,4.371762,824,506,1,11.424,10.608,,-34.2,-49.7,10.53456,0.6935999999999991,,824-506-1,4687.296518964963,-15045.727674858832,4.368999847121202,,10.53456,0.6935999999999991,,,-14360.517005484548,-6413.676173228383,-14364.081736150116,-6482.115842833626
143.7850775178,18.9715621796,4.370352,1406,781,1,12.256,11.761,,-164.0,19.2,11.716449999999998,0.4207500000000008,,1406-781-1,5711.031873759063,14690.421818172354,4.369698209578427,,11.716449999999998,0.4207500000000008,,,7193.698678957296,13934.820418601843,7195.704369132686,14023.060182819365
145.8864172254,17.3552056053,4.379739,1410,96,1,11.38,10.736,,-24.8,0.5,10.67804,0.5474000000000001,,1410-96-1,13001.146600018232,8952.728542444067,4.376323105443099,,10.67804,0.5474000000000001,,,-1934.2512436333789,15570.518997492132,-1934.8028558821914,15666.4513907499
146.623569133,15.3306549144,4.382132,1410,734,1,12.237,10.736,,-10.0,8.0,10.60091,1.2758499999999997,,1410-734-1,15697.306863561318,1694.7724475466198,4.377167444032024,,10.60091,1.2758499999999997,,,-9150.215240857518,12782.33791495321,-9152.727420586167,12864.885432145194
137.9541463563,16.6873893805,4.373,1401,2072,1,11.552,11.097,,-21.0,-19.0,11.05605,0.38675,,1401-2072-1,-14363.88857901432,6565.793700679598,4.378507457521228,,11.05605,0.38675,,,14441.985664469375,-6316.836212222189,14445.5676781664,-6384.083057552807
137.94891827,16.6879543311,4.377827,1401,497,1,11.98,11.017,,-18.2,-20.0,10.93033,0.8185500000000008,,1401-497-1,-14381.897822803468,6568.182947769926,4.383305232753123,,10.93033,0.8185500000000008,,,14455.723682315724,-6328.569327707563,14459.309518929706,-6395.965951811485
142.2527808531,19.2884812678,4.383453,1406,1207,1,8.797,8.264,46501.0,25.8,33.2,8.21603,0.453050000000001,46501.0,1406-1207-1,484.0943916027385,15810.791953134054,4.38536120035792,8.14,8.14,0.492,81899.0,F5,11500.30042229205,10785.500632959789,11503.378243400233,10857.613851787992
137.6496019993,15.7560923972,4.380249,1401,2141,1,12.645,12.36,,9.1,0.7,12.33435,0.2422500000000001,,1401-2141-1,-15486.485318136347,3225.8379219899593,4.385551210831349,,12.33435,0.2422500000000001,,,12689.587328179714,-9332.44092997986,12692.853920002903,-9440.800663782302
146.5882709112,15.6682761636,4.390497,1410,662,1,10.633,10.253,,3.5,-5.5,10.2188,0.3229999999999991,,1410-662-1,15549.854592263197,2910.6565599853075,4.385836117293085,,10.2188,0.3229999999999991,,,-8143.241355221232,13475.746915659622,-8145.497825856765,13561.738996886686
140.1237189782,10.9696698433,4.385472,822,1081,1,10.025,8.625,,-31.2,-21.0,8.499,1.1900000000000002,,822-1081-1,-7042.588316584163,-14168.800589605633,4.386561013978035,,8.499,1.1900000000000002,,,-5919.948027325125,-14471.123105451405,-5921.6715781075445,-14672.653681796319
142.6018625,19.26699167,4.385507,1406,313,1,12.926,12.391,,0.0,0.0,12.34285,0.4547500000000001,,1406-313-1,1673.2525620729389,15734.300495933736,4.386692136295509,,12.34285,0.4547500000000001,,,10653.899414656487,11619.634372557253,10656.780722774012,11696.196427024484
141.4190370339,10.5708067619,4.387653,823,741,1,9.7,9.208,,22.1,-49.9,9.16372,0.4181999999999992,,823-741-1,-2454.322412609241,-15633.497607619776,4.387232781233999,,9.16372,0.4181999999999992,,,-10060.163158405856,-12059.999292799213,-10062.899269948186,-12213.43539858314
137.6154225616,15.5867490467,4.384847,1401,768,1,8.813,8.529,45043.0,-21.8,-16.8,8.50344,0.2414000000000006,45043.0,1401-768-1,-15618.756516353023,2616.546454238455,4.390389492440534,8.53,8.53,0.273,78771.0,A5,12321.776975604254,-9828.251145317083,12324.975643270922,-9944.18653571473
144.907736038,18.3860542875,4.394103,1413,280,1,11.052,10.302,,-28.6,-11.3,10.2345,0.6375,,1413-280-1,9578.271815850794,12619.405486009566,4.392140012895823,,10.2345,0.6375,,,3078.773602964405,15445.193315212866,3079.6500938397103,15540.541853428596
144.5276789973,18.6417408333,4.395702,1413,579,1,9.831,9.313,47278.0,-7.4,25.0,9.26638,0.4402999999999991,47278.0,1413-579-1,8265.612585427732,13526.441555898466,4.394686630348896,9.26,9.26,0.532,,F5,4628.0756965985975,15067.329458166092,4629.386339806957,15160.928556468085
139.4875314873,11.326814485,4.395142,822,333,1,12.014,11.649,,12.8,-18.9,11.61615,0.3102500000000002,,822-333-1,-9283.36308378924,-12858.977969474685,4.3968564170526045,,11.61615,0.3102500000000002,,,-3453.5584398463434,-15259.66623178381,-3454.591074781752,-15479.016282404249
142.3305799199,10.5132912975,4.399386,823,929,1,11.653,11.084,,-9.4,-5.9,11.03279,0.4836500000000007,,823-929-1,780.3099108894855,-15842.977510166445,4.397506477586831,,11.03279,0.4836500000000007,,,-12363.580941301268,-9817.567106633292,-12366.789929912704,-9933.344188845807
144.3914736344,11.1101314303,4.401892,824,917,1,10.503,10.034,,-16.8,-7.1,9.99179,0.3986499999999995,,824-917-1,8078.140152558673,-13652.421251125883,4.397820997973984,,9.99179,0.3986499999999995,,,-15569.164978996056,-2991.315180197485,-15572.961370771114,-3021.229631630411
138.4860615187,12.2728961,4.394724,822,161,1,12.473,11.279,,-5.1,-8.4,11.17154,1.0149000000000006,,822-161-1,-12779.961711192875,-9398.524984572476,4.397949281335312,,11.17154,1.0149000000000006,,,1454.128986775729,-15570.273318646827,1454.568634955479,-15796.959305872633
145.7719489394,17.5570901678,4.405914,1413,562,1,11.343,10.576,,-26.2,-29.6,10.50697,0.6519499999999995,,1413-562-1,12593.932224123393,9673.75226743104,4.402550336696581,,10.50697,0.6519499999999995,,,-1124.9167188471026,15743.823100967607,-1125.2383185621297,15840.531888919693
140.574717354,19.0561095894,4.399489,1405,1593,1,12.241,11.495,,6.9,4.1,11.42786,0.6341000000000003,,1405-1593-1,-5241.955461000427,14991.435668594077,4.402834013049743,,11.42786,0.6341000000000003,,,14687.943621646626,5987.762353723607,14691.672559718105,6031.251765490784
142.3461099377,10.5089499067,4.404428,823,1228,1,12.312,11.972,,-39.5,-40.8,11.9414,0.2889999999999998,,823-1228-1,834.6571306007364,-15859.592700743626,4.402852206512856,,11.9414,0.2889999999999998,,,-12412.073205712486,-9788.39742223193,-12415.29318749611,-9903.72799644934
137.8659501429,13.3390901667,4.400054,818,388,1,12.617,12.277,,-12.1,-18.8,12.2464,0.2890000000000013,,818-388-1,-14899.861266150563,-5513.872075325331,4.40446301678546,,12.2464,0.2890000000000013,,,5765.413222789108,-14599.318243239986,5767.098905552089,-14803.689446457975
146.5563678727,15.9264508517,4.41006,1410,237,1,12.196,11.183,,-30.7,-24.6,11.09183,0.8610499999999999,,1410-237-1,15419.08465162809,3839.8660061215896,4.405193754580834,,11.09183,0.8610499999999999,,,-7361.689172714143,13992.271177334904,-7363.743422086503,14080.767921271883
137.9952200112,16.8398340192,4.400386,1401,2075,1,10.165,9.69,,6.3,-15.9,9.64725,0.4037499999999996,,1401-2075-1,-14210.614044093307,7113.501301685429,4.405634353518871,,9.64725,0.4037499999999996,,,14749.800866762069,-5844.360513597246,14753.445510482452,-5905.86977916821
140.1453878683,18.8904024194,4.402447,1405,499,1,11.413,10.41,,-5.3,-13.0,10.31973,0.85255,,1405-499-1,-6713.494883587137,14405.739880962059,4.406093958487408,,10.31973,0.85255,,,15226.662083854453,4508.459690709217,15230.478067582231,4541.904105415465
138.159101074,17.1417627669,4.401998,1401,690,1,11.814,11.299,,-7.0,1.7,11.25265,0.4377500000000004,,1401-690-1,-13624.121310645569,8193.009997175039,4.407359849243749,,11.25265,0.4377500000000004,,,15167.751074173539,-4702.398468829925,15171.471866745787,-4750.635294098667
138.2224494069,17.2495178467,4.405162,1401,595,1,11.594,9.985,,-3.3,-42.6,9.84019,1.36765,,1401-595-1,-13398.250199738895,8576.712170693701,4.4102335937809345,,9.84019,1.36765,,,15304.753464306452,-4283.410219853109,15308.500437041059,-4326.998317870181
146.6317361456,15.5596250883,4.415586,1410,634,1,10.378,9.687,,-6.9,-13.1,9.62481,0.5873500000000006,,1410-634-1,15709.079594282752,2521.4024768497034,4.41075041446917,,9.62481,0.5873500000000006,,,-8539.95209624995,13337.131548835287,-8542.31420221009,13422.426018440045
146.3369787218,13.272819715,4.417438,834,555,1,10.233,9.572,47865.0,-6.7,-12.9,9.51251,0.5618500000000012,47865.0,834-555-1,14838.50878578406,-5753.517561204995,4.412066270982323,9.5,9.5,0.585,,G5,-14149.501878560352,7226.838150330429,-14153.138307108242,7278.254143182562
145.6971178846,12.1993563733,4.4183,831,301,1,11.975,11.829,,-14.4,16.8,11.81586,0.1240999999999991,,831-301-1,12648.422599910109,-9664.938999249069,4.413014664650536,,11.81586,0.1240999999999991,,,-15620.749497492228,3021.171792963557,-15624.621584499766,3043.820044993776
137.5393861742,15.01115494,4.412518,1401,40,1,11.784,10.949,,5.7,-23.4,10.87385,0.7097500000000007,,1401-40-1,-15925.880213216076,544.0151476793919,4.417660901843123,,10.87385,0.7097500000000007,,,10975.885693550554,-11407.788265621099,10978.826192088502,-11549.674821851992
140.6528175597,19.1005832267,4.417356,1405,795,1,10.617,10.347,,-6.5,-1.0,10.3227,0.2295000000000011,,1405-795-1,-4974.653346600668,15150.030558250639,4.420614280309263,,10.3227,0.2295000000000011,,,14629.11797165425,6290.986070544763,14632.842826864193,6336.443216747354
140.5141353913,19.0541300378,4.41724,1405,1327,1,12.545,12.4,,-18.0,-4.4,12.38695,0.1232499999999996,,1405-1327-1,-5449.493682327093,14985.891520535384,4.420643062276144,,12.38695,0.1232499999999996,,,14821.537285702267,5829.919584983317,14825.294755657858,5872.355699959336
139.6768724543,18.6651989494,4.418841,1405,905,1,13.188,12.295,,-10.8,-5.3,12.21463,0.7590500000000006,,1405-905-1,-8324.280685091655,13610.790868664717,4.42300915212253,,12.21463,0.7590500000000006,,,15701.333849890048,2788.622922588049,15705.2201327578,2809.5084225432347
142.0262830092,10.4814790825,4.426373,823,855,1,12.719,12.21,,-26.5,-13.5,12.16419,0.4326499999999987,,823-855-1,-300.4535718635022,-15958.63748141055,4.42492207303268,,12.16419,0.4326499999999987,,,-11732.759525394253,-10688.678296648988,-11735.855383938111,-10818.413978916673
139.8254332848,11.0802363833,4.424852,822,130,1,12.456,11.216,,14.1,-13.2,11.1044,1.054,,822-130-1,-8095.345144540066,-13760.933664896718,4.426042289752913,,11.1044,1.054,,,-4916.332234656092,-14976.38954426637,-4917.7880262846365,-15189.248476058581
138.3043978563,17.404046965,4.422758,1401,444,1,12.442,11.123,,-3.0,2.7,11.00429,1.1211500000000008,,1401-444-1,-13105.56972852055,9130.632822191812,4.428000552454708,,11.00429,1.1211500000000008,,,15524.69138444401,-3703.0569439313545,15528.484104607256,-3740.40038709239
138.3895238205,12.3490036731,4.425261,822,143,1,12.765,12.334,,-21.8,-10.7,12.29521,0.3663500000000008,,822-143-1,-13117.050113352121,-9118.86652584257,4.428746576646811,,12.29521,0.3663500000000008,,,1886.9174312643008,-15635.138970183862,1887.4893384637298,-15863.42063961972
137.5282811428,15.1114470769,4.425695,1401,49,1,12.553,11.648,,4.1,-10.9,11.56655,0.769250000000001,,1401-49-1,-15957.295899017734,907.2085810990757,4.430885751149667,,11.56655,0.769250000000001,,,11268.30449320529,-11193.855354759904,11271.309331304252,-11332.074204508654
137.5952026566,15.7235863,4.425925,1401,2008,1,11.352,10.851,,-2.2,1.2,10.80591,0.4258499999999995,,1401-2008-1,-15678.706085070015,3112.5215740187946,4.431328811144287,,10.80591,0.4258499999999995,,,12732.416510971152,-9548.112807934724,12735.706303458026,-9659.782606394681
137.5885756212,14.21320165,4.426461,818,335,1,10.799,10.24,,-9.7,-18.0,10.18969,0.4751499999999993,,818-335-1,-15812.816044249044,-2339.918968383792,4.431421718285506,,10.18969,0.4751499999999993,,,8744.455688376007,-13204.325194107369,8746.906503031063,-13379.53656353996
146.4980437051,16.239492015,4.435895,1410,665,1,12.703,11.159,,1.9,-3.0,11.020040000000002,1.312399999999999,,1410-665-1,15194.58693815387,4966.4442512744,4.431600226572201,,11.020040000000002,1.312399999999999,,,-6370.368473405409,14569.475941947096,-6372.160257912348,14660.7167072288
142.6346055147,19.3097218525,4.431464,1406,633,1,11.599,11.096,,-20.8,-6.9,11.05073,0.4275500000000001,,1406-633-1,1783.9328678589038,15889.181060796998,4.432528121616436,,11.05073,0.4275500000000001,,,10696.24239189037,11804.28568993962,10699.142215283502,11881.786360516573
145.1621050364,18.2408796326,4.437811,1413,317,1,12.656,11.466,,-120.8,18.1,11.358899999999998,1.011500000000001,,1413-317-1,10455.60480062027,12109.132526247597,4.435137341887726,,11.358899999999998,1.011500000000001,,,2115.0236192337507,15761.190075245082,2115.6284566376266,15857.959468937031
145.7486763935,12.2244227844,4.442656,831,205,1,11.937,10.816,,-19.5,-7.6,10.71511,0.9528499999999988,,831-205-1,12829.100909014778,-9572.555590206803,4.437457091227086,,10.71511,0.9528499999999988,,,-15671.577350796599,3216.186271952799,-15675.467353994753,3240.2737376840532
139.4385744933,18.5322475964,4.434164,1405,1399,1,12.271,11.001,,-2.4,-1.9,10.8867,1.079500000000001,,1405-1399-1,-9145.742503266125,13141.455192672425,4.438516098362413,,10.8867,1.079500000000001,,,15895.600402489581,1869.843212848011,15899.513838460809,1883.5897158515488
140.7724775348,19.1576788469,4.437483,1405,1574,1,13.519,12.13,,-46.6,-77.9,12.00499,1.180649999999999,,1405-1574-1,-4566.133341368179,15351.435349077452,4.440013539981046,,12.00499,1.180649999999999,,,14508.576408873774,6727.419010105828,14512.286526406058,6775.668287597274
146.6699184183,14.3842980969,4.446867,834,316,1,12.822,12.109,,5.5,7.7,12.04483,0.6060499999999993,,834-316-1,15929.721600069357,-1718.2316497081565,4.441670040615661,,12.04483,0.6060499999999993,,,-11856.390660374069,10701.454107312544,-11859.560820224913,10773.076042113576
139.0646040059,18.2546981275,4.438066,1405,312,1,11.462,11.028,,-8.7,-9.3,10.98894,0.3688999999999994,,1405-312-1,-10441.474888995723,12157.507863844492,4.442712910695067,,10.98894,0.3688999999999994,,,16019.849487089117,260.88841506410625,16023.76632903719,261.3578952038541
137.5578572738,14.3303344311,4.437994,818,565,1,10.983,10.532,,17.1,-34.4,10.49141,0.3833500000000004,,818-565-1,-15911.273789861205,-1915.3829081216256,4.442781223205613,,10.49141,0.3833500000000004,,,9127.227442019186,-13000.145094170459,9129.771220956167,-13171.355387873127
145.0817995195,18.3173895433,4.445311,1413,283,1,12.203,12.004,,-25.9,4.2,11.98609,0.1691499999999998,,1413-283-1,10178.733478142476,12380.960075453311,4.443276197959624,,11.98609,0.1691499999999998,,,2502.003784822597,15734.691400648104,2502.719030362974,15831.335542653569
137.5954145489,15.8228346685,4.443921,1401,786,1,13.699,11.868,,-92.7,-91.7,11.70321,1.5563499999999997,,1401-786-1,-15673.168841363657,3468.4106844073704,4.450017946255538,,11.70321,1.5563499999999997,,,12994.851709102963,-9311.284257149766,12998.196415454666,-9419.394043719702
144.8600685823,11.34687498,4.45743,824,573,1,11.571,11.206,,6.9,-47.2,11.17315,0.3102500000000002,,824-573-1,9730.141952836508,-12782.672773269225,4.453407602542105,,11.17315,0.3102500000000002,,,-16015.218518494563,-1195.8328324924928,-16019.121794010285,-1208.3553283235574
144.1086707475,18.9286412542,4.454544,1413,111,1,9.877,8.955,47148.0,-9.8,0.3,8.87202,0.7837000000000005,47148.0,1413-111-1,6821.989082101908,14546.163511185823,4.453906188927307,8.74,8.74,0.801,83083.0,G5,6348.54819318129,14666.48557019128,6350.336291481267,14758.17186902135
138.136932568,12.6780638161,4.451978,825,1059,1,10.952,10.56,,-34.2,-10.3,10.52472,0.3331999999999995,,825-1059-1,-13989.019482378917,-7916.808793041647,4.455951760900714,,10.52472,0.3331999999999995,,,3364.314781659817,-15492.692691425373,3365.329309573842,-15717.604339786909
140.1547187625,10.8778855633,4.455269,822,220,1,12.422,11.693,,2.4,-19.4,11.62739,0.6196500000000008,,822-220-1,-6934.66150663961,-14501.681411865751,4.456121522054454,,11.62739,0.6196500000000008,,,-6240.44863129769,-14608.276030273282,-6242.2740529582,-14812.910201263167
142.7672123578,10.4956726983,4.458462,823,90,1,12.044,11.048,,-24.2,-15.8,10.95836,0.8466000000000004,,823-90-1,2330.2523804576463,-15904.851331953501,4.45617372130277,,10.95836,0.8466000000000004,,,-13438.524450552202,-8715.86844149382,-13441.951921267275,-8815.231170792342
138.3827113409,17.5605922578,4.451242,1404,85,1,13.546,12.222,,13.7,-13.4,12.10284,1.1253999999999995,,1404-85-1,-12825.35288553018,9690.598924870872,4.4561995895065145,,12.10284,1.1253999999999995,,,15757.418769236498,-3127.7490992788958,15761.262744760155,-3159.110769144853
138.323761164,17.482649745,4.451824,1401,2091,1,12.561,12.444,,-2.3,-5.1,12.433470000000002,0.0994499999999992,,1401-2091-1,-13033.885577126284,9413.150182071726,4.456991209616084,,12.433470000000002,0.0994499999999992,,,15688.360107985363,-3464.3933074741017,15692.190400561078,-3499.2470647851655
144.8332401953,11.3191563211,4.46422,824,1402,1,11.318,10.522,,-65.6,-33.4,10.45036,0.6765999999999994,,824-1402-1,9634.34973884922,-12883.497397039015,4.459700528834207,,10.45036,0.6765999999999994,,,-16027.032769523656,-1333.124180589442,-16030.93845086332,-1346.927041309051
145.9007366245,12.3892882967,4.465283,831,1471,1,11.731,11.206,,8.4,-8.4,11.15875,0.4462500000000003,,831-1471-1,13357.349350813742,-8969.263616928014,4.460226278779104,,11.15875,0.4462500000000003,,,-15571.047391789543,4005.983519339666,-15574.93477037871,4035.8243777549096
141.0529983726,10.5621029161,4.464667,823,829,1,12.909,11.807,,-1.6,-1.0,11.70782,0.9367000000000002,,823-829-1,-3754.486706075552,-15660.075678394065,4.464237120197402,,11.70782,0.9367000000000002,,,-9217.126776860268,-13031.6077251764,-9219.698007252015,-13203.458233894662
142.8833403396,19.3094481561,4.464547,1406,102,1,12.121,11.163,,-3.5,-6.1,11.07678,0.8143000000000001,,1406-102-1,2632.072909736071,15891.418754706401,4.465358726659887,,11.07678,0.8143000000000001,,,10135.030646496105,12436.84363795379,10137.801046368713,12517.587139055531
137.4880121558,14.9021459167,4.462033,818,2116,1,13.515,11.703,,-5.8,-2.2,11.53992,1.540200000000001,,818-2116-1,-16114.025124555776,154.77074960033633,4.467250278095964,,11.53992,1.540200000000001,,,10809.686611601903,-11799.933448914371,10812.609135858504,-11948.775810722198
144.8126285242,11.2951007789,4.471723,824,102,1,10.797,9.664,,-9.1,-26.8,9.56203,0.9630500000000008,,824-102-1,9563.861663497171,-12971.01828551059,4.467498745812633,,9.56203,0.9630500000000008,,,-16045.69288109835,-1442.9070019675223,-16049.60284360522,-1457.7427221907326
146.5760502825,16.1182723154,4.474719,1410,671,1,12.115,11.43,,-90.8,24.4,11.36835,0.5822500000000004,,1410-671-1,15472.032086947398,4535.233801480486,4.469531468912918,,11.36835,0.5822500000000004,,,-6876.900313038575,14491.120596798542,-6878.832607554524,14581.967785277395
137.7978705604,16.56297842,4.4643,1401,41,1,13.262,12.364,,-21.3,7.2,12.283180000000002,0.7632999999999998,,1401-41-1,-14914.373594575925,6128.605990142691,4.469927260206052,,12.283180000000002,0.7632999999999998,,,14480.407779082516,-7009.902647991433,14484.023935319427,-7086.0004051715705
137.5541245035,15.7251679611,4.465168,1401,2145,1,12.914,11.942,,6.1,-19.1,11.85452,0.8261999999999996,,1401-2145-1,-15821.540466656621,3120.751247816715,4.470456997230463,,11.85452,0.8261999999999996,,,12833.356010613807,-9647.906794085575,12836.677915642242,-9761.14394827103
146.5416982078,16.23563997,4.474957,1410,203,1,10.17,9.57,,-8.2,-34.8,9.516,0.5099999999999997,,1410-203-1,15346.338312620032,4954.9463325827,4.47046865342965,,9.516,0.5099999999999997,,,-6479.670171300607,14674.861288589715,-6481.4954607399295,14766.577442202799
143.1535450917,19.2645627774,4.471133,1406,144,1,11.544,10.908,,58.6,-89.1,10.85076,0.5406000000000009,,1406-144-1,3555.4514811279323,15731.515303327411,4.4709840847159406,,10.85076,0.5406000000000009,,,9402.66113002285,13018.349990539618,9405.251104153984,13102.025058795089
141.2267788117,19.2960010067,4.468395,1405,774,1,12.438,10.95,,-5.1,-8.4,10.81608,1.264800000000001,,1405-774-1,-3013.3468206108046,15844.298311949302,4.470986131093109,,10.81608,1.264800000000001,,,13846.522339324658,8206.787977030202,13850.11861110789,8264.155281549854
146.4570639811,16.48766369,4.47718,1410,373,1,9.891,9.228,,50.3,-33.3,9.16833,0.5635500000000002,,1410-373-1,15035.931221890303,5858.8369850745485,4.473408997284927,,9.16833,0.5635500000000002,,,-5597.844589162714,15041.01911032579,-5599.429486050606,15134.450368541344
144.0173227814,10.8360154467,4.477331,824,1008,1,11.963,11.559,,-1.9,-8.4,11.52264,0.3433999999999999,,824-1008-1,6760.786586031528,-14653.822616302601,4.473730239798171,,11.52264,0.3433999999999999,,,-15443.622265226828,-4623.801794390881,-15447.40994389353,-4671.218102083593
146.0167818208,12.5351597789,4.478938,834,1032,1,10.496,8.985,,10.0,-26.8,8.84901,1.2843500000000008,,834-1032-1,13758.25717222087,-8436.64362325514,4.473934188550881,,8.84901,1.2843500000000008,,,-15438.85105526624,4654.805951944884,-15442.725434246762,4689.224584645761
137.5220678275,14.3326229781,4.471986,818,314,1,13.196,11.056,,-0.1,-2.5,10.8634,1.8190000000000004,,818-314-1,-16037.105586223888,-1903.7850422923968,4.476897445794439,,10.8634,1.8190000000000004,,,9219.399421271757,-13084.855543388627,9221.975165708769,-13257.764785739937
138.4023829321,12.2494967378,4.474019,822,253,1,11.816,11.176,,-34.3,-15.4,11.1184,0.5440000000000005,,822-253-1,-13077.93193780905,-9479.254443755917,4.477542026699282,,11.1184,0.5440000000000005,,,1591.5052138225171,-15840.081211418548,1591.9913273876127,-16073.398277681052
138.2397968754,17.4068867078,4.475708,1401,2107,1,13.325,11.939,,15.6,-2.2,11.81426,1.1780999999999993,,1401-2107-1,-13327.906160828144,9145.217627350015,4.480784372397457,,11.81426,1.1780999999999993,,,15683.149931886515,-3857.960207714381,15686.983930965238,-3897.0018261575956
141.0390295356,10.5468523194,4.482644,823,1026,1,9.992,8.252,46106.0,30.1,-14.6,8.095400000000001,1.479,46106.0,823-1026-1,-3803.5011710993995,-15715.502418023445,4.4822833351244835,8.08,8.08,1.475,81123.0,K2,-9226.035201609366,-13103.624615312989,-9228.614183810445,-13276.909190614788
144.1807718983,10.90219838,4.486665,824,1456,1,10.572,10.208,,-6.9,-3.0,10.17524,0.3093999999999991,,824-1456-1,7338.459926549638,-14410.285549413473,4.482844079652256,,10.17524,0.3093999999999991,,,-15644.91659995049,-4036.551459875127,-15648.74378652888,-4077.516598713555
139.1871968381,11.4409830956,4.481727,822,501,1,13.969,11.777,,2.9,0.5,11.57972,1.8632,,822-501-1,-10342.727447042476,-12435.286953230016,4.483689496440538,,11.57972,1.8632,,,-2433.745471459242,-15758.707267304982,-2434.486612447239,-15990.048392259312
139.0282973528,11.5725069733,4.482097,822,857,1,11.502,11.012,,-12.6,-14.7,10.9679,0.4165000000000001,,822-857-1,-10899.692944632858,-11954.060221510448,4.48449584510034,,10.9679,0.4165000000000001,,,-1704.3347555978432,-15853.49331376115,-1704.8556049530598,-16087.147958325011
139.7446486845,11.0578841147,4.484102,822,888,1,12.722,11.418,,-5.7,-0.5,11.30064,1.1084000000000005,,822-888-1,-8383.2063411798,-13839.245687098643,4.48534912475032,,11.30064,1.1084000000000005,,,-4783.838254672132,-15237.572677386812,-4785.267962045479,-15456.522256901766
139.0295081144,18.2828332917,4.481243,1405,69,1,11.592,10.86,,-3.1,-15.0,10.79412,0.6222000000000009,,1405-69-1,-10560.414586969924,12261.128759143974,4.485816317138366,,10.79412,0.6222000000000009,,,16176.262965764174,240.92670129770963,16180.218233187543,241.19001518146953
142.2886372502,10.4222636272,4.488509,823,831,1,11.473,11.023,,-17.0,2.2,10.9825,0.3825000000000009,,823-831-1,631.4764870053856,-16172.531707681077,4.486600275176811,,10.9825,0.3825000000000009,,,-12511.193851495267,-10142.451579821103,-12514.46115236943,-10263.420796957847
138.2572606568,17.4538438022,4.487871,1401,500,1,12.765,11.694,,-12.0,-13.9,11.59761,0.9103499999999998,,1401-500-1,-13265.423958713312,9313.403657474972,4.493089545746657,,11.59761,0.9103499999999998,,,15767.43873260579,-3701.2438776876347,15771.291447446545,-3738.626294666597
142.6298504147,10.4403116256,4.496056,823,972,1,12.539,12.027,,-15.9,-13.0,11.98092,0.4352000000000003,,823-972-1,1843.2183672086317,-16106.206382560773,4.4939102567608895,,11.98092,0.4352000000000003,,,-13265.829828273756,-9206.551908002442,-13269.239030098477,-9313.143054252292
146.6899052973,14.1639480814,4.499424,834,661,1,11.5,10.716,,-30.3,-63.7,10.64544,0.6664000000000005,,834-661-1,16015.314574012125,-2514.3518009445447,4.4939522166028745,,10.64544,0.6664000000000005,,,-12508.463553255979,10239.55183764904,-12511.789586844441,10308.607433500192
140.8264104581,10.5897193414,4.493922,823,1107,1,13.034,11.956,,-22.3,-38.9,11.85898,0.916300000000001,,823-1107-1,-4558.99402044895,-15558.065242731616,4.494169802207771,,11.85898,0.916300000000001,,,-8606.918026130244,-13555.091538546496,-8609.355118570644,-13737.424249761114
137.4938132575,15.496078,4.488952,1401,1929,1,11.562,11.221,,-19.4,-3.6,11.19031,0.2898499999999994,,1401-1929-1,-16049.596002256574,2298.570355217491,4.4944689584302715,,11.19031,0.2898499999999994,,,12369.922307627989,-10353.140986860135,12373.165623800427,-10477.486815049737
138.0733238319,17.1792048097,4.491773,1401,50,1,13.447,12.024,,10.5,-19.3,11.89593,1.20955,,1401-50-1,-13917.788503770145,8333.809678988695,4.496888433235947,,11.89593,1.20955,,,15467.919583904248,-4827.074567388965,15471.71750795014,-4876.799970828726
145.4356927794,18.080924291,4.502049,1413,688,1,11.856,10.956,,-62.3,-151.7,10.875,0.7650000000000002,,1413-688-1,11405.47185175128,11542.505506793621,4.4982241628137,,10.875,0.7650000000000002,,,1061.0055455158865,16093.975888101084,1061.3104202701827,16192.215466923637
137.4761036771,15.3773345794,4.493216,1401,2175,1,10.867,9.676,,-1.4,-3.4,9.56881,1.0123500000000003,,1401-2175-1,-16119.84465625164,1871.1730344401806,4.498534288037056,,9.56881,1.0123500000000003,,,12096.959737622738,-10684.001183956452,12100.152156688395,-10813.741168138515
143.0106226432,10.4928654136,4.501737,824,1316,1,13.399,11.932,,-19.2,-4.9,11.79997,1.246949999999999,,824-1316-1,3194.7582032822556,-15912.565159260568,4.499091641730964,,11.79997,1.246949999999999,,,-14018.054893320306,-8083.320839061323,-14021.59971101914,-8173.796637371177
142.02494946,10.4037607408,4.504131,823,763,1,11.845,11.357,,-3.7,-1.5,11.31308,0.4148000000000011,,823-763-1,-304.6832059167098,-16239.804832388907,4.502559258287982,,11.31308,0.4148000000000011,,,-11940.166487960918,-10875.304269306398,-11943.329870083779,-11008.222584250912
144.5185408453,11.0584589875,4.509931,824,565,1,11.741,11.58,,-15.2,-2.7,11.56551,0.1368499999999996,,824-565-1,8530.764148126316,-13835.732680290348,4.505764823231532,,11.56551,0.1368499999999996,,,-16006.617464010045,-2776.5710414860696,-16010.520270654595,-2804.4030406438383
145.469904856,11.80084682,4.512384,824,637,1,11.509,11.275,,-2.9,-10.2,11.25394,0.1989,,824-637-1,11867.412512977773,-11116.528133075299,4.507558330743804,,11.25394,0.1989,,,-16187.819786632559,1485.4960622984804,-16191.798072822377,1496.112514345141
144.1213864625,10.8462602847,4.511239,824,1958,1,7.811,7.734,47151.0,-23.9,-19.9,7.72707,0.0654499999999999,47151.0,824-1958-1,7129.149341802308,-14614.65835272656,4.507561145712679,7.74,7.74,0.071,83118.0,A0,-15658.811554295962,-4325.585432346179,-15662.64699256712,-4369.725196265294
143.7538837253,10.6921236933,4.511018,824,1657,1,13.027,12.268,,0.4,-7.5,12.19969,0.6451499999999988,,824-1657-1,5830.032201493177,-15180.196556213024,4.507685364678061,,12.19969,0.6451499999999988,,,-15219.467033948655,-5657.369050950427,-15223.22367799942,-5716.738913516204
146.5115952347,13.4500542867,4.513428,834,376,1,9.328,8.929,47930.0,-26.0,-3.5,8.89309,0.3391499999999992,47930.0,834-376-1,15440.552340665892,-5102.448586967059,4.507838111673443,8.92,8.92,0.364,84498.0,F0,-14062.212201383272,8103.985666111563,-14065.860668767145,8160.710864521128
140.8294982044,10.5742124983,4.508094,823,552,1,13.694,12.236,,8.0,-5.7,12.10478,1.2393,,823-552-1,-4547.538999850295,-15613.381056798942,4.507941162371876,,12.10478,1.2393,,,-8655.876314766667,-13582.665408865963,-8658.329359720476,-13765.577055778405
146.5313355562,16.3920088869,4.512815,1410,181,1,11.646,11.06,,1.4,-11.3,11.00726,0.4981000000000002,,1410-181-1,15299.31572508332,5519.512628636065,4.508588758512915,,11.00726,0.4981000000000002,,,-6026.341732029795,15012.902071941202,-6028.047379748834,15106.181718123255
137.4744121056,14.4567673346,4.501956,818,4,1,9.122,8.378,44997.0,-182.6,26.1,8.31104,0.6323999999999997,44997.0,818-4-1,-16199.8408060696,-1451.3626624127355,4.508649984011236,8.34,8.34,0.665,78660.0,G5,9665.676821008712,-12909.615660493328,9668.364634055115,-13079.144506533992
137.6846576578,13.51528564,4.505726,818,371,1,12.714,11.101,,-8.6,4.8,10.95583,1.3710499999999997,,818-371-1,-15525.701917382268,-4865.712175192802,4.510188144298824,,10.95583,1.3710499999999997,,,6665.346584653419,-14636.165453180924,6667.29843776067,-14841.485995043184
140.5086611215,10.6744676717,4.509906,823,1169,1,12.019,11.575,,31.7,-34.7,11.53504,0.3774000000000007,,823-1169-1,-5683.637163577918,-15245.832448834419,4.510328659231864,,11.53504,0.3774000000000007,,,-7627.074881028776,-14175.962456368898,-7629.275587748281,-14371.266209743884
138.8627292562,11.6862656539,4.508912,822,322,1,11.539,9.619,,-6.9,-9.8,9.4462,1.632,,822-322-1,-11480.109184691622,-11535.96437228992,4.511450368473231,,9.4462,1.632,,,-1006.5629969766309,-16006.237632134656,-1006.872406923219,-16243.693817828631
146.7481666405,14.42865997,4.516684,834,434,1,11.982,11.495,,2.9,-29.7,11.45117,0.4139500000000001,,834-434-1,16200.796600687785,-1553.5816778404183,4.511518604166864,,11.45117,0.4139500000000001,,,-11913.168518631186,11011.853304862983,-11916.366546410061,11085.108698527798
143.1732618839,10.5142826475,4.514664,824,1904,1,11.728,11.207,,-17.3,-1.5,11.16011,0.4428499999999991,,824-1904-1,3772.022609053318,-15833.084847788296,4.511818006476082,,11.16011,0.4428499999999991,,,-14341.752958630423,-7605.327718715016,-14345.358479031334,-7689.305590790132
146.254603483,17.024887555,4.51613,1410,127,1,10.974,10.142,,-41.7,-27.9,10.06712,0.7072000000000006,,1410-127-1,14294.653566173227,7784.519143251482,4.511997182003452,,10.06712,0.7072000000000006,,,-3666.1057418144246,15761.640663211265,-3667.154279183802,15858.368086320308
138.3590709181,17.6262320111,4.508236,1404,55,1,12.305,11.362,,3.3,-5.6,11.27713,0.8015499999999997,,1404-55-1,-12903.163273381873,9929.66867083206,4.513303633603802,,11.27713,0.8015499999999997,,,15987.812887161912,-3028.2121593277666,15991.71289753343,-3058.6044162197927
145.5289572022,11.8525103089,4.518953,824,118,1,11.817,11.324,,-27.3,3.5,11.27963,0.4190500000000002,,824-118-1,12072.956646292127,-10926.807521053493,4.513824657212861,,11.27963,0.4190500000000002,,,-16182.370293746837,1762.9396366337792,-16186.35283580915,1775.7777620248864
137.4748648525,15.518647205,4.509861,1401,688,1,12.615,11.118,,-11.6,-0.5,10.98327,1.27245,,1401-688-1,-16113.81076247169,2381.5602931075878,4.5153105446159225,,10.98327,1.27245,,,12474.589635763803,-10346.165231783923,12477.860181169683,-10470.42176885168
139.6389223182,18.75196905,4.511444,1405,1291,1,10.905,10.544,,-17.0,4.9,10.51151,0.306849999999999,,1405-1291-1,-8450.88656576012,13926.839011463639,4.515713893989969,,10.51151,0.306849999999999,,,16021.663851650845,2902.9403253098044,16025.633210615686,2924.621137410776
139.0743911048,18.3612134967,4.512344,1405,379,1,12.999,12.337,,-16.8,-3.2,12.27742,0.5627000000000006,,1405-379-1,-10402.840529979416,12542.377794886723,4.517035513943262,,12.27742,0.5627000000000006,,,16281.974729474623,542.9237389961685,16285.960282702787,545.7375853688264
146.1694739513,17.1853885286,4.521209,1410,104,1,11.633,10.934,,-7.7,-1.7,10.87109,0.5941499999999998,,1410-104-1,13990.371286336811,8358.952106767083,4.517647356152349,,10.87109,0.5941499999999998,,,-3034.6823377152987,15914.70117262001,-3035.552162163975,16012.120163287704
141.627677558,10.4115675125,4.519726,823,1149,1,11.253,10.758,,-10.2,-3.1,10.713449999999998,0.4207500000000008,,823-1149-1,-1715.8647653786857,-16210.322426697676,4.518631179171203,,10.713449999999998,0.4207500000000008,,,-10981.529693831486,-11893.482716086613,-10984.5057498961,-12044.059884485285
140.5231264186,19.1626955311,4.516293,1405,1460,1,12.006,11.521,,-2.6,-7.1,11.47735,0.4122499999999995,,1405-1460-1,-5415.59570554986,15378.605685081538,4.519574730070877,,11.47735,0.4122499999999995,,,15092.662230691796,6114.163927206516,15096.499450736343,6158.400279058606
146.5888956438,13.6400327767,4.525795,834,432,1,11.811,10.738,,19.0,-11.1,10.64143,0.9120500000000004,,834-432-1,15700.14556493446,-4411.558505057805,4.52064321661176,,10.64143,0.9120500000000004,,,-13717.889960733692,8752.915305170993,-13721.474881901813,8813.48661251713
143.2150964517,10.5133260206,4.525177,824,1143,1,10.752,10.789,,-9.7,0.2,10.79233,-0.0314499999999991,,824-1143-1,3920.805024444689,-15835.986205534778,4.522291216546865,,10.79233,-0.0314499999999991,,,-14442.667067998584,-7497.412891355787,-14446.293538208778,-7579.958716873589
138.5246238817,12.0200616922,4.523283,822,481,1,11.973,11.495,,19.7,-10.0,11.45198,0.4063000000000012,,822-481-1,-12657.720515919214,-10314.311601019088,4.52611152391083,,11.45198,0.4063000000000012,,,688.3024672923027,-16074.287144778156,688.5146053749702,-16313.456411816198
140.344944344,19.1060197408,4.52359,1405,295,1,12.573,12.12,,-5.5,-9.5,12.07923,0.385050000000001,,1405-295-1,-6025.339957330639,15179.150114602138,4.527027820583286,,12.07923,0.385050000000001,,,15348.209554095565,5529.615197046775,15352.090800896305,5569.975569432431
139.058145395,18.3621673925,4.523049,1405,401,1,12.031,11.662,,-33.2,10.5,11.62879,0.3136499999999998,,1405-401-1,-10458.972649805184,12547.134690439821,4.527952130768616,,11.62879,0.3136499999999998,,,16322.78459717499,504.43579673695064,16326.779698988033,506.91467736887324
146.7641434295,15.4943773617,4.533725,1411,404,1,10.82,10.353,,4.5,-4.2,10.31097,0.3969500000000004,,1411-404-1,16176.19625360949,2295.978107454993,4.528967189381814,,10.31097,0.3969500000000004,,,-9018.487878205375,13535.933732414032,-9020.98950449664,13622.135994951772
138.2267409438,17.4766048989,4.524915,1401,251,1,9.492,8.782,45217.0,21.7,-105.2,8.7181,0.6035000000000007,45217.0,1401-251-1,-13368.46958835583,9395.339905403736,4.529368867258674,8.71,8.71,0.654,79160.0,G5,15897.089697010946,-3723.64878015005,15900.974778158292,-3761.3019258289746
137.4492644239,15.4465239811,4.52591,1401,1963,1,8.539,8.37,44985.0,-26.6,-0.7,8.35479,0.1436500000000004,44985.0,1401-1963-1,-16209.00058161393,2123.0862463877647,4.531486914634758,8.36,8.36,0.17,78634.0,A2,12344.487561638582,-10585.042612331788,12347.73923432457,-10713.194241937532
139.8854472514,18.9101466028,4.531288,1405,212,1,12.084,11.607,,-38.9,-9.8,11.56407,0.4054500000000002,,1405-212-1,-7602.249156974774,14487.820150405436,4.535300937596844,,11.56407,0.4054500000000002,,,15877.87886906551,3902.658447801281,15881.840441051401,3931.7005430483737
137.5880547772,13.7331184256,4.531605,818,331,1,9.977,9.695,,-16.8,-12.4,9.66962,0.2397,,818-331-1,-15850.061235230547,-4073.2250501883245,4.536350890494186,,9.66962,0.2397,,,7473.139663976615,-14358.728803105378,7475.308649485935,-14558.000002231178
146.6123335597,13.6572580211,4.54273,834,66,1,11.153,9.375,,-5.0,-7.7,9.21498,1.5113000000000003,,834-66-1,15780.716653860854,-4347.743914153506,4.537348430545873,,9.21498,1.5113000000000003,,,-13723.6428369665,8854.949292578418,-13727.233523524623,8916.106495725664
137.49811583,14.09409444,4.533992,818,573,1,12.994,11.485,,0.0,0.0,11.34919,1.2826500000000003,,818-573-1,-16138.991095853073,-2763.3170893925503,4.5387737030505875,,11.34919,1.2826500000000003,,,8644.313894941512,-13718.798686657114,8646.773780846144,-13904.540916960486
139.3566630941,11.2429392656,4.537972,822,1195,1,13.134,11.413,,-0.1,-6.8,11.25811,1.46285,,822-1195-1,-9751.247988122084,-13157.848782039517,4.539724984710047,,11.25811,1.46285,,,-3366.4940857964175,-15795.03961798208,-3367.5208497666067,-16027.339929734555
137.5608783737,13.7986941014,4.539958,818,555,1,12.277,11.81,,-23.0,-14.9,11.76797,0.3969499999999989,,818-555-1,-15940.986958255466,-3834.6738330941384,4.544811983767869,,11.76797,0.3969499999999989,,,7711.8452151659685,-14270.27601702204,7714.077258601016,-14467.646686929642
138.6747162807,18.0366852711,4.540242,1405,1449,1,12.203,11.657,,-15.7,-12.2,11.60786,0.4640999999999994,,1405-1449-1,-11792.822733965979,11392.597734020897,4.545166887953785,,11.60786,0.4640999999999994,,,16344.7689596466,-1244.0198506818442,16348.75333325072,-1257.0662721172876
145.7978010465,17.7665872717,4.552761,1413,335,1,8.702,8.577,47667.0,-27.3,-21.4,8.56575,0.10625,47667.0,1413-335-1,12670.469810084183,10432.963006470809,4.549588531451355,8.56,8.56,0.118,84110.0,B9,-608.0644382662152,16302.608796416058,-608.2396935471818,16401.75499078807
137.4030520461,15.094451975,4.545891,1401,35,1,11.202,10.725,,-29.4,13.1,10.68207,0.4054500000000002,,1401-35-1,-16397.293902648737,855.7411476078497,4.551404629342024,,10.68207,0.4054500000000002,,,11521.800027102336,-11550.776966726911,11524.89807633436,-11695.309511580095
137.6845403002,16.5094339842,4.547201,1401,83,1,13.134,12.166,,-11.9,-15.7,12.07888,0.8228,,1401-83-1,-15311.232694833006,5943.11626606553,4.552673146924693,,12.07888,0.8228,,,14605.077624227926,-7424.334344080927,14608.742178123071,-7505.939618757434
146.7857936426,15.52839367,4.558615,1411,84,1,9.207,8.791,48006.0,-7.2,-7.1,8.75356,0.3536000000000003,48006.0,1411-84-1,16248.85776014184,2420.3640890342,4.55375754376521,8.73,8.73,0.363,84661.0,F5,-8973.702977411553,13672.194879639308,-8976.196855260536,13759.049053201945
137.5913274511,13.6518915822,4.55099,818,386,1,10.254,8.973,,-30.6,-19.6,8.85771,1.088849999999999,,818-386-1,-15844.879892131545,-4366.974424746032,4.555833325955478,,8.85771,1.088849999999999,,,7250.05985102935,-14545.740659137453,7252.176973924974,-14749.12246750077
146.4999771109,16.6129559975,4.560052,1410,463,1,12.173,10.827,,4.6,-0.9,10.70586,1.1441,,1410-463-1,15174.701875137082,6315.462740672891,4.556051329135449,,10.70586,1.1441,,,-5348.519756700383,15446.09590743068,-5350.042835631048,15541.354132926417
144.1808362956,19.0101458992,4.557694,1413,232,1,11.454,10.801,,1.1,-3.7,10.74223,0.5550500000000004,,1413-232-1,7066.153934059462,14843.970405695782,4.5570365126710906,,10.74223,0.5550500000000004,,,6409.165896703979,15045.070190437393,6410.980849823998,15138.471302221687
146.7512136826,14.1317497308,4.563667,834,790,1,9.717,9.005,47994.0,-47.0,-93.5,8.94092,0.6051999999999997,47994.0,834-790-1,16232.593007189525,-2627.184566090028,4.558087309720811,8.97,8.97,0.669,,G0,-12737.019652162435,10326.711247529976,-12740.41045202796,10396.20680802472
144.9924303708,11.3130361603,4.562936,824,542,1,12.424,12.123,,12.4,-4.3,12.09591,0.2558500000000001,,824-542-1,10201.003061241796,-12899.403764418086,4.558556503843077,,12.09591,0.2558500000000001,,,-16414.988793475106,-923.5826211320091,-16418.99207045626,-933.6917710058447
142.2673827521,10.349068315,4.56081,823,1279,1,11.048,10.159,,-25.5,-30.3,10.07899,0.7556499999999994,,823-1279-1,555.9550502333599,-16438.59330000513,4.559239184892517,,10.07899,0.7556499999999994,,,-12659.99180861532,-10371.801837872603,-12663.313068838484,-10496.520272044394
138.5195588266,17.8916382603,4.553625,1404,159,1,11.495,10.474,,-131.2,-39.1,10.38211,0.8678499999999991,,1404-159-1,-12338.05318390356,10877.540186705339,4.5593398829036955,,10.38211,0.8678499999999991,,,16321.505865735975,-1986.6578664002357,16325.483427653982,-2006.7455582653035
143.6520133673,10.6007626983,4.562799,824,1102,1,12.94,11.802,,-4.6,-15.8,11.69958,0.9673,,824-1102-1,5470.5891730975545,-15513.128893920659,4.559642580485917,,11.69958,0.9673,,,-15229.840035438641,-6141.310181020972,-15233.613914914926,-6206.570798075111
144.1308216185,19.0361553033,4.560571,1413,306,1,12.525,11.257,,-13.2,-7.8,11.14288,1.0778000000000003,,1413-306-1,6894.053429695007,14936.027731142874,4.559880708747646,,11.14288,1.0778000000000003,,,6592.208778683445,14977.783341403929,6594.0738338227275,15070.868831990278
138.5941825015,17.97711082,4.556567,1404,463,1,12.831,12.221,,-5.6,-21.6,12.1661,0.5184999999999995,,1404-463-1,-12072.939033595603,11182.103386546845,4.561410671319048,,12.1661,0.5184999999999995,,,16373.283879955461,-1589.992941327586,16377.274335931485,-1606.2933673474054
146.0065993767,12.3587110555,4.567907,831,1175,1,12.013,10.992,,-53.5,-8.2,10.900110000000002,0.8678499999999991,,831-1175-1,13731.764888151807,-9074.407489497418,4.5623410394875155,,10.900110000000002,0.8678499999999991,,,-15898.140005897567,4214.792490475713,-15902.11638688567,4246.049063172565
137.3931149894,15.1838869944,4.559145,1401,227,1,10.735,8.989,,-0.6,-12.8,8.83186,1.4840999999999989,,1401-227-1,-16424.439759971676,1178.6944876538557,4.564397433450129,,8.83186,1.4840999999999989,,,11781.297199223203,-11360.001725265109,11784.451647722215,-11501.227825178503
146.3526828668,16.9569715594,4.569227,1410,129,1,11.613,11.22,,13.6,10.1,11.18463,0.334049999999999,,1410-129-1,14640.25880459701,7547.452309278714,4.565651678960681,,11.18463,0.334049999999999,,,-4072.7082281133753,15862.31864854745,-4073.8748082582233,15959.472368253886
141.1346936061,10.4400263589,4.566412,823,1093,1,10.375,9.916,,-16.2,-4.6,9.87469,0.3901499999999996,,823-1093-1,-3466.7665554301116,-16103.252133017533,4.565919669596728,,9.87469,0.3901499999999996,,,-9739.416733918611,-13108.974274320237,-9742.140391442283,-13282.465893154511
139.7976742399,18.8993634528,4.56178,1405,1577,1,12.184,11.721,,-27.0,19.3,11.67933,0.3935499999999993,,1405-1577-1,-7902.399278976552,14453.409631504877,4.566051749055767,,11.67933,0.3935499999999993,,,16051.353780676849,3657.1400881444665,16055.351664052592,3684.378819293058
145.2978838658,11.5570808888,4.568627,824,957,1,9.603,8.851,47515.0,117.7,-220.0,8.783320000000002,0.639199999999999,47515.0,824-957-1,11274.446305584075,-12010.814941375447,4.566251566789928,8.8,8.8,0.67,83789.0,G0,-16462.972478807544,456.9467413929221,-16467.00161607206,458.9910998552733
145.1898855468,18.3920366,4.568741,1413,357,1,10.309,9.584,,-2.6,-26.1,9.51875,0.6162499999999996,,1413-357-1,10546.579232645261,12656.366219086216,4.566596079428959,,9.51875,0.6162499999999996,,,2463.7990824011786,16190.629882758452,2464.5080880590526,16289.264540364671
137.5993981423,13.5878275678,4.562265,818,504,1,12.61,11.865,,5.7,-0.7,11.79795,0.6332499999999993,,818-504-1,-15820.188202348574,-4598.391800096242,4.566676686794951,,11.79795,0.6332499999999993,,,7060.6404954528425,-14677.954480853357,7062.71135576362,-14884.275938388573
141.2593060037,10.4151624855,4.567178,823,1232,1,9.169,8.94,46189.0,-46.9,-19.7,8.91939,0.1946500000000008,46189.0,823-1232-1,-3025.3010830384774,-16194.998570687769,4.566734180608072,8.91,8.91,0.21,81285.0,A2,-10101.006956503807,-12844.854587309901,-10103.811479313454,-13013.201717413995
146.4344152603,16.7926889672,4.571022,1410,449,1,12.978,10.733,,-3.4,3.7,10.53095,1.9082499999999991,,1410-449-1,14934.39746444818,6959.889323022453,4.5671183365753745,,10.53095,1.9082499999999991,,,-4707.218043226947,15693.035200845574,-4708.5631698263405,15789.417971875842
137.5908490895,13.6091511778,4.563872,818,490,1,11.486,10.792,,-3.1,-0.7,10.72954,0.5899000000000006,,818-490-1,-15848.951991997978,-4520.815645798605,4.568380985148909,,10.72954,0.5899000000000006,,,7137.732380105811,-14648.619402082351,7139.823835836362,-14854.291263509635
140.568231929,10.591911325,4.568186,823,949,1,12.724,11.842,,-8.4,-12.6,11.76262,0.7496999999999997,,823-949-1,-5475.299690261092,-15545.268585827102,4.5684415161284955,,11.76262,0.7496999999999997,,,-7989.211319224742,-14217.94888124621,-7991.520011352066,-14414.225265751791
144.7536266753,11.1315872392,4.572606,824,1712,1,10.384,9.945,,-0.7,-27.3,9.90549,0.37315,,824-1712-1,9361.990790271371,-13564.617885257934,4.568537374408664,,9.90549,0.37315,,,-16355.557518411168,-1982.7072779265948,-16359.543478408936,-2002.7648659377464
139.5866480362,11.054865125,4.567495,822,1120,1,12.641,11.762,,-16.6,-6.3,11.68289,0.7471499999999996,,822-1120-1,-8944.071558869724,-13845.73535807587,4.568998505205931,,11.68289,0.7471499999999996,,,-4416.466367717719,-15651.435713458999,-4417.806388690447,-15880.295663749594
146.8027377497,14.3715699267,4.576116,834,948,1,12.487,11.439,,-4.9,-18.3,11.34468,0.8908,,834-948-1,16396.34952955068,-1755.541963029207,4.570851819196213,,11.34468,0.8908,,,-12193.948834035335,11024.012117686925,-12197.22309541295,11097.294906411978
142.4998271619,19.4619183128,4.570284,1406,181,1,9.819,9.369,,-10.7,-13.0,9.3285,0.3825000000000009,,1406-181-1,1323.9304833553183,16439.068775130003,4.571467479620211,,9.3285,0.3825000000000009,,,11412.662090273267,11825.25978239375,11415.75774865907,11902.783251918365
139.5159845929,11.095811435,4.570505,822,484,1,11.806,10.823,,-11.3,-27.0,10.73453,0.8355499999999989,,822-484-1,-9192.908167450543,-13695.937872415201,4.572241453358565,,10.73453,0.8355499999999989,,,-4139.331085704861,-15736.049347989814,-4140.5909463522685,-15966.959052844793
146.804744012,14.3684218206,4.57844,834,77,1,12.292,11.985,,-3.1,-21.5,11.95737,0.2609500000000003,,834-77-1,16403.679365963675,-1766.8507964355977,4.573196670192259,,11.95737,0.2609500000000003,,,-12207.268799793845,11021.99928931475,-12210.546570072236,11095.269755094154
138.414898311,17.7951631594,4.569214,1404,346,1,11.747,11.359,,3.6,-7.9,11.32408,0.3297999999999999,,1404-346-1,-12700.547792901654,10536.50384517303,4.574195048707644,,11.32408,0.3297999999999999,,,16307.082647652122,-2479.3182549756657,16311.057997218284,-2504.2393117489164
139.5704882356,18.7809931333,4.570564,1405,99,1,8.337,7.923,45648.0,-8.2,-13.8,7.88574,0.3518999999999997,45648.0,1405-99-1,-8683.664670502161,14034.674879825903,4.574665883493072,7.89,7.89,0.408,80082.0,F0,16256.78042955046,2801.246889460623,16260.805983055292,2822.1126613913593
145.5407409491,11.7738403708,4.581252,831,1319,1,10.446,9.791,,-61.8,-21.5,9.73205,0.5567499999999994,,831-1319-1,12118.148117154618,-11211.469899232352,4.576074157302185,,9.73205,0.5567499999999994,,,-16425.208299722424,1609.0531321406213,-16429.248074813328,1620.610621630237
144.1291325848,10.7730837794,4.580597,824,677,1,11.086,10.522,,-18.4,-10.7,10.47124,0.4794,,824-677-1,7159.187933300413,-14879.163413597094,4.576884146979839,,10.47124,0.4794,,,-15876.515702460236,-4476.967834880748,-15880.407950968294,-4522.844134353892
139.7463185809,10.9498890208,4.576555,822,839,1,8.162,8.024,45700.0,-13.0,-0.3,8.011579999999999,0.1173000000000014,45700.0,822-839-1,-8381.621529670076,-14230.174959676815,4.577769852996795,7.96,7.96,0.1,80236.0,A2,-5077.160519716541,-15489.83959454914,-5078.692039215435,-15714.844766030985
146.7120033667,16.0426842072,4.582229,1411,835,1,12.15,10.958,,13.1,-9.5,10.85072,1.0132,,1411-835-1,15953.42760819586,4271.79442826615,4.57785860560052,,10.85072,1.0132,,,-7393.334528879196,14675.466079767866,-7395.417580572901,14767.12155080562
145.7302002376,17.8914466103,4.581794,1413,412,1,13.28,11.283,,14.4,5.3,11.10327,1.69745,,1413-412-1,12431.33087016771,10880.585007296037,4.579237455748,,11.10327,1.69745,,,-114.68873464167042,16420.39227297136,-114.72184686950004,16520.0471004907
140.9178254031,10.474266045,4.581759,823,888,1,13.948,12.016,,-1.8,-7.8,11.84212,1.6422000000000003,,823-888-1,-4236.121611309032,-15976.666869839371,4.581521503458064,,11.84212,1.6422000000000003,,,-9134.163268690902,-13590.662175533367,-9136.753109682186,-13773.828559566613
139.852781601,10.8863438325,4.58114,822,728,1,10.058,9.542,,43.5,-28.7,9.49556,0.4386,,822-728-1,-8004.690087442266,-14463.877073747146,4.582191005099654,,9.49556,0.4386,,,-5502.038807764601,-15365.995779407203,-5503.691177423495,-15588.07835571849
140.0698055279,10.7777421839,4.581457,822,985,1,12.175,11.673,,9.6,-6.7,11.62782,0.4267000000000006,,822-985-1,-7239.060607528949,-14861.913381911687,4.582204899956323,,11.62782,0.4267000000000006,,,-6307.746367446321,-15064.618257179012,-6309.620823760368,-15279.697409022752
140.157888008,19.0906342594,4.579076,1405,1155,1,8.411,7.341,45826.0,-29.5,-10.6,7.2447,0.9094999999999994,45826.0,1405-1155-1,-6665.078107559056,15130.194538224185,4.582752371157099,7.24,7.24,0.924,80495.0,G5,15736.18803426119,5022.145530323883,15740.150206546288,5059.024058031633
144.112232046,19.0699427144,4.583703,1413,214,1,11.697,11.089,,-25.2,-33.2,11.03428,0.5167999999999989,,1413-214-1,6829.138739631453,15056.949794679731,4.58277591043671,,11.03428,0.5167999999999989,,,6725.6983458830755,15009.37126185977,6727.60207314515,15102.590618501736
137.5705201812,13.61959752,4.579706,818,375,1,12.295,12.112,,-9.9,1.7,12.09553,0.1555499999999998,,818-375-1,-15919.915625274672,-4481.689058002257,4.584281257996403,,12.09553,0.1555499999999998,,,7214.077702707535,-14675.110012104606,7216.193493948661,-14881.39112403064
145.864635982,12.1265176778,4.592157,831,1290,1,12.64,11.644,,-3.2,-18.4,11.55436,0.8466000000000004,,831-1290-1,13245.523888605572,-9921.163821932794,4.587151937790514,,11.55436,0.8466000000000004,,,-16208.59206769369,3295.732999713076,-16212.618997523943,3320.2981652816175
138.1217604617,17.4289531089,4.582101,1401,637,1,12.389,11.665,,15.9,-2.8,11.59984,0.6154000000000002,,1401-637-1,-13734.01728847781,9233.308591624018,4.5871838234443905,,11.59984,0.6154000000000002,,,16018.531348784556,-4100.49748574932,16022.452106353021,-4142.251432252621
144.7971234876,18.70492385,4.588993,1413,440,1,10.747,9.917,,29.6,-31.2,9.8423,0.7055,,1413-440-1,9186.52603085471,13766.791399788903,4.587513923313847,,9.8423,0.7055,,,4196.615236660516,15911.854622590063,4197.818189714748,16009.220106144317
146.7948659975,15.7137981511,4.594149,1411,765,1,11.391,10.196,,10.0,-1.9,10.08845,1.0157500000000002,,1411-765-1,16266.844155882323,3090.7008105469577,4.58956335083922,,10.08845,1.0157500000000002,,,-8484.42592356702,14128.442689014868,-8486.798591296681,14217.485711715706
144.2864704893,10.8340431636,4.594455,824,1792,1,12.206,11.896,,-14.6,-13.1,11.8681,0.2634999999999989,,824-1792-1,7715.713270014638,-14654.656509729695,4.590634512551926,,11.8681,0.2634999999999989,,,-16078.003111160533,-3917.8077326854404,-16081.93573216425,-3957.591665367266
143.0241033907,19.4137152272,4.591408,1406,711,1,12.512,11.341,,-123.8,-98.7,11.23561,0.995350000000001,,1406-711-1,3107.0591901133025,16268.955166841142,4.59098054718326,,11.23561,0.995350000000001,,,10102.065971195036,13039.733454117251,10104.84997094591,13123.441854034858
139.9675104842,10.81642366,4.590917,822,523,1,13.113,11.178,,-9.9,-11.7,11.003850000000002,1.6447499999999988,,822-523-1,-7601.394617169953,-14719.502694043427,4.591915613793192,,11.003850000000002,1.6447499999999988,,,-5960.805655682672,-15237.06951363175,-5962.587727408946,-15456.147879689952
143.5610153616,19.2851137075,4.59346,1406,1024,1,11.45,10.91,,-8.2,23.1,10.8614,0.4589999999999992,,1406-1024-1,4942.522578606708,15818.98401630726,4.593779701910283,,10.8614,0.4589999999999992,,,8547.508937975948,14108.520555836098,8549.898615941727,14197.465210569984
143.9976370449,10.6959794081,4.597485,824,1718,1,11.526,11.123,,8.3,-9.5,11.08673,0.3425500000000004,,824-1718-1,6695.510492884368,-15161.307486664457,4.593998858870941,,11.08673,0.3425500000000004,,,-15779.74149101931,-5005.07445689005,-15783.620977491606,-5056.917470594215
137.5224653976,16.15628569,4.58877,1401,863,1,12.699,11.561,,8.5,-13.2,11.45858,0.9673,,1401-863-1,-15899.713910920014,4680.108786061921,4.594075586122568,,11.45858,0.9673,,,14051.21521159676,-8685.402860490247,14054.798939797309,-8784.471951139272
137.7039686993,13.22054191,4.590429,818,381,1,12.665,11.985,,-3.9,-2.1,11.9238,0.5779999999999997,,818-381-1,-15478.677751100262,-5931.73791591663,4.594663858408972,,11.9238,0.5779999999999997,,,5837.064302359426,-15293.568960838867,5838.812869529779,-15513.96931478687
137.856334639,12.89110467,4.590756,818,587,1,9.977,8.555,45107.0,-36.1,8.4,8.427019999999999,1.2087000000000006,45107.0,818-587-1,-14965.28007191067,-7130.825392436389,4.594941061520146,8.43,8.43,1.2,78968.0,K2,4599.824331351051,-15696.015124960208,4601.222394665601,-15925.986025454453
139.1785493314,18.5475709111,4.594126,1405,1012,1,13.711,12.135,,-10.4,-6.4,11.99316,1.3396000000000003,,1405-1012-1,-10036.425789359668,13210.630931935244,4.59862175526139,,11.99316,1.3396000000000003,,,16538.44457532187,1254.7088547043716,16542.505567182994,1263.3771427577929
142.7664482853,19.4615449089,4.597876,1406,700,1,11.512,9.745,,-9.8,-0.4,9.58597,1.501950000000001,,1406-700-1,2231.892272553208,16440.847833865468,4.598889646516133,,9.58597,1.501950000000001,,,10811.40402328983,12502.026765571913,10814.362529916065,12583.019656829409
146.0204098051,17.5633910733,4.602231,1413,514,1,11.11,10.704,,-11.6,-4.8,10.66746,0.3450999999999989,,1413-514-1,13450.92060919434,9714.309116104247,4.5989914996310395,,10.66746,0.3450999999999989,,,-1663.3145539699433,16408.79570306046,-1663.7947119397895,16508.38738322426
142.6852498597,19.4734778922,4.599712,1406,694,1,12.921,11.899,,-22.5,2.8,11.80702,0.8687000000000001,,1406-694-1,1954.9242703734453,16483.165590325745,4.600832593256346,,11.80702,0.8687000000000001,,,11026.858754983119,12323.88747348331,11029.86923261468,12403.969586080751
146.4783474689,16.7862783336,4.607001,1410,321,1,11.662,10.483,,-4.7,-1.1,10.37689,1.00215,,1410-321-1,15087.0919002577,6939.939468690467,4.603048670671667,,10.37689,1.00215,,,-4823.465142044534,15793.55395472549,-4824.845515350999,15890.37342509319
139.46075008,18.7469886989,4.598822,1405,1083,1,12.229,11.808,,-15.5,-6.4,11.77011,0.3578499999999994,,1405-1083-1,-9060.873343516407,13917.26871186476,4.603104280424799,,11.77011,0.3578499999999994,,,16419.34168535384,2443.9557274761696,16423.39882573849,2462.06522176622
138.755674217,18.200877545,4.599417,1405,177,1,11.689,11.929,,-11.0,-3.4,11.9506,-0.2040000000000001,,1405-177-1,-11505.353190003341,11981.532761578623,4.604271484603519,,11.9506,-0.2040000000000001,,,16594.33354692557,-643.5115073681458,16598.383030445835,-651.1221990637491
146.0937512438,12.4086033244,4.61085,831,125,1,11.255,10.886,47771.0,-42.0,-7.9,10.85279,0.3136500000000013,47771.0,831-125-1,14036.954205958064,-8889.501190071634,4.6053432947635216,10.75,10.75,0.474,,F5,-15962.414496094392,4563.3588578380295,-15966.4184732383,4597.0420844152995
138.6676975641,11.7443111728,4.603367,822,369,1,11.975,10.459,,-9.1,8.5,10.32256,1.2886,,822-369-1,-12167.730553277159,-11317.35109858974,4.605980999636862,,10.32256,1.2886,,,-386.7943954524846,-16366.183650067234,-386.9149953674082,-16612.838393612004
139.9080523487,10.830147185,4.60528,822,240,1,10.925,9.737,,-6.8,-37.8,9.63008,1.0098000000000005,,822-240-1,-7811.893182205257,-14669.009344402113,4.6065573349284765,,9.63008,1.0098000000000005,,,-5783.353996832889,-15358.128762608569,-5785.090510841065,-15580.058986336422
137.8257377624,12.9216774644,4.603967,818,269,1,12.338,12.185,,-11.3,-22.7,12.17123,0.1300499999999989,,818-269-1,-15070.490967317923,-7019.404253309092,4.608103308667475,,12.17123,0.1300499999999989,,,4752.949616139032,-15700.608408697175,4754.394529677234,-15930.708293216685
146.7775760774,13.9908806722,4.616018,834,876,1,10.087,9.65,,4.2,-17.2,9.61067,0.3714499999999994,,834-876-1,16337.208568249493,-3132.004740908564,4.610776068792896,,9.61067,0.3714499999999994,,,-13183.907217887094,10071.29129066966,-13187.406544446183,10139.33657253089
145.5015385851,11.6841474111,4.616094,824,1811,1,10.708,10.216,,-42.2,-5.5,10.17172,0.4182000000000007,,824-1811-1,11984.795168404218,-11537.126970353203,4.610998184393811,,10.17172,0.4182000000000007,,,-16580.20882878162,1295.7056971527156,-16584.28096863096,1304.6987055113307
146.8349299453,15.608266485,4.616248,1411,476,1,11.163,10.695,,-39.6,-4.2,10.65288,0.3978,,1411-476-1,16413.32526070707,2712.6178244756807,4.611122006965852,,10.65288,0.3978,,,-8864.326267175067,13987.705678580314,-8866.800527489777,14076.057330841411
137.7214565253,16.7605684299,4.606509,1401,750,1,11.706,10.87,,-71.4,-1.2,10.794759999999998,0.7106000000000002,,1401-750-1,-15166.783334533393,6847.917893330834,4.612529860776051,,10.794759999999998,0.7106000000000002,,,15185.76212823983,-6724.691871193428,15189.54536790043,-6797.279434228114
138.4289582984,17.8727992947,4.607769,1404,196,1,13.095,11.496,,-10.1,-13.1,11.35209,1.35915,,1404-196-1,-12647.844202789429,10816.127940150502,4.612789318916145,,11.35209,1.35915,,,16481.182674232856,-2256.4433960544943,16485.2001794444,-2279.2019742418984
138.9144862402,18.3570887528,4.609345,1405,729,1,12.467,11.972,,-7.0,1.4,11.92745,0.4207500000000008,,1405-729-1,-10951.558764485126,12536.970840072345,4.614080075434495,,11.92745,0.4207500000000008,,,16642.099010092064,132.54381966371795,16646.168163831302,131.76751590457255
138.2266053141,12.2489241458,4.612999,822,209,1,10.152,8.941,45216.0,8.6,-4.1,8.83201,1.0293499999999989,45216.0,822-209-1,-13698.371621932905,-9472.304456009126,4.6162154012465075,8.83,8.83,1.062,,G5,2008.4268493551756,-16288.126700722629,2009.0511758982977,-16532.80527232237
145.9304134044,12.1597962056,4.623165,831,1526,1,9.914,7.979,47720.0,3.2,-3.2,7.80485,1.6447499999999995,47720.0,831-1526-1,13476.341518663794,-9797.194762339917,4.618094723014478,7.79,7.79,1.62,84195.0,K5,-16269.076352806622,3548.81074344522,-16273.125804528576,3575.2178239746195
145.6345057055,18.0545868092,4.621002,1413,46,1,11.715,9.73,,-4.8,6.1,9.55135,1.6872499999999997,,1413-46-1,12092.03685468382,11464.206376162141,4.61849702202766,,9.55135,1.6872499999999997,,,546.8355868429669,16553.489916263297,546.9937746611733,16653.713728197486
143.5792903559,10.5143601875,4.621945,824,1342,1,12.164,11.933,,7.2,-22.5,11.91221,0.1963499999999998,,824-1342-1,5214.743012858635,-15827.504003374781,4.618977679480667,,11.91221,0.1963499999999998,,,-15295.091531610364,-6536.387613108364,-15298.895354341726,-6606.60492264412
142.9375729365,10.3566028611,4.622435,823,62,1,10.267,9.966,,-18.9,-2.0,9.93891,0.2558500000000001,,823-62-1,2937.1985071860895,-16406.810041233468,4.619864615285531,,9.93891,0.2558500000000001,,,-14216.644844685816,-8596.690077379395,-14220.266447145248,-8694.513958349324
137.5070035146,13.7023363033,4.615732,818,497,1,12.078,11.848,,-16.9,-2.1,11.8273,0.1954999999999988,,818-497-1,-16137.497759481232,-4178.745252909874,4.620445707506149,,11.8273,0.1954999999999988,,,7584.975994773886,-14637.523873381388,7587.198083890212,-14843.017586117581
138.2547388153,12.2033087961,4.617504,822,818,1,12.437,11.444,,-6.6,2.6,11.35463,0.8440499999999987,,822-818-1,-13602.133281511487,-9638.451931959522,4.620752300959742,,11.35463,0.8440499999999987,,,1820.3392608464933,-16325.486140927882,1820.9059547035513,-16571.122078991117
137.3429169825,15.3111024244,4.615562,1401,294,1,11.89,10.16,,9.4,-7.3,10.0043,1.4705000000000004,,1401-294-1,-16589.80629095863,1641.998513838981,4.620752685337112,,10.0043,1.4705000000000004,,,12237.461824697504,-11179.167434744353,12240.726113509065,-11317.351991744432
137.4639606321,16.043904265,4.6152,1401,365,1,12.073,11.461,,-21.8,-16.5,11.40592,0.5202000000000001,,1401-365-1,-16112.527104667079,4278.702396869474,4.620777450616726,,11.40592,0.5202000000000001,,,13892.295472640324,-9104.877188340839,13895.861422490561,-9210.095505832445
137.4077936867,14.1189709811,4.615319,818,170,1,12.375,11.269,,-59.4,-68.0,11.16946,0.9400999999999998,,818-170-1,-16456.016657616867,-2668.9928461998875,4.6208037978461345,,11.16946,0.9400999999999998,,,8925.213128514739,-13889.634054969973,8927.766730497682,-14079.026537891483
142.7344751553,19.4880222278,4.620037,1406,690,1,12.298,11.303,,0.4,-5.5,11.213450000000002,0.8457499999999993,,1406-690-1,2123.0099156296224,16536.233786095298,4.6210536913250175,,11.213450000000002,0.8457499999999993,,,10954.982099472636,12484.01976449706,10957.979311023255,12564.9070171431
143.4705187057,10.47902059,4.623888,824,1753,1,11.08,10.606,,5.0,-39.6,10.56334,0.4029000000000001,,824-1753-1,4829.111233332646,-15957.727204321352,4.621179278139942,,10.56334,0.4029000000000001,,,-15136.5189738881,-6906.542060455856,-15140.296790451335,-6981.460157337551
140.3215615707,10.6244605122,4.622433,822,208,1,13.473,12.325,,-7.8,-18.8,12.22168,0.9758000000000012,,822-208-1,-6350.3958172868,-15422.860872429499,4.623022814314062,,12.22168,0.9758000000000012,,,-7316.91008979849,-14778.795933239926,-7319.063740323678,-14987.443761082513
143.4206854711,10.4616626836,4.626911,824,1152,1,10.482,9.134,,-40.9,-10.1,9.01268,1.145799999999999,,824-1152-1,4651.224983907312,-16020.577716136713,4.62385533308868,,9.01268,1.145799999999999,,,-15065.450337688042,-7079.072991180163,-15069.217099208556,-7156.221085644896
145.7582402498,17.92937196,4.626682,1413,284,1,12.087,11.174,,24.7,-28.8,11.09183,0.7760500000000002,,1413-284-1,12525.90248237531,11018.705590478432,4.623998441902219,,11.09183,0.7760500000000002,,,-74.18018876512481,16582.11628225015,-74.20165643442901,16682.46384686032
140.5500815566,10.5373684083,4.625617,823,707,1,12.274,12.369,,-4.6,8.7,12.37755,-0.0807500000000005,,823-707-1,-5541.0293908946205,-15741.929271369827,4.625662627751391,,12.37755,-0.0807500000000005,,,-8092.6155332626,-14393.784034325497,-8094.967670555119,-14593.9316946544
139.079762664,18.5078951241,4.621553,1405,1268,1,13.422,11.67,,-66.0,0.3,11.51232,1.4892000000000003,,1405-1268-1,-10378.50682574264,13072.866394708128,4.626505047262934,,11.51232,1.4892000000000003,,,16662.46841584851,910.2805717734012,16666.5540647691,916.0869565776355
137.8526330263,12.8247353375,4.624074,818,539,1,11.778,11.483,,3.2,-5.1,11.45645,0.2507499999999999,,818-539-1,-14981.886056360776,-7370.807940504211,4.627930661473232,,11.45645,0.2507499999999999,,,4431.409883135904,-15863.614393241334,4432.765309311359,-16097.711365723642
142.3296773542,10.2801531233,4.632219,823,869,1,11.811,10.252,,-5.8,-2.4,10.11169,1.3251499999999994,,823-869-1,778.0459051744386,-16687.406495230047,4.630319776829293,,10.11169,1.3251499999999994,,,-12993.417443736414,-10370.806141433117,-12996.82691569515,-10495.588649097617
140.8747168949,10.4340524408,4.631417,823,1345,1,13.335,12.292,,-15.0,-5.1,12.19813,0.8865500000000008,,823-1345-1,-4390.406442879668,-16121.67990418036,4.63122281566933,,12.19813,0.8865500000000008,,,-9140.181118255243,-13797.982579429092,-9142.78909663146,-13985.479584234892
140.2618652967,19.1865483942,4.627944,1405,1344,1,13.158,12.141,,-20.5,-16.5,12.04947,0.8644499999999995,,1405-1344-1,-6306.945470348694,15473.513657767628,4.631412372184732,,12.04947,0.8644499999999995,,,15755.193917045399,5514.587248778136,15759.178479962653,5554.770897144199
137.5893568996,16.4921644292,4.627331,1401,730,1,12.745,12.202,,4.7,-23.5,12.15313,0.4615499999999993,,1401-730-1,-15642.509377404636,5887.8338048708865,4.632630235854449,,12.15313,0.4615499999999993,,,14783.583595725207,-7704.952777635056,14787.306008231464,-7790.395853542992
137.5465330854,16.3703995242,4.627367,1401,2023,1,11.887,10.741,,-5.8,-3.3,10.63786,0.9741000000000006,,1401-2023-1,-15800.511303432171,5451.865525588103,4.632830913049721,,10.63786,0.9741000000000006,,,14562.449848009319,-8107.026252499593,14566.135032903567,-8197.969587782314
146.1607346966,12.4582162111,4.638958,831,339,1,11.005,10.319,,-39.0,-5.2,10.25726,0.5831,,831-339-1,14270.561698985912,-8706.51426378212,4.633436199841002,,10.25726,0.5831,,,-15980.619816864473,4857.51788626892,-15984.638390264912,4893.225660285304
137.6567922203,13.227217995,4.630543,818,395,1,11.778,11.466,,1.9,-5.4,11.437919999999998,0.265200000000001,,818-395-1,-15644.350639977085,-5904.772617784206,4.63475439533011,,11.437919999999998,0.265200000000001,,,5967.163021340782,-15397.088396616487,5968.957387774202,-15619.974209877066
137.5991357826,13.3749458203,4.630447,818,487,1,11.116,9.832,,3.8,-9.7,9.71644,1.091399999999999,,818-487-1,-15836.756201116448,-5367.559045408339,4.634766694220847,,9.71644,1.091399999999999,,,6496.517911406983,-15189.233452729297,6498.457179851174,-15407.257749553852
145.4717052532,11.6199655328,4.640829,824,647,1,10.918,10.518,,-12.3,-13.4,10.482,0.3399999999999988,,824-647-1,11883.428932215118,-11770.75458853865,4.636029109537058,,10.482,0.3399999999999988,,,-16687.624865615475,1066.7065249057061,-16691.719476647308,1073.800579028383
139.3309184722,11.1406355072,4.635869,822,1127,1,13.016,12.175,,-16.8,14.3,12.09931,0.7148499999999994,,822-1127-1,-9847.58777729892,-13526.65603974216,4.637504376548178,,12.09931,0.7148499999999994,,,-3578.29098345844,-16104.145692243992,-3579.3955111512505,-16344.214157427523
145.5855555867,11.726426995,4.645605,831,299,1,12.879,11.941,,7.8,-20.7,11.85658,0.797299999999999,,831-299-1,12281.396077790274,-11380.958528905798,4.640913114320368,,11.85658,0.797299999999999,,,-16660.27616343728,1618.6095634471246,-16664.37462634206,1630.1916970598463
138.5507080371,18.05055229,4.636376,1404,1787,1,11.873,11.225,,-22.5,-1.8,11.16668,0.5507999999999997,,1404-1787-1,-12218.720436646874,11451.088358458135,4.641454052066355,,11.16668,0.5507999999999997,,,16671.15438817703,-1521.0438689624464,16675.218494414592,-1536.76343842795
146.5438601423,13.1577424967,4.64757,834,261,1,12.301,11.495,,-37.0,-20.0,11.42246,0.6851000000000008,,834-261-1,15574.963800887,-6156.799894165058,4.641957700003743,,11.42246,0.6851000000000008,,,-14939.77208845622,7508.329862079915,-14943.62472663967,7561.333372170554
141.5635550152,10.2942317155,4.642817,823,770,1,12.994,11.274,,-59.5,-150.4,11.1192,1.4620000000000004,,823-770-1,-1945.986876702811,-16639.00128415739,4.643255491420293,,11.1192,1.4620000000000004,,,-11149.293869983416,-12341.81495147251,-11152.350015427022,-12500.73269020246
137.3120788657,15.2420771592,4.640465,1401,2212,1,10.501,9.91,44942.0,2.6,-7.9,9.85681,0.5023499999999994,44942.0,1401-2212-1,-16703.11689442691,1395.1007669682392,4.645702608694583,8.23,8.23,0.478,78533.0,F5+...,12128.039186005888,-11423.569281135478,12131.291954280898,-11565.992203822676
146.8076366762,13.9597000944,4.651011,834,657,1,12.414,11.301,,47.3,-23.6,11.20083,0.9460499999999996,,834-657-1,16446.408763048425,-3242.6763616011713,4.6461873703400665,,11.20083,0.9460499999999996,,,-13339.125190683455,10079.472639885154,-13342.666310199256,10147.539944343096
138.9214132461,18.4069297389,4.642146,1405,137,1,11.946,11.425,,-41.1,-37.4,11.37811,0.4428499999999991,,1405-137-1,-10926.128908655553,12715.854466545858,4.64679590621217,,11.37811,0.4428499999999991,,,16758.972644532387,269.1600949913534,16763.07249739984,269.5332815385394
140.3810406505,10.5752361011,4.646851,822,443,1,13.281,11.65,,-13.9,-8.9,11.50321,1.3863500000000002,,822-443-1,-6140.709224803129,-15602.076540351305,4.647288479407927,,11.50321,1.3863500000000002,,,-7590.060593373934,-14741.738749162745,-7592.292068954299,-14949.588733281562
141.6293584299,19.53002465,4.645133,1406,1176,1,11.88,11.523,,-0.3,-7.2,11.49087,0.3034500000000009,,1406-1176-1,-1639.3353815435883,16686.696412272417,4.647289758979804,,11.49087,0.3034500000000009,,,13564.451162817297,9784.55274728114,13568.039464102352,9850.967604712205
141.4692660165,19.5123604589,4.645069,1406,332,1,12.012,12.16,,-2.5,-8.0,12.17332,-0.1257999999999997,,1406-332-1,-2184.572363114834,16624.439944110352,4.647381119047986,,12.17332,-0.1257999999999997,,,13879.766703357418,9337.985546457692,13883.41923489143,9401.863124576443
137.310052782,15.2410461944,4.642359,1401,301,1,8.932,8.455,44942.0,5.1,-5.0,8.41207,0.4054500000000002,44942.0,1401-301-1,-16710.210540557582,1391.609474470545,4.647573287848469,8.23,8.23,0.478,78533.0,F5+...,12130.135880825756,-11431.059763064939,12133.389776191316,-11573.615069554256
146.0040685359,17.6734029406,4.653101,1413,199,1,9.677,8.528,47745.0,-4.4,-21.4,8.42459,0.9766499999999992,47745.0,1413-199-1,13387.766842543346,10110.418154747842,4.649919003636326,8.43,8.43,0.996,84220.0,G5,-1325.2420965289984,16623.585409307194,-1325.6258625403618,16724.101541389962
142.4581087457,19.54357803,4.648581,1406,523,1,12.427,11.687,,-6.9,-1.2,11.6204,0.6290000000000001,,1406-523-1,1181.5003555241879,16734.95349778254,4.649933440365769,,11.6204,0.6290000000000001,,,11728.40988744657,11914.73687932019,11731.59530526566,11992.676234123819
145.2640607984,11.4126532108,4.654908,824,282,1,12.201,11.255,,-29.6,-4.9,11.169860000000002,0.8040999999999997,,824-282-1,11158.00046787003,-12528.950814138618,4.650105911532176,,11.169860000000002,0.8040999999999997,,,-16773.11045878899,29.650337352338656,-16777.21078215074,27.95201920750132
144.5703474279,10.9153762706,4.658818,824,1323,1,11.528,11.101,,-24.4,7.3,11.06257,0.3629499999999996,,824-1323-1,8720.007862940553,-14351.90919057818,4.654546785269493,,11.06257,0.3629499999999996,,,-16518.157142599604,-2975.537275504265,-16522.18775133091,-3005.5193318479373
137.5843581357,13.3572890366,4.649821,818,581,1,10.867,10.012,,-47.3,-79.1,9.93505,0.7267500000000003,,818-581-1,-15891.528430933618,-5432.224329009455,4.654825320300184,,9.93505,0.7267500000000003,,,6484.512334766914,-15271.189260095336,6486.453725520083,-15491.14763658734
137.5989580408,16.58258923,4.649472,1401,98,1,12.043,11.652,,-20.4,-6.0,11.61681,0.33235,,1401-98-1,-15603.209918124712,6214.228002064844,4.655047564249711,,11.61681,0.33235,,,15001.558171675422,-7462.123720241705,15005.325044135356,-7544.336268391095
143.7824298242,10.5446722967,4.658954,824,1842,1,11.079,10.298,,-18.7,-9.2,10.22771,0.6638500000000005,,824-1842-1,5934.87409173758,-15713.711610995371,4.655595263670324,,10.22771,0.6638500000000005,,,-15687.948674365707,-5929.707962244404,-15691.830622961372,-5992.488195949946
146.6765066937,13.46083374,4.661633,834,473,1,12.674,11.331,,-51.2,0.9,11.21013,1.1415499999999998,,834-473-1,16019.892009052344,-5052.821792280784,4.655796382128915,,11.21013,1.1415499999999998,,,-14409.565296697754,8567.548110152491,-14413.324186277534,8626.936533179829
144.3235205209,10.7788649167,4.660181,824,484,1,12.758,11.997,,-14.9,-16.4,11.92851,0.6468499999999994,,824-484-1,7849.208929442648,-14853.589852479186,4.656381693488252,,11.92851,0.6468499999999994,,,-16315.341513896634,-3949.6206357899873,-16319.333429747821,-3989.8081072189384
137.6461445229,13.1842221511,4.65624,818,281,1,12.232,11.605,,-17.7,-0.4,11.54857,0.532949999999999,,818-281-1,-15685.526206357434,-6059.299235169854,4.660581620032305,,11.54857,0.532949999999999,,,5878.945490240284,-15527.337156081805,5880.721776622497,-15753.347294388528
140.8529103627,19.4092842589,4.658386,1405,278,1,11.681,11.128,,4.1,-19.6,11.07823,0.4700499999999992,,1405-278-1,-4285.2482548234775,16262.21270556629,4.661172971947942,,11.07823,0.4700499999999992,,,15003.119449927291,7537.166480400384,15006.989754485265,7590.334195233025
138.3498860624,12.0142030317,4.658973,822,461,1,12.411,11.525,,-18.2,9.7,11.44526,0.7530999999999993,,822-461-1,-13277.46010603999,-10326.702154175899,4.662065573203076,,11.44526,0.7530999999999993,,,1090.3028373854004,-16534.116967124108,1090.6451208723377,-16785.178505719432
137.3676175328,15.8153224053,4.657873,1401,874,1,10.243,8.98,,13.4,-2.9,8.86633,1.0735499999999998,,1401-874-1,-16464.575244442894,3461.0407788562056,4.663126177742705,,8.86633,1.0735499999999998,,,13514.522386546227,-9898.840566848132,13518.03817096083,-10016.171187698174
146.8966498024,15.5676653249,4.669703,1411,20,1,10.822,10.194,,-71.1,11.7,10.137480000000002,0.5337999999999986,,1411-20-1,16630.975230746863,2571.20605267142,4.6642691747465514,,10.137480000000002,0.5337999999999986,,,-9114.495281705384,14056.313114614059,-9117.041976917011,14144.963177122017
142.6981513462,10.2744765166,4.668744,823,976,1,11.14,10.289,,-64.2,20.2,10.21241,0.7233500000000007,,823-976-1,2086.092465808012,-16705.7009730876,4.666169125000787,,10.21241,0.7233500000000007,,,-13875.240197097099,-9419.48555120021,-13878.820331833776,-9529.458167954648
140.0421012546,10.6939554628,4.668819,822,739,1,11.565,11.214,,-2.4,-3.5,11.18241,0.2983499999999992,,822-739-1,-7340.541422042391,-15164.57843049777,4.669575098476827,,11.18241,0.2983499999999992,,,-6466.675144491616,-15335.036820765918,-6468.615666965173,-15556.50984946598
146.8259004316,13.9147908075,4.678229,834,1095,1,12.065,11.475,,-11.5,-17.1,11.4219,0.5014999999999998,,834-1095-1,16512.484111321894,-3403.463559103112,4.672830821283999,,11.4219,0.5014999999999998,,,-13503.197333585527,10022.491033677206,-13506.779750818469,10090.22281655279
146.9457330592,14.8106827116,4.679444,834,1357,1,11.541,10.61,,-67.0,-11.3,10.52621,0.7913500000000008,,834-1357-1,16861.964274505357,-159.23741013932866,4.673694078852422,,10.52621,0.7913500000000008,,,-11309.356717109702,12424.635845755885,-11312.448784534376,12505.186853652816
146.6650404067,16.5318624206,4.680219,1410,262,1,11.642,10.405,47972.0,-200.5,35.8,10.29367,1.05145,47972.0,1410-262-1,15747.979242178231,6036.133578489514,4.674369540606973,10.53,10.53,1.637,,K8,-5937.807922331804,15688.379435428833,-5939.504887190948,15784.677395641662
145.4771602793,18.2887841056,4.676695,1413,588,1,12.957,11.168,,8.4,-7.1,11.006989999999998,1.5206500000000012,,1413-588-1,11538.457069736838,12300.83896889927,4.6744748404078305,,11.006989999999998,1.5206500000000012,,,1539.7353662457856,16694.258549065315,1540.1817122683121,16795.072824556224
146.9031193492,14.3130229669,4.680108,834,252,1,10.051,9.456,,54.5,-70.1,9.40245,0.5057500000000005,,834-252-1,16754.79391854865,-1961.0892309280532,4.67547567654018,,9.40245,0.5057500000000005,,,-12585.507775200813,11155.007991586966,-12588.893381480606,11228.924866362344
138.6853152093,18.237878555,4.672887,1405,558,1,12.738,12.21,,-2.0,-47.4,12.16248,0.4487999999999988,,1405-558-1,-11744.832964683894,12118.667053022711,4.677390722341736,,12.16248,0.4487999999999988,,,16855.80307732943,-730.7340322370638,16859.916518197948,-739.1938242057474
137.6943479178,16.8649137006,4.67224,1401,347,1,12.093,11.932,,-12.9,-5.8,11.91751,0.1368499999999996,,1401-347-1,-15251.723582361688,7226.851124017078,4.677711643445589,,11.91751,0.1368499999999996,,,15525.469044878144,-6538.9519221717,15529.330967962396,-6609.260857991126
137.4916640295,13.5497733775,4.673534,818,198,1,12.612,11.808,,-3.5,-37.1,11.73564,0.6834000000000002,,818-198-1,-16202.576804609478,-4729.732339477451,4.678131911427712,,11.73564,0.6834000000000002,,,7216.177868119564,-15042.741743886307,7218.321378466595,-15257.447348411246
142.8158762214,10.2782162432,4.68049,823,136,1,9.42,8.627,,117.2,-27.4,8.55563,0.6740499999999994,,823-136-1,2509.3301598931844,-16692.561280486578,4.678495444782542,,8.55563,0.6740499999999994,,,-14146.316617383298,-9099.005874954679,-14149.948130033166,-9204.200555807256
144.8155570116,11.03914235,4.683318,824,1462,1,11.542,10.721,,-17.2,7.2,10.64711,0.6978499999999997,,824-1462-1,9585.284285430616,-13896.333060300336,4.678882899536502,,10.64711,0.6978499999999997,,,-16751.77337739144,-2035.3022669739516,-16755.85721625706,-2055.966026889542
144.8381028947,11.0549554083,4.682425,824,920,1,10.597,9.939,,5.7,-106.9,9.87978,0.5592999999999996,,824-920-1,9665.243664935047,-13841.406531483553,4.679011390488794,,9.87978,0.5592999999999996,,,-16763.770386423428,-1939.9606307297597,-16767.857082809278,-1959.7037334340437
146.9119514229,14.3261121572,4.686951,834,802,1,12.679,11.584,,2.8,5.0,11.48545,0.9307500000000004,,834-802-1,16783.349864745855,-1911.1994804776623,4.681724172386105,,11.48545,0.9307500000000004,,,-12567.154426619938,11209.197273692176,-12570.537431306506,11283.399524290895
141.0286857414,19.4752764428,4.682709,1405,72,1,9.453,8.8,46104.0,4.8,-142.1,8.741230000000002,0.5550499999999988,46104.0,1405-72-1,-3685.1936993965405,16493.97619262622,4.68416059846632,8.74,8.74,0.616,81066.0,G0,14778.156437958129,8136.161457442976,14781.9934094743,8192.95881151943
139.9529867803,10.72027626,4.683293,822,846,1,12.492,11.845,,-12.7,-7.2,11.78677,0.5499500000000002,,822-846-1,-7656.39008730347,-15067.181661091174,4.684228916508737,,11.78677,0.5499500000000002,,,-6184.239040065547,-15502.621858878458,-6186.106056840572,-15728.075668396445
142.2001806279,19.5897298728,4.683457,1406,1193,1,11.875,11.421,,-12.7,-27.8,11.38014,0.3859000000000005,,1406-1193-1,303.3370550465098,16900.340052924428,4.684826696840428,,11.38014,0.3859000000000005,,,12434.876860097409,11370.634984883194,12438.231076430533,11445.694166924279
137.4072265473,16.0923965211,4.679737,1401,813,1,8.986,8.792,,-14.0,4.4,8.77454,0.1649000000000007,,1401-813-1,-16306.099844908054,4458.8508414815915,4.685289749048367,,8.77454,0.1649000000000007,,,14155.454940574507,-9129.624404525903,14159.090622462225,-9235.27994830684
142.02952084,10.2179367514,4.68984,823,312,1,9.911,8.429,46431.0,-25.7,-7.7,8.29562,1.2596999999999994,46431.0,823-312-1,-289.2679623640352,-16913.260521913253,4.6883231851324805,8.3,8.3,1.242,81794.0,K2,-12453.901772891839,-11303.35527838838,-12457.233549143533,-11443.74893722541
146.2917861689,12.561661781,4.694379,834,1295,1,12.164,11.721,,-118.2,-62.6,11.68113,0.3765499999999996,,834-1295-1,14724.719566029218,-8326.945106383208,4.688431848755101,,11.68113,0.3765499999999996,,,-15998.198781977062,5445.177611916004,-16002.24281994177,5484.852398610841
142.317268926,19.5951826178,4.692344,1406,1173,1,11.511,10.124,,-4.4,-5.6,9.99917,1.1789499999999988,,1406-1173-1,701.9936642160674,16921.055512812978,4.693807596700058,,9.99917,1.1789499999999988,,,12185.786571366398,11680.906913174842,12189.086603047828,11757.59680188544
141.8778624655,19.5949603208,4.692813,1406,737,1,12.734,11.485,,-19.4,-13.1,11.37259,1.0616500000000004,,1406-737-1,-793.676335225114,16920.11743542123,4.694665962026605,,11.37259,1.0616500000000004,,,13177.725535374113,10567.649155387864,13181.244906876298,10638.37764222033
141.0004508324,10.337029495,4.695563,823,768,1,10.031,9.653,,-20.7,-10.5,9.61898,0.3213000000000001,,823-768-1,-3945.6116380539656,-16475.003215801455,4.695262805998798,,9.61898,0.3213000000000001,,,-9699.540707838616,-13701.776109212693,-9702.300965795703,-13887.366133581196
138.4712393442,11.8158708072,4.696205,822,136,1,12.048,11.38,,3.5,-51.4,11.31988,0.5677999999999993,,822-136-1,-12859.134053603493,-11051.352006099116,4.699301258463543,,11.31988,0.5677999999999993,,,270.9068350118076,-16697.95765668499,270.99245544842216,-16953.355799379282
137.2507180308,14.7655296344,4.694943,818,48,1,12.858,11.552,,-8.8,-10.0,11.43446,1.1101000000000008,,818-48-1,-16955.520712070338,-321.15224481453845,4.700140138160323,,11.43446,1.1101000000000008,,,11012.2257269193,-12727.78709457684,11015.275126171786,-12894.050382891455
142.6550618908,19.5781259425,4.700342,1406,469,1,12.189,11.473,,-2.5,-21.1,11.40856,0.6085999999999994,,1406-469-1,1851.7249979410626,16861.393228945562,4.701300402111633,,11.40856,0.6085999999999994,,,11378.13391763532,12496.961988037106,11381.247884788629,12577.864034649696
137.4759973732,13.5207029358,4.696829,818,216,1,11.436,11.04,,-21.0,5.7,11.004359999999998,0.3366000000000007,,818-216-1,-16260.380698387722,-4832.5536512605995,4.701447508319326,,11.004359999999998,0.3366000000000007,,,7177.653614361401,-15151.688306911019,7179.793904883766,-15368.933428582932
141.74877098,10.2166100092,4.703491,823,947,1,12.22,11.923,,-2.8,-2.3,11.89627,0.2524500000000005,,823-947-1,-1286.6962456973827,-16917.253663121057,4.702224135153759,,11.89627,0.2524500000000005,,,-11794.894661495293,-12038.94147755323,-11798.104319487875,-12192.366185345652
138.3500710184,11.9465438978,4.701556,822,316,1,10.957,10.202,,13.4,-11.2,10.13405,0.6417500000000006,,822-316-1,-13280.100636782992,-10571.960103603411,4.704486948589227,,10.13405,0.6417500000000006,,,908.6848717460633,-16694.642792500585,908.9720293624189,-16949.961156448288
137.2443494463,15.1068551867,4.69947,1401,65,1,12.892,12.02,,-9.7,-2.0,11.94152,0.7411999999999999,,1401-65-1,-16950.88711665175,912.1723513063429,4.704789427738848,,11.94152,0.7411999999999999,,,11931.352618198704,-11920.589363819907,11934.590212492727,-12071.875947831535
139.8824683422,10.7317624292,4.704268,822,1108,1,12.574,12.116,,13.6,-24.1,12.07478,0.3893000000000001,,822-1108-1,-7905.720050700256,-15024.255361868734,4.705309722222451,,12.07478,0.3893000000000001,,,-5986.673325612037,-15656.874031893682,-5988.490992121593,-15886.051565318798
142.5891121652,19.5885352278,4.704023,1406,615,1,11.874,10.36,,6.4,6.2,10.22374,1.2869000000000008,,1406-615-1,1627.4234623189611,16899.1700016013,4.705324309409704,,10.22374,1.2869000000000008,,,11555.240613033633,12355.013435597357,11558.39722915033,12435.188272072905
142.4973309552,19.5974767917,4.705192,1406,708,1,13.096,12.103,,-13.6,-12.3,12.01363,0.8440500000000003,,1406-708-1,1314.4839769469652,16930.276587787463,4.706394185554996,,12.01363,0.8440500000000003,,,11786.187041132083,12142.709833507783,11789.397902709507,12221.79326270215
137.7967651044,17.1355825944,4.70247,1401,650,1,12.317,11.99,,-4.9,-5.5,11.96057,0.27795,,1401-650-1,-14877.678192037096,8197.08627571119,4.7078188851771365,,11.96057,0.27795,,,16002.708622714421,-5626.256235957266,16006.660142893592,-5685.451861301231
144.6775427504,10.91346133,4.715117,824,889,1,11.833,10.959,,-61.0,-33.6,10.88034,0.7429000000000004,,824-889-1,9099.645777636317,-14356.769338639175,4.710927097151393,,10.88034,0.7429000000000004,,,-16773.743128750833,-2697.595913847357,-16777.834919366833,-2724.8182581255046
137.2353364494,15.0534321467,4.706791,1401,146,1,12.652,12.394,,-10.9,-5.2,12.37078,0.2192999999999992,,1401-146-1,-16986.67969874217,719.8557223824898,4.71210457370984,,12.37078,0.2192999999999992,,,11811.301651885486,-12072.26596378429,11814.51848666685,-12226.309025086779
141.6222744854,10.2168188842,4.714048,823,1122,1,10.741,10.139,,-0.1,7.7,10.08482,0.5117000000000003,,823-1122-1,-1736.3204681821762,-16915.64192647634,4.712820739534686,,10.08482,0.5117000000000003,,,-11495.274268190426,-12368.074208251352,-11498.428096986518,-12527.565679389818
146.2607020467,12.4568193933,4.722359,831,39,1,12.795,11.469,,8.9,-4.2,11.34966,1.1271000000000004,,831-39-1,14625.324805320364,-8706.051160503399,4.717213280341079,,11.34966,1.1271000000000004,,,-16215.704220753492,5121.399352239207,-16219.791887018273,5158.856812534759
144.413046202,10.7561255744,4.721337,824,1880,1,10.905,9.12,47234.0,-11.5,-9.8,8.959349999999999,1.51725,47234.0,824-1880-1,8168.04040090278,-14933.407388385906,4.717440924111351,8.99,8.99,1.45,,K5,-16586.61935076959,-3766.0628773924595,-16590.67576403709,-3804.3419813249957
138.2779216005,17.8643192936,4.714275,1404,23,1,11.967,11.021,,-33.3,-18.7,10.935860000000002,0.8040999999999997,,1404-23-1,-13169.147532474548,10795.783411492683,4.719481569698227,,10.935860000000002,0.8040999999999997,,,16811.936782640412,-2655.7737639817897,16816.03776087231,-2682.584616533467
145.5353195371,11.5638378275,4.724579,831,961,1,11.936,11.977,,-15.4,3.9,11.98069,-0.0348500000000003,,831-961-1,12111.884612554311,-11970.658849169911,4.719635776777116,,11.98069,-0.0348500000000003,,,-16988.709855516896,1104.6217897332474,-16992.879943103373,1111.9592574870492
145.6144895883,18.2234342394,4.722835,1413,19,1,9.691,9.342,,5.0,-0.2,9.31059,0.2966500000000001,,1413-19-1,12013.81822195019,12073.483303666222,4.720497653196607,,9.31059,0.2966500000000001,,,1054.2825977495638,16897.98246281584,1054.589130838746,16999.666735530056
140.6362823531,10.4093770914,4.72059,823,1060,1,11.294,10.102,,4.7,-12.1,9.99472,1.0132,,823-1060-1,-5237.666007154047,-16207.644975763058,4.720660229575771,,9.99472,1.0132,,,-8642.132060322421,-14474.174870881832,-8644.651266506771,-14676.202006764534
146.9713501908,14.4796495081,4.725972,834,59,1,12.167,11.543,,15.5,3.5,11.48684,0.5304000000000004,,834-59-1,16980.082523037858,-1352.3562738946853,4.720912658563892,,11.48684,0.5304000000000004,,,-12279.852356990452,11724.605585664009,-12283.179886545982,11801.506762082214
145.9063523931,17.9122156406,4.724347,1413,204,1,12.071,10.366,,9.7,-14.3,10.21255,1.44925,,1413-204-1,13036.468073295871,10967.254345125726,4.7215450873217915,,10.21255,1.44925,,,-451.4752901253877,16928.339318809798,-451.60661393630954,17030.156169659585
137.7670714783,17.11265443,4.717207,1401,341,1,10.603,9.333,,28.0,-72.6,9.2187,1.0794999999999997,,1401-341-1,-14981.197042987604,8114.691152051158,4.721984831373251,,9.2187,1.0794999999999997,,,16009.79863542471,-5756.802020701579,16013.755840461778,-5817.5683250030725
140.3999307962,10.4873248833,4.722527,822,681,1,12.95,11.868,,0.1,3.3,11.77062,0.9196999999999992,,822-681-1,-6075.675643971804,-15920.581223136696,4.7227479835330675,,11.77062,0.9196999999999992,,,-7871.342079941326,-14900.848736055412,-7873.669270242948,-15112.38145482302
140.7496735351,19.4477752467,4.721602,1405,1378,1,12.589,11.72,,-30.1,-10.0,11.64179,0.7386499999999998,,1405-1378-1,-4637.089334111219,16404.610700866557,4.724650860453996,,11.64179,0.7386499999999998,,,15343.096278165916,7369.636315393136,15347.047911537004,7421.722855274616
137.389693742,16.1859802333,4.71961,1401,2105,1,12.209,11.012,,4.0,-13.7,10.90427,1.0174499999999993,,1401-2105-1,-16359.479397071747,4797.784892553648,4.7249539446855415,,10.90427,1.0174499999999993,,,14444.310605659359,-8947.198092360532,14448.010531139169,-9050.20981582877
137.2911556368,15.7598408833,4.720407,1401,90,1,12.963,11.581,,-26.9,-40.4,11.45662,1.1746999999999996,,1401-90-1,-16736.548588891925,3265.7244255336536,4.725970994405003,,11.45662,1.1746999999999996,,,13548.958474971503,-10226.654149182881,13552.505162223635,-10349.232750294826
143.2931300689,19.4969884392,4.727809,1406,837,1,11.755,11.027,,0.7,5.5,10.96148,0.6188000000000012,,1406-837-1,4025.297186695635,16579.11301442894,4.728340582905309,,10.96148,0.6188000000000012,,,9724.553809072637,13928.081972674083,9727.266543719026,14016.072608754406
146.9821788236,15.4065709478,4.733289,1411,657,1,12.142,10.96,,27.0,-24.1,10.85362,1.0046999999999988,,1411-657-1,16944.921473755552,1995.2434352899395,4.728674941942032,,10.85362,1.0046999999999988,,,-9753.483143426734,13909.522733985621,-9756.203265890486,13997.423261173395
140.1465635528,19.2458711319,4.725279,1405,404,1,13.107,11.628,,-9.2,-2.3,11.49489,1.257149999999999,,1405-404-1,-6698.257304375169,15693.070071699736,4.728899205075873,,11.49489,1.257149999999999,,,16179.056859897919,5368.730493553411,16183.144224613303,5407.859298859425
139.8355936767,10.7252332867,4.731245,822,543,1,12.022,11.225,,-10.6,-25.5,11.15327,0.6774500000000004,,822-543-1,-8073.085468334238,-15046.715903310567,4.7324491394337835,,11.15327,0.6774500000000004,,,-5892.389763447366,-15793.601966483675,-5894.188019426456,-16026.132285914193
139.5127379912,10.9045741133,4.733387,822,588,1,12.14,11.332,,5.0,-8.0,11.25928,0.6867999999999999,,822-588-1,-9212.048118946497,-14387.635085787126,4.734771134172106,,11.25928,0.6867999999999999,,,-4643.759670534308,-16197.877449186375,-4645.198749171874,-16440.438026045853
138.1878129204,12.0971139233,4.733318,822,1115,1,9.965,9.583,,-10.0,4.2,9.54862,0.3246999999999997,,822-1115-1,-13845.738060670301,-10019.000308942468,4.736538719825886,,9.54862,0.3246999999999997,,,1697.4704158350703,-16749.12594540985,1698.0080906262524,-17005.928323953845
145.6874602615,11.6915065375,4.742219,831,1672,1,12.094,10.451,,-18.2,-0.9,10.30313,1.396549999999999,,831-1672-1,12643.74005151926,-11502.235512280491,4.737190466268136,,10.30313,1.396549999999999,,,-16991.4236486289,1807.6637050451832,-16995.60865356106,1820.678655160396
137.4429329212,13.4939278772,4.735667,818,307,1,12.127,10.161,,-2.8,-0.2,9.98406,1.671100000000001,,818-307-1,-16378.388497651275,-4927.243043836307,4.740125048367382,,9.98406,1.671100000000001,,,7185.159000742267,-15299.31472763336,7187.312937844166,-15520.047246272497
147.0076146445,14.6755623167,4.74521,834,1369,1,11.146,10.802,,10.4,-15.6,10.77104,0.292400000000001,,834-1369-1,17091.58641114426,-642.5917498760704,4.740172764278131,,10.77104,0.292400000000001,,,-11823.146303109002,12276.308411815058,-11826.373014315386,12356.057281062345
140.4329774947,10.4550724103,4.741544,823,700,1,12.581,11.893,,-6.8,-8.5,11.83108,0.584799999999999,,823-700-1,-5959.315049477082,-16038.380674053536,4.741848687236016,,11.83108,0.584799999999999,,,-8036.637580077286,-14892.191914133151,-8039.013104766253,-15103.554508994845
137.8234952096,17.25480692,4.73673,1401,1979,1,12.062,11.817,,10.7,-11.0,11.79495,0.2082499999999993,,1401-1979-1,-14776.476538614506,8625.801816756475,4.741894039124589,,11.79495,0.2082499999999993,,,16256.107307595727,-5270.1283548506635,16260.112186108458,-5325.173008772367
146.838499639,13.6782871058,4.7481,834,656,1,11.296,10.444,,7.7,-1.5,10.36732,0.7241999999999987,,834-656-1,16575.487589112512,-4256.452751010586,4.742824806583653,,10.36732,0.7241999999999987,,,-14182.80454026051,9506.334695862308,-14186.544873789258,9571.108785421584
146.5432182825,12.9066328003,4.749162,834,1236,1,12.345,11.892,,35.1,-14.5,11.85123,0.385050000000001,,834-1236-1,15592.737759546182,-7064.032041950367,4.744193584651546,,11.85123,0.385050000000001,,,-15629.92587878636,6923.109245802243,-15633.933219761666,6972.384929685995
145.5016390342,18.3646210633,4.747413,1413,197,1,13.678,11.546,,-5.4,0.8,11.35412,1.8122000000000011,,1413-197-1,11617.96761989608,12576.995510861225,4.745192413612519,,11.35412,1.8122000000000011,,,1693.4428182536687,16936.020468746025,1693.9354748039423,17037.856975112223
137.2755781454,14.1186263167,4.741688,818,429,1,12.573,11.781,,-3.3,-5.2,11.70972,0.6731999999999998,,818-429-1,-16919.051250450433,-2659.1756915893193,4.746541828920588,,11.70972,0.6731999999999998,,,9239.809714169196,-14222.208519543878,9242.481811892716,-14418.808568357708
140.680187295,19.4524278933,4.744683,1405,1430,1,13.207,11.515,,-7.8,-3.2,11.36272,1.4382,,1405-1430-1,-4873.128772783614,16423.56582570096,4.7477931464398555,,11.36272,1.4382,,,15513.9235065743,7206.718761067673,15517.912624091254,7257.774194499222
144.0904573623,10.5671463306,4.752137,824,1595,1,9.333,8.895,47142.0,-0.3,8.6,8.85558,0.3723000000000005,47142.0,824-1595-1,7029.019364521169,-15625.389706090866,4.748429340647449,8.91,8.91,0.413,83099.0,F2,-16348.0716850215,-5062.90164816455,-16352.09416948051,-5115.557933056567
137.2126267299,15.3424366217,4.743249,1401,1596,1,11.874,10.877,,-11.1,-15.9,10.78727,0.8474499999999999,,1401-1596-1,-17043.17441625561,1765.06851154211,4.748633375461041,,10.78727,0.8474499999999999,,,12630.335702781207,-11432.031845862128,12633.72502730455,-11574.724746956705
141.5525109841,10.1880729267,4.749862,823,879,1,12.174,11.575,,11.7,-12.0,11.52109,0.5091500000000001,,823-879-1,-1984.2832081669835,-17019.96093810275,4.748884451729652,,11.52109,0.5091500000000001,,,-11408.69327420589,-12618.029990275882,-11411.843902864437,-12782.263841801103
138.6070057785,11.6002573867,4.74629,822,1123,1,8.765,8.521,45345.0,-23.8,-27.6,8.49904,0.2073999999999998,45345.0,822-1123-1,-12391.302953077813,-11836.778741666689,4.749184459142446,8.49,8.49,0.233,79453.0,A2,-626.7777212741565,-16864.954132562456,-626.9772064375128,-17124.8538515439
141.2902498475,19.5903004875,4.747347,1405,19,1,12.787,11.512,,-4.9,-10.9,11.39725,1.0837500000000002,,1405-19-1,-2793.108518321663,16909.406389880845,4.749794238752958,,11.39725,1.0837500000000002,,,14496.69887280279,9073.628365793615,14500.502942066138,9135.912328848273
137.21778139,14.46959028,4.748078,818,16,1,12.506,12.084,,0.0,0.0,12.04602,0.3587000000000005,,818-16-1,-17094.197741501608,-1387.1907127375225,4.753064052752786,,12.04602,0.3587000000000005,,,10307.134307948605,-13523.410745971281,10310.052731507356,-13705.426194489813
137.1978442732,14.7054981592,4.748845,818,81,1,12.078,11.554,,-12.9,-17.3,11.50684,0.4453999999999992,,818-81-1,-17145.694243821374,-534.1328133020289,4.754063125113273,,11.50684,0.4453999999999992,,,10979.166990923859,-13005.953085888903,10982.230647192398,-13177.6606033364
138.0843431991,12.2052524256,4.751612,822,192,1,11.445,11.21,,-13.8,-4.0,11.18885,0.1997499999999995,,822-192-1,-14205.045100912033,-9622.835444416804,4.7550451404669705,,11.18885,0.1997499999999995,,,2232.1047667030816,-16754.69052783528,2232.811993971581,-17011.66714078461
139.031152466,11.2153337589,4.75341,822,218,1,12.193,11.214,,-8.2,-3.2,11.12589,0.8321499999999993,,822-218-1,-10907.312471163332,-13246.204898169857,4.755440183808996,,11.12589,0.8321499999999993,,,-2665.337048697044,-16695.194762810108,-2666.1795044799396,-16950.60165297356
138.5413586296,11.65630146,4.753587,822,345,1,11.261,9.549,,-15.3,-11.2,9.39492,1.4551999999999998,,822-345-1,-12620.524143072396,-11630.681914726143,4.756396533457808,,9.39492,1.4551999999999998,,,-320.57504529547793,-16898.6621149408,-320.6772195837659,-17159.474280066224
137.3927559112,16.3172219542,4.752558,1401,343,1,10.707,10.155,,-16.1,18.3,10.10532,0.4692000000000011,,1401-343-1,-16339.291150402727,5272.512811618146,4.758175858420621,,10.10532,0.4692000000000011,,,14785.883635213018,-8621.644326694799,14789.65331423282,-8719.976002897705
143.4673577782,10.3330743289,4.763166,824,431,1,10.966,10.451,,-27.3,-9.5,10.40465,0.437749999999999,,824-431-1,4820.243583072414,-16485.76843722112,4.760131560992243,,10.40465,0.437749999999999,,,-15525.435994137264,-7258.979352207273,-15529.326931209609,-7338.618005417117
137.6831112408,17.0372240461,4.754993,1401,2070,1,10.439,9.195,,-25.0,-20.2,9.08304,1.0573999999999997,,1401-2070-1,-15278.606395959261,7850.030500003383,4.760480740142165,,9.08304,1.0573999999999997,,,16009.276125570772,-6150.1156091751,16013.245936119434,-6215.685548914474
146.8527932713,13.66079311,4.766202,834,413,1,12.038,10.956,,15.7,40.0,10.85862,0.9197000000000006,,834-413-1,16627.34910393725,-4317.55469075055,4.7608920509681845,,10.85862,0.9197000000000006,,,-14262.907731401665,9504.582999871358,-14266.669252814665,9569.3346248639
144.6424054316,19.00555279,4.762601,1413,634,1,12.178,11.629,,-26.5,-21.9,11.57959,0.466650000000001,,1413-634-1,8642.912311092441,14847.563603727269,4.761213702213237,,11.57959,0.466650000000001,,,5365.434799029723,16221.440555271842,5366.979968041904,16320.09816779915
137.4177501794,13.4988785394,4.757353,818,171,1,12.338,11.582,,-44.6,-20.3,11.51396,0.6425999999999986,,818-171-1,-16467.860803611467,-4908.183979344249,4.7622623796991,,11.51396,0.6425999999999986,,,7258.780512109211,-15352.30463755826,7260.960777911137,-15574.310835598775
144.1923332815,19.23455949,4.76483,1413,591,1,11.454,10.69,,-25.1,-12.6,10.62124,0.649400000000001,,1413-591-1,7097.105315906897,15656.91447990977,4.764085451897275,,10.62124,0.649400000000001,,,6996.429770793612,15605.405992124446,6998.4272546721695,15701.270358074467
138.7616949525,18.4281314056,4.759606,1405,680,1,11.768,11.364,,-10.7,-19.0,11.32764,0.3433999999999999,,1405-680-1,-11472.307719775727,12802.926748206537,4.764253167872749,,11.32764,0.3433999999999999,,,17186.55751835074,-78.40998044177809,17190.758935535017,-81.14775100421551
141.5775104733,10.169831295,4.765296,823,1031,1,10.591,10.1,,-26.6,-4.5,10.05581,0.4173499999999997,,823-1031-1,-1896.5742789363417,-17086.02835598038,4.764257831420235,,10.05581,0.4173499999999997,,,-11516.299496104732,-12596.675841431113,-11519.478244546495,-12760.524281952734
144.1884838192,19.2370753967,4.765572,1413,400,1,11.911,11.303,,-24.6,-13.2,11.24828,0.5167999999999989,,1413-400-1,7083.896365732276,15665.854846092338,4.764829361096673,,11.24828,0.5167999999999989,,,7011.880279114905,15601.480396001947,7013.882066584036,15697.326337160921
139.7621135386,19.1083701825,4.761146,1405,505,1,12.67,11.09,,-2.8,-8.1,10.9478,1.343,,1405-505-1,-8015.382560073507,15211.07993216763,4.765011583896028,,10.9478,1.343,,,16692.83390601463,4072.7503809941536,16697.00648793624,4102.838606250585
138.2771648311,17.9392660956,4.761797,1404,397,1,12.055,11.003,,8.4,-77.2,10.90832,0.8941999999999997,,1404-397-1,-13165.999494686635,11065.306397914437,4.766304881692527,,10.90832,0.8941999999999997,,,17011.37220093151,-2476.2500415477994,17015.52153300264,-2501.3147210507186
141.394770427,10.19118972,4.766502,823,1261,1,10.032,9.177,,-25.1,-100.0,9.10005,0.7267500000000003,,823-1261-1,-2546.118578112397,-17009.92097005564,4.766590245141463,,9.10005,0.7267500000000003,,,-11028.296971238478,-13023.71928691805,-11031.375970707342,-13195.790064041319
140.77356965,19.4986300567,4.764341,1405,775,1,13.215,12.0,,-4.8,-6.0,11.89065,1.0327499999999998,,1405-775-1,-4553.898851578927,16588.36075434314,4.767324576742938,,11.89065,1.0327499999999998,,,15425.268200186249,7552.730016330935,15429.248974248841,7605.917653859267
141.5298232626,10.17143069,4.768884,823,875,1,11.526,10.625,,9.6,-43.3,10.54391,0.7658499999999998,,823-875-1,-2065.1669770748977,-17080.98259831017,4.768231938468677,,10.54391,0.7658499999999998,,,-11400.63207608644,-12717.118593478715,-11403.7888925554,-12883.263564058841
140.6285015998,10.3610855797,4.768912,823,1177,1,12.313,11.917,,-39.1,-15.5,11.88136,0.3366000000000007,,823-1177-1,-5267.649931968562,-16382.590125679999,4.769133834125359,,11.88136,0.3366000000000007,,,-8753.023688604735,-14609.683970084963,-8755.586958419517,-14814.759263833956
145.2408202808,11.2367532531,4.774536,824,63,1,11.675,10.557,,-13.5,9.1,10.45638,0.9503000000000004,,824-63-1,11084.995852825507,-13166.046304352973,4.7698111669854,,10.45638,0.9503000000000004,,,-17201.02471763345,-443.6013923083945,-17205.225916241772,-449.5659202024477
142.9166582259,19.6147029291,4.770797,1406,646,1,12.904,11.611,,-32.5,-12.3,11.49463,1.0990499999999994,,1406-646-1,2740.810822344917,16997.75341647446,4.771523886271045,,11.49463,1.0990499999999994,,,10890.024347240997,13248.687203509118,10893.034825306777,13333.32132162912
138.5659823551,18.2576632211,4.767453,1404,1641,1,9.381,8.788,45327.0,-23.8,-13.1,8.734630000000001,0.50405,45327.0,1404-1641-1,-12154.301493218818,12198.979028676937,4.772376731606116,8.71,8.71,0.571,79374.0,G0,17187.601754077587,-981.295748328435,17191.795586128675,-992.118266606021
141.94420886,10.13590692,4.77376,823,364,1,12.649,11.115,,-47.5,-58.8,10.97694,1.303899999999999,,823-364-1,-593.3389733029236,-17211.84598516086,4.772837732013575,,10.97694,1.303899999999999,,,-12475.323142933821,-11721.558474788475,-12478.693315544771,-11869.368411617994
137.549256822,16.7836353383,4.767575,1401,2122,1,12.147,10.986,,0.9,-7.8,10.88151,0.9868499999999996,,1401-2122-1,-15760.26363064459,6944.481380435838,4.772934140388338,,10.88151,0.9868499999999996,,,15651.813902049824,-7099.4681915197825,15655.7299877818,-7177.036289465773
138.5880694181,11.5836097339,4.771234,822,957,1,12.232,12.361,,-16.3,-6.5,12.372610000000002,-0.1096500000000011,,822-957-1,-12459.1678950704,-11895.623385066432,4.773935019251502,,12.372610000000002,-0.1096500000000011,,,-625.7363291894925,-16952.39070882686,-625.9362217543878,-17214.671771578793
137.6190504603,12.957123595,4.770879,818,488,1,13.046,12.432,,-8.9,8.1,12.37674,0.5218999999999991,,818-488-1,-15797.389685277089,-6877.995926322254,4.7749568137706735,,12.37674,0.5218999999999991,,,5341.032677467625,-16139.33366062368,5342.684344588887,-16380.478406477961
139.3939456685,10.9301871089,4.774711,822,899,1,10.699,10.16,,-27.2,-9.5,10.11149,0.4581499999999997,,822-899-1,-9633.576621203143,-14291.215033960398,4.7763997320851805,,10.11149,0.4581499999999997,,,-4291.923883464868,-16442.82401655724,-4293.266928425265,-16691.689092023673
141.2883970615,19.6176956675,4.77468,1405,287,1,12.833,11.876,,11.3,-20.5,11.78987,0.8134500000000006,,1405-287-1,-2798.6192931394635,17008.473681015817,4.777006465348421,,11.78987,0.8134500000000006,,,14574.425170506669,9134.934354001567,14578.25254372342,9197.554005123548
138.6707931416,11.4968015633,4.775815,822,58,1,9.646,8.01,45363.0,-12.3,-4.6,7.86276,1.3906000000000007,45363.0,822-58-1,-12170.681962782734,-12213.248924284477,4.778354561898329,7.88,7.88,1.415,79479.0,K2,-1054.6518426252053,-16947.60436454153,-1054.988691388711,-17209.76314731805
137.2074514574,14.3203430267,4.775658,818,554,1,12.487,11.627,,1.7,-15.9,11.5496,0.7309999999999995,,818-554-1,-17142.29225624443,-1925.8961795268006,4.780580338691444,,11.5496,0.7309999999999995,,,9936.240472856234,-13908.995107607341,9939.086606191244,-14099.00057902857
137.9033412992,12.4227258908,4.779265,822,97,1,13.179,12.335,,-20.1,3.1,12.25904,0.7173999999999995,,822-97-1,-14830.962822971089,-8826.521731969231,4.78295988277196,,12.25904,0.7173999999999995,,,3242.840308876688,-16695.71262115179,3243.8654230897514,-16951.17344782251
142.4708460873,10.1340497617,4.786411,823,1056,1,12.366,12.124,,8.4,-20.2,12.10222,0.2056999999999992,,823-1056-1,1280.9902751246752,-17216.953668441,4.784553799433329,,12.10222,0.2056999999999992,,,-13723.134676776595,-10346.399858899853,-13726.73583443708,-10470.967149112439
140.309572816,10.4547125586,4.784612,822,768,1,11.729,11.313,,7.1,-18.1,11.27556,0.3535999999999988,,822-768-1,-6397.536444922579,-16037.526158727864,4.78508333100407,,11.27556,0.3535999999999988,,,-7745.157594005195,-15211.97094502423,-7747.472657263003,-15430.728604993206
142.2789001173,10.1231199,4.787084,823,1341,1,11.788,12.018,,3.5,0.8,12.0387,-0.1955000000000003,,823-1341-1,598.278479600424,-17256.581051031844,4.7852175961783425,,12.0387,-0.1955000000000003,,,-13299.646206218462,-10874.631386022846,-13303.173080575205,-11007.86594659674
138.0089244516,17.626799325,4.78089,1404,480,1,13.863,12.474,,-10.0,-0.3,12.34899,1.180649999999999,,1404-480-1,-14111.178291536102,9956.906303540833,4.78615852071686,,12.34899,1.180649999999999,,,16809.877739249103,-3904.1632811086142,16813.99158760593,-3943.9856496861094
137.1631604331,15.1869881172,4.780938,1401,155,1,11.924,11.286,,-9.0,4.6,11.22858,0.5422999999999999,,1401-155-1,-17228.474160958875,1208.092314416611,4.786274101748896,,11.22858,0.5422999999999999,,,12336.82492974271,-11931.459595977485,12340.174371023735,-12083.042060992575
145.7998445846,18.1310436383,4.788895,1413,108,1,12.714,11.135,,-3.8,-3.0,10.99289,1.3421500000000004,,1413-108-1,12656.221480764118,11751.665129088933,4.786288208911171,,10.99289,1.3421500000000004,,,387.34956945238923,17163.676650618192,387.462632623212,17266.483376319684
137.9081757752,12.4037248161,4.785266,822,119,1,13.273,11.602,,-22.1,-23.3,11.45161,1.4203499999999991,,822-119-1,-14815.229763198196,-8896.19383230623,4.789096163523302,,11.45161,1.4203499999999991,,,3180.3076604703315,-16729.301303683664,3181.3144008131617,-16985.656782164755
137.4536362493,16.5919268194,4.783336,1401,509,1,12.23,11.829,,-36.8,5.9,11.79291,0.3408499999999998,,1401-509-1,-16107.414490348296,6259.796628244489,4.789100614978382,,11.79291,0.3408499999999998,,,15370.231096229612,-7804.221648209344,15374.107860950973,-7891.176266610028
137.5395777481,13.0988871525,4.784758,818,312,1,12.318,11.592,,-26.0,4.5,11.52666,0.6170999999999992,,818-312-1,-16067.900849441436,-6360.776665940502,4.789125053783345,,11.52666,0.6170999999999992,,,5907.2615827589,-16001.718852003443,5909.078875203949,-16239.449016148124
142.7552366848,10.1553876275,4.793945,823,160,1,8.223,7.999,46681.0,-40.9,-2.7,7.97884,0.1904000000000009,46681.0,823-160-1,2290.8697037779884,-17137.549693601515,4.791572799508869,7.99,7.99,0.2,82215.0,A5,-14334.023232132078,-9550.869636991763,-14337.73141992451,-9662.978383007074
139.7196289651,10.7174679956,4.791961,822,1214,1,9.864,8.536,45691.0,-22.3,-20.0,8.41648,1.128800000000001,45691.0,822-1214-1,-8485.60720544825,-15071.568660795549,4.793279681510045,8.42,8.42,1.176,80237.0,K0,-5637.192348606696,-16110.697905467652,-5638.933800624101,-16351.150942193926
140.7177902585,19.5122245922,4.79185,1405,1288,1,11.099,10.551,,-0.8,11.0,10.50168,0.4658,,1405-1288-1,-4743.475824591231,16639.59327623582,4.795024984416813,,10.50168,0.4658,,,15589.391912379411,7445.63783527547,15593.41077996315,7498.144273376619
137.1470800419,14.915120485,4.791339,818,68,1,11.292,10.748,,-3.8,13.3,10.69904,0.4624000000000004,,818-68-1,-17306.4890951507,227.67284789214236,4.796537419062019,,10.69904,0.4624000000000004,,,11655.496533677442,-12627.735202963695,11658.716676888494,-12792.213458752489
142.59723778,19.67948972,4.795304,1406,307,1,12.515,12.002,,0.0,0.0,11.95583,0.4360499999999999,,1406-307-1,1654.175129914733,17228.76656773532,4.796539754451785,,11.95583,0.4360499999999999,,,11783.911163489036,12592.662495485754,11787.140794854256,12673.989296517098
138.6834803653,11.459056675,4.794456,822,72,1,11.193,10.551,,12.8,-8.6,10.49322,0.5456999999999995,,822-72-1,-12127.127479146879,-12350.489265180151,4.7968195435390175,,10.49322,0.5456999999999995,,,-1186.1620362500857,-17004.569475113698,-1186.5418125088136,-17268.292460807515
141.7693692317,10.1202881158,4.798101,823,641,1,11.391,10.554,,-61.1,-16.1,10.47867,0.7114499999999998,,823-641-1,-1215.5566740190673,-17266.845204436067,4.796976632301412,,10.47867,0.7114499999999998,,,-12103.475436317547,-12214.47599457024,-12106.784363468338,-12371.228464392276
146.0871235051,12.0633975683,4.803633,831,609,1,12.162,11.468,,-7.9,9.5,11.40554,0.5899000000000006,,831-609-1,14036.768264892595,-10137.507422302746,4.79839784612617,,11.40554,0.5899000000000006,,,-16895.453185995608,3740.780710342696,-16899.6662609629,3768.447999854715
143.4494957727,19.5325487183,4.800111,1406,800,1,11.748,10.986,,-24.2,-12.9,10.91742,0.6476999999999988,,1406-800-1,4556.429406078602,16711.431281904315,4.800253908123263,,10.91742,0.6476999999999988,,,9470.98857858519,14410.872748673473,9473.648346022876,14501.136901577367
139.66947694,19.10277778,4.798565,1405,133,1,13.144,12.305,,0.0,0.0,12.22949,0.7131500000000003,,1405-133-1,-8331.975472390355,15195.36926539151,4.802547073769317,,12.22949,0.7131500000000003,,,16891.203491004406,3827.3409712456873,16895.418240421954,3855.6328748133724
144.8093531099,10.8862165122,4.80748,824,1872,1,10.917,9.164,47384.0,-10.0,2.0,9.00623,1.49005,47384.0,824-1872-1,9570.183298122553,-14450.374950399326,4.803189122231871,9.0,9.0,1.498,,K2,-17156.01034776548,-2410.5967395504945,-17160.19515376581,-2435.0455542889426
142.0910445951,19.7097905828,4.802617,1406,355,1,10.953,10.213,,-4.4,-7.4,10.1464,0.6290000000000001,,1406-355-1,-67.80749217830835,17335.99104658404,4.804298535400262,,10.1464,0.6290000000000001,,,13006.914418240232,11382.272350177842,13010.424263099598,11457.313992266809
137.5224122744,16.8150282933,4.803348,1401,309,1,10.168,9.194,,-4.6,18.3,9.10634,0.8278999999999986,,1401-309-1,-15851.155893962325,7060.772503572284,4.808850513267562,,9.10634,0.8278999999999986,,,15799.086278875424,-7090.329555654325,15803.039299718643,-7167.816990789522
146.3555368506,12.4297182289,4.81548,831,1336,1,12.308,11.98,,-7.2,2.6,11.95048,0.2787999999999995,,831-1336-1,14962.084537474078,-8798.551792839133,4.8101603910073765,,11.95048,0.2787999999999995,,,-16508.35175048876,5310.638059882805,-16512.520969294153,5349.311974115374
137.6024699054,16.9913756056,4.804808,1401,1951,1,12.143,11.816,,-14.6,9.8,11.78657,0.27795,,1401-1951-1,-15560.930584997252,7691.484371171526,4.810343173859439,,11.78657,0.27795,,,16078.085818616737,-6462.5901000135345,16082.08413270526,-6532.079489081406
146.7070077229,13.1017594217,4.815571,834,283,1,9.831,9.204,,6.4,-136.7,9.14757,0.532949999999999,,834-283-1,16155.811861053511,-6351.87328289396,4.810780602303017,,9.14757,0.532949999999999,,,-15471.0943976522,7811.507956070255,-15475.098337573685,7866.249585038998
138.389156661,11.7373702539,4.808431,822,646,1,12.982,12.013,,-6.8,-29.0,11.92579,0.8236499999999994,,822-646-1,-13154.904530217367,-11330.906718103603,4.811451135956741,,11.92579,0.8236499999999994,,,258.17253684851585,-17093.962345382988,258.25551099947876,-17360.134341200806
143.0365818988,10.1769903006,4.816662,824,1656,1,12.848,11.872,,-5.5,-12.7,11.78416,0.8296000000000007,,824-1656-1,3292.0865632102423,-17057.057550871363,4.814151763685151,,11.78416,0.8296000000000007,,,-14938.345816128944,-8760.354378008798,-14942.162764507499,-8860.745913994482
143.7106339289,10.3513834867,4.817285,824,1684,1,11.096,10.49,,40.1,-40.8,10.43546,0.5150999999999999,,824-1684-1,5686.458869082455,-16416.208900535785,4.814522352819744,,10.43546,0.5150999999999999,,,-16048.32251203444,-6573.72173275346,-16052.317535436008,-6644.609159110094
146.388476983,12.4745612608,4.819797,831,511,1,10.949,10.297,,-0.1,-16.5,10.23832,0.5541999999999994,,831-511-1,15075.665616427374,-8635.056210397637,4.814618882574041,,10.23832,0.5541999999999994,,,-16461.477473535026,5502.82307797942,-16465.641991836885,5542.790211771802
139.7899146268,19.1818872794,4.813665,1405,1424,1,11.641,11.139,,9.6,-8.6,11.09382,0.4267000000000006,,1405-1424-1,-7917.320163328137,15476.090724600544,4.817423747243601,,11.09382,0.4267000000000006,,,16825.894825480173,4320.289346865899,16830.10931811145,4352.09869202598
141.8960707604,19.7185470875,4.815488,1406,386,1,13.902,12.02,,9.6,-0.3,11.85062,1.5996999999999997,,1406-386-1,-730.5219002955774,17368.364905126677,4.817427071590013,,11.85062,1.5996999999999997,,,13470.94750260627,10910.65797200171,13474.561293706613,10983.167105466313
139.5843719351,19.0785604911,4.817675,1405,247,1,12.097,12.264,,1.6,-1.0,12.27903,-0.1419499999999998,,1405-247-1,-8623.687890085666,15111.74774483868,4.821702356093525,,12.27903,-0.1419499999999998,,,17022.28464931195,3555.6568778350775,17026.52391306222,3581.9542385649956
139.0361341566,18.7263506742,4.818253,1405,1299,1,11.578,10.936,,31.3,-65.1,10.87822,0.5456999999999995,,1405-1299-1,-10514.62951870418,13864.296744936077,4.82204511026358,,10.87822,0.5456999999999995,,,17344.555240046288,1330.5495947085435,17348.818157480135,1339.6517032198078
142.239796272,19.7269576455,4.821514,1406,324,1,11.954,11.13,,-47.4,-26.0,11.055840000000002,0.7003999999999998,,1406-324-1,436.9184533927701,17397.91040503111,4.822853649111545,,11.055840000000002,0.7003999999999998,,,12718.23426578545,11798.675814962524,12721.684521679603,11875.896897803876
137.7137158774,12.6626750422,4.819447,818,484,1,11.905,11.676,,-12.4,3.2,11.65539,0.1946499999999993,,818-484-1,-15484.36963013019,-7948.139811354152,4.823332601015828,,11.65539,0.1946499999999993,,,4333.179808721412,-16603.653808694784,4334.544715895235,-16856.759813476598
140.2020041623,10.4518861636,4.826655,822,1021,1,13.415,11.766,,5.9,-1.9,11.61759,1.4016499999999992,,822-1021-1,-6779.996825028048,-16045.086097177162,4.827090861028038,,11.61759,1.4016499999999992,,,-7496.976763933844,-15496.28291504592,-7499.240729163207,-15721.78530890435
143.457432314,19.5593400511,4.827902,1406,1061,1,13.874,11.361,,0.6,-8.8,11.13483,2.13605,,1406-1061-1,4583.528945926867,16808.86550845665,4.828148086354047,,11.13483,2.13605,,,9525.850716172105,14495.434657781827,9528.529124056155,14586.083436329001
146.0027410151,17.97288547,4.833836,1413,89,1,11.457,9.955,,-17.5,6.0,9.81982,1.2767000000000006,,1413-89-1,13363.832906666064,11194.09844487642,4.830942728621514,,9.81982,1.2767000000000006,,,-499.118428107594,17322.105217936703,-499.26445758581735,17425.573303402885
145.2635691102,11.1759076047,4.835725,824,809,1,12.235,11.901,,-5.2,-2.9,11.87094,0.2838999999999996,,824-809-1,11169.062028141207,-13385.760411253483,4.8311536088873455,,11.87094,0.2838999999999996,,,-17421.097987921523,-525.7926203503787,-17425.352917119915,-532.5449180734706
144.6903789657,10.7777238477,4.837421,824,1224,1,6.886,6.703,47336.0,-76.0,-63.2,6.68653,0.1555499999999998,47336.0,824-1224-1,9150.528076070772,-14848.74464515075,4.833453781070136,6.66,6.66,0.184,83452.0,A3,-17175.361834969906,-2983.121979083358,-17179.555098763318,-3013.3483397060327
142.8466511686,19.6888214575,4.833688,1406,630,1,12.726,11.676,,0.7,-16.1,11.5815,0.8925000000000006,,1406-630-1,2502.557484888022,17265.251354872882,4.834515629563089,,11.5815,0.8925000000000006,,,11248.142012484885,13248.114760384691,11251.251827101778,13332.705300697708
137.2264056479,16.01279778,4.830555,1401,729,1,11.357,11.042,,-12.3,-15.8,11.01365,0.2677499999999995,,1401-729-1,-16941.883808359624,4185.3178746856465,4.836037939033656,,11.01365,0.2677499999999995,,,14372.832751166328,-9776.722280048143,14376.565993199885,-9892.353760925113
139.9218204922,10.56576001,4.835539,822,901,1,11.394,10.869,,4.1,4.8,10.82175,0.4462500000000003,,822-901-1,-7772.112578894039,-15625.797948645035,4.83625115590687,,10.82175,0.4462500000000003,,,-6525.0665967394825,-15948.954220228605,-6527.070288768733,-16185.445589057943
143.5038067128,10.2635668517,4.839874,824,1451,1,12.256,11.763,,-27.0,-22.7,11.71863,0.4190500000000002,,824-1451-1,4951.404189360336,-16737.479590489154,4.836949077087442,,11.71863,0.4190500000000002,,,-15800.682675082056,-7326.999946877154,-15804.646557108623,-7407.615925068841
139.2988161807,10.919218075,4.835737,822,563,1,12.751,11.684,,-2.2,-7.4,11.58797,0.90695,,822-563-1,-9971.201414307046,-14327.794847545963,4.837351488809222,,11.58797,0.90695,,,-4095.2058614794396,-16712.494381246295,-4096.501556956005,-16968.47777002719
144.4910414337,19.1752485922,4.838955,1413,92,1,11.36,10.81,,-7.1,-15.2,10.7605,0.4674999999999991,,1413-92-1,8119.473414799025,15455.113107307288,4.837950321477443,,10.7605,0.4674999999999991,,,6167.054224942122,16233.26488267365,6168.8307739055235,16331.92874636086
140.3439152799,19.4400947744,4.835068,1405,647,1,9.483,8.754,45886.0,-33.1,-20.0,8.68839,0.6196500000000008,45886.0,1405-647-1,-6020.022947252684,16389.06731881683,4.838391332584879,8.7,8.7,0.656,80612.0,G0,16249.303223164045,6331.703232994894,16253.44606966241,6377.122762401981
139.0855732094,11.0681358697,4.836699,822,948,1,12.662,11.978,,-13.1,-3.1,11.91644,0.5814000000000009,,822-948-1,-10721.596748278555,-13781.075342464104,4.838616194038925,,11.91644,0.5814000000000009,,,-3188.4691997810746,-16905.64452664052,-3189.486027478415,-17166.76595366439
137.3792771086,13.3569509367,4.83805,818,144,1,9.232,8.568,44956.0,7.7,-0.2,8.508239999999999,0.5643999999999997,44956.0,818-144-1,-16612.903340501638,-5417.892993599947,4.842338155038465,8.45,8.45,0.4,78609.0,G0,6973.9083573674,-15788.579175565159,6976.037115548852,-16021.143156886046
147.0458688948,15.8022882994,4.847205,1411,645,1,10.448,10.15,,12.0,-14.3,10.12318,0.2533,,1411-645-1,17135.236776211645,3429.9393548994,4.842643564037325,,10.12318,0.2533,,,-8807.0507495183,14999.129742889962,-8809.544361566384,15092.142044677446
145.8471287336,11.7052386072,4.848356,831,331,1,12.879,10.808,,-0.3,-4.1,10.62161,1.7603499999999996,,831-331-1,13209.278466669899,-11445.288489865648,4.843423484276491,,10.62161,1.7603499999999996,,,-17324.157001853633,2264.9148249136438,-17328.435860007892,2281.441840562379
139.3917628196,10.8507093789,4.842463,822,861,1,11.937,10.792,,-29.0,-21.2,10.68895,0.9732499999999996,,822-861-1,-9644.888853470691,-14579.279017870567,4.844209181761202,,10.68895,0.9732499999999996,,,-4499.778331711596,-16637.354290208128,-4501.197746136749,-16891.372843167654
139.1129496903,18.8102563073,4.840417,1405,832,1,7.384,7.057,45510.0,-167.4,-12.4,7.027570000000001,0.27795,45510.0,1405-832-1,-10252.71229145606,14165.103059572522,4.845699855904467,7.03,7.03,0.317,79765.0,A3,17395.637602264134,1722.9700129140929,17399.921519860345,1735.2190416187032
137.2795602537,16.2579726611,4.840576,1401,463,1,13.287,12.292,,-14.4,-11.6,12.20245,0.8457500000000008,,1401-463-1,-16737.549177299992,5066.841360292682,4.846095561511394,,12.20245,0.8457500000000008,,,14896.38318748589,-9049.704136047705,14900.206487086547,-9154.35855071754
138.6874105636,11.3877241867,4.843654,822,118,1,12.916,11.538,,-7.5,-15.9,11.41398,1.1713,,822-118-1,-12117.702311452382,-12609.004363028707,4.84615286062841,,11.41398,1.1713,,,-1385.6925418266007,-17164.693319629274,-1386.1392770439834,-17432.851695591686
138.8559740002,18.61756771,4.841899,1405,1379,1,12.073,11.375,,16.3,-26.6,11.31218,0.5933000000000003,,1405-1379-1,-11138.024921044112,13482.43492885146,4.846199781394552,,11.31218,0.5933000000000003,,,17472.76971332289,616.7698274915819,17477.051669512035,619.9320073422715
140.4762024753,10.3289485578,4.846313,823,1055,1,11.778,9.891,,5.0,-5.0,9.72117,1.6039500000000004,,823-1055-1,-5808.735580461172,-16496.136820730688,4.84645437595532,,9.72117,1.6039500000000004,,,-8478.799151746807,-15079.03635752147,-8481.322378432595,-15294.80662725378
137.1202494448,14.4700883842,4.841925,818,36,1,12.069,11.463,,-21.2,-0.1,11.40846,0.5151000000000013,,818-36-1,-17437.004738864867,-1378.0195188370935,4.847117704121088,,11.40846,0.5151000000000013,,,10541.467434001761,-13768.551099328972,10544.47488351411,-13955.720027588583
137.1137144135,14.52359215,4.843154,818,30,1,10.005,9.716,,2.5,-7.2,9.68999,0.2456500000000012,,818-30-1,-17454.96888899265,-1184.461327674009,4.848148906386688,,9.68999,0.2456500000000012,,,10698.118165335482,-13655.8215858824,10701.16010693826,-13840.666888489419
138.2548904153,18.0420294175,4.843247,1404,1826,1,12.354,11.435,,-18.4,-21.5,11.35229,0.7811499999999989,,1404-1826-1,-13236.954515411555,11440.122566345124,4.848263049480981,,11.35229,0.7811499999999989,,,17338.71480026133,-2282.342241123099,17342.944310959872,-2305.5697350157207
137.1370509932,15.5999179231,4.843028,1401,93,1,11.467,10.881,,-14.3,2.9,10.82826,0.4981000000000002,,1401-93-1,-17286.587254455353,2701.6253056549012,4.8485113918175005,,10.82826,0.4981000000000002,,,13492.161304873445,-10999.653251700654,13495.749364538287,-11135.062967384918
138.6948032834,11.3769598447,4.846627,822,236,1,12.238,11.865,,-0.6,-3.5,11.83143,0.3170499999999994,,822-236-1,-12091.884716176208,-12647.944514039416,4.848978723087806,,11.83143,0.3170499999999994,,,-1431.9387568466582,-17171.055126194642,-1432.400530546759,-17439.392338599744
139.6244181233,10.7038918042,4.849529,822,788,1,13.532,12.329,,-16.8,-0.3,12.22073,1.0225499999999994,,822-788-1,-8824.253549846953,-15117.541169228936,4.850738345402846,,12.22073,1.0225499999999994,,,-5446.813832820714,-16387.38974062824,-5448.515001425001,-16634.938713279582
137.12287722,14.37736194,4.849705,818,31,1,12.669,12.344,,0.0,0.0,12.31475,0.2762500000000009,,818-31-1,-17434.725282493746,-1713.1736537648394,4.85465281916935,,12.31475,0.2762500000000009,,,10289.348452758108,-13984.80148360779,10292.303345715733,-14176.498209492844
147.0918092458,14.3182655116,4.860812,834,1239,1,11.672,10.992,,-42.9,-10.2,10.9308,0.5779999999999997,,834-1239-1,17414.311543475425,-1926.6310344695175,4.855168705293132,,10.9308,0.5779999999999997,,,-12997.404931293406,11668.527710724786,-13000.925297470092,11745.045554862932
146.74187194,13.0619073808,4.862394,834,52,1,11.318,9.539,,0.0,-24.9,9.37889,1.51215,,834-52-1,16281.614369817868,-6490.671343123218,4.857132968657213,,9.37889,1.51215,,,-15658.361671971816,7813.478867481844,-15662.414577492236,7868.198686781049
147.1372448533,14.8458531739,4.86338,834,1426,1,11.053,10.629,,0.4,5.9,10.59084,0.360400000000001,,834-1426-1,17531.890247707102,-16.93443683017268,4.858294661147942,,10.59084,0.360400000000001,,,-11647.523465343102,13017.256338572124,-11650.73398345255,13100.681664692984
137.3441798775,13.4067259569,4.85417,818,566,1,11.982,11.486,,-14.0,2.9,11.44136,0.4215999999999988,,818-566-1,-16733.377820580834,-5235.568357838181,4.858685130074395,,11.44136,0.4215999999999988,,,7190.1771260013265,-15758.361804365457,7192.369573367332,-15990.213545666142
137.326948526,13.457821365,4.85401,818,91,1,12.58,11.371,,-41.7,-4.7,11.26219,1.0276499999999995,,818-91-1,-16790.899837996312,-5049.953680503158,4.858836444399838,,11.26219,1.0276499999999995,,,7367.13340479336,-15680.064349976856,7369.373338426063,-15910.01842059749
140.6174333231,19.551685095,4.85695,1405,371,1,11.504,10.418,,-51.3,-25.5,10.32026,0.9231000000000004,,1405-371-1,-5085.705472405373,16784.527156168057,4.8600033907122855,,10.32026,0.9231000000000004,,,15924.886012264722,7286.931183505279,15928.985211862891,7338.404603757255
137.1733303122,14.0216252303,4.857097,818,92,1,11.836,10.191,,4.2,-8.9,10.04295,1.3982499999999995,,818-92-1,-17285.996563331166,-3002.2316321484873,4.861845358432641,,10.04295,1.3982499999999995,,,9226.788231531684,-14713.462375651294,9229.50042262091,-14920.9716141214
140.6356250235,19.5597124564,4.859551,1405,327,1,11.427,10.419,,5.1,1.9,10.32828,0.8567999999999992,,1405-327-1,-5022.048250277445,16813.8089778395,4.862678923407703,,10.32828,0.8567999999999992,,,15904.530866507122,7353.565234271246,15908.62767274235,7405.451136929321
143.9254288493,10.3760092933,4.866555,824,812,1,13.188,11.561,,-60.9,-26.4,11.41457,1.3829500000000006,,824-812-1,6446.753773354678,-16322.466787883539,4.8631379296602555,,11.41457,1.3829500000000006,,,-16482.827861749018,-5950.520614082672,-16486.90986915301,-6013.764147541206
146.8640789661,16.55959009,4.868978,1411,206,1,11.496,11.075,,-3.7,-3.0,11.037109999999998,0.3578500000000009,,1411-206-1,16442.37173758084,6151.400265363747,4.864770054169083,,11.037109999999998,0.3578500000000009,,,-6312.431930611174,16281.658921074704,-6314.25168672947,16380.523166802455
143.2246210331,10.16207108,4.869231,824,1863,1,12.59,11.825,,3.2,18.6,11.75615,0.6502500000000004,,824-1863-1,3961.3563067040163,-17108.181563706818,4.866269309038447,,11.75615,0.6502500000000004,,,-15420.758998921261,-8300.250652870447,-15424.67442682432,-8394.143138635163
145.6740741336,11.4915905389,4.871565,831,1404,1,12.996,12.053,,-12.5,-60.2,11.96813,0.8015499999999997,,831-1404-1,12608.081655779553,-12227.791316518726,4.867057464619631,,11.96813,0.8015499999999997,,,-17510.26999857608,1303.5261639948646,-17514.57363322397,1312.3695994333084
137.4626269256,16.8296465022,4.861769,1401,564,1,11.551,10.97,,-12.8,14.9,10.91771,0.4938499999999995,,1401-564-1,-16057.605009637236,7118.346006480915,4.867331646316416,,10.91771,0.4938499999999995,,,15979.1398522301,-7204.954436596961,15983.143574289677,-7283.999587943167
138.1107680106,11.9792835875,4.864542,822,300,1,11.15,11.148,,-8.2,1.9,11.14782,0.0017000000000005,,822-300-1,-14126.070323850974,-10441.291025428969,4.867715455143003,,11.14782,0.0017000000000005,,,1567.76530437883,-17226.033893852495,1568.2720958075354,-17495.91219987122
139.6841130418,10.651583105,4.866538,822,1242,1,12.207,11.605,,-9.4,-13.0,11.55082,0.5117000000000003,,822-1242-1,-8614.027591464353,-15309.066751878941,4.867735668846046,,11.55082,0.5117000000000003,,,-5729.520322454744,-16358.029855489276,-5731.307833983953,-16604.851901541046
138.1640799298,17.9669308822,4.862926,1404,395,1,12.289,10.263,,0.9,1.0,10.08066,1.7220999999999995,,1404-395-1,-13553.824112652203,11175.613821182847,4.867982898054831,,10.08066,1.7220999999999995,,,17351.231565312522,-2690.838877678868,17355.46617053989,-2718.140239239482
146.8469705585,16.6172191725,4.872865,1411,110,1,12.584,11.723,,-22.3,-42.3,11.645510000000002,0.731849999999999,,1411-110-1,16378.028386010981,6357.187668280487,4.868400120703054,,11.645510000000002,0.731849999999999,,,-6115.867484810777,16369.751807591507,-6117.632787243876,16469.00780081051
142.6055446447,10.0608505589,4.870888,823,1203,1,12.869,11.818,,3.5,6.7,11.72341,0.8933500000000001,,823-1203-1,1760.4908139485108,-17480.983322233064,4.868639159338983,,11.72341,0.8933500000000001,,,-14238.779470289968,-10165.84604678585,-14242.504339736111,-10287.622463464686
142.1844046459,10.0321666117,4.875632,823,971,1,11.856,11.538,,-3.0,-8.7,11.50938,0.2702999999999996,,823-971-1,262.1573683681956,-17586.733786489203,4.873955922122459,,11.50938,0.2702999999999996,,,-13323.396740087672,-11337.20794694532,-13326.96610202945,-11478.410442129292
138.9061111981,11.16075351,4.873117,822,346,1,10.507,10.045,,17.1,-8.5,10.00342,0.3926999999999997,,822-346-1,-11353.18125598055,-13439.214441981587,4.875094688866356,,10.00342,0.3926999999999997,,,-2513.741708664695,-17144.536604654455,-2514.5515114902028,-17412.186541177973
146.5865188467,17.2032871128,4.879791,1410,82,1,12.896,11.652,,-25.9,7.0,11.54004,1.0574000000000012,,1410-82-1,15431.127468513276,8455.662306895982,4.875962317279721,,11.54004,1.0574000000000012,,,-3918.4883233151004,17051.581941678563,-3919.630420263853,17153.84555621014
137.6746220796,17.2765852878,4.87181,1401,165,1,13.237,11.723,,2.9,-19.6,11.58674,1.2868999999999997,,1401-165-1,-15290.007085051348,8715.922948844252,4.877009976700693,,11.58674,1.2868999999999997,,,16664.29010569093,-5590.469991286661,16668.40616534333,-5649.412838363313
146.8722725994,16.5804727683,4.883268,1411,631,1,10.889,10.345,,13.1,-27.5,10.29604,0.4623999999999988,,1411-631-1,16469.67620738441,6226.894471612794,4.8791468997888545,,10.29604,0.4623999999999988,,,-6274.105113700767,16351.889127049479,-6275.9156648253265,16451.058680361122
137.9975941151,17.7752613519,4.874433,1404,542,1,13.075,12.247,,-1.9,-4.7,12.17248,0.7037999999999994,,1404-542-1,-14140.138954569358,10494.533175551114,4.879572158842802,,12.17248,0.7037999999999994,,,17231.088499853544,-3572.373977835232,17235.30202850686,-3608.7560479224667
137.9855417824,12.1254931992,4.876515,822,598,1,12.238,11.576,,-1.6,-14.5,11.51642,0.5626999999999992,,822-598-1,-14559.72064872724,-9906.321389720755,4.879900335466965,,11.51642,0.5626999999999992,,,2255.5092379802027,-17196.03907355102,2256.237450655777,-17465.109831079593
138.2639237275,18.1020600703,4.875366,1404,1753,1,12.336,11.857,,13.1,-13.7,11.81389,0.4071500000000008,,1404-1753-1,-13201.265904635846,11656.848293943658,4.880173310298196,,11.81389,0.4071500000000008,,,17477.077094735487,-2113.404645750765,17481.340372969218,-2135.0111000465185
138.2618207193,11.77474104,4.877986,822,557,1,10.702,9.342,,-16.6,-10.9,9.2196,1.1559999999999997,,822-557-1,-13604.143952720127,-11189.13869793711,4.88106595459389,,9.2196,1.1559999999999997,,,662.2827138739847,-17329.248732959295,662.4977592501178,-17602.007107344336
137.8026746924,12.3909295442,4.879692,815,348,1,10.678,9.368,,14.2,-3.9,9.2501,1.1135000000000004,,815-348-1,-15188.318077193153,-8936.00898075655,4.883161049768216,,9.2501,1.1135000000000004,,,3398.1122671443645,-17026.664830628997,3399.2015926864456,-17291.115957347458
137.1424159453,15.8675149133,4.880421,1401,252,1,12.097,12.045,,7.1,-2.4,12.04032,0.0441999999999996,,1401-252-1,-17245.692535280006,3667.7093893367687,4.885732565082837,,12.04032,0.0441999999999996,,,14187.403265906038,-10338.607732079421,14191.127017002698,-10463.16955675166
137.3005350254,16.4646790475,4.880883,1401,625,1,13.051,12.16,,-13.2,-24.9,12.07981,0.75735,,1401-625-1,-16648.405231269182,5811.64090066652,4.8863469099515155,,12.07981,0.75735,,,15394.139223424334,-8496.584432408403,15398.058733055906,-8593.273762438424
137.7009147884,12.5542898942,4.882574,818,454,1,9.866,9.315,,-13.3,-16.9,9.26541,0.4683500000000001,,818-454-1,-15537.409593614986,-8339.758369015486,4.886488434436122,,9.26541,0.4683500000000001,,,4075.566891908216,-16895.47236663635,4076.8663017762915,-17156.39320168345
137.2373507289,13.65111821,4.881883,818,380,1,11.58,11.177,,-6.3,-8.1,11.14073,0.3425500000000004,,818-380-1,-17090.480171514308,-4345.402049926074,4.886522563698934,,11.14073,0.3425500000000004,,,8092.728985575464,-15442.074018976597,8095.168629247433,-15666.374064616311
137.668649863,17.2861150261,4.88135,1401,780,1,11.788,11.435,,-1.6,-9.8,11.40323,0.3000499999999997,,1401-780-1,-15310.091566489948,8751.11595847301,4.8866312677395465,,11.40323,0.3000499999999997,,,16703.933457839186,-5582.216919272517,16708.05919794558,-5641.071895561684
144.4737830502,19.2409765,4.889214,1413,521,1,12.386,12.432,,-41.4,-16.8,12.43614,-0.0391000000000009,,1413-521-1,8057.085743869005,15692.38022008305,4.888089192329035,,12.43614,-0.0391000000000009,,,6385.852192821709,16343.645790982619,6387.694804082495,16442.77296399891
137.8193394926,17.5359556756,4.882967,1404,471,1,12.381,11.622,,-10.0,-12.8,11.55369,0.6451500000000002,,1404-471-1,-14771.804216020939,9642.54223722242,4.888225140204654,,11.55369,0.6451500000000002,,,17013.24304832667,-4599.202528110486,17017.420453321774,-4646.743129110704
143.0467533685,10.1004098,4.893794,824,1845,1,11.967,11.441,,-13.3,-1.9,11.39366,0.4470999999999998,,824-1845-1,3329.221518689465,-17334.304206820718,4.891170908654598,,11.39366,0.4470999999999998,,,-15170.277616569296,-8914.29801482485,-15174.163761181191,-9017.015714966954
138.8134284045,11.2150534392,4.889936,822,140,1,9.774,9.37,,-18.5,-9.7,9.33364,0.3433999999999999,,822-140-1,-11680.251757053984,-13239.022912691511,4.892250243142885,,9.33364,0.3433999999999999,,,-2147.018524348386,-17253.24042814707,-2147.713430951867,-17523.907549671858
142.7775301028,19.7567560467,4.891791,1406,624,1,11.556,10.372,,7.1,-13.6,10.26544,1.0063999999999993,,1406-624-1,2266.843974142237,17510.652232840617,4.892730622336184,,10.26544,1.0063999999999993,,,11588.053093720666,13234.833744443713,11591.25666628932,13319.32025738549
143.8950524183,10.3310127156,4.897922,824,1246,1,12.71,11.451,,-8.6,8.8,11.33769,1.0701500000000002,,824-1246-1,6341.448867461254,-16485.217171356082,4.894407942646711,,11.33769,1.0701500000000002,,,-16534.62407866912,-6135.033728339596,-16538.72543241997,-6200.558039114253
145.3706031464,18.6771682936,4.896918,1413,557,1,12.304,11.385,,-53.4,0.7,11.30229,0.7811500000000003,,1413-557-1,11150.21566616333,13699.917879366434,4.894710031858901,,11.30229,0.7811500000000003,,,2843.430065595702,17329.987881042653,2844.2621625192733,17433.45152441716
137.1116269627,14.1648768433,4.890515,818,365,1,12.802,12.015,,-12.4,8.4,11.944170000000002,0.6689499999999992,,818-365-1,-17491.810688405087,-2479.6782070076556,4.895468566027655,,11.944170000000002,0.6689499999999992,,,9754.087155251738,-14524.642682538704,9756.936949851126,-14728.015023279238
146.7814955369,13.05389333,4.901085,834,99,1,12.679,11.819,,7.0,-4.2,11.7416,0.7309999999999995,,834-99-1,16422.26602471688,-6516.511939426096,4.895808075824805,,11.7416,0.7309999999999995,,,-15771.022033541482,7901.013084641983,-15775.108276438088,7956.237057171419
146.8491186645,16.6954057916,4.901963,1411,586,1,11.996,11.293,,-43.4,-18.2,11.22973,0.597550000000001,,1411-586-1,16378.874204832153,6640.5552843770965,4.89743681079933,,11.22973,0.597550000000001,,,-5904.5575465726515,16557.671438173264,-5906.26649132083,16657.746271212218
139.4780857991,10.7341342117,4.896314,822,1022,1,12.357,11.807,,-38.0,-7.5,11.7575,0.4674999999999991,,822-1022-1,-9343.517671848087,-15003.850158551728,4.897845164120116,,11.7575,0.4674999999999991,,,-5017.200813646393,-16692.279176994234,-5018.787270418507,-16947.820402597426
137.4637349582,16.9099071342,4.892232,1401,2161,1,12.368,11.66,,-27.1,7.5,11.59628,0.6018000000000001,,1401-2161-1,-16048.090580521315,7408.1554446431355,4.897885229761466,,11.59628,0.6018000000000001,,,16189.524776839397,-7007.986032906795,16193.573222320656,-7084.5017231954
138.3939839076,18.2710028308,4.89512,1404,1619,1,11.971,11.154,,-25.9,-5.7,11.08047,0.6944500000000001,,1404-1619-1,-12744.659880093457,12259.181036325137,4.900161614232906,,11.08047,0.6944500000000001,,,17624.4133189534,-1379.0580273201242,17628.713429236082,-1393.6778575167323
140.0678353504,19.4009540175,4.897189,1405,490,1,12.217,11.627,,-36.1,-35.7,11.5739,0.5014999999999998,,1405-490-1,-6962.48132459155,16257.201966360482,4.900620718044828,,11.5739,0.5014999999999998,,,16776.204089540206,5544.551592133324,16780.450689564404,5584.732457819555
139.6775934089,10.6153052078,4.901473,822,1155,1,12.106,12.231,,-11.9,6.1,12.24225,-0.10625,,822-1155-1,-8638.69141827137,-15439.808777967937,4.902506377029991,,12.24225,-0.10625,,,-5810.895583071355,-16460.57867219725,-5812.716059814371,-16710.08726872216
146.2169588542,17.8271081667,4.907456,1413,158,1,11.701,11.46,,6.1,-24.8,11.43831,0.2048499999999997,,1413-158-1,14112.006530065431,10681.833259629184,4.904342087986759,,11.43831,0.2048499999999997,,,-1378.6324564061147,17540.70371695731,-1379.0371280719137,17645.0714560903
140.6983795285,10.1988610833,4.904437,823,756,1,11.505,10.882,,-7.5,-9.2,10.82593,0.529550000000001,,823-756-1,-5022.134666317063,-16971.54529240635,4.904380228530443,,10.82593,0.529550000000001,,,-9356.279423100243,-14812.318421875678,-9359.039198821978,-15022.102765383363
147.0714459486,13.9183033311,4.910127,834,467,1,13.96,11.759,,-7.3,-10.7,11.56091,1.8708500000000003,,834-467-1,17376.039660984763,-3373.0518055052776,4.904762281661442,,11.56091,1.8708500000000003,,,-14053.522732389296,10685.029608857354,-14057.282991783597,10756.255281074813
142.2724810655,19.8103549278,4.905796,1406,340,1,12.083,11.502,,-4.7,-27.7,11.44971,0.4938499999999995,,1406-340-1,548.9834616717526,17700.366994408825,4.907099605616093,,11.44971,0.4938499999999995,,,12869.992719744285,12081.85056032285,12873.497430961777,12160.486769573463
138.3180966959,11.6711714975,4.904437,822,996,1,12.339,10.957,,-2.6,-22.5,10.83262,1.1746999999999996,,822-996-1,-13410.714058380956,-11566.904985463396,4.907381183018171,,10.83262,1.1746999999999996,,,251.48497018793938,-17432.428759975537,251.5670006644349,-17708.112732377107
145.905125965,11.6692414356,4.914739,831,149,1,11.347,11.056,,-9.5,4.6,11.02981,0.2473500000000003,,831-149-1,13416.838576948197,-11572.566276636844,4.90967960019136,,11.02981,0.2473500000000003,,,-17557.069858758157,2335.1662155188474,-17561.408765998625,2352.184044786096
137.034968004,14.7113961933,4.905838,818,39,1,8.896,7.478,44838.0,-22.9,-9.4,7.35038,1.205300000000001,44838.0,818-39-1,-17716.52124745546,-499.99881596681155,4.911152197627171,7.35,7.35,1.213,78347.0,K0,11383.473370051986,-13402.146777774507,11386.687111463689,-13581.917410776128
144.0844722168,19.441791161,4.912815,1413,288,1,10.428,9.71,47140.0,-75.1,-9.2,9.64538,0.6103,47140.0,1413-288-1,6721.00744537482,16403.561910600307,4.9121140514404145,9.63,9.63,0.638,,F5,7804.26428560278,15818.885806600187,7806.499655482984,15915.632176091187
143.9096865415,10.3174338656,4.915674,824,1828,1,12.497,11.872,,0.9,-9.2,11.81575,0.53125,,824-1828-1,6394.1471847962175,-16534.624016314847,4.912348341189425,,11.81575,0.53125,,,-16606.539444215872,-6128.479926460271,-16610.65865712704,-6193.9428927092995
146.9618002541,13.477744133,4.919931,834,142,1,8.951,7.635,48060.0,64.9,-18.5,7.51656,1.1186000000000005,48060.0,834-142-1,17027.010233208606,-4972.92323824748,4.9152260191672585,7.52,7.52,1.118,84780.0,K0,-15018.161182445228,9369.318337399396,-15022.116930429516,9433.188535367932
147.0024907866,13.5958687189,4.923873,834,375,1,11.933,10.995,,1.5,-55.0,10.91058,0.7973000000000005,,834-375-1,17159.364387273796,-4544.223097863754,4.918681212064025,,10.91058,0.7973000000000005,,,-14785.444231916503,9750.719487956507,-14789.356146156637,9816.755804263454
143.5479944586,19.6292846058,4.918839,1406,887,1,12.84,12.175,,-26.4,-33.5,12.115150000000002,0.5652499999999993,,1406-887-1,4889.552987365601,17064.28191620613,4.918709918082157,,12.115150000000002,0.5652499999999993,,,9513.716652940295,14892.044151952923,9516.40672490166,14984.506958130696
146.8026778244,16.8656342475,4.923756,1411,327,1,10.877,10.073,,-33.9,-22.5,10.00064,0.6834000000000002,,1411-327-1,16204.93519122033,7251.873630108163,4.919425572597658,,10.00064,0.6834000000000002,,,-5332.053657823454,16832.191390285047,-5333.603005605841,16933.466115279018
141.9864499629,19.8236806933,4.917785,1406,164,1,9.168,8.87,46419.0,-10.2,-1.4,8.843179999999998,0.2533,46419.0,1406-164-1,-423.4769938421528,17749.259486063667,4.919627081276409,8.85,8.85,0.317,81726.0,F0,13551.946935184707,11390.641795208747,13555.60507577528,11465.649397114654
138.9618571864,18.7945012758,4.91507,1405,940,1,8.756,8.427,45456.0,-22.0,10.3,8.39739,0.2796500000000005,45456.0,1405-940-1,-10767.00248469361,14117.540987755156,4.919764998516798,8.42,8.42,0.296,79661.0,A3,17701.39652803318,1310.1616252228978,17705.74789641397,1319.0138266828023
138.2362735117,18.1359117056,4.917278,1404,1887,1,11.744,11.219,,-8.0,-8.6,11.17175,0.4462500000000003,,1404-1887-1,-13294.837511041764,11781.47150981271,4.922268346538946,,11.17175,0.4462500000000003,,,17632.358102240996,-2100.7416632632285,17636.65978175674,-2122.2646216006265
138.2052989245,18.1016205667,4.917652,1404,1722,1,13.5,12.024,,11.0,-3.4,11.89116,1.2546000000000006,,1404-1722-1,-13403.070933525096,11659.772370657192,4.922554152539396,,11.89116,1.2546000000000006,,,17613.192680479355,-2260.910693169966,17617.49004444587,-2283.997968147001
139.2062067066,10.877610275,4.921483,822,602,1,12.128,12.01,,-11.6,-0.6,11.99938,0.1003000000000002,,822-602-1,-10302.323974613451,-14475.19696675021,4.923148610277202,,11.99938,0.1003000000000002,,,-3985.656348517477,-17048.85568267254,-3986.9353958417655,-17313.969869833414
147.127685431,14.0952370706,4.929402,834,844,1,11.877,10.684,,-8.3,-11.8,10.57663,1.0140500000000012,,834-844-1,17559.46865332906,-2729.6641022243093,4.92405484214715,,10.57663,1.0140500000000012,,,-13694.174331517228,11246.298537469358,-13697.864197224468,11320.53540839036
139.1600980825,10.9077824789,4.922775,822,670,1,11.769,10.841,,-18.9,3.1,10.75748,0.7888000000000007,,822-670-1,-10464.87962650454,-14364.230177696874,4.924511068652996,,10.75748,0.7888000000000007,,,-3794.81610964227,-17095.495827645937,-3796.036306472595,-17361.881308056218
143.7925749957,10.2616356425,4.928544,824,995,1,10.246,9.931,,-1.3,-11.7,9.90265,0.2677500000000011,,824-995-1,5979.139851315013,-16739.235459526866,4.925343393044957,,9.90265,0.2677500000000011,,,-16484.089308403538,-6569.200175020682,-16488.194142950175,-6640.148419685269
140.5015346845,10.2363321319,4.926075,823,1178,1,10.757,10.413,,-11.4,-1.1,10.38204,0.2923999999999995,,823-1178-1,-5721.519913149263,-16832.205593665723,4.92617181449325,,10.38204,0.2923999999999995,,,-8787.930502903286,-15233.217956208642,-8790.560560116197,-15452.669034924937
137.3415064703,13.1962975433,4.927691,818,102,1,13.31,12.034,,-3.7,-0.6,11.919160000000002,1.0845999999999998,,818-102-1,-16758.830874440064,-5995.942527616257,4.931990623282982,,11.919160000000002,1.0845999999999998,,,6638.525324757953,-16269.346222340153,6640.589751938976,-16514.0033553046
139.3381947029,10.7796173175,4.93081,822,790,1,12.627,11.816,,-4.0,4.7,11.74301,0.6893499999999999,,822-790-1,-9837.6918908972,-14834.384926313609,4.932218479637305,,11.74301,0.6893499999999999,,,-4562.544054320643,-16942.65609614376,-4564.001814285727,-17204.913406392556
137.3192636591,13.2520533258,4.928379,818,389,1,11.969,11.453,,-0.1,-47.1,11.40656,0.4386,,818-389-1,-16832.911633645785,-5794.179042637601,4.932840113598832,,11.40656,0.4386,,,6838.54278722572,-16192.752580120212,6840.663117391164,-16435.47239840215
138.4773802653,18.403452255,4.929531,1404,616,1,12.552,11.697,,-21.5,-9.0,11.62005,0.7267500000000003,,1404-616-1,-12450.10879400746,12732.665930548794,4.934439512157934,,11.62005,0.7267500000000003,,,17782.956255268713,-849.3117874969331,17787.29825185172,-859.0760043509287
142.5343125751,9.9849095467,4.940085,820,218,1,12.665,12.243,,-15.2,6.4,12.20502,0.3586999999999989,,820-218-1,1507.104527806782,-17756.741677344806,4.937900657828475,,12.20502,0.3586999999999989,,,-14276.775621069004,-10532.415453964186,-14280.537620320572,-10660.182190202
140.693679266,10.1651975939,4.938008,823,833,1,10.649,10.107,,-13.0,-32.2,10.05822,0.4606999999999998,,823-833-1,-5039.779357690771,-17094.137436587083,4.938176605243253,,10.05822,0.4606999999999998,,,-9436.219278540413,-14904.758297301536,-9439.011672829532,-15116.678514651427
140.7954171041,19.6825646391,4.93643,1405,103,1,12.873,11.872,,-35.6,-50.7,11.78191,0.8508499999999996,,1405-103-1,-4476.396272198809,17253.346423968054,4.9390055973634555,,11.78191,0.8508499999999996,,,15871.017918344478,8049.22413770454,15875.137039626517,8105.313712885401
138.680327305,18.5946720222,4.934541,1405,25,1,12.504,11.354,,-11.7,-15.5,11.2505,0.9775000000000004,,1405-25-1,-11742.336739762524,13411.068820983259,4.939184661605206,,11.2505,0.9775000000000004,,,17820.472615760722,121.74987652998401,17824.833658245763,120.59886813836621
142.3333315265,19.8431603116,4.940817,1406,337,1,13.38,11.485,,-32.9,-34.9,11.31445,1.610750000000001,,1406-337-1,754.9653911606089,17819.390273287692,4.941978927214826,,11.31445,1.610750000000001,,,12822.275787337843,12313.742127945006,12825.778229539967,12393.548937259877
146.6715670236,12.7116118425,4.947568,834,487,1,12.546,11.413,,-17.1,-32.3,11.31103,0.9630499999999992,,834-487-1,16059.033594976212,-7761.579296081266,4.94224195979317,,11.31103,0.9630499999999992,,,-16460.942046334658,6809.666330159964,-16465.159563628018,6858.075073823369
146.6876713416,12.7424690222,4.947733,834,361,1,11.79,11.085,,2.2,-11.2,11.02155,0.5992499999999985,,834-361-1,16114.16653259737,-7648.442710250662,4.942476652842509,,11.02155,0.5992499999999985,,,-16412.934270422866,6925.269602078731,-16417.144359413134,6974.4110872858655
140.1980250553,10.3281708275,4.942701,822,1096,1,12.585,11.176,,-7.5,4.3,11.04919,1.1976500000000003,,822-1096-1,-6798.340659011786,-16493.210043873052,4.94308234550034,,11.04919,1.1976500000000003,,,-7819.822171115446,-15799.990680193174,-7822.211034038981,-16032.979380210389
137.1061356592,13.9331673108,4.938764,818,572,1,11.063,10.436,,46.0,-66.3,10.37957,0.5329500000000006,,818-572-1,-17528.430042534383,-3318.4278808632334,4.943193701336391,,10.37957,0.5329500000000006,,,9151.227439754268,-15095.888422961476,9153.95332778889,-15312.183444211292
146.9182769141,13.2601395933,4.949928,834,138,1,11.583,10.774,,-16.1,-27.6,10.70119,0.6876500000000009,,834-138-1,16888.46784440668,-5762.612956069751,4.94450898880742,,10.70119,0.6876500000000009,,,-15516.69201066169,8745.130952053589,-15520.750271637562,8805.360027760491
144.66750968,10.6355687525,4.948279,824,257,1,12.074,11.291,,-14.9,-72.1,11.22053,0.6655499999999995,,824-257-1,9076.846977472422,-15364.63654991473,4.94476510486847,,11.22053,0.6655499999999995,,,-17512.193453083783,-3376.5224435464825,-17516.47423378126,-3410.9145079729274
136.9934554277,14.9138135036,4.939806,818,85,1,12.029,11.412,,1.6,-4.7,11.356470000000002,0.5244499999999992,,818-85-1,-17844.615661702588,234.62860299647357,4.944951671197688,,11.356470000000002,0.5244499999999992,,,12017.782639609293,-13017.866579005233,12021.139512610393,-13190.055478033066
143.7735909852,10.2343718033,4.948158,824,1101,1,12.024,10.127,,8.0,-6.8,9.95627,1.6124499999999986,,824-1101-1,5912.601936356268,-16838.2956757998,4.944964835898456,,9.95627,1.6124499999999986,,,-16513.993925023373,-6683.260086893455,-16518.110888695963,-6755.66988478639
138.3838168667,11.5445733642,4.942502,822,706,1,12.961,11.791,,8.2,-21.3,11.6857,0.9945,,822-706-1,-13185.096896431205,-12028.10341170044,4.945235107970809,,11.6857,0.9945,,,-243.04869892250576,-17566.012129117207,-243.1284522273374,-17845.529983908018
137.3106221113,16.6741198014,4.940373,1401,822,1,10.921,9.72,,0.9,-5.9,9.61191,1.020849999999999,,1401-822-1,-16596.627705021794,6568.1936521426405,4.945753898837608,,9.61191,1.020849999999999,,,15925.478876265192,-7963.034733604897,15929.505768850599,-8052.332891237543
145.9328964532,11.6452043614,4.950982,831,475,1,12.459,11.504,,-8.5,-29.3,11.41805,0.8117500000000001,,831-475-1,13516.842140253819,-11659.131437977177,4.946148924672243,,11.41805,0.8117500000000001,,,-17688.16245217041,2352.3910758788425,-17692.53462109736,2369.5117669774218
145.2334836243,11.0053384747,4.951077,824,1890,1,12.242,11.015,,-19.7,4.1,10.90457,1.0429500000000005,,824-1890-1,11070.571530517194,-14004.324317111206,4.946444594006898,,10.90457,1.0429500000000005,,,-17818.240603962255,-1005.6185343735237,-17822.590356443547,-1016.8218022543007
140.8021529733,10.1257422655,4.947659,823,1130,1,10.955,9.798,,-60.4,-25.1,9.69387,0.98345,,823-1130-1,-4655.981866445815,-17238.61987158273,4.947753578660779,,9.69387,0.98345,,,-9798.960451993265,-14717.824131272126,-9801.842156837403,-14925.550996531027
140.5032371083,19.6099415677,4.945365,1405,683,1,13.76,11.544,,-62.2,-86.0,11.34456,1.8835999999999993,,1405-683-1,-5473.41754738159,16997.622024979442,4.947979560855484,,11.34456,1.8835999999999993,,,16341.527901191317,7139.410280937559,16345.7288301516,7189.895907675341
141.8991165186,9.96213882,4.949046,820,266,1,11.517,10.42,,-18.5,-54.5,10.32127,0.9324499999999996,,820-266-1,-753.5099145139811,-17841.724751261696,4.948114388421388,,10.32127,0.9324499999999996,,,-12839.932891739238,-12249.692271454225,-12843.448138001299,-12407.286537254255
137.04901917,15.71623833,4.943474,1401,3,1,12.93,11.861,,0.0,0.0,11.76479,0.9086499999999992,,1401-3-1,-17584.0075335065,3128.9992990919905,4.948832563041187,,11.76479,0.9086499999999992,,,14009.0902608861,-10939.28317439123,14012.81241470387,-11073.799970310867
142.9123205784,19.7952537108,4.948313,1406,850,1,12.493,11.525,,-5.4,-8.7,11.43788,0.8228,,1406-850-1,2724.393992003808,17652.397318970292,4.949152843243414,,11.43788,0.8228,,,11390.366628252965,13669.023033921396,11393.534235568537,13755.610904405155
145.4493461703,11.1756411866,4.952707,824,423,1,10.03,9.03,,61.1,-112.1,8.94,0.85,,824-423-1,11830.36304728465,-13382.358313565697,4.949272858481285,,8.94,0.85,,,-17857.426990007192,-33.19960457204249,-17861.79523258811,-35.70619428316288
146.4421237577,12.3016976928,4.954918,831,629,1,11.912,11.302,,-43.1,-10.6,11.2471,0.518500000000001,,831-629-1,15276.420801779099,-9256.939534204488,4.949388302327958,,11.2471,0.518500000000001,,,-17059.700779162675,5242.013072239588,-17064.008104485158,5280.112637341046
139.0431881173,18.8922339556,4.945823,1405,289,1,13.125,10.927,,-1.0,-6.7,10.72918,1.8683000000000003,,1405-289-1,-10483.04185457707,14466.132812176154,4.950184724456346,,10.72918,1.8683000000000003,,,17773.577802650532,1750.409123039098,17777.95664359092,1762.7883148414783
146.2984166658,12.0870324744,4.957096,831,779,1,11.353,10.744,,-48.3,-8.0,10.68919,0.5176499999999999,,831-779-1,14782.348519232106,-10041.326296405357,4.951595823530969,,10.68919,0.5176499999999999,,,-17318.325983185558,4357.938517050701,-17322.66656091064,4389.907146447588
137.3310601944,13.1661069583,4.947942,818,261,1,12.68,12.094,,-36.4,-9.3,12.04126,0.4981000000000002,,818-261-1,-16798.91890341544,-6104.577363622342,4.952548272228121,,12.04126,0.4981000000000002,,,6583.898629426653,-16368.873152242662,6585.9542070780635,-16616.099069704993
137.1005451821,13.9148364314,4.947821,818,285,1,11.924,11.214,,-5.8,-9.5,11.1501,0.6034999999999991,,818-285-1,-17550.948429094824,-3382.7005264732807,4.952617010776942,,11.1501,0.6034999999999991,,,9118.111083824133,-15154.03942905765,9120.832686127058,-15371.690366522238
146.5386101567,12.4490231933,4.959103,831,1333,1,11.325,10.573,,-12.2,-0.3,10.50532,0.639199999999999,,831-1333-1,15608.176744590903,-8718.24974642313,4.953732165469829,,10.50532,0.639199999999999,,,-16877.070306565463,5843.6909220250345,-16881.354635506505,5885.824122555716
137.6389753135,17.37597053,4.949616,1401,397,1,12.225,11.25,,-3.9,-42.3,11.16225,0.8287499999999997,,1401-397-1,-15406.2811315368,9077.51413305358,4.9547475775935945,,11.16225,0.8287499999999997,,,17011.82334034797,-5439.1035155888885,17016.0219152106,-5496.34053901394
141.573596753,9.9783999394,4.956071,820,196,1,11.189,10.584,,-37.1,-1.1,10.52955,0.5142500000000003,,820-196-1,-1912.4332096888738,-17780.01654394122,4.954991396433977,,10.52955,0.5142500000000003,,,-12024.614661587164,-13060.041737034711,-12027.977460509936,-13233.0702141949
142.7761858761,19.8208925642,4.955206,1406,736,1,11.124,9.763,,11.4,-16.7,9.64051,1.1568500000000006,,1406-736-1,2261.684995141021,17743.13961738909,4.956130877387353,,9.64051,1.1568500000000006,,,11765.296809259118,13384.606452661532,11768.556274265062,13469.79234134159
141.1888980318,19.7866339026,4.957395,1405,60,1,7.703,6.633,46155.0,-91.6,-112.1,6.5367,0.9095000000000002,46155.0,1405-60-1,-3137.479518054883,17620.27802371072,4.9590875486637485,6.53,6.53,0.933,81192.0,G7III,15256.742832432567,9286.887974098627,15260.757965826788,9350.25356167083
137.2053235766,16.4176541591,4.953777,1401,1473,1,10.412,9.537,44894.0,-45.8,-68.1,9.45825,0.74375,44894.0,1401-1473-1,-16983.99109768999,5648.504379009165,4.95942320221399,9.37,9.37,0.78,78451.0,G5,15494.85369870588,-8850.680473987766,15498.820138422096,-8952.548779143666
137.1043566238,13.865314035,4.954922,818,436,1,13.007,12.404,,2.5,-2.9,12.34973,0.5125499999999997,,818-436-1,-17541.3368026302,-3561.7449767148887,4.959600098744505,,12.34973,0.5125499999999997,,,8977.85667962036,-15263.15839720787,8980.546738366962,-15483.355720982216
144.4964021192,19.310553405,4.960614,1413,2,1,11.339,10.606,,-4.1,6.6,10.54003,0.6230500000000004,,1413-2-1,8132.581487296786,15946.200729137368,4.959874842719318,,10.54003,0.6230500000000004,,,6525.519657508125,16567.647061917793,6527.408794195904,16667.727312831914
139.9204742136,10.4275874325,4.960603,822,549,1,12.787,12.002,,-47.1,-47.1,11.93135,0.6672500000000001,,822-549-1,-7783.19514059098,-16127.853298715227,4.961919647712227,,11.93135,0.6672500000000001,,,-6893.0506708973835,-16281.986861820713,-6895.195542213935,-16527.009924848324
147.2232525943,15.4441543558,4.968336,1411,502,1,12.393,11.941,,-27.5,-57.9,11.90032,0.3841999999999999,,1411-502-1,17782.793925056696,2149.589566285519,4.963172044686008,,11.90032,0.3841999999999999,,,-10194.095708909937,14635.293076109545,-10196.968214492495,14726.51806494493
143.8946700879,10.2573236233,4.96676,824,1030,1,10.475,9.428,47072.0,-9.9,-6.2,9.33377,0.889949999999999,47072.0,824-1030-1,6342.201627339442,-16752.751442445595,4.963400661119117,9.3,9.3,0.894,,G5,-16735.153102123666,-6309.83924691271,-16739.311303019047,-6377.5904129074
139.3762504104,19.1265965861,4.960858,1405,508,1,12.762,11.667,,-0.4,-8.2,11.56845,0.9307500000000004,,1405-508-1,-9332.882502565608,15296.254575714349,4.964938719746153,,11.56845,0.9307500000000004,,,17630.914124524304,3150.8505521850393,17635.294273183306,3174.0346170116554
146.1270131598,11.8413206961,4.970125,831,1746,1,12.059,11.396,,7.0,-9.7,11.33633,0.5635499999999987,,831-1746-1,14192.935158977041,-10939.32644331161,4.965170825047697,,11.33633,0.5635499999999987,,,-17598.628313215493,3328.4722284845006,-17603.005733510076,3352.977871425868
141.6391801904,9.9599427167,4.968146,820,256,1,12.989,11.605,,-6.4,-7.8,11.48044,1.1764000000000003,,820-256-1,-1678.3441210172784,-17847.49484388762,4.967029321260778,,11.48044,1.1764000000000003,,,-12230.428894676272,-12932.242063748648,-12233.837477379486,-13102.790991548969
144.0346080235,19.52140619,4.968262,1413,685,1,11.877,11.089,,-34.4,29.7,11.01808,0.6698000000000002,,1413-685-1,6549.602648953525,16691.265918482277,4.968149904435905,,11.01808,0.6698000000000002,,,8133.121144441082,15881.429705284236,8135.452984698298,15978.424751972081
146.9639786498,13.3091515749,4.97549,834,1115,1,11.735,10.697,,-92.3,-27.4,10.60358,0.8823000000000002,,834-1115-1,17043.801974564227,-5582.380113745125,4.969368297084701,,10.60358,0.8823000000000002,,,-15485.00933911754,8979.594314201368,-15489.070295400832,9041.175524600303
143.4871541045,10.12036203,4.973081,824,184,1,12.157,11.128,,31.0,-15.6,11.03539,0.8746499999999999,,824-184-1,4896.9521112774955,-17256.718664359916,4.970293034739881,,11.03539,0.8746499999999999,,,-16152.761818486715,-7707.183736152976,-16156.833668693365,-7793.022830916679
138.6068525487,11.2886076361,4.970024,822,1197,1,11.997,10.844,,-12.5,-7.7,10.74023,0.9800500000000004,,822-1197-1,-12409.275307150187,-12964.178785283306,4.972486993443811,,10.74023,0.9800500000000004,,,-1457.7385922497326,-17605.989721203212,-1458.2178204479758,-17886.689073542053
145.2778803278,11.00609303,4.977241,824,977,1,11.941,11.557,,-26.5,7.2,11.52244,0.3264000000000003,,824-977-1,11228.043364025898,-13999.851069377337,4.972523421149041,,11.52244,0.3264000000000003,,,-17919.402708117428,-885.9477892954782,-17923.77825695303,-896.0807691116682
143.6067692627,10.1513642583,4.976444,824,921,1,11.055,10.616,,-3.5,25.1,10.57649,0.37315,,824-921-1,5320.916812791822,-17141.321784749005,4.973078579834306,,10.57649,0.37315,,,-16347.864293906237,-7318.685531598986,-16351.966956646831,-7399.340842648864
146.8943445408,16.7974480058,4.979165,1411,449,1,12.177,10.738,,-8.2,-31.9,10.60849,1.22315,,1411-449-1,16528.86153248704,7012.790962730817,4.9749631796761316,,10.60849,1.22315,,,-5725.77432361844,16915.41276447334,-5727.440209338246,17017.018813398146
144.1086918079,10.3264419233,4.980199,824,1049,1,12.873,12.205,,-2.1,-3.3,12.14488,0.5677999999999993,,824-1049-1,7101.603275583629,-16497.582115345318,4.9766555883797965,,12.14488,0.5677999999999993,,,-17048.368863733125,-5581.316015338968,-17052.580894457216,-5640.254389150917
141.3958363539,19.8351937044,4.974242,1406,35,1,11.36,10.932,,-7.3,11.6,10.89348,0.3637999999999992,,1406-35-1,-2430.982031186729,17796.303704252183,4.976771583406124,,10.89348,0.3637999999999992,,,14919.46044313203,9928.491012094479,14923.41663258971,9995.485740077062
136.9612006836,15.104232915,4.972635,1401,303,1,13.206,12.423,,-10.4,-8.7,12.35253,0.6655499999999995,,1401-303-1,-17942.027778156822,925.0478617399626,4.977953101636351,,12.35253,0.6655499999999995,,,12598.67737742995,-12639.653318703944,12602.161468966899,-12804.5929513104
139.4047010546,19.1601643033,4.975176,1405,138,1,13.319,11.938,,-4.1,-25.6,11.81371,1.17385,,1405-138-1,-9234.289145078868,15415.896287806132,4.979102921394807,,11.81371,1.17385,,,17654.933764891717,3302.888166065145,17659.324576800605,3327.192489551102
141.9867362455,19.8844798628,4.978626,1406,1280,1,11.618,10.777,,1.4,-28.7,10.70131,0.7148500000000009,,1406-1280-1,-422.07874093013794,17969.04315449606,4.980197468333453,,10.70131,0.7148500000000009,,,13715.341321720984,11536.853330290667,13719.050862943275,11612.592551694293
146.6749031101,17.266677675,4.983899,1411,191,1,11.711,11.419,,5.6,-9.9,11.39272,0.2481999999999998,,1411-191-1,15733.14255618238,8691.57658978336,4.980278881189451,,11.39272,0.2481999999999998,,,-3942.521428651037,17432.4704174047,-3943.6770260482085,17536.324866500636
147.216086523,14.2735776533,4.986093,834,65,1,11.571,10.196,,-7.4,-3.3,10.07225,1.16875,,834-65-1,17855.550515196097,-2078.375990626731,4.980777734661264,,10.07225,1.16875,,,-13403.676413675696,11896.68695434111,-13407.31831325938,11974.311947083792
137.6037251882,12.530383515,4.97708,818,479,1,12.454,11.51,,-4.1,-16.2,11.42504,0.8024000000000007,,818-479-1,-15882.619000941913,-8420.381920487804,4.98093176110041,,11.42504,0.8024000000000007,,,4244.355647809476,-17198.789121651167,4245.726647843195,-17468.09157428933
137.3219886318,13.1102504189,4.976645,818,496,1,12.894,11.664,,-9.9,-11.6,11.5533,1.0455000000000003,,818-496-1,-16834.57299105747,-6305.941077450936,4.980987909547779,,11.5533,1.0455000000000003,,,6456.9956447753275,-16525.136500488443,6459.02432231696,-16776.43422981324
146.8957265058,16.81373963,4.986468,1411,431,1,12.465,11.602,,-37.5,-9.0,11.52433,0.7335499999999996,,1411-431-1,16531.58835519458,7072.389333391634,4.982094727253934,,11.52433,0.7335499999999996,,,-5683.022872729352,16956.837588155766,-5684.677318760607,17058.620935182396
142.6512757052,9.9509215761,4.984839,820,268,1,10.979,9.884,,-19.8,-4.6,9.78545,0.930749999999999,,820-268-1,1923.5381080174893,-17879.694783059153,4.9826418951985465,,9.78545,0.930749999999999,,,-14645.088282808301,-10306.197039948152,-14648.931117768805,-10430.354811568506
147.2312867155,15.566056505,4.989132,1411,808,1,9.387,8.747,48151.0,15.5,-12.9,8.6894,0.5440000000000005,48151.0,1411-808-1,17801.834604182914,2591.903868746078,4.984479623273105,8.68,8.68,0.588,,G0,-9876.010703566342,14941.723618208587,-9878.805465402984,15034.376725233156
147.2698271424,14.9190412194,4.990325,834,1402,1,10.188,9.74,,-15.2,-12.2,9.69968,0.3808000000000003,,834-1402-1,17990.00083777326,257.5665432254066,4.985117002646202,,9.69968,0.3808000000000003,,,-11746.280613732348,13539.588206497472,-11749.541746455146,13625.517950359987
147.2099416395,15.7337348289,4.991841,1411,452,1,11.299,10.701,,-19.1,-16.3,10.64718,0.5082999999999991,,1411-452-1,17712.426367006272,3195.82238752108,4.986931294607256,,10.64718,0.5082999999999991,,,-9365.127245042717,15274.204614913237,-9367.789694018846,15368.404106732542
142.9611647584,19.8261790325,4.986276,1406,738,1,13.018,11.552,,-14.1,-9.9,11.42006,1.2461000000000009,,1406-738-1,2889.813029653771,17765.343540123737,4.987047103025157,,11.42006,1.2461000000000009,,,11365.027413857742,13866.77613259391,11368.196637629584,13954.302406539928
137.0547398395,13.9546756317,4.983094,818,143,1,13.045,12.437,,-5.2,-17.8,12.38228,0.5168000000000005,,818-143-1,-17708.872876041103,-3235.5703521879877,4.987924991340758,,12.38228,0.5168000000000005,,,9332.91568734804,-15173.968684793483,9335.703705457341,-15392.132092977108
142.429065677,9.9271267203,4.990075,820,182,1,11.375,9.557,,-7.4,-7.9,9.39338,1.5452999999999997,,820-182-1,1133.0681263822526,-17967.134171849317,4.98814442948515,,9.39338,1.5452999999999997,,,-14185.824044831304,-10944.923123754628,-14189.594135656604,-11079.58356589306
146.8559837983,12.9830589017,4.99563,834,746,1,10.501,8.781,,-22.4,0.6,8.6262,1.461999999999999,,834-746-1,16689.931475633064,-6767.571824795318,4.990074158378942,,8.6262,1.461999999999999,,,-16136.372564996862,7934.405571945464,-16140.555857087198,7989.762054613365
140.3210958078,19.5949338333,4.987731,1405,830,1,12.937,11.473,,-11.9,-40.8,11.34124,1.2443999999999988,,1405-830-1,-6092.740833056074,16950.576979366855,4.9907607027957175,,11.34124,1.2443999999999988,,,16717.388388291463,6648.139383546114,16721.665249374157,6695.480720613406
136.957347353,15.3158483394,4.986796,1401,143,1,12.577,12.028,,12.2,-16.1,11.97859,0.4666499999999995,,1401-143-1,-17937.198425576822,1689.660576385792,4.9919427774975125,,11.97859,0.4666499999999995,,,13167.206274993632,-12137.820007135357,13170.801738787526,-12293.413756132395
138.0629771171,11.8357837733,4.989604,822,426,1,12.044,11.34,,-32.2,-10.4,11.27664,0.5984000000000005,,822-426-1,-14305.443512255555,-10958.316125257967,4.992955349052658,,11.27664,0.5984000000000005,,,1300.2372009017004,-17690.134965966135,1300.6662771803908,-17973.27665226436
138.7063143726,11.17184913,4.991401,822,398,1,13.303,11.996,,7.4,-27.9,11.87837,1.1109500000000003,,822-398-1,-12062.190493257005,-13391.628589172778,4.993733566683225,,11.87837,1.1109500000000003,,,-2007.6452759490842,-17629.45551378506,-2008.3060202416978,-17910.858792783583
146.6888236389,12.6299717578,4.999932,834,263,1,12.499,12.457,,-8.2,-0.2,12.45322,0.0356999999999998,,834-263-1,16126.340285916142,-8054.835780873719,4.9945523808085595,,12.45322,0.0356999999999998,,,-16724.883253620388,6666.288214171257,-16729.162835755567,6713.742718393045
137.3576409531,16.9196133458,4.989363,1401,740,1,12.739,11.607,,1.0,-10.9,11.50512,0.9622000000000012,,1401-740-1,-16414.436127239635,7451.497531333754,4.994699943299177,,11.50512,0.9622000000000012,,,16465.047601343966,-7249.941672326103,16469.17686521714,-7329.716380386015
137.0266499939,14.0424786167,4.992893,818,147,1,9.437,7.477,44831.0,-9.3,-15.6,7.3006,1.6659999999999993,44831.0,818-147-1,-17800.579882305556,-2916.1413246012517,4.997803306660714,7.3,7.3,1.619,78348.0,K5,9632.614923344718,-15033.729067392256,9635.478643449887,-15248.674554957695
136.9460762267,14.66824196,4.994193,818,20,1,9.784,9.1,,28.4,-14.4,9.03844,0.5814000000000009,,818-20-1,-18030.528740005957,-649.0100107153207,4.999000235915931,,9.03844,0.5814000000000009,,,11480.415190586024,-13729.118211617651,11483.68848867076,-13915.67746584286
139.3524344648,10.6886657505,4.999909,822,971,1,12.701,11.903,,-28.0,-13.1,11.83118,0.6783,,822-971-1,-9791.817596979768,-15164.824332247237,5.001523755577815,,11.83118,0.6783,,,-4840.027995497151,-17122.709868090657,-4841.586502186263,-17389.957706167377
139.056485296,18.9664014925,4.997972,1405,57,1,11.883,11.242,,-10.5,-3.9,11.184310000000002,0.5448499999999985,,1405-57-1,-10434.100215717855,14734.064844719538,5.002375245698059,,11.184310000000002,0.5448499999999985,,,17941.425947507352,1963.2257266942718,17945.851719858634,1977.2506692119753
138.6366554008,18.64388361,4.998782,1404,1612,1,10.758,8.854,,-5.7,0.0,8.68264,1.6183999999999998,,1404-1612-1,-11889.188217698122,13592.538625231622,5.003495744143533,,8.68264,1.6183999999999998,,,18053.617394260833,132.35115917026368,18058.0364494332,131.23393317312204
137.1147480291,13.6426415592,4.998968,818,163,1,12.0,10.934,,-19.4,-25.7,10.83806,0.9061000000000006,,818-163-1,-17523.435398739945,-4367.732901071335,5.003785589947926,,10.83806,0.9061000000000006,,,8363.320297408807,-15772.590352458426,8365.873173360378,-16005.000622185747
