_RAJ2000,_DEJ2000,_r,TYC1,TYC2,TYC3,BTmag,VTmag,HIP,pmRA,pmDE,V,BV,HIP_n,TYC,xi_as,eta_as,sep_deg,Vmag,Vuse,BVuse,HD,Sp,xh_as,yh_as,xh0_as,yh0_as
142.0323821418,14.7786143333,0.146709,826,229,1,11.992,10.506,,-7.8,-8.2,10.37226,1.2631000000000006,,826-229-1,-275.8863533711149,-459.24478815356144,0.1488167747663059,,10.37226,1.2631000000000006,,,-160.1189134258825,-506.7230572399102,-160.15771650055447,-511.24217477440186
142.0993153056,15.105112245,0.19803,1403,433,1,12.17,11.381,,-3.9,-16.2,11.30999,0.6706499999999997,,1403-433-1,-41.289442660055336,720.8648841100191,0.20056762431849604,,11.30999,0.6706499999999997,,,566.252396866273,443.97316975176136,566.3900235666872,447.8318215827081
142.1054578152,15.1655019305,0.258352,1403,1403,1,9.116,8.528,46449.0,-25.9,-25.9,8.47508,0.4997999999999993,46449.0,1403-1403-1,-20.432597413922885,937.4841291775792,0.26047230792402404,8.48,8.48,0.576,81821.0,G0,714.3262650804369,602.0650874550864,714.499987930454,607.2756793617997
141.9551384252,14.6833426322,0.266887,826,1377,1,11.728,11.177,,-11.2,-11.2,11.12741,0.4683500000000001,,826-1377-1,-544.4499656923841,-800.9232541716656,0.2690131198993296,,11.12741,0.4683500000000001,,,-237.21964844667502,-930.5429858877321,-237.27708681940956,-938.9373825160643
142.4173165771,14.8441476108,0.307922,826,164,1,12.789,12.243,,-9.9,-7.9,12.19386,0.4640999999999994,,826-164-1,1066.7575245941575,-220.2423470486614,0.3025682569641289,,12.19386,0.4640999999999994,,,-872.8557071838418,645.7489959866024,-873.0680225013207,651.3298210561989
142.18787111,15.21184833,0.314854,1403,1249,1,12.891,11.958,,0.0,0.0,11.87403,0.7930499999999998,,1403-1249-1,266.9351800843946,1104.727225275102,0.31569667345360547,,11.87403,0.7930499999999998,,,648.5536067963302,925.2501532699872,648.7115481720873,933.1934204111875
141.8043230042,14.7723857467,0.320781,826,218,1,12.789,11.828,,-16.1,-11.4,11.74151,0.8168500000000002,,826-218-1,-1069.6912764317385,-479.0016196978204,0.3255636625234249,,11.74151,0.8168500000000002,,,352.1253113485196,-1107.8259886080684,352.21054878507925,-1117.8683768100832
142.40267475,14.6838282289,0.363921,826,1332,1,11.712,11.488,,8.4,-8.0,11.46784,0.1904000000000001,,826-1332-1,1016.5789702646963,-797.958930812921,0.358981707705521,,11.46784,0.1904000000000001,,,-1271.3802747483087,228.18563610979746,-1271.689050069905,230.16997628079304
142.2495609926,15.2680811633,0.386776,1403,707,1,11.794,10.728,,-2.0,-9.5,10.63206,0.9061000000000006,,1403-707-1,481.1258784837779,1306.7295483357022,0.38679648509567194,,10.63206,0.9061000000000006,,,657.3458445471466,1217.1095640521864,657.506143410249,1227.481117906854
142.4733932013,14.73611881,0.394699,826,230,1,12.64,11.82,,-18.0,-12.8,11.7462,0.6970000000000002,,826-230-1,1261.9028626522638,-609.19571663181,0.38923177793851904,,11.7462,0.6970000000000002,,,-1293.1530963474097,534.3194313730806,-1293.4675130072133,538.9434559648417
141.7058557113,14.9279858,0.386789,826,181,1,8.892,8.319,46339.0,22.9,-93.6,8.267430000000001,0.4870499999999988,46339.0,826-181-1,-1410.3102916406697,80.16227382100296,0.39237905274147933,8.27,8.27,0.478,81563.0,G0,996.2349300344551,-992.2447423662063,996.4761307778027,-1001.217473699899
141.7742752389,15.1280155003,0.388673,1403,1631,1,14.208,11.886,,-35.6,-26.3,11.67702,1.973700000000001,,1403-1631-1,-1172.577389213277,802.2788955599789,0.39465226462252584,,11.67702,1.973700000000001,,,1378.1782846276212,-340.8969234548247,1378.5124226487349,-343.9370008560674
141.7483400137,15.1472487878,0.420227,1403,296,1,12.535,11.726,,-11.7,-9.2,11.65319,0.6876499999999993,,1403-296-1,-1261.8904380830681,872.0720256345592,0.42607800391110284,,11.65319,0.6876499999999993,,,1489.6435773994638,-361.1427656620244,1490.0047237308286,-364.36659956581724
142.3434203611,14.5094914117,0.459495,826,165,1,11.402,10.841,46525.0,-8.1,-7.8,10.79051,0.4768499999999999,46525.0,826-165-1,809.9448638140483,-1425.9212186710008,0.4555173328335522,10.8,10.8,0.417,,F2,-1603.5916055510838,-338.312280443696,-1603.9804033220887,-341.3339567540874
142.11199222,14.43848806,0.468764,826,24,1,12.735,11.593,,0.0,0.0,11.49022,0.9706999999999996,,826-24-1,3.0766371862531425,-1681.8775486392183,0.4671786359676936,,11.49022,0.9706999999999996,,,-1259.2323327599827,-1104.5571860159625,-1259.537161276636,-1114.57960401072
141.719563037,14.6269477444,0.466668,826,1423,1,12.731,12.109,,21.2,-51.2,12.05302,0.5286999999999998,,826-1423-1,-1364.1656144041651,-1003.2069921639657,0.47035933748866793,,12.05302,0.5286999999999998,,,155.7895533337592,-1670.7661200648918,155.82724462184916,-1686.146483103743
141.668686325,15.1160881,0.470751,1403,1519,1,9.724,9.247,46318.0,-12.6,-4.4,9.20407,0.4054500000000002,46318.0,1403-1519-1,-1538.9162981550169,760.3313735172287,0.47679413831491374,9.22,9.22,0.431,81541.0,G,1590.0378660791584,-639.9490722714818,1590.4231008062684,-645.6946110217475
141.8003198981,14.5193098939,0.487439,826,216,1,10.313,9.809,,-5.1,9.1,9.76364,0.4284000000000011,,826-216-1,-1083.8685729278482,-1389.7057661732051,0.48954359844110534,,9.76364,0.4284000000000011,,,-319.2062488817542,-1717.406491904607,-319.28347534657127,-1733.2372204307685
142.5807582631,15.09347123,0.495424,1403,421,1,12.376,11.48,,37.9,-98.4,11.39936,0.7615999999999992,,1403-421-1,1634.2716166883943,676.6136745322814,0.49132100286761565,,11.39936,0.7615999999999992,,,-579.2391795754153,1657.2510065274093,-579.3807491999321,1671.2174392142213
142.6211259756,14.9168541033,0.498348,826,236,1,9.667,9.125,,6.7,-6.9,9.07622,0.4606999999999998,,826-236-1,1775.2958712440043,43.180518060443795,0.49327140541144654,,9.07622,0.4606999999999998,,,-1146.3513524411799,1344.6001906807685,-1146.631079240359,1356.0151753267057
142.1109998242,14.4073107922,0.499921,826,37,1,12.56,11.518,,-31.4,-3.1,11.42422,0.8856999999999998,,826-37-1,-1.2187303141196537,-1794.1445626320622,0.49836103623325323,,11.42422,0.8856999999999998,,,-1340.2993180712892,-1181.5992193870966,-1340.6237388421607,-1192.3439888634528
142.3441787256,15.3705362033,0.517546,1403,1609,1,10.131,8.98,,-14.3,-37.7,8.87641,0.9783499999999998,,1403-1609-1,808.9913322779339,1674.8125898660637,0.5166425223035244,,8.87641,0.9783499999999998,,,714.8123327881393,1702.717139754239,714.9870810446045,1717.0491142695491
141.8028611709,15.3296760528,0.513654,1403,1395,1,10.213,9.79,,-12.0,-13.1,9.75193,0.35955,,1403-1395-1,-1071.161855533988,1528.5646432622395,0.5184636767937264,,9.75193,0.35955,,,1853.739562347284,212.3572761678637,1854.1897667187725,214.19126587610683
142.1607432811,15.4251027611,0.520651,1403,557,1,12.305,11.656,,-3.0,-8.2,11.59759,0.5516499999999992,,1403-557-1,172.16271682261615,1871.6953507125531,0.5220957236496665,,11.59759,0.5516499999999992,,,1284.7745061287194,1360.1131661526924,1285.0880368111737,1371.6530992153996
142.5711499798,14.6312894258,0.52809,826,253,1,13.455,11.676,,-1.5,-2.5,11.51589,1.51215,,826-253-1,1603.1812071636855,-985.6404865698563,0.5227450554161467,,11.51589,1.51215,,,-1801.1188713408808,539.466135021694,-1801.5568184538988,544.1233147469103
142.46439167,14.50565861,0.530803,826,87,1,13.515,12.071,,0.0,0.0,11.94104,1.2274000000000007,,826-87-1,1231.8798968365224,-1438.7479401680628,0.5261174216063449,,11.94104,1.2274000000000007,,,-1893.3044148908762,-34.05734600234778,-1893.7638618770445,-34.38242308122723
142.5661205753,15.2099977244,0.538115,1403,278,1,11.848,10.495,,-6.9,-11.0,10.37323,1.1500500000000011,,1403-278-1,1581.1666510424209,1098.4767620766731,0.5347870732917448,,10.37323,1.1500500000000011,,,-228.6439726053427,1895.77493095018,-228.69992819893213,1911.657793129519
141.63402194,15.18615972,0.53396,1403,1575,1,12.276,12.152,,0.0,0.0,12.14084,0.1054000000000004,,1403-1575-1,-1658.3902868252617,1012.9836711791544,0.5397881107098006,,12.14084,0.1054000000000004,,,1858.212824263167,-562.1982211220343,1858.6631191347426,-567.2439255563719
142.65619889,14.78721444,0.545679,826,144,1,13.16,12.256,,0.0,0.0,12.17464,0.7683999999999999,,826-144-1,1898.1864699303424,-423.2745198993742,0.5402080821893376,,12.17464,0.7683999999999999,,,-1576.6101230187169,1128.5153043939831,-1576.994446437282,1138.1395827089318
141.80142111,14.44240389,0.550062,826,20,1,12.939,11.597,,0.0,0.0,11.47622,1.1407000000000005,,826-20-1,-1080.1488770397843,-1666.7922406173318,0.5517001032401003,,11.47622,1.1407000000000005,,,-528.795691065862,-1896.8863396792008,-528.9236192519147,-1914.4601784707647
141.6847911464,15.2753963867,0.548234,1403,1324,1,12.19,10.37,,3.0,-2.5,10.2062,1.5470000000000002,,1403-1324-1,-1481.1949665842737,1333.9389158283404,0.5536832475107512,,10.2062,1.5470000000000002,,,1980.482652969232,-219.65237541840443,1980.9629980241218,-221.62391715592958
141.9242291023,14.3783869022,0.557122,826,1018,1,12.054,10.761,,-6.8,-7.6,10.64463,1.0990500000000007,,826-1018-1,-652.1732769547821,-1898.0071899589464,0.5574624972642754,,10.64463,1.0990500000000007,,,-985.7628631219628,-1732.03830126471,-986.0013550420142,-1748.0167631248087
142.28389778,14.37065806,0.563635,826,554,1,14.521,12.361,,0.0,0.0,12.1666,1.836,,826-554-1,602.851455527144,-1925.6426050631626,0.5604829802520834,,12.1666,1.836,,,-1839.6389620633072,-820.6160835391541,-1840.0845175708246,-828.0207050928765
141.9974302052,14.3469526844,0.569813,826,996,1,12.994,11.882,,9.9,-53.2,11.78192,0.9452,,826-996-1,-396.3900484211884,-2012.5666283997923,0.5697676669785123,,11.78192,0.9452,,,-1241.2112991748936,-1617.9661229621709,-1241.5116130981864,-1632.8497845111683
141.7013588378,14.4939770733,0.568715,826,79,1,8.143,7.811,46335.0,-33.1,-35.3,7.78112,0.2822000000000006,46335.0,826-79-1,-1429.664220350711,-1481.3927205946056,0.5718568614447948,7.77,7.77,0.308,81581.0,A3,-158.16546175376652,-2033.7535537496278,-158.20372569794398,-2052.6655248132492
141.71001361,14.45660389,0.5911,826,98,1,13.069,11.708,,0.0,0.0,11.58551,1.1568500000000006,,826-98-1,-1398.8017005844922,-1615.0684578284474,0.5934809034094198,,11.58551,1.1568500000000006,,,-278.5768317197462,-2098.807268858827,-278.6442270356549,-2118.360147796013
142.6186133365,15.2640012178,0.610578,1403,824,1,10.144,9.369,,-20.0,0.4,9.29925,0.6587500000000003,,1403-824-1,1762.6420338037847,1293.5689404006198,0.6073031303413123,,9.29925,0.6587500000000003,,,-203.29685886995978,2158.9276712763954,-203.34668801754248,2176.8963382240445
142.7230939512,14.7563257594,0.615793,826,155,1,12.875,11.567,,0.6,-4.9,11.44928,1.1118,,826-155-1,2131.279354420914,-534.0022995239997,0.6102990182437594,,11.44928,1.1118,,,-1814.1295205226008,1228.4404162494702,-1814.5719614496159,1238.8860880641296
142.6468566951,15.2600450593,0.630883,1403,582,1,9.15,8.433,46635.0,-87.1,-46.6,8.36847,0.6094500000000004,46635.0,1403-582-1,1858.986558562702,1278.275617849096,0.6266591358409106,8.38,8.38,0.636,82140.0,F8,-278.69200537754386,2220.3236142169126,-278.76033972177765,2238.774721382783
142.3482472134,14.3091509142,0.642522,826,786,1,12.157,11.542,,-7.0,-10.5,11.48665,0.5227500000000002,,826-786-1,827.342140882889,-2147.0549075846907,0.639124389940737,,11.48665,0.5227500000000002,,,-2154.1836259569786,-799.9837763298964,-2154.705398471725,-807.2078047570935
141.9697959016,15.5371835839,0.643471,1403,902,1,10.843,10.35,,46.4,-5.8,10.30563,0.4190500000000002,,1403-902-1,-489.1850235109108,2275.2332454681264,0.6464246825247248,,10.30563,0.4190500000000002,,,2025.4879833887064,1135.4866333540986,2025.9817612477136,1145.1577234605663
141.93655546,15.5312489053,0.644979,1403,268,1,11.22,9.967,,-19.1,-5.3,9.85423,1.06505,,1403-268-1,-606.2796232284916,2253.951865410188,0.6483245842819575,,9.85423,1.06505,,,2087.3203339066235,1034.646135937033,2087.8289500099486,1043.477009151477
142.7897135633,14.7520410555,0.679441,826,45,1,11.176,10.559,,-25.2,-11.2,10.50347,0.5244500000000007,,826-45-1,2362.522489578283,-548.898205614671,0.673704720141676,,10.50347,0.5244500000000007,,,-1978.7872440444153,1390.1179997839686,-1979.270234811247,1401.8884019355228
141.9859205054,15.5686529914,0.671466,1403,1464,1,12.414,10.887,,15.2,-13.9,10.74957,1.2979499999999993,,1403-1464-1,-433.9961447323931,2388.2648327607203,0.6742404054630722,,10.74957,1.2979499999999993,,,2073.3375475660473,1250.8577781774811,2073.8432716506745,1261.481529659812
142.4963204706,15.4691161,0.676801,1403,1294,1,12.312,11.728,,6.8,-26.6,11.67544,0.4963999999999997,,1403-1294-1,1337.0687241939413,2030.5677445088138,0.6753148962002852,,11.67544,0.4963999999999997,,,630.1419743826464,2328.8251736974917,630.2965873362001,2348.123580702125
141.4296375,14.74167972,0.673999,826,264,1,12.256,11.627,,0.0,0.0,11.570390000000002,0.5346499999999996,,826-264-1,-2373.341453067095,-585.9951465926829,0.6790277860862869,,11.570390000000002,0.5346499999999996,,,1137.6506437365663,-2143.6185551060075,1137.9258841536805,-2163.623037141658
142.43528333,14.28207417,0.701891,826,720,1,13.496,12.129,,0.0,0.0,12.00597,1.1619500000000007,,826-720-1,1131.343018500338,-2243.8058725190826,0.697989677034846,,12.00597,1.1619500000000007,,,-2428.3321269705466,-638.4082480024193,-2428.920510749335,-644.1637769406299
141.491408427,14.5422677233,0.697091,826,148,1,12.444,11.531,,8.0,-1.2,11.44883,0.7760500000000002,,826-148-1,-2159.9315984590903,-1304.7562823675614,0.700917507995011,,11.44883,0.7760500000000002,,,458.6982391367345,-2458.232780563577,458.8092347056246,-2481.3680808273075
142.6477385927,15.3813646205,0.706429,1403,1442,1,10.846,10.124,,-57.1,-52.6,10.05902,0.6136999999999996,,1403-1442-1,1861.6611860373657,1714.9432519123252,0.7030670028650288,,10.05902,0.6136999999999996,,,45.93674869556779,2510.0416677531525,45.94803267235406,2530.7511744877374
141.7362694966,14.3031160561,0.701727,826,899,1,8.628,6.97,46345.0,-23.8,-43.7,6.82078,1.4093000000000002,46345.0,826-899-1,-1308.6489919380917,-2168.970190327398,0.703625351030596,6.83,6.83,1.387,81595.0,K2,-752.4668712664181,-2396.2681289313873,-752.6489446715813,-2418.783462138414
142.5839358498,15.455773585,0.717054,1403,682,1,10.821,9.569,,-21.4,4.5,9.456320000000002,1.064199999999999,,1403-682-1,1640.4747191442593,1983.8966841252225,0.7150452844466505,,9.456320000000002,1.064199999999999,,,393.8231509547305,2523.1692167662295,393.9198987954606,2543.9792591071027
141.5185845112,15.33984018,0.712831,1403,1374,1,10.818,9.942,,-24.6,-7.2,9.86316,0.7445999999999995,,1403-1374-1,-2058.4680374716113,1567.004554541345,0.7185855084396158,,9.86316,0.7445999999999995,,,2537.952862778683,-494.014156734389,2538.568015702624,-498.46400561872287
142.167531046,14.1878427156,0.721754,826,552,1,11.946,11.134,,-14.5,-50.5,11.06092,0.6901999999999995,,826-552-1,196.61929741343428,-2585.266476567509,0.7201655490257538,,11.06092,0.6901999999999995,,,-2063.0026325042627,-1555.4796548301326,-2063.501831264379,-1569.7840919528087
141.62241556,15.45039222,0.715826,1403,1457,1,12.908,11.699,,0.0,0.0,11.59019,1.0276499999999995,,1403-1457-1,-1696.343194456116,1964.4276299667185,0.7209307431013244,,11.59019,1.0276499999999995,,,2594.6053444444033,35.93386445636363,2595.2351572261505,36.20256139392628
142.2646287933,14.186467055,0.736942,826,770,1,12.165,11.722,,43.6,-24.3,11.68213,0.3765499999999996,,826-770-1,537.1656790706121,-2589.337440328414,0.7345344288188057,,11.68213,0.3765499999999996,,,-2292.1365273249935,-1305.930654740401,-2292.6913042055226,-1317.8702251278753
142.0789434739,15.6495793661,0.742837,1403,887,1,11.835,11.39,,-18.9,-11.8,11.34995,0.3782500000000002,,1403-887-1,-112.15490198305652,2679.534941590012,0.7449249957958487,,11.34995,0.3782500000000002,,,2077.3859166928632,1681.4018331130949,2077.893751844039,1695.5364287705797
142.5877661033,15.4938646444,0.748815,1403,706,1,12.738,11.921,,1.6,12.2,11.84747,0.6944500000000001,,1403-706-1,1654.0496601258867,2121.2679389858135,0.7471570435793509,,11.84747,0.6944500000000001,,,487.4941344649221,2623.767185903804,487.6139724663061,2645.3526345248115
142.8770093387,14.7801404242,0.756504,826,44,1,12.575,11.876,,4.9,-12.9,11.81309,0.5941499999999998,,826-44-1,2666.8630932009473,-446.7380499541712,0.7510741296419061,,11.81309,0.5941499999999998,,,-2104.476053343019,1683.1290435895548,-2104.990516970081,1697.2768090740508
142.8170861444,14.5847931094,0.759968,826,119,1,13.3,11.66,,-22.4,-22.9,11.5124,1.3940000000000003,,826-119-1,2459.7145900918435,-1151.1618241463457,0.7543350619007357,,11.5124,1.3940000000000003,,,-2493.5007479162286,1065.5372029115983,-2494.1084484717735,1074.6127010902476
141.4781223661,14.4545363192,0.757097,826,142,1,12.194,11.967,,-10.6,2.1,11.94657,0.1929500000000002,,826-142-1,-2207.5455881339312,-1620.4253208077648,0.760632182729539,,11.94657,0.1929500000000002,,,254.34941687159153,-2700.9985395083104,254.41098098003607,-2726.5932584016814
142.90661799,15.0045197278,0.780114,1403,514,1,11.714,10.402,,-12.5,-7.7,10.283919999999998,1.1152000000000009,,1403-514-1,2766.5603023042654,361.77317494653886,0.774984381439295,,10.283919999999998,1.1152000000000009,,,-1566.3101018105215,2289.744204069252,-1566.6943383472542,2308.7235838417396
142.8712920079,14.6577159811,0.781509,826,467,1,11.79,11.192,,-67.5,2.8,11.13818,0.5082999999999991,,826-467-1,2646.503666691824,-887.2495224934005,0.7753057102308102,,11.13818,0.5082999999999991,,,-2420.238195510441,1377.868395866315,-2420.8289256153867,1389.5253455343532
142.39620417,15.64237861,0.786842,1403,903,1,13.686,11.813,,0.0,0.0,11.64443,1.5920499999999993,,1403-903-1,988.5110692724023,2654.5360130958743,0.7867884260365696,,11.64443,1.5920499999999993,,,1327.9602737565267,2481.39733414753,1328.2864279962857,2501.8734468588527
142.9283396733,14.9866348322,0.798973,826,112,1,11.783,10.452,,-2.2,-11.0,10.33221,1.1313499999999996,,826-112-1,2842.6060193460694,297.55529208383587,0.7938761869348947,,10.33221,1.1313499999999996,,,-1664.7993417381942,2303.8483261260994,-1665.2077772972775,2322.9358991367694
141.2886216501,14.8100418088,0.795623,826,1354,1,10.114,9.181,,61.1,-101.0,9.097029999999998,0.7930500000000014,,826-1354-1,-2861.7593431666673,-340.8400238367103,0.8004993437001573,,9.097029999999998,0.7930500000000014,,,1645.1659748134,-2343.9925662798955,1645.5640579388166,-2366.000294013223
141.2972744009,14.72488333,0.802338,826,162,1,11.538,10.034,,1.7,0.0,9.89864,1.2783999999999995,,826-162-1,-2834.3077611615327,-644.9128103159157,0.8073779456412075,,9.89864,1.2783999999999995,,,1399.6486909357488,-2523.5927649504406,1399.9874129265067,-2547.4002947196373
141.30120972,15.13087472,0.808364,1402,1196,1,12.788,11.862,,0.0,0.0,11.77866,0.7871000000000001,,1402-1196-1,-2815.3561609918684,817.0230667792432,0.8142538023870746,,11.77866,0.7871000000000001,,,2479.8518440152106,-1548.1586405428739,2480.4519399757983,-1562.406854297265
141.2629631898,15.0207513267,0.821838,1402,1460,1,10.913,10.014,,0.4,-5.6,9.93309,0.7641500000000008,,1402-1460-1,-2949.7938987290017,420.8087114219013,0.8276253145809435,,9.93309,0.7641500000000008,,,2272.9390185869106,-1908.3139247833872,2273.488958989479,-1926.0352982072172
141.69959306,15.63368722,0.825282,1403,1265,1,12.723,12.387,,0.0,0.0,12.35676,0.2856000000000002,,1403-1265-1,-1427.1634129143886,2623.836237248205,0.829624388154362,,12.35676,0.2856000000000002,,,2908.795799005742,669.6219832515392,2909.503528585595,675.3526665419656
142.6780687606,15.5342269583,0.83571,1403,635,1,11.967,11.604,,-9.4,3.0,11.57133,0.3085500000000011,,1403-635-1,1966.6822487872416,2267.0509031606753,0.8336151262374488,,11.57133,0.3085500000000011,,,388.9070257934153,2951.8193575327286,389.00284063120705,2975.9092148782534
142.98801028,14.81672972,0.857782,827,10,1,12.545,12.247,,0.0,0.0,12.22018,0.2533,,827-10-1,3052.596704277822,-313.19047444305386,0.8523318475115579,,12.22018,0.2533,,,-2260.7398732125316,2057.2317603865276,-2261.293716183699,2074.363912479773
141.9144069452,15.741677195,0.854616,1403,1283,1,10.823,9.983,46397.0,-21.1,-23.4,9.9074,0.7139999999999999,46397.0,1403-1283-1,-682.4463421049293,3011.0420329664626,0.857550147016577,9.0,9.0,0.626,81706.0,G5,2703.804195588002,1476.8323104890405,2704.4644915198655,1489.2880675853967
141.9136784644,15.7422230369,0.855315,1403,1283,2,10.642,9.911,46397.0,-12.4,-27.7,9.84521,0.6213499999999998,46397.0,1403-1283-2,-684.7378812393753,3012.8946514567037,0.858192741139974,9.0,9.0,0.626,81706.0,G5,2706.7103759615125,1476.3532631592343,2707.371380200839,1488.8050095460305
142.8654974472,14.4525762764,0.864387,826,76,1,14.645,11.45,,7.0,-7.3,11.16245,2.7157500000000003,,826-76-1,2630.715143444859,-1626.26088467811,0.8590456034594091,,11.16245,2.7157500000000003,,,-2962.16160797403,879.4656658090046,-2962.8829649004615,886.9673992245656
141.3897450668,14.3715907383,0.875416,826,915,1,12.547,11.171,,-26.3,-5.1,11.04716,1.169600000000001,,826-915-1,-2516.988460144642,-1918.3197289567263,0.8790080184749322,,11.04716,1.169600000000001,,,237.11690375039285,-3125.7942177568584,237.1743396105596,-3155.777213878796
141.7851830909,15.7455006422,0.893451,1403,851,1,12.931,11.76,,8.2,-22.0,11.65461,0.9953499999999994,,1403-851-1,-1129.5219813537,3025.3457661086686,0.8969613092932628,,11.65461,0.9953499999999994,,,3011.313076800294,1154.7236726371887,3012.04732656473,1164.5204220648716
141.7678758894,15.7436361897,0.897543,1403,245,1,12.788,11.905,,-9.2,7.7,11.82553,0.7505500000000007,,1403-245-1,-1189.978075335922,3019.511280365908,0.901463055775781,,11.82553,0.7505500000000007,,,3047.0891502955756,1106.0530745941621,3047.831956883497,1115.4445547120135
142.3463506157,15.781119375,0.904246,1403,809,1,11.553,11.154,,-4.0,2.6,11.11809,0.3391500000000008,,1403-809-1,814.9436534458437,3153.9028032012825,0.9047829020757402,,11.11809,0.3391500000000008,,,1816.4631046843888,2681.704452511701,1816.9098348189743,2703.7149817373424
142.6466303961,15.652796135,0.910174,1403,669,1,12.3,11.365,,12.0,-16.3,11.28085,0.7947500000000004,,1403-669-1,1857.08171659959,2693.1818078260594,0.9086427615617962,,11.28085,0.7947500000000004,,,780.1989621974649,3151.3532213878866,780.3914519887777,3176.9434892355557
141.1773722829,15.0265216286,0.904532,1402,1618,1,11.727,10.533,,-2.5,-12.5,10.42554,1.0149000000000006,,1402-1618-1,-3247.3999540116492,442.5829270197327,0.9103180197069841,,10.42554,1.0149000000000006,,,2486.7976904133043,-2114.336284942624,2487.399403896969,-2134.0877006574424
142.1372752036,13.9931166256,0.914551,826,493,1,12.365,11.956,,-3.5,-26.0,11.91919,0.3476500000000005,,826-493-1,91.36904267110454,-3285.658974976376,0.9129585999621358,,11.91919,0.3476500000000005,,,-2516.664045977783,-2094.0324523297663,-2517.272984628305,-2113.584614502744
142.1696339375,15.8179502528,0.912992,1403,559,1,11.406,10.273,,23.7,-68.2,10.17103,0.9630500000000008,,1403-559-1,203.27055059285303,3284.2090738590055,0.9139484759069384,,10.17103,0.9630500000000008,,,2319.9591710498676,2313.7679498831612,2320.528406978617,2332.9157871559714
141.566065,15.66594639,0.920016,1403,233,1,13.88,11.54,,0.0,0.0,11.3294,1.9890000000000017,,1403-233-1,-1889.882819979602,2740.945296206328,0.92473358401589,,11.3294,1.9890000000000017,,,3303.5366367847478,403.71946999414143,3304.3396226869545,407.1582591440632
141.7275170004,15.7623092089,0.929544,1403,1406,1,13.127,11.674,,-6.8,-0.1,11.54323,1.2350500000000009,,1403-1406-1,-1329.6696447158215,3086.7572902969173,0.933519032043407,,11.54323,1.2350500000000009,,,3190.097104711456,1046.7647067154126,3190.874574828293,1055.6568481251136
141.3141055971,15.4475374192,0.935597,1402,1626,1,12.514,11.788,,-16.6,-36.3,11.72266,0.6170999999999992,,1402-1626-1,-2766.7825934681214,1956.1541400114183,0.9411527471815777,,11.72266,0.6170999999999992,,,3299.093864238937,-762.7033456319253,3299.8931204591454,-769.6299971723018
142.8683671852,14.31494938,0.946416,826,433,1,12.277,11.03,,-8.3,-14.4,10.91777,1.05995,,826-433-1,2641.936817275171,-2121.979200537772,0.9411937624007706,,10.91777,1.05995,,,-3340.157625187749,561.3774100890391,-3340.970004488787,566.167204184829
142.9911662277,14.4930701816,0.951398,827,13,1,12.128,11.628,,52.4,-24.6,11.583,0.425,,827-13-1,3069.514341370176,-1479.2737532108965,0.9464055361697609,,11.583,0.425,,,-3143.609830810191,1301.6508640430013,-3144.3768961325886,1312.654967568625
142.8005823732,15.5844944333,0.953159,1403,287,1,12.654,11.25,,-13.7,-5.6,11.12364,1.1933999999999998,,1403-287-1,2390.98945598639,2449.007876271059,0.9506463155228533,,11.12364,1.1933999999999998,,,243.21845672466918,3386.6359453901,243.27856570434326,3413.9838453256234
141.1274566872,14.8425631633,0.947488,826,211,1,11.769,11.054,,10.1,-2.8,10.98965,0.6077499999999999,,826-211-1,-3423.549147456708,-218.84573309131716,0.9528390183220007,,10.98965,0.6077499999999999,,,2109.331527353581,-2679.613186142743,2109.842120391509,-2705.02281819673
141.69045083,15.76848833,0.949738,1403,581,1,13.168,11.557,,0.0,0.0,11.41201,1.369349999999999,,1403-581-1,-1457.8974537739757,3109.2356178769146,0.9538191747933407,,11.41201,1.369349999999999,,,3292.0308741576546,966.4941332609499,3292.8329064997847,974.711528128216
142.9192294797,15.456004995,0.958089,1403,585,1,11.964,11.18,,-4.2,3.9,11.10944,0.6664000000000005,,1403-585-1,2804.5059652105188,1987.9939623601022,0.9548118028344033,,11.10944,0.6664000000000005,,,-375.91888485885613,3389.6449346875647,-376.01179163538836,3417.01460866541
141.5818994916,15.7140332475,0.951873,1403,1276,1,11.327,10.671,,-48.4,-49.5,10.61196,0.5576000000000004,,1403-1276-1,-1835.8456471117777,2912.642035677876,0.9562824897553466,,10.61196,0.5576000000000004,,,3396.002327206323,556.8302414535736,3396.82828093206,561.5785767603677
142.2126480646,15.8578207283,0.956268,1403,1497,1,11.726,10.961,,-32.6,-22.2,10.89215,0.6502500000000004,,1403-1497-1,350.7266081105508,3429.041074417782,0.9573916588779274,,10.89215,0.6502500000000004,,,2330.3220824664695,2518.6028478306025,2330.894602444356,2539.3428669590958
141.150540942,14.6718389175,0.952745,826,224,1,12.02,11.559,,-32.2,-34.5,11.51751,0.3918500000000002,,826-224-1,-3346.9478258146396,-834.8036494253965,0.9581013717455535,,11.51751,0.3918500000000002,,,1598.0516817330085,-3027.807392681146,1598.4387163953322,-3056.787619666543
143.0605725861,15.2285509349,0.976846,1403,110,1,11.002,10.476,,-87.1,-37.9,10.42866,0.4470999999999998,,1403-110-1,3296.4299477607633,1169.787733357705,0.9715278729796241,,10.42866,0.4470999999999998,,,-1314.1085898435501,3215.4062091657297,-1314.4329621213024,3241.468761178559
141.8502280061,15.84572896,0.970295,1403,97,1,11.276,10.71,,-5.8,-19.8,10.65906,0.4810999999999991,,1403-97-1,-904.0190007853773,3385.9856222087833,0.9734034780123079,,10.65906,0.4810999999999991,,,3131.1737367457963,1559.5006767306143,3131.9387706405337,1572.6120069947103
142.2873802275,13.9425167094,0.980626,826,947,1,12.433,12.198,,-10.6,-9.8,12.17685,0.1997499999999995,,826-947-1,615.8078436793205,-3467.160446824945,0.9780780740834587,,12.17685,0.1997499999999995,,,-3000.513315042137,-1825.0662401100938,-3001.239365997804,-1842.0051933560046
142.9686174839,14.37666193,0.989364,826,430,1,11.139,10.548,,-1.5,-10.8,10.49481,0.5023499999999994,,826-430-1,2991.0480030538556,-1898.3915187886614,0.983968367107283,,10.49481,0.5023499999999994,,,-3404.803386919619,967.44522251342,-3405.6329109697663,975.6654092983053
142.1909842385,15.8960308,0.992303,1403,761,1,11.01,10.248,,-44.6,-19.2,10.17942,0.6477000000000004,,1403-761-1,275.30865280465025,3566.6659379676826,0.9935880581395607,,10.17942,0.6477000000000004,,,2483.2653250917288,2553.3434170168875,2483.875566863182,2574.34708920687
142.4009939577,15.8598991333,0.994383,1403,771,1,12.665,11.852,,2.9,-2.4,11.77883,0.6910499999999989,,1403-771-1,1004.0802995367428,3437.645172019381,0.9947006416376885,,11.77883,0.6910499999999989,,,1902.9877564004694,3009.0513327650306,1903.4568149865277,3033.551339619304
141.0807719365,14.8954072933,0.99031,826,75,1,12.383,11.238,,-5.7,-90.3,11.13495,0.9732499999999996,,826-75-1,-3585.587399182843,-30.15276776146407,0.9959313999635854,,11.13495,0.9732499999999996,,,2357.956234771533,-2675.4935691716946,2358.5270229685125,-2700.8695763605124
143.0951053812,14.5698326872,1.01478,827,14,1,10.538,10.357,,-2.8,-3.8,10.34071,0.1538500000000008,,827-14-1,3429.1777011338013,-1200.7884673305432,1.0091564801752775,,10.34071,0.1538500000000008,,,-3174.225351457207,1751.8353857460954,-3175.001712099316,1766.4984510023414
142.4724644121,15.8530915444,1.009942,1403,864,1,12.053,11.361,,-43.4,-5.6,11.29872,0.5882000000000002,,1403-864-1,1250.4563406221969,3413.4182844232805,1.0096880089452736,,11.29872,0.5882000000000002,,,1721.3079780812052,3175.9126555202497,1721.7327523832087,3201.671715464774
141.2518304934,14.3260961411,1.009845,826,810,1,10.249,9.806,,-48.7,-13.4,9.76613,0.3765500000000011,,826-810-1,-2999.229274159722,-2080.655568813868,1.0138593024900617,,9.76613,0.3765500000000011,,,435.93489446184657,-3589.2415310108745,436.04061704731424,-3624.1374719094943
143.0290091616,14.380371455,1.037255,827,1211,1,13.495,12.034,,1.6,-9.9,11.90251,1.2418499999999988,,827-1211-1,3201.721407760629,-1884.1703450652778,1.03182887786558,,11.90251,1.2418499999999988,,,-3534.039768545033,1133.030403555303,-3534.9014503988396,1142.623996818487
141.3405608325,14.1909482608,1.030118,826,637,1,10.696,8.753,,-16.1,-4.3,8.57813,1.6515499999999996,,826-637-1,-2690.4136512751197,-2568.1806380713683,1.033052506652616,,8.57813,1.6515499999999996,,,-133.51058413342042,-3681.109776330016,-133.54297224267108,-3716.9939035862167
141.6288377718,15.8328130356,1.033451,1403,290,1,11.672,10.791,,-17.0,-20.2,10.71171,0.7488500000000001,,1403-290-1,-1671.3449930464426,3340.7427139988076,1.0375253104490323,,10.71171,0.7488500000000001,,,3606.7892623123503,960.7048168311895,3607.667997362716,968.858910120783
142.374364868,13.8827199878,1.057002,826,753,1,11.177,10.643,,20.5,-26.2,10.59494,0.4538999999999991,,826-753-1,920.8855596258354,-3682.6034125073647,1.0543247710062689,,10.59494,0.4538999999999991,,,-3364.0982576963797,-1740.83605359122,-3364.9123499129078,-1756.9755220672155
142.5345162517,15.88826659,1.064667,1403,72,1,11.185,10.332,,-37.8,24.2,10.25523,0.7250499999999998,,1403-72-1,1465.2969221483436,3541.259990363623,1.0644449496085728,,10.25523,0.7250499999999998,,,1674.2340120705196,3419.623101173334,1674.6479064996945,3447.197670378637
141.0515055517,15.212678895,1.062621,1402,421,1,10.814,10.474,,-3.0,9.8,10.4434,0.2889999999999998,,1402-421-1,-3681.8953879133724,1115.4710425905598,1.0685312711743147,,10.4434,0.2889999999999998,,,3278.240473826349,-1993.50894798214,3279.033753544265,-2012.1051010107608
143.2001779417,15.20565694,1.098549,1403,1149,1,12.056,11.465,,-45.9,-29.2,11.41181,0.5023499999999994,,1403-1149-1,3782.9674250612816,1089.8266529580662,1.0934288080200296,,11.41181,0.5023499999999994,,,-1696.8915011447436,3523.7968786713095,-1697.3113258682997,3552.1400501179196
140.9645765784,14.9557433617,1.103443,826,1261,1,11.399,10.645,,-6.8,-23.0,10.57714,0.6408999999999996,,826-1261-1,-3988.825900006184,190.87455671847968,1.1091364859433357,,10.57714,0.6408999999999996,,,2790.884875859404,-2828.622648164091,2791.560649635175,-2855.5830046369965
143.2305893313,14.61169172,1.127414,827,1557,1,12.703,12.157,,-13.4,-16.0,12.10786,0.4640999999999994,,827-1557-1,3900.311761366079,-1048.155811933758,1.1217165648653737,,12.10786,0.4640999999999994,,,-3372.9200329040405,2201.8795904324193,-3373.74716420765,2220.110923792521
142.6474859305,13.9072253133,1.129392,826,606,1,11.917,11.346,,-2.5,-3.2,11.29461,0.4853499999999998,,826-606-1,1874.8530916620089,-3592.0598086646014,1.1253855749616333,,11.29461,0.4853499999999998,,,-3929.7622415963556,-974.6791545055697,-3930.7140272113006,-983.5929140768343
142.0888441517,13.7715028278,1.135829,826,1185,1,12.131,11.488,,15.3,3.1,11.43013,0.5465500000000005,,826-1185-1,-77.41314873038186,-4082.857090257045,1.134182644878198,,11.43013,0.5465500000000005,,,-3000.50712229489,-2743.0795478897726,-3001.233579822306,-2769.1716838083385
142.9462650356,14.08117048,1.159692,826,353,1,12.89,11.937,,-31.1,-46.8,11.85123,0.8100500000000009,,826-353-1,2916.1957286325683,-2963.694502005817,1.1548008019386826,,11.85123,0.8100500000000009,,,-4151.415480964739,210.54550113935977,-4152.424007395739,212.2675003830364
142.9125956527,15.7701157294,1.162123,1403,1050,1,9.184,7.807,46745.0,-22.7,-4.7,7.683070000000001,1.170449999999999,46745.0,1403-1050-1,2776.761742517894,3118.764394849113,1.1597790816685725,7.66,7.66,1.154,82332.0,K0,487.7372894215186,4114.529513567187,487.85851598974256,4147.178702885332
141.0008948017,14.4623521817,1.157409,826,8,1,10.162,9.813,,-1.0,-5.0,9.78159,0.2966500000000001,,826-8-1,-3871.0737066710967,-1585.9840117974302,1.1618870119691942,,9.78159,0.2966500000000001,,,1384.520325417239,-3909.118623227471,1384.8564752943582,-3947.496608104043
141.9810337074,13.748880445,1.164483,826,682,1,8.838,7.895,46415.0,-52.7,-40.5,7.81013,0.8015499999999997,46415.0,826-682-1,-456.34000398198793,-4165.367137506456,1.1638093364090396,7.79,7.79,0.834,81762.0,G5,-2810.6102910890854,-3077.7363239760016,-2811.2911539496877,-3107.277206362253
142.3180168255,16.0528015311,1.163748,1403,358,1,11.853,10.734,,-2.0,4.0,10.63329,0.9511499999999998,,1403-358-1,715.8325290702869,4132.099223252588,1.164740979170653,,10.63329,0.9511499999999998,,,2613.4517913175814,3252.891061711844,2614.097133362509,3279.200569929336
142.4404914451,16.0299097011,1.168222,1403,590,1,13.03,12.357,,-2.5,-8.6,12.29643,0.5720500000000001,,1403-590-1,1139.7928533699212,4049.869253909386,1.1685058531200858,,12.29643,0.5720500000000001,,,2270.5161002940604,3513.3264995568143,2271.0778256007975,3541.577929739584
142.9322897282,15.7722482372,1.176495,1403,216,1,12.142,11.645,,-12.0,-15.1,11.60027,0.4224499999999999,,1403-216-1,2845.269175624801,3126.4260843007287,1.174086669297843,,11.60027,0.4224499999999999,,,447.9820084689588,4170.438588036031,448.09340493084653,4203.487723642533
141.3962799507,15.8601805422,1.172934,1403,818,1,12.077,10.726,,8.1,-6.4,10.60441,1.148349999999999,,1403-818-1,-2476.0225812082826,3441.860429970582,1.1775952636310003,,10.60441,1.148349999999999,,,4216.605871300676,430.748476793685,4217.631053566045,434.372349540742
140.9658353744,14.4979395733,1.17585,826,17,1,11.297,10.982,,-3.5,-0.3,10.95365,0.2677500000000011,,826-17-1,-3992.7441717036854,-1457.1001143438953,1.1804749859707375,,10.95365,0.2677500000000011,,,1561.637672763786,-3914.438424947328,1562.0168375993587,-3952.878718472259
142.0287097807,13.7205047675,1.189013,826,890,1,12.396,11.296,,-1.6,-9.3,11.197,0.9350000000000012,,826-890-1,-288.2472141718731,-4266.795650016461,1.1877523195493151,,11.197,0.9350000000000012,,,-2998.0252228848067,-3020.0061164835306,-2998.7514211499174,-3048.954163254885
143.2937757422,14.5612746614,1.200298,827,1618,1,11.486,11.084,,-54.7,42.1,11.04782,0.3417000000000008,,827-1618-1,4120.343467267199,-1227.0383182811327,1.1940406977219689,,11.04782,0.3417000000000008,,,-3652.712583216797,2247.2580831002097,-3653.6086115016537,2265.832614458308
142.2573423034,16.0962321603,1.198008,1403,1355,1,12.608,11.995,,-23.9,-4.1,11.93983,0.5210500000000011,,1403-1355-1,505.16530985463305,4288.1061864371295,1.1992024839007784,,11.93983,0.5210500000000011,,,2869.9280904427956,3199.3888943258594,2870.63651003513,3225.2895503649434
143.2407803272,14.4074673158,1.206561,827,1071,1,10.842,9.39,46864.0,36.3,-47.9,9.25932,1.2342,46864.0,827-1071-1,3940.8539680792214,-1784.2430019504222,1.2014769494563748,9.22,9.22,1.261,,K0,-3950.0560736191387,1747.0244584854524,-3951.0222766164834,1761.6117782915958
141.1092395906,14.1940170019,1.199318,826,1202,1,10.277,9.785,,-30.4,1.9,9.74072,0.4181999999999992,,826-1202-1,-3498.3132750686505,-2553.8370907030276,1.2029659407307887,,9.74072,0.4181999999999992,,,413.58049183222573,-4269.165761675148,413.6810484262302,-4311.513382391977
142.0865525037,16.1092163733,1.202222,1403,392,1,10.603,9.86,,-20.9,-33.9,9.79313,0.6315500000000003,,1403-392-1,-85.67175653803052,4333.88815485098,1.203915798686186,,9.79313,0.6315500000000003,,,3296.410610979788,2791.140570207964,3297.2220309642316,2813.9390659978635
142.6175184353,16.0150540567,1.212807,1403,1485,1,12.43,12.172,,-1.2,-9.2,12.14878,0.2192999999999992,,1403-1485-1,1752.6617242776483,3997.569964538935,1.212292451456052,,12.14878,0.2192999999999992,,,1824.536028181573,3933.743301328286,1824.9888797231506,3965.0730548147485
141.6138576968,13.7859218922,1.218244,826,729,1,11.552,11.076,,1.0,-4.4,11.03316,0.4045999999999992,,826-729-1,-1738.9818342904794,-4029.3119742095737,1.2188590903474708,,11.03316,0.4045999999999992,,,-1857.3548699038365,-3937.2259400975586,-1857.8058843516426,-3975.9238047994186
143.2185311008,14.3060189867,1.233503,827,1127,1,11.347,11.272,,-10.3,-4.8,11.26525,0.0637499999999993,,827-1127-1,3863.803362395133,-2148.812731532795,1.2279030837431102,,11.26525,0.0637499999999993,,,-4171.415572226077,1449.737702237207,-4172.434351366249,1461.9042930345943
141.3972159728,13.890886995,1.226158,826,1215,1,12.073,11.341,,3.5,-15.7,11.27512,0.6222000000000009,,826-1215-1,-2495.4406490700676,-3649.653089552223,1.2279288044259173,,11.27512,0.6222000000000009,,,-1071.3452247071955,-4247.277691965719,-1071.605689217905,-4289.388412576526
142.9218435603,13.9561810839,1.236692,826,307,1,13.481,12.351,,3.3,-13.0,12.249300000000002,0.9604999999999992,,826-307-1,2833.4156556184153,-3413.2050374990645,1.2320359566705763,,12.249300000000002,0.9604999999999992,,,-4432.463610251147,-146.6961592810919,-4433.539258836588,-148.13016527931384
142.655002381,16.0260480756,1.237862,1403,797,1,16.184,11.395,,1.2,-5.3,10.96399,4.070650000000001,,1403-797-1,1882.371500280784,4037.590017717096,1.237258720276104,,10.96399,4.070650000000001,,,1768.3354257215678,4056.4152597800153,1768.7747604888075,4088.629533583982
140.8779898248,15.2448999733,1.232421,1402,1252,1,11.328,10.748,,1.2,-6.0,10.6958,0.493,,1402-1252-1,-4284.083736908837,1234.2013033189332,1.238229700707073,,10.6958,0.493,,,3766.787028111647,-2361.2340645231134,3767.698743040336,-2383.500053210482
142.87757083,13.90890111,1.247319,826,269,1,12.951,12.479,,0.0,0.0,12.43652,0.4012000000000011,,826-269-1,2679.1745685136566,-3583.6564269717123,1.2427037451444745,,12.43652,0.4012000000000011,,,-4457.473599963607,-373.18636137704084,-4458.554657668017,-376.6432260564862
140.8486631885,15.14601364,1.237092,1402,1508,1,10.999,10.61,,-9.4,2.4,10.57499,0.3306500000000009,,1402-1508-1,-4388.286067889238,878.9031917750234,1.2429815724208886,,10.57499,0.3306500000000009,,,3570.3849538205095,-2671.9570686496827,3571.2493782913334,-2697.351165902649
142.6939317173,13.7948946233,1.249844,826,303,1,11.749,11.036,,-0.9,-22.2,10.97183,0.6060500000000008,,826-303-1,2038.285940288057,-3996.6936707028353,1.2460376623310814,,10.97183,0.6060500000000008,,,-4340.726991505122,-1119.8132164247538,-4341.778167172716,-1130.1027470431293
142.9178874937,13.9281108066,1.256088,826,373,1,12.623,11.576,,-83.1,-51.9,11.48177,0.889949999999999,,826-373-1,2817.6534815257583,-3515.3860354184512,1.2512542172164773,,11.48177,0.889949999999999,,,-4498.378649929988,-225.63034654708457,-4499.470065137069,-227.77017562922532
141.6408603503,13.7389499572,1.251975,826,816,1,12.375,11.679,,-2.6,-7.9,11.61636,0.5915999999999998,,826-816-1,-1644.9822130559287,-4198.7596230666895,1.2524380944338225,,11.61636,0.5915999999999998,,,-2046.4223434450232,-3979.0052045959605,-2046.9193563725391,-4018.1674930339477
142.8473526606,13.8750358231,1.25764,826,287,1,12.969,11.867,,-18.3,-27.5,11.76782,0.9366999999999988,,826-287-1,2573.4551427004817,-3706.6928404704654,1.2532595961628452,,11.76782,0.9366999999999988,,,-4479.254893584443,-532.4965004235522,-4480.340819205496,-537.3912251306228
143.2143074924,15.568988295,1.257953,1403,1104,1,13.666,12.105,,7.4,-2.5,11.96451,1.32685,,1403-1104-1,3826.87709557311,2399.1717102385605,1.254451760370104,,11.96451,1.32685,,,-747.3224205545298,4419.6476236622975,-747.5086406614233,4454.46338316608
142.8236928893,15.9586319503,1.258879,1403,45,1,11.625,10.263,,-9.1,2.5,10.14042,1.1577,,1403-45-1,2466.7817710833665,3796.748218671347,1.257499920760055,,10.14042,1.1577,,,1200.3172567077859,4331.45542557288,1200.6161381313057,4365.642018190652
143.3945316018,14.703215305,1.262744,827,1620,1,11.042,10.526,,23.2,-74.7,10.47956,0.4386,,827-1620-1,4470.693002185321,-717.0643279489178,1.2575295944236942,,10.47956,0.4386,,,-3504.1077417817887,2843.249981192619,-3504.970616897677,2866.4364888987448
141.7400218863,13.6888376158,1.268759,826,1205,1,12.721,11.941,,-3.8,-15.5,11.8708,0.6629999999999995,,826-1205-1,-1298.4234932437046,-4380.050530815744,1.2688067717320435,,11.8708,0.6629999999999995,,,-2412.01842436011,-3841.771728878085,-2412.60395530183,-3879.444338454931
142.3214760632,13.6477095633,1.276765,826,544,1,11.857,11.675,,-15.6,-6.6,11.65862,0.1546999999999988,,826-544-1,735.82434302641,-4528.583047104188,1.2742269985305381,,11.65862,0.1546999999999988,,,-3873.5975494575105,-2434.1246973986945,-3874.535190711727,-2457.1281884035257
140.9265525961,14.3435490367,1.272343,826,858,1,12.425,11.396,,-18.3,-9.7,11.30339,0.8746499999999999,,826-858-1,-4133.010518127033,-2012.627478292628,1.2767341822317009,,11.30339,0.8746499999999999,,,1239.5089080033758,-4383.023746916382,1239.8104447184685,-4426.659617645599
141.2652017288,13.9256734078,1.274999,826,631,1,12.323,11.255,,-5.2,-15.4,11.158880000000002,0.9077999999999996,,826-631-1,-2956.7219068092954,-3522.832136190938,1.2773411784528546,,11.158880000000002,0.9077999999999996,,,-670.3001481522791,-4505.05209859528,-670.4633039756224,-4550.058203145123
143.4247817363,15.0726385344,1.28511,1403,1153,1,11.224,10.858,,-10.0,4.4,10.82506,0.3110999999999997,,1403-1153-1,4567.295527886183,615.9855582889707,1.2799667375207595,,10.82506,0.3110999999999997,,,-2571.7984234126375,3793.6049798237027,-2572.4360795633843,3823.898437933515
141.0038046307,14.1980487575,1.280598,826,612,1,10.707,9.63,,25.7,-50.7,9.53307,0.91545,,826-612-1,-3864.864349638262,-2539.0433036917975,1.2843056328078235,,9.53307,0.91545,,,667.9939363401043,-4530.45518950287,668.1565512824567,-4575.749573797258
142.9043942646,15.9439415453,1.291504,1403,14,1,12.752,11.765,,10.7,-28.3,11.67617,0.8389500000000001,,1403-14-1,2746.93216947617,3744.0206807439677,1.289680193430353,,11.67617,0.8389500000000001,,,974.9113585500128,4504.67611553817,975.1544679297792,4540.088211171397
140.8389793602,15.2995116511,1.28417,1402,1641,1,10.822,10.306,,7.5,-7.1,10.25956,0.4386,,1402-1641-1,-4418.336130569214,1431.605648832932,1.2899151924905894,,10.25956,0.4386,,,4003.4762027446623,-2330.8118012008013,4004.4452270888646,-2352.787138631239
141.1126409401,15.76418232,1.284986,1402,974,1,11.898,12.225,,-1.0,-3.7,12.25443,-0.27795,,1402-974-1,-3460.404921137091,3100.118924431826,1.2903320955057533,,12.25443,-0.27795,,,4614.697561378231,-523.7387076618834,4615.816376746508,-528.5629007098139
141.975624488,13.6211252847,1.292232,826,1212,1,12.091,11.148,,-14.0,3.1,11.06313,0.8015499999999997,,826-1212-1,-474.49116682639857,-4624.2872707757815,1.2910500454149219,,11.06313,0.8015499999999997,,,-3141.598003867509,-3392.7307961536335,-3142.3596529310657,-3425.6022013199113
141.8402596654,13.6396290767,1.293367,826,1203,1,10.909,10.14,,7.4,-6.6,10.07079,0.6536500000000001,,826-1203-1,-947.6105167815992,-4557.50752089635,1.2928305948805707,,10.07079,0.6536500000000001,,,-2777.5731779037005,-3698.8588488132414,-2778.2471511650197,-3734.9944125241495
142.758264744,16.0388229933,1.294736,1403,237,1,11.672,10.036,,-5.3,-1.2,9.88876,1.3906000000000007,,1403-237-1,2239.4773568248215,4084.718799100121,1.2937650395520108,,9.88876,1.3906000000000007,,,1566.479203781709,4352.594615719282,1566.8693373121823,4386.924546791711
141.544529595,16.081989095,1.293187,1403,1599,1,12.752,11.312,,-11.0,-9.0,11.1824,1.224000000000001,,1403-1599-1,-1960.9307993094242,4239.061936117601,1.2971788482387347,,11.1824,1.224000000000001,,,4470.530026137024,1337.6564420529019,4471.621301212774,1348.8879258341055
142.9781426414,15.8973851725,1.299349,1403,518,1,11.85,11.275,,8.1,-24.3,11.22325,0.4887499999999994,,1403-518-1,3002.9079544675437,3577.4621777269344,1.2972025097166417,,11.22325,0.4887499999999994,,,680.4682532037531,4584.890423873312,680.6380541091328,4620.8682793788075
143.2921678962,14.2895045092,1.303903,827,1202,1,12.943,11.971,,8.9,-26.9,11.88352,0.8261999999999996,,827-1202-1,4121.598627833631,-2207.579246112735,1.2985478527296315,,11.88352,0.8261999999999996,,,-4386.493685309527,1602.2316043145424,-4387.565886742859,1615.625874489063
143.3787715207,14.4379271872,1.318086,827,144,1,12.443,11.682,,7.3,-22.7,11.61351,0.6468499999999994,,827-144-1,4420.785994708591,-1671.3374814609197,1.3125963487859953,,11.61351,0.6468499999999994,,,-4184.286987906144,2177.4224323735884,-4185.313068227946,2195.4207589588686
142.8224984226,16.027545214,1.316311,1403,225,1,10.879,10.149,,116.1,-73.1,10.0833,0.6205000000000004,,1403-225-1,2465.169028155109,4042.9183335676325,1.3151060886765658,,10.0833,0.6205000000000004,,,1385.3963618309278,4492.5887037956845,1385.7418028481286,4527.909743481148
140.771856326,15.1495686083,1.310607,1402,1483,1,13.13,11.456,,-8.4,-14.7,11.30534,1.422900000000001,,1402-1483-1,-4655.191205236992,892.8195784887753,1.3164446897128281,,11.30534,1.422900000000001,,,3757.9871321762644,-2860.3328241984673,3758.8972620139393,-2887.6674550013754
141.0514419267,14.0581710556,1.327536,826,745,1,12.28,12.149,,4.9,-11.2,12.13721,0.1113500000000001,,826-745-1,-3701.443501338333,-3042.507153720293,1.3307057019619284,,12.13721,0.1113500000000001,,,183.16325107927216,-4740.209616132202,183.20788820475033,-4787.898144670497
140.7757137764,14.5493687089,1.334902,826,151,1,12.414,11.831,,-19.5,19.3,11.77853,0.4955500000000001,,826-151-1,-4654.966036569176,-1267.7586341410988,1.339898046628665,,11.77853,0.4955500000000001,,,2142.821129840878,-4279.767464368725,2143.342210248068,-4322.268493027826
141.4120442611,16.0654421536,1.337196,1403,602,1,12.039,11.49,,-7.2,-8.9,11.44059,0.4666499999999995,,1403-602-1,-2419.4667816580263,4180.832654194375,1.3415445553143792,,11.44059,0.4666499999999995,,,4731.430651715822,959.3066521229038,4732.583614408801,967.3848885288669
142.2746285723,13.572959555,1.344274,826,1014,1,13.125,11.629,,-13.0,-6.1,11.49436,1.2716000000000005,,826-1014-1,572.1495820672003,-4797.922467539893,1.3419535350840717,,11.49436,1.2716000000000005,,,-3966.261466221388,-2732.329925895702,-3967.221884289137,-2758.362860394308
140.88326028,15.55147389,1.343808,1402,663,1,12.906,12.008,,0.0,0.0,11.927179999999998,0.7633000000000012,,1402-663-1,-4259.683869160608,2338.286644495717,1.3495471982985021,,11.927179999999998,0.7633000000000012,,,4575.882501145053,-1617.0530913712553,4576.990147618767,-1632.0699389465096
143.4770783883,14.6073223308,1.359861,827,1577,1,11.923,11.851,,-18.1,-2.9,11.84452,0.0611999999999993,,827-1577-1,4759.257655730741,-1058.7882242260441,1.354083758844218,,11.84452,0.0611999999999993,,,-3951.1216864200915,2832.1803061988576,-3952.094630451453,2855.260753302293
143.3538210141,14.2588231925,1.371071,827,443,1,12.421,11.81,,5.4,-18.7,11.75501,0.519349999999999,,827-443-1,4337.292749156323,-2316.71330146114,1.3656418883251285,,11.75501,0.519349999999999,,,-4611.270141896677,1690.3293796389116,-4612.397867404566,1704.4221383841261
142.9200242684,13.7720613808,1.382492,826,347,1,13.788,11.679,,3.5,-1.9,11.48919,1.79265,,826-347-1,2829.437409958454,-4076.027954231226,1.3780193089064718,,11.48919,1.79265,,,-4925.278064045237,-585.8551608199951,-4926.472090521091,-591.2636314399163
143.1830547377,15.8285375258,1.388701,1403,1087,1,12.206,11.154,,-25.1,9.5,11.05932,0.8941999999999997,,1403-1087-1,3712.9988067462796,3333.6584992631592,1.3858279728040945,,11.05932,0.8941999999999997,,,26.797839206027778,4951.357008026641,26.804547789410165,4989.881826739647
143.1038191393,13.9023106167,1.394477,827,51,1,11.055,10.332,,30.6,-15.2,10.26693,0.6145499999999992,,827-51-1,3471.0088319719466,-3604.798145865329,1.389795526290409,,10.26693,0.6145499999999992,,,-4998.978411550078,199.77604419542408,-5000.193005323052,201.350176513092
143.2783996183,15.7421175292,1.405922,1403,939,1,11.041,9.53,,13.9,-6.7,9.39401,1.2843500000000008,,1403-939-1,4046.0774860217857,3023.7357299235287,1.4028059770559318,,9.39401,1.2843500000000008,,,-425.9962529066415,4994.287208856913,-426.10293860933126,5033.106105877035
140.8159501397,15.5436577567,1.397578,1402,1217,1,13.135,11.453,,-8.7,-2.4,11.30162,1.4297000000000002,,1402-1217-1,-4493.6327303200205,2311.4351132325564,1.4034034513046676,,11.30162,1.4297000000000002,,,4711.131447349981,-1807.9486109559068,4712.271782544692,-1824.8183594868626
140.6559569509,14.892595475,1.400852,826,1252,1,12.032,11.592,,-6.8,-17.1,11.5524,0.3739999999999995,,826-1252-1,-5064.113070092179,-30.119703424118278,1.4064404012110647,,11.5524,0.3739999999999995,,,3339.5817253765886,-3769.374702624015,3340.392329032232,-3806.3010221677455
143.3985590896,15.579311685,1.417115,1403,989,1,10.924,10.496,,-12.6,0.6,10.45748,0.3637999999999992,,1403-989-1,4465.364617559616,2439.9862959808283,1.4131905479928082,,10.45748,0.3637999999999992,,,-1140.70589217053,4920.641584363979,-1140.9913854688,4958.946758195073
142.7506339311,13.6340694442,1.418322,826,397,1,13.36,12.308,,-0.9,-25.5,12.21332,0.8941999999999997,,826-397-1,2238.2361259666386,-4575.489659927056,1.414602629666846,,12.21332,0.8941999999999997,,,-4906.12064778617,-1352.4489191125838,-4907.308559690756,-1364.9649386226479
143.0710771034,13.8368035833,1.421516,827,263,1,13.071,12.216,,-3.2,8.4,12.13905,0.7267500000000003,,827-263-1,3356.646267302199,-3840.583031868935,1.4165727233226688,,12.13905,0.7267500000000003,,,-5099.300464985073,-40.19607954856751,-5100.53850496463,-40.73263858788865
142.4807856191,13.5328805252,1.421672,826,984,1,12.433,11.988,,-74.4,-14.9,11.94795,0.3782500000000002,,826-984-1,1292.4489984489062,-4941.69606409348,1.4185750395335948,,11.94795,0.3782500000000002,,,-4551.942920834915,-2293.6507284586105,-4553.04479474596,-2315.289938755839
143.5875241692,14.9216750061,1.432244,827,1552,1,12.793,12.102,,-28.3,-7.0,12.03981,0.587349999999999,,827-1552-1,5136.417074418272,75.60536122894062,1.42664216987138,,12.03981,0.587349999999999,,,-3353.566667483416,3859.821702319276,-3354.398667304601,3890.5662973153217
140.6332159455,14.8971291256,1.422769,826,1255,1,11.925,10.123,,-8.8,-15.2,9.96082,1.5317000000000012,,826-1255-1,-5143.217253085399,-13.222994823835442,1.42838019362468,,9.96082,1.5317000000000012,,,3404.729479637381,-3816.7793181911966,3405.556041235566,-3854.2245147410094
141.2179167346,13.7658120544,1.429049,826,1157,1,12.344,11.692,,-1.6,-10.6,11.63332,0.5541999999999994,,826-1157-1,-3124.166332876473,-4097.843618666308,1.4310731277709792,,11.63332,0.5541999999999994,,,-988.9479864847876,-5006.316515748177,-989.1893673725504,-5057.098179193329
143.468566035,15.4920139414,1.439705,1403,1164,1,10.187,9.482,46926.0,-45.2,-87.7,9.41855,0.5992500000000001,46926.0,1403-1164-1,4709.3408545381435,2124.7312607436957,1.434829517507004,9.4,9.4,0.681,,G0,-1538.3307158432474,4893.896500353701,-1538.7156415910913,4932.010582807682
143.119753662,13.8466921333,1.445674,827,494,1,9.985,9.493,,2.0,2.6,9.44872,0.4181999999999992,,827-494-1,3526.852612281094,-3804.4070640867053,1.440723277711014,,9.44872,0.4181999999999992,,,-5185.25966053454,109.77425150287131,-5186.519190388104,110.5492911002446
143.6057130386,14.8727309122,1.450274,827,1537,1,11.822,10.183,,-8.1,3.1,10.03549,1.3931499999999994,,827-1537-1,5201.446816916453,-99.96002584080138,1.444806801145877,,10.03549,1.3931499999999994,,,-3527.9734310176063,3792.3528789837287,-3528.8482558494184,3822.600029190086
143.4730746071,15.51933427,1.454701,1403,1220,1,12.079,11.37,,1.2,2.4,11.30619,0.6026500000000011,,1403-1220-1,4725.601929097737,2225.6287595031126,1.4506564431329871,,11.30619,0.6026500000000011,,,-1473.7067621567232,4972.514369140766,-1474.0757761775428,5011.171277606397
140.6566020604,14.5509120733,1.445847,826,36,1,11.485,10.189,,2.6,-31.2,10.07236,1.1015999999999997,,826-36-1,-5069.60716976156,-1261.0048264397078,1.4508241859740354,,10.07236,1.1015999999999997,,,2423.151356177176,-4581.87696210331,2423.7414759087856,-4627.799399926595
143.6045106065,15.1064742089,1.461599,1403,1043,1,13.525,11.737,,-23.5,-8.8,11.57608,1.5198000000000005,,1403-1043-1,5191.180671991855,741.4717316862918,1.4563159173146478,,11.57608,1.5198000000000005,,,-2892.1949121986218,4339.491716123732,-2892.91522081442,4373.691647033792
141.6198046303,13.527640195,1.457681,826,664,1,12.684,11.411,,-3.5,-3.0,11.29643,1.0820499999999995,,826-664-1,-1720.2887994910852,-4959.555866433515,1.457862222364069,,11.29643,1.0820499999999995,,,-2565.112804185626,-4534.3053125191,-2565.7373574817975,-4579.692103007949
141.1874947325,13.752228555,1.457718,826,1076,1,11.877,10.459,,-5.1,-14.6,10.33138,1.205300000000001,,826-1076-1,-3230.8792784629077,-4146.469262316751,1.4598492176458489,,10.33138,1.205300000000001,,,-954.4477394742568,-5117.094840060158,-954.6808575338175,-5169.175245200915
140.6004163134,14.8878375531,1.454561,826,1331,1,10.224,9.0,,-20.6,-37.1,8.88984,1.0404000000000002,,826-1331-1,-5257.934258738422,-46.50273233430325,1.4602781493210033,,8.88984,1.0404000000000002,,,3456.014158371744,-3923.481815301981,3456.8535021663465,-3962.0952837974887
141.6284773768,13.5214435911,1.460793,826,1024,1,12.172,11.828,,40.5,-50.6,11.79704,0.292400000000001,,826-1024-1,-1688.7991617180187,-4983.20688126619,1.4612375795342276,,11.79704,0.292400000000001,,,-2603.6978903831036,-4526.553703400722,-2604.331817025352,-4571.854024020039
143.2732717435,15.8433915067,1.46434,1403,1071,1,12.052,10.439,,-7.9,-1.6,10.29383,1.3710499999999997,,1403-1071-1,4025.7849846195,3388.515064109174,1.4613585419841952,,10.29383,1.3710499999999997,,,-139.85667412857356,5219.810928687435,-139.89177163480852,5260.171990943893
141.301170531,16.1410965211,1.457082,1402,1213,1,13.363,11.554,,12.2,-2.0,11.39119,1.5376499999999993,,1402-1213-1,-2801.6566869015464,4454.870255305464,1.4615212839334437,,11.39119,1.5376499999999993,,,5190.009633861023,856.4278888966738,5191.273897592577,863.6113147943246
140.62925139,15.22377972,1.460223,1402,1534,1,12.508,12.306,,0.0,0.0,12.28782,0.1716999999999999,,1402-1534-1,-5148.96648793691,1163.633765251665,1.4660177949411195,,12.28782,0.1716999999999999,,,4288.23867471693,-3047.7032096417047,4289.277688952209,-3077.0109425525843
143.4879074824,15.5274195433,1.471101,1403,1148,1,10.933,10.069,,-15.8,2.4,9.99124,0.7343999999999992,,1403-1148-1,4776.446030668541,2255.072847100151,1.466908627789067,,9.99124,0.7343999999999992,,,-1485.4529921187402,5029.689537915071,-1485.8251397051504,5068.738884953423
143.5953769031,14.59076519,1.475107,827,1638,1,9.609,9.117,46969.0,9.6,-8.4,9.07272,0.4181999999999992,46969.0,827-1638-1,5172.715509512526,-1115.950558788171,1.4696006680375222,9.06,9.06,0.486,,F2,-4268.344120273718,3101.3317700724765,-4269.397202474261,3126.4322988858935
142.3196967559,13.4478839678,1.473993,826,662,1,12.104,10.518,,-19.3,-18.2,10.37526,1.3480999999999987,,826-662-1,730.1753610939496,-5248.632748328725,1.4716705362016955,,10.37526,1.3480999999999987,,,-4408.077647657662,-2911.6093709236884,-4409.1454502414035,-2939.5132562029594
142.4274472964,16.3459669258,1.471803,1403,185,1,10.932,9.3,46561.0,-24.9,-2.5,9.15312,1.3871999999999998,46561.0,1403-185-1,1092.363431343958,5188.2798905672,1.472461441121558,9.18,9.18,1.352,,K5,3152.9482549396216,4228.694535082392,3153.7328035678565,4262.097546126854
143.4902772086,15.5371185111,1.477223,1403,1154,1,12.284,10.833,,4.2,-7.0,10.70241,1.2333500000000004,,1403-1154-1,4784.985415726917,2289.8093634992256,1.4731891768212755,,10.70241,1.2333500000000004,,,-1465.1571585246686,5058.9407357486125,-1465.5243184041149,5098.190936209987
142.7059733096,13.54541489,1.480944,826,424,1,12.446,11.716,,-10.4,-16.2,11.6503,0.6205000000000004,,826-424-1,2082.5186529082284,-4894.978145294869,1.4773274632262485,,11.6503,0.6205000000000004,,,-5041.554060441905,-1677.917138504592,-5042.774519075915,-1693.5525183424827
142.145334302,13.4283499389,1.479293,826,497,1,12.364,12.172,,45.8,-29.6,12.15472,0.1632000000000001,,826-497-1,121.18892626232868,-5319.6207881322025,1.4777281024923803,,12.15472,0.1632000000000001,,,-4056.829545078765,-3408.8829835167758,-4057.8132837799103,-3441.9766761785495
141.3857969274,13.5981378566,1.483306,826,1090,1,12.829,11.71,,-87.3,44.7,11.60929,0.9511499999999998,,826-1090-1,-2541.1168212582525,-4702.2873778956555,1.484383697699133,,11.60929,0.9511499999999998,,,-1827.8535681014778,-4972.157500626768,-1828.299643408854,-5022.55927765023
140.7776015067,14.1674223213,1.483329,826,964,1,10.578,9.657,46019.0,180.9,-73.0,9.57411,0.7828499999999995,46019.0,826-964-1,-4651.20503537339,-2645.8078717863473,1.486076494383261,9.52,9.52,0.9,,G5,1110.2434606075512,-5181.728823147601,1110.5147439581788,-5234.573963460738
140.5609290138,14.90615545,1.492574,826,221,1,12.98,12.003,,-1.7,0.8,11.91507,0.8304500000000002,,826-221-1,-5394.428896338274,21.412109463917325,1.4981227725116018,,11.91507,0.8304500000000002,,,3597.399320204455,-3979.809085674758,3598.2732095644237,-4019.048582116349
143.6308953582,15.2163947194,1.505131,1403,1202,1,12.047,11.46,,-6.9,-39.4,11.40717,0.4989499999999998,,1403-1202-1,5280.664204332625,1137.1543976584605,1.500133755985001,,11.40717,0.4989499999999998,,,-2655.8338698422963,4666.846554871379,-2656.497150660296,4703.355977551415
140.5737956673,15.1308300264,1.496177,1402,437,1,10.725,9.916,,0.4,-9.1,9.84319,0.6876499999999993,,1402-437-1,-5344.014183205499,829.9680052896622,1.5019004844332444,,9.84319,0.6876499999999993,,,4168.318879683812,-3411.2929543532546,4169.329682608294,-3444.419323750769
140.94951167,13.90808167,1.500591,826,1201,1,12.873,12.046,,0.0,0.0,11.97157,0.70295,,826-1201-1,-4060.46056525863,-3581.0812841513903,1.5035458992449642,,11.97157,0.70295,,,18.937537472378576,-5359.033536258897,18.942170049977076,-5413.974913122006
142.6738600671,13.4959440825,1.51493,826,668,1,8.995,7.779,46650.0,-7.7,-39.3,7.66956,1.0335999999999994,46650.0,826-668-1,1970.6002882425703,-5074.065762283793,1.5116742161513526,7.67,7.67,1.052,82176.0,K0,-5101.117298387241,-1878.5720541025999,-5102.352127173082,-1896.1570679499569
141.8224787332,16.3985761583,1.516063,1403,307,1,11.83,10.636,,-5.2,-2.9,10.52854,1.0149000000000006,,1403-307-1,-997.5247393413686,5377.582897757522,1.5188994445866704,,10.52854,1.0149000000000006,,,4681.943131332559,2802.4424724728196,4683.095953309674,2825.254983173583
140.7498356073,15.6688196617,1.513271,1402,160,1,12.733,11.761,,-13.6,-7.7,11.67352,0.826200000000001,,1402-160-1,-4720.421717301534,2763.4765455499632,1.519044853661797,,11.67352,0.826200000000001,,,5199.595249300083,-1678.54309068922,5200.854013714966,-1694.1963684886664
143.1222933795,13.7439136133,1.52444,827,538,1,11.267,11.126,,-14.7,8.0,11.11331,0.11985,,827-538-1,3536.9566446719687,-4174.417403443485,1.51946699531592,,11.11331,0.11985,,,-5468.548144533516,-126.28278471404884,-5469.87560821023,-127.60797454679084
142.3942158623,13.4111627955,1.521898,826,1057,1,12.976,11.978,,-28.7,-55.6,11.88818,0.8483000000000009,,826-1057-1,991.1119734948469,-5381.636475959695,1.5196823734154679,,11.88818,0.8483000000000009,,,-4680.7344766838505,-2805.9077919644355,-4681.868195153525,-2832.741482485946
142.7049987986,13.4969096261,1.525329,826,335,1,11.539,9.797,,10.6,-7.1,9.64022,1.4806999999999992,,826-335-1,2080.1278370258483,-5069.465447559864,1.521763208395983,,9.64022,1.4806999999999992,,,-5170.394625941985,-1794.4393831772952,-5171.6462632133,-1811.2113820769175
140.9135826776,15.8978715667,1.51721,1402,157,1,12.187,11.594,,4.2,-24.0,11.54063,0.50405,,1402-157-1,-4147.616067320201,3584.6086180337916,1.5224146757350863,,11.54063,0.50405,,,5433.093664997596,-714.0240617036618,5434.41060059127,-720.6381967090742
140.61368722,14.40622083,1.527731,826,141,1,12.913,12.243,,0.0,0.0,12.1827,0.5694999999999999,,826-141-1,-5222.7692732063115,-1780.301087655043,1.5323737174306737,,12.1827,0.5694999999999999,,,2136.666088118583,-5036.004329771782,2137.187743278912,-5087.162214224461
142.3080188473,13.38226439,1.537558,826,1088,1,11.319,10.881,,2.6,8.4,10.84158,0.3723000000000005,,826-1088-1,690.0647667579107,-5484.3381093773105,1.5350718168123176,,10.84158,0.3723000000000005,,,-4557.635336728228,-3096.1954913424383,-4558.739798430396,-3126.0270840950734
140.51933639,14.88680278,1.532975,826,152,1,13.143,12.307,,0.0,0.0,12.23176,0.7106000000000002,,826-152-1,-5539.664603005944,-47.288410719961604,1.538481928454639,,12.23176,0.7106000000000002,,,3642.4686020364766,-4132.33260313255,3643.3539874405965,-4173.2591376269165
140.9476551863,15.963182875,1.536445,1402,214,1,12.424,11.118,,-4.6,-6.6,11.00046,1.1100999999999992,,1402-214-1,-4028.581295262615,3819.654954007497,1.5417131145074494,,11.00046,1.1100999999999992,,,5529.760130372922,-471.1378999567791,5531.101246222952,-475.5525462503544
140.54812833,14.59091028,1.538898,826,1315,1,13.121,11.206,,0.0,0.0,11.03365,1.6277500000000007,,826-1315-1,-5446.8708776593785,-1113.618883475425,1.5439444613846265,,11.03365,1.6277500000000007,,,2783.7878020558633,-4763.97135125236,2784.4664347192165,-4811.995017604542
142.7549184584,13.4858761772,1.554552,826,454,1,9.2,8.819,46680.0,-9.2,7.4,8.78471,0.3238499999999987,46680.0,826-454-1,2254.5397508543647,-5108.374466546644,1.5506673038608902,8.8,8.8,0.392,82213.0,F8,-5315.271932266697,-1690.865512756779,-5316.558730487071,-1706.6465492100485
141.8410946161,13.3748436066,1.553656,826,695,1,11.852,11.525,,-51.2,4.8,11.49557,0.27795,,826-695-1,-947.3610413602885,-5510.956051537832,1.5528949977539581,,11.49557,0.27795,,,-3490.4312169222944,-4324.895339665588,-3491.280335764973,-4367.9619002196205
143.2452318277,16.0178114081,1.56211,1403,1097,1,11.985,11.3,,-18.3,-5.5,11.23835,0.5822499999999989,,1403-1097-1,3925.100856955423,4016.1034637920347,1.5595170135591543,,11.23835,0.5822499999999989,,,396.10031301821414,5559.0059035486165,396.20003274478194,5601.654157765119
143.5126256705,14.1265245222,1.570071,827,897,1,11.859,10.335,,-20.9,-15.5,10.19784,1.2953999999999992,,827-897-1,4893.949227436432,-2789.9297408745065,1.5644259866507892,,10.19784,1.2953999999999992,,,-5334.560761709482,1791.5129250032514,-5335.86629705619,1806.3714622640707
143.4958511702,14.083570278,1.578127,827,409,1,11.813,11.34,,-26.6,-2.9,11.29743,0.4020500000000006,,827-409-1,4836.156462291897,-2944.656200361505,1.5724114883854687,,11.29743,0.4020500000000006,,,-5411.849344358598,1646.7258452599558,-5413.1727727299185,1660.412598924797
141.3460369611,13.5168266944,1.573239,826,808,1,13.176,12.278,,14.7,-16.4,12.19718,0.7632999999999998,,826-808-1,-2678.5780649660846,-4996.389937746578,1.57435360893646,,12.19718,0.7632999999999998,,,-1956.4302613553514,-5266.765713552343,-1956.908602578939,-5320.639207960483
141.4563798458,13.4650298641,1.573409,826,1149,1,11.537,10.517,,-163.8,29.8,10.425199999999998,0.8670000000000011,,826-1149-1,-2297.452387348898,-5182.860236775935,1.5743936307502318,,10.425199999999998,0.8670000000000011,,,-2348.8467542620615,-5107.505989682038,-2349.420478545013,-5159.510744351857
140.5031697673,15.17156154,1.56989,1402,1861,1,11.111,10.079,,16.4,-10.8,9.98612,0.8772,,1402-1861-1,-5588.124428209315,978.3622855003741,1.575470381381276,,9.98612,0.8772,,,4441.308369787447,-3494.3600791140507,4442.3856840369635,-3528.390117476117
140.8469400806,15.9069686811,1.57212,1402,429,1,12.063,11.649,,-13.1,-4.6,11.61174,0.3519000000000012,,1402-429-1,-4378.7514292023325,3619.2350944261025,1.5776216734851356,,11.61174,0.3519000000000012,,,5612.429231906564,-862.4660307140059,5613.789315645263,-870.45750442782
140.48015389,14.84185472,1.572227,826,247,1,12.405,11.846,,0.0,0.0,11.79569,0.4751499999999993,,826-247-1,-5677.258012957064,-208.18392551317092,1.577677185844188,,11.79569,0.4751499999999993,,,3613.548928991467,-4339.739328919903,3614.4280776156943,-4382.9794391797
141.6488737741,16.4190461183,1.574467,1403,705,1,13.074,12.043,,0.3,-1.7,11.950209999999998,0.8763500000000005,,1403-705-1,-1597.0346920289026,5452.434938762511,1.5777985322248447,,11.950209999999998,0.8763500000000005,,,5135.914299952339,2406.9884308361025,5137.175756695313,2426.7245030705612
142.4718399173,13.3626949156,1.584698,826,868,1,9.469,8.173,46576.0,13.7,-59.8,8.05636,1.1015999999999997,46576.0,826-868-1,1264.4648738027822,-5555.982428234513,1.582390156448972,8.03,8.03,1.093,82053.0,K0,-4992.537477264225,-2718.182771174253,-4993.74664728646,-2744.140408697762
140.4820687375,14.7423196817,1.578017,826,249,1,11.681,11.154,,-1.0,8.7,11.10657,0.4479499999999993,,826-249-1,-5673.226076140325,-566.471455198627,1.583329341464658,,11.10657,0.4479499999999993,,,3343.05455076572,-4572.039393785577,3343.8687657770724,-4617.891910581449
141.6885638705,13.3719114139,1.587554,826,1085,1,10.466,9.761,,-49.0,-22.9,9.69755,0.5992500000000001,,826-1085-1,-1481.7749928773676,-5521.509001390504,1.5876158208444229,,9.69755,0.5992500000000001,,,-3143.5174327010877,-4726.922195763615,-3144.283646812445,-4774.53653565896
142.6398478504,16.4097951144,1.588291,1403,774,1,12.656,12.374,,2.9,-27.7,12.34862,0.2397,,1403-774-1,1826.584571355761,5419.064434900335,1.5881000933955123,,12.34862,0.2397,,,2838.0014439063007,4926.010936840468,2838.7118588664234,4964.311183663581
140.4668446082,14.9813301778,1.584977,826,268,1,10.986,9.816,,10.7,-6.4,9.7107,0.9945,,826-268-1,-5719.623863171737,294.2975727462714,1.590477532906741,,9.7107,0.9945,,,4017.2773962649117,-4041.0348220038372,4018.2535944582087,-4080.973688730623
142.6521068895,16.4110384144,1.593344,1403,1438,1,13.152,12.291,,-5.3,-33.1,12.21351,0.731849999999999,,1403-1438-1,1868.709919159569,5423.510593980192,1.5930400870716075,,12.21351,0.731849999999999,,,2813.357603643808,4960.222982410324,2814.062064037631,4998.759708640151
140.8656362457,13.8528398478,1.598119,826,825,1,10.52,9.25,46050.0,-11.4,-4.0,9.1357,1.0794999999999997,46050.0,826-825-1,-4355.121123582381,-3778.673100537797,1.6012182323677095,9.1,9.1,1.162,,K0,66.86619712770187,-5706.364312467339,66.8825950989474,-5765.49886135412
143.6966449094,14.4180907189,1.615174,827,485,1,9.864,9.693,,-3.8,-2.6,9.67761,0.1453500000000009,,827-485-1,5529.810037292982,-1735.295056042362,1.6094910144092862,,9.67761,0.1453500000000009,,,-4968.374309899823,2958.1575663804374,-4969.599033464174,2982.1357156683775
141.8388796687,16.4994255986,1.6128,1403,844,1,11.148,10.323,,-59.0,-24.1,10.24875,0.7012499999999994,,1403-844-1,-941.8524943056324,5740.251405418414,1.6154071513319774,,10.24875,0.7012499999999994,,,4916.070330820523,3082.7934381920377,4917.283206907776,3107.715910681321
143.0860566274,16.2214515458,1.61848,1403,603,1,11.912,11.603,,-22.0,14.3,11.57519,0.2626500000000009,,1403-603-1,3370.672667394034,4747.364009080264,1.6168695878449333,,11.57519,0.2626500000000009,,,1310.791054367815,5629.618938621362,1311.121283386118,5672.729523402237
143.664988172,14.3058789686,1.62442,827,565,1,10.851,10.089,,11.0,-43.1,10.02042,0.6477000000000004,,827-565-1,5422.5790412912675,-2141.2751542764145,1.6190258419696397,,10.02042,0.6477000000000004,,,-5200.6516540720295,2611.052304575747,-5201.930702763509,2632.363901329067
143.704425807,15.4139841894,1.6244,1403,1223,1,11.85,11.57,,-10.3,-30.5,11.5448,0.2379999999999994,,1403-1223-1,5531.03486521557,1850.843706350968,1.6197052148821416,,11.5448,0.2379999999999994,,,-2288.579117790151,5323.457168261236,-2289.15405381617,5364.489055209834
140.6924152926,15.7766301633,1.616538,1402,1334,1,7.924,7.76,45989.0,18.0,-60.0,7.74524,0.1394000000000005,45989.0,1402-1334-1,-4916.256429366997,3151.6768419502528,1.621718713952187,7.75,7.75,0.165,80889.0,A2,5619.787530702118,-1568.1995919925714,5621.148242650349,-1582.8255208727226
141.4759675546,16.4075351433,1.618211,1403,524,1,10.882,10.376,,-33.0,-46.0,10.33046,0.4301000000000002,,1403-524-1,-2195.401696549163,5411.3719464035585,1.6217208707097983,,10.33046,0.4301000000000002,,,5502.482269947435,1936.070910227571,5503.830049991999,1952.073188264274
141.1192601668,16.2236295161,1.623428,1402,828,1,11.052,9.317,,-6.6,-3.8,9.16085,1.4747499999999996,,1402-828-1,-3430.1856830700435,4754.82614249591,1.628167415368493,,9.16085,1.4747499999999996,,,5831.509143842197,588.0088109830681,5832.9283185960285,592.8681943068359
143.7429980209,15.3171072681,1.63313,1403,1003,1,12.718,12.028,,9.1,-7.1,11.9659,0.5864999999999996,,1403-1003-1,5668.082869027555,1503.555983410482,1.6284821613265574,,11.9659,0.5864999999999996,,,-2639.158483989541,5196.176244977269,-2639.8207331055737,5236.333688992603
140.6056520856,15.6778201539,1.639184,1402,1486,1,12.603,12.142,,4.6,-19.4,12.10051,0.3918500000000002,,1402-1486-1,-5219.801650658196,2798.924419716151,1.644787780611131,,12.10051,0.3918500000000002,,,5557.633821801052,-2024.975312020318,5558.979320105688,-2044.029378001444
141.4435753392,13.3939714999,1.643501,826,1210,1,14.42,11.78,,-84.2,-64.8,11.5424,2.244,,826-1210-1,-2340.9430549794906,-5441.250612186225,1.6449498032599186,,11.5424,2.244,,,-2513.1165368582874,-5309.217586791299,-2513.7311983235354,-5363.616137816951
143.647502234,15.6259785089,1.652117,1403,1026,1,12.162,11.799,,11.8,-13.6,11.76633,0.3085500000000011,,1403-1026-1,5328.619168625357,2613.3970072633456,1.6481517120433702,,11.76633,0.3085500000000011,,,-1584.1967627872414,5676.119404122345,-1584.5960554837097,5719.535077500525
143.7628257432,14.47392039,1.660664,827,1613,1,12.031,11.935,,-4.6,-26.4,11.92636,0.0816,,827-1613-1,5759.2156841964415,-1533.2116839309251,1.6550415609846925,,11.92636,0.0816,,,-4969.619915817966,3261.5940420618226,-4970.847590184042,3287.8530380778807
140.4839497428,15.44858766,1.655902,1402,747,1,12.465,11.6,,-26.0,5.2,11.52215,0.7352500000000002,,1402-747-1,-5648.787565116237,1977.0208537121316,1.6619684480416286,,11.52215,0.7352500000000002,,,5228.073307443857,-2882.9024229576635,5229.339921711342,-2910.569771543291
140.5252022619,14.2608532553,1.66035,826,507,1,12.295,12.063,,10.0,-5.9,12.04212,0.1971999999999994,,826-507-1,-5534.934275643877,-2301.959400588232,1.6646815399419719,,12.04212,0.1971999999999994,,,1953.9777151967298,-5608.994544782097,1954.456598404228,-5666.975729841234
142.5869062367,13.3053095872,1.668529,826,1192,1,11.668,11.102,,-21.6,-16.1,11.05106,0.4810999999999991,,826-1192-1,1667.1722784934113,-5760.8618800641,1.665433236420012,,11.05106,0.4810999999999991,,,-5413.043382813459,-2554.772714533927,-5414.354265485481,-2579.1007919761773
141.5249570969,16.4749187533,1.664384,1403,344,1,11.277,10.075,,-10.5,-20.4,9.966819999999998,1.0216999999999998,,1403-344-1,-2024.899262557113,5654.309325248781,1.6678480931989685,,9.966819999999998,1.0216999999999998,,,5570.875758415006,2222.6160666285514,5572.242621106993,2240.8799924618725
143.8240559887,14.7028128125,1.673983,827,1575,1,12.805,11.122,,19.2,-16.1,10.97053,1.4305499999999998,,827-1575-1,5967.09662726507,-706.9587338025943,1.668647398481456,,10.97053,1.4305499999999998,,,-4490.012652867759,3960.551267605144,-4491.12768913212,3991.967546252125
141.264052023,13.4417276755,1.677024,826,1179,1,11.22,10.227,,-36.6,-88.0,10.13763,0.8440500000000003,,826-1179-1,-2968.0773301539657,-5267.885484039901,1.6791010611999626,,10.13763,0.8440500000000003,,,-1967.1691360353466,-5658.794628106858,-1967.6514310434457,-5717.381249894628
143.3486918505,16.0903822917,1.683781,1403,1105,1,11.633,10.472,,-10.1,-7.5,10.36751,0.9868499999999996,,1403-1105-1,4282.048068353044,4279.50232018569,1.6811647606896416,,10.36751,0.9868499999999996,,,356.0091998851818,5997.891587476737,356.0992094371289,6043.448446143876
140.6581353486,15.8422088833,1.679771,1402,244,1,12.285,11.87,,-13.6,6.0,11.83265,0.3527500000000008,,1402-244-1,-5034.378397544833,3390.4528729443846,1.685515726401553,,11.83265,0.3527500000000008,,,5876.692440487511,-1498.597002062926,5878.115521435046,-1512.5787417474335
143.8171985086,14.5394599017,1.695897,827,1660,1,11.914,11.241,,-22.1,-3.8,11.18043,0.5720500000000001,,827-1660-1,5946.610543490426,-1295.1605844780934,1.6900702775992713,,11.18043,0.5720500000000001,,,-4916.088953203372,3557.5897675645915,-4917.306064834282,3586.0450304313285
140.730436129,13.8603136786,1.694071,826,944,1,11.235,10.752,,-27.7,5.5,10.70853,0.4105499999999989,,826-944-1,-4828.252853644475,-3748.889377295955,1.6975002833409365,,10.70853,0.4105499999999989,,,403.24324563177964,-6036.265053236619,403.34239590211996,-6099.46818121042
141.6240777562,16.5373423383,1.69472,1403,395,1,10.571,9.619,,-68.7,-22.7,9.53332,0.8091999999999999,,1403-395-1,-1683.6057272413898,5878.259121357966,1.6980055652107955,,9.53332,0.8091999999999999,,,5511.686156733589,2623.388885488637,5513.041903895304,2644.7736214129404
141.5910590294,16.5283293983,1.69511,1403,1558,1,12.822,11.617,,-10.4,-26.2,11.50855,1.0242499999999986,,1403-1558-1,-1796.1380046758807,5845.969045613278,1.6983007307191356,,11.50855,1.0242499999999986,,,5562.2612276734935,2518.621186109198,5563.62850137212,2539.1935162229997
142.9251273786,13.4011928028,1.702844,826,333,1,11.928,10.966,,-14.0,-7.4,10.87942,0.8177000000000013,,826-333-1,2851.6709133942695,-5412.041127389607,1.698771498401476,,10.87942,0.8177000000000013,,,-5938.699143606923,-1448.3350484841772,-5940.137320617565,-1461.8429378912638
140.4958470481,15.5814112106,1.693014,1402,1790,1,10.18,9.933,,-4.5,-0.2,9.91077,0.2099499999999999,,1402-1790-1,-5603.430480653153,2454.961522885862,1.6988407529740475,,9.91077,0.2099499999999999,,,5555.217659736431,-2535.131748577277,5556.562994153658,-2559.272733094997
141.1991806559,16.3600564211,1.694861,1402,1596,1,12.701,12.1,,-9.6,-20.2,12.04591,0.5108500000000007,,1402-1596-1,-3151.8449030384645,5244.593758817264,1.6991723652219395,,12.04591,0.5108500000000007,,,6012.810516055374,1116.9160808175588,6014.2772184278,1126.2146898944015
143.8841019442,14.8249036031,1.721329,827,1529,1,9.516,8.836,,-127.6,-41.0,8.7748,0.5779999999999997,,827-1529-1,6168.937630122343,-266.29700567598957,1.714677540991144,,8.7748,0.5779999999999997,,,-4294.62257149824,4400.936401346049,-4295.6929231131435,4435.50762482571
143.4941994302,13.8323071681,1.721978,827,401,1,10.715,10.119,,-20.2,0.7,10.06536,0.5066,,827-401-1,4836.157128622692,-3849.637557396346,1.7165063159923573,,10.06536,0.5066,,,-6088.318448789957,1050.703134294754,-6089.803144780387,1059.4445496906208
143.4817655091,13.80633747,1.729105,827,122,1,12.21,11.163,,-44.0,1.8,11.06877,0.8899500000000005,,827-122-1,4792.602980120017,-3943.4137515834004,1.7234834443750486,,11.06877,0.8899500000000005,,,-6129.5000454364545,956.6544463501467,-6130.994166028757,964.606592012722
140.4431948862,14.30117058,1.718948,826,856,1,12.698,11.227,,3.3,-13.8,11.09461,1.25035,,826-856-1,-5820.380576743773,-2154.9457171118434,1.7235072725344396,,11.09461,1.25035,,,2253.377537315729,-5723.385145698704,2253.93028935928,-5782.769176834278
140.4610101776,14.2562842742,1.719442,826,832,1,10.957,9.734,,-8.4,-7.5,9.62393,1.0395500000000006,,826-832-1,-5759.684396836808,-2316.894368522192,1.7239843822304493,,9.62393,1.0395500000000006,,,2092.025934770835,-5784.803082161549,2092.5393407674314,-5844.933102559504
142.2424867779,16.628812,1.726786,1403,123,1,13.45,11.932,,-31.2,-60.0,11.79538,1.2902999999999991,,1403-123-1,452.3677385815891,6205.010919211205,1.727664719481496,,11.79538,1.2902999999999991,,,4337.8338072820725,4424.036042580346,4338.915147711053,4458.7680383041425
143.3565785762,13.6602644967,1.739139,827,1418,1,12.247,11.554,,1.5,-22.4,11.49163,0.5890499999999996,,827-1418-1,4358.811205746217,-4472.661926505392,1.7342794397590788,,11.49163,0.5890499999999996,,,-6237.1153362760015,286.5841396720342,-6238.631679252289,288.81587002869605
141.7111276305,16.6007138367,1.735551,1403,305,1,11.909,11.594,,1.1,-17.6,11.56565,0.2677500000000011,,1403-305-1,-1380.7727684522768,6106.068157094408,1.7384218342362827,,11.56565,0.2677500000000011,,,5480.915455933943,2998.227651348828,5482.267047222717,3022.474119015099
140.7783047525,16.0769783908,1.733205,1402,1567,1,10.647,10.043,,-20.8,-16.7,9.988639999999998,0.5134000000000009,,1402-1567-1,-4613.050248389371,4232.77464858775,1.738555088784646,,9.988639999999998,0.5134000000000009,,,6226.5964842405565,-632.2707793485833,6228.106331156866,-638.2047850766687
142.9305880518,13.357711125,1.743951,826,413,1,10.95,9.962,,-65.1,3.9,9.87308,0.8397999999999995,,826-413-1,2870.0173104701958,-5568.336098471281,1.7395909891167811,,9.87308,0.8397999999999995,,,-6067.708684922325,-1537.5455777298719,-6069.178059376854,-1551.9162192323638
140.5159785079,15.7228455361,1.73647,1402,990,1,10.809,10.263,,-23.7,-1.1,10.21386,0.4640999999999994,,1402-990-1,-5530.426833340871,2963.852518316221,1.7423946735532116,,10.21386,0.4640999999999994,,,5887.142158617199,-2146.471640681071,5888.567604165335,-2166.752011754027
140.5555379184,15.7927912275,1.73726,1402,1523,1,12.632,12.147,,-16.5,3.3,12.10335,0.4122499999999995,,1402-1523-1,-5391.28296279238,3214.899416883016,1.743090432324733,,12.10335,0.4122499999999995,,,5982.419142132837,-1878.351042139149,5983.867639747234,-1896.0058848947274
140.8399515844,13.6635346544,1.746584,826,598,1,12.605,11.776,,4.5,-34.0,11.70139,0.7046500000000006,,826-598-1,-4448.377645835892,-4460.920917354255,1.7494094042074073,,11.70139,0.7046500000000006,,,-381.1930410658881,-6222.743258697269,-381.2869195170404,-6288.282706420498
141.386610918,13.2986918197,1.753542,826,1158,1,13.313,11.947,,-11.1,206.5,11.82406,1.1611000000000011,,826-1158-1,-2539.668385284467,-5776.7408901150675,1.75233137396687,,11.82406,1.1611000000000011,,,-2631.955732951532,-5676.162646729784,-2632.601149838158,-5734.985789399507
142.7191313125,16.5578589458,1.753175,1403,795,1,11.846,11.305,,-5.8,-16.1,11.25631,0.4598500000000003,,1403-795-1,2098.788664528304,5953.581596547517,1.752977664495798,,11.25631,0.4598500000000003,,,3056.8248203393996,5480.719147211172,3057.5939489958164,5522.786156295187
140.8405524763,16.1652195256,1.751505,1402,995,1,11.457,10.673,,-13.4,-10.3,10.60244,0.6664000000000005,,1402-995-1,-4395.562323481415,4549.480391364454,1.7566817582299514,,10.60244,0.6664000000000005,,,6318.938321948059,-262.6718890210575,6320.471971024685,-265.2810481540075
140.3042463769,15.11177433,1.751762,1402,1298,1,12.47,11.154,,-3.2,2.4,11.03556,1.1186000000000005,,1402-1298-1,-6282.081331750233,768.7465689870025,1.757488261104536,,11.03556,1.1186000000000005,,,4745.342029950733,-4145.2987230972885,4746.495821403002,-4186.441754456603
142.4656656696,16.6322787975,1.759596,1403,24,1,13.256,12.025,,-1.9,-22.5,11.91421,1.04635,,1403-24-1,1223.3629780257727,6219.449517317594,1.7601752757317248,,11.91421,1.04635,,,3836.7565099927747,5005.999179614906,3837.7177495769233,5044.8083956724995
143.4812607978,16.0870296592,1.77474,1403,1004,1,11.492,11.365,,-5.8,-27.3,11.35357,0.1079500000000005,,1403-1004-1,4741.103392271875,4269.785395712104,1.7717602045370782,,11.35357,0.1079500000000005,,,43.97933262292329,6332.482476014,43.990489260122274,6380.218925593611
140.2870865154,14.7201677517,1.767822,825,1534,1,11.609,10.991,,-20.3,-50.5,10.93538,0.5253000000000002,,825-1534-1,-6353.759762323219,-642.6302767749617,1.7733711244977564,,10.93538,0.5253000000000002,,,3737.9337554042017,-5125.004077585545,3738.847071138054,-5177.283010285163
143.3352895112,13.5658605233,1.794449,827,1235,1,12.393,11.71,,-24.8,-26.4,11.64853,0.5805499999999998,,827-1235-1,4285.452500476659,-4813.251633533448,1.789576415345416,,11.64853,0.5805499999999998,,,-6443.001169482083,8.013596005183945,-6444.5662142344945,7.793067619421386
142.725237636,16.5963111855,1.79135,1403,1412,1,12.861,11.799,,-25.4,-6.7,11.70342,0.902700000000001,,1403-1412-1,2118.9594351263963,6092.442893154536,1.7911980947273953,,11.70342,0.902700000000001,,,3147.2293254017018,5587.3026201321745,3148.0220114072354,5630.080542030869
143.7745425026,14.1150166567,1.799522,827,540,1,11.906,11.829,,-6.8,-31.2,11.82207,0.0654499999999999,,827-540-1,5809.681890964626,-2825.768063386704,1.7939819822993703,,11.82207,0.0654499999999999,,,-5969.302970057331,2447.252715862903,-5970.769774135354,2467.2407921664953
140.3139399222,15.371351455,1.790486,1402,1845,1,6.55,6.548,45874.0,-37.0,-6.2,6.54782,0.0016999999999998,45874.0,1402-1845-1,-6241.727853738686,1703.1917081628787,1.7966144432038562,6.57,6.57,-0.003,80613.0,A1V,5417.04326128169,-3501.5550021464483,5418.357592818395,-3535.7360748843194
140.3392509307,14.36792344,1.791898,825,1097,1,10.269,9.528,,-29.8,-16.8,9.46131,0.6298499999999997,,825-1097-1,-6182.26702904531,-1911.8853304487372,1.7969511638662776,,9.46131,0.6298499999999997,,,2675.320054560173,-5831.210502604679,2675.976892764922,-5891.933367290788
140.938947136,16.3161913317,1.802033,1402,124,1,11.863,11.313,,-21.9,-3.5,11.2635,0.4674999999999991,,1402-124-1,-4052.4804390680806,5091.551961900414,1.8070169586607745,,11.2635,0.4674999999999991,,,6496.354831134494,348.4593658637583,6497.934661957223,351.20395598062333
140.5866944561,15.9606828967,1.803691,1402,751,1,10.908,10.495,,21.9,-13.2,10.45783,0.3510500000000002,,1402-751-1,-5278.106091385965,3818.445604838137,1.8089867044434493,,10.45783,0.3510500000000002,,,6358.425561726814,-1397.5289170460892,6359.965635562889,-1410.5913169634541
142.862056286,16.5646250081,1.810338,1403,229,1,11.402,12.067,,0.3,-7.3,12.12685,-0.5652500000000008,,1403-229-1,2592.3424569765007,5979.864279423072,1.8098402692570714,,12.12685,-0.5652500000000008,,,2748.7976881568925,5864.621682602963,2749.491849768274,5909.256364604645
141.0496544387,16.4023024175,1.808,1402,402,1,11.82,10.548,,-8.2,-8.7,10.43352,1.0812000000000002,,1402-402-1,-3667.889823437665,5399.580221394187,1.8126028214670502,,10.43352,1.0812000000000002,,,6471.268198070779,836.3912469770744,6472.8449472016855,843.3033935857214
140.420630486,14.1257185678,1.808616,825,388,1,12.467,12.051,,4.4,-1.1,12.01356,0.3536000000000003,,825-388-1,-5903.890967952747,-2786.0138782016647,1.8127924063472867,,12.01356,0.3536000000000003,,,1837.1019464291576,-6199.011877311474,1837.5543232055202,-6264.279367994019
143.8906594826,14.3248578694,1.822899,827,748,1,12.356,11.307,,0.6,-10.6,11.21259,0.8916499999999995,,827-748-1,6209.597482552801,-2066.3446644037954,1.817273096690222,,11.21259,0.8916499999999995,,,-5667.140421441578,3244.471832066148,-5668.540444588171,3270.5550592374216
141.1955837293,16.4955006267,1.813838,1402,358,1,12.156,10.985,,1.2,-14.0,10.87961,0.995350000000001,,1402-358-1,-3161.977975478171,5732.798626102216,1.8179981127147584,,10.87961,0.995350000000001,,,6384.463853810751,1430.9838628153902,6386.023752400584,1442.8393668811764
140.9778267948,16.3601990828,1.813901,1402,352,1,11.921,11.344,,-36.0,-7.0,11.29207,0.4904499999999999,,1402-352-1,-3917.627846088554,5249.261040589388,1.8188342856996917,,11.29207,0.4904499999999999,,,6524.71029690946,552.264270097292,6526.298247222976,556.7590151864287
141.385422222,16.5855916216,1.815806,1403,1650,1,7.551,6.402,46232.0,-82.2,-23.5,6.29859,0.97665,46232.0,1403-1650-1,-2507.4629336977864,6054.529473588294,1.819726890812022,6.31,6.31,0.968,81361.0,G9III:,6190.412856376575,2128.379740035179,6191.931098565236,2145.8533922518563
143.0773646523,13.34039604,1.828513,827,266,1,12.796,11.256,,-40.1,20.5,11.1174,1.3089999999999993,,827-266-1,3385.3655885764106,-5628.397425759883,1.823847913494439,,11.1174,1.3089999999999993,,,-6454.746444669762,-1195.3271036547576,-6456.310230712911,-1206.4891028976156
143.7895879793,14.0756414994,1.830342,827,1225,1,7.744,7.852,47035.0,-19.9,-7.3,7.86172,-0.0918000000000004,47035.0,827-1225-1,5862.969142646541,-2966.5932323743755,1.8245982082063954,7.89,7.89,-0.098,82906.0,B9,-6109.9463303269495,2394.0021298770207,-6111.447242707249,2413.5648268898503
143.1630834466,13.3911573789,1.830282,827,280,1,11.819,11.686,,12.8,-2.6,11.67403,0.1130500000000007,,827-280-1,3686.3788144044975,-5444.870834714792,1.8258842338653323,,11.67403,0.1130500000000007,,,-6517.405624078047,-851.5858049665557,-6518.985440838747,-859.5556946190433
143.9492182066,15.3371100067,1.831059,1403,1133,1,11.803,11.315,,-1.2,-1.9,11.27108,0.4148000000000011,,1403-1133-1,6383.815127394376,1581.4772287824087,1.8262673594253298,,11.27108,0.4148000000000011,,,-3056.084399176474,5779.153688799329,-3056.8555437782534,5823.212171162894
140.4680169081,14.0056580233,1.824035,826,691,1,11.951,11.09,,24.3,-2.4,11.01251,0.7318500000000006,,826-691-1,-5740.957602581191,-3219.704487771536,1.827763028783559,,11.01251,0.7318500000000006,,,1404.7505269550657,-6363.126427652913,1405.0969344671275,-6430.458287553258
141.9886098873,16.7297760756,1.826034,1403,254,1,12.486,11.852,,5.3,-0.5,11.79494,0.5389000000000003,,1403-254-1,-422.637900747995,6570.357993435427,1.8282506489685453,,11.79494,0.5389000000000003,,,5191.847794370271,4015.3968631164976,5193.137864180393,4047.165190681778
143.7991172999,14.0843953214,1.834538,827,644,1,9.595,9.094,47038.0,-19.6,-60.1,9.04891,0.425850000000001,47038.0,827-644-1,5896.0533940591995,-2936.2263262993038,1.8290227018360754,9.07,9.07,0.543,,G0,-6109.21175077831,2438.5573107295254,-6110.712903818473,2458.4666912442926
143.6472708973,15.9810751767,1.833529,1403,1032,1,12.007,11.755,,-20.0,-15.4,11.73232,0.214199999999999,,1403-1032-1,5318.064466157949,3892.4265123056366,1.830031910537798,,11.73232,0.214199999999999,,,-621.1336133252872,6512.114818755524,-621.2914731987812,6561.005313611831
141.8178267286,13.0945151344,1.834011,826,867,1,11.442,10.997,,8.5,-20.8,10.95695,0.3782500000000002,,826-867-1,-1028.592639817977,-6521.560038464993,1.8333122803993096,,10.95695,0.3782500000000002,,,-4191.914333362353,-5048.397805412919,-4192.938180783127,-5099.805640034142
143.514547267,16.1442602989,1.836665,1403,1056,1,12.329,11.857,,6.1,2.0,11.81452,0.4012000000000011,,1403-1056-1,4855.325852611514,4477.515755371676,1.834018012814105,,11.81452,0.4012000000000011,,,123.42204087053274,6554.403303072394,123.45342182865896,6603.56689428352
141.6529168679,16.68759761,1.832895,1403,881,1,12.925,11.12,,-19.7,-17.1,10.95755,1.5342500000000012,,1403-881-1,-1581.614663871532,6419.570415237708,1.8359087915684835,,10.95755,1.5342500000000012,,,5848.593727417288,3055.842401359857,5850.036692874589,3080.4967055956445
141.6381401399,16.6850689531,1.833822,1403,44,1,10.997,10.436,,-5.5,9.7,10.38551,0.4768499999999999,,1403-44-1,-1632.2394597408072,6411.288274019102,1.837092698545179,,10.38551,0.4768499999999999,,,5876.013331497797,3012.818473671937,5877.462633989836,3037.146024240888
142.8727723043,16.5952540561,1.842527,1403,201,1,12.499,11.742,,-6.2,-13.3,11.67387,0.6434499999999997,,1403-201-1,2628.7852231089505,6090.207361531973,1.8419583214862745,,11.67387,0.6434499999999997,,,2807.082338274326,5964.488329499498,2807.7919188666087,6009.778864154748
143.8276309598,15.7174856642,1.848103,1403,1109,1,12.05,11.419,,3.0,-24.1,11.36221,0.5363500000000002,,1403-1109-1,5950.8094338767605,2947.5118990789942,1.8440241558536123,,11.36221,0.5363500000000002,,,-1747.520215995364,6358.717011660812,-1747.963668606962,6406.604586421642
141.6578472618,16.6983044403,1.842161,1403,701,1,10.08,8.167,46311.0,-10.6,-6.7,7.994829999999999,1.6260500000000002,46311.0,1403-701-1,-1564.2820254928015,6458.390604119184,1.8452319560108963,7.97,7.97,1.621,81540.0,M...,5866.103768267689,3094.2925195117987,5867.55145274854,3119.2350664866685
140.3796989778,15.7063741122,1.846402,1402,1123,1,12.926,11.987,,-13.0,24.4,11.90249,0.79815,,1402-1123-1,-6003.240507426721,2908.8872723900877,1.8523741048303166,,11.90249,0.79815,,,6159.95966092065,-2532.594088460259,6161.451696773635,-2556.7625509239633
142.7546098566,16.6569958667,1.857953,1403,115,1,11.351,10.937,,-1.9,-10.2,10.89974,0.3519000000000012,,1403-115-1,2220.3354044895277,6311.3373046789575,1.8578224622297514,,10.89974,0.3519000000000012,,,3243.5442503683603,5807.001471852029,3244.362936577463,5851.237221103266
141.0000361781,13.3882232633,1.859087,826,1066,1,9.555,8.746,46094.0,1.3,-8.6,8.67319,0.6876499999999993,46094.0,826-1066-1,-3892.996702108172,-5454.859933676779,1.8608901256736454,8.68,8.68,0.739,81108.0,G5,-1492.8699211311098,-6464.4553048019325,-1493.238406477287,-6533.081912855499
141.5362727313,16.6827507131,1.858202,1403,248,1,11.055,10.432,,20.0,-42.7,10.37593,0.5295499999999994,,1403-248-1,-1983.074466840377,6402.4434358399485,1.8611581288653067,,10.37593,0.5295499999999994,,,6102.325185274147,2746.6764725741523,6103.827653311085,2768.962670177599
141.4550728291,13.1552121617,1.862143,826,1208,1,12.268,11.064,,-5.7,-5.3,10.95564,1.0234000000000003,,826-1208-1,-2301.05352597881,-6300.035009061693,1.8624291330179246,,10.95564,1.0234000000000003,,,-3181.52899589808,-5843.187804791526,-3182.3102508800425,-5904.082478418484
143.0547376976,16.5350644875,1.866816,1403,252,1,12.655,11.752,,-25.0,-18.5,11.67073,0.7675499999999988,,1403-252-1,3257.4177549755213,5875.8516729240655,1.865552445604151,,11.67073,0.7675499999999988,,,2229.5042953989605,6290.01189046354,2230.069681868329,6337.443690214923
144.0460148362,14.8527240761,1.876172,827,1525,1,11.515,11.189,,27.7,-22.9,11.15966,0.2771000000000004,,827-1525-1,6736.193321794342,-160.88890409503202,1.8710330753549673,,11.15966,0.2771000000000004,,,-4592.428601112469,4891.645160431148,-4593.578123292068,4929.627342229944
140.5829383875,13.7608089642,1.868205,826,1108,1,12.115,11.593,,7.7,-14.7,11.54602,0.4437000000000002,,826-1108-1,-5345.664162678272,-4104.749486269356,1.8715047013828374,,11.54602,0.4437000000000002,,,480.7525494829588,-6651.618328059287,480.87142100391753,-6722.637604514643
143.8761156351,14.13598387,1.879578,827,1106,1,9.49,8.389,,-13.5,-4.5,8.289909999999999,0.9358500000000008,,827-1106-1,6163.837162569118,-2746.9204013583694,1.8738369232927177,,8.289909999999999,0.9358500000000008,,,-6145.487199841518,2761.993278915507,-6147.000466510848,2784.3932054909687
143.9703497179,14.3795879,1.879926,827,1691,1,6.337,6.306,47096.0,-41.3,-2.0,6.30321,0.0263499999999997,47096.0,827-1691-1,6485.058284603237,-1866.7822948977969,1.8738862004688446,6.32,6.32,0.027,83023.0,A1V,-5700.845729319139,3580.4624571803665,-5702.257609945835,3609.0324522039496
143.7237663602,13.8624870086,1.88385,827,1212,1,11.401,10.454,,-38.4,14.9,10.36877,0.8049499999999993,,827-1212-1,5637.990167448496,-3735.4697565971246,1.877989598380059,,10.36877,0.8049499999999993,,,-6535.31485037671,1720.5758093841462,-6536.914107307511,1734.7683950271412
140.8181617367,13.506653255,1.875909,826,837,1,11.342,10.793,,-4.4,30.9,10.74359,0.466650000000001,,826-837-1,-4528.127955003163,-5023.984734764005,1.878065456689489,,10.74359,0.466650000000001,,,-749.1296054843364,-6650.810521385737,-749.3148364085362,-6721.82212409417
140.4539967498,13.926911805,1.875915,826,834,1,10.512,9.316,,-25.8,-1.5,9.20836,1.0165999999999995,,826-834-1,-5793.401249673776,-3503.000245191501,1.8799136675264296,,9.20836,1.0165999999999995,,,1227.8071096771807,-6587.593845830193,1228.1105195228877,-6657.796430454418
140.5096664309,13.84133047,1.877682,826,843,1,12.553,11.273,,6.7,-13.2,11.1578,1.088000000000001,,826-843-1,-5600.050412619485,-3812.9528146714433,1.881238374035611,,11.1578,1.088000000000001,,,867.7548888256034,-6648.084718396575,867.9694465490898,-6719.062645239242
142.7747873249,16.67760983,1.883979,1403,75,1,12.455,11.851,,4.9,-41.5,11.796640000000002,0.5133999999999993,,1403-75-1,2289.927273537656,6385.014864740153,1.8835511743644908,,11.796640000000002,0.5133999999999993,,,3252.4142255257907,5907.2982180873605,3253.235956731204,5952.196027591546
141.3040032466,16.6250426928,1.883046,1402,879,1,12.666,11.416,,-3.6,-3.4,11.3035,1.0625,,1402-879-1,-2785.938688242762,6198.272940145399,1.8869813207948545,,11.3035,1.0625,,,6482.741809987247,2016.5361792514977,6484.330825143265,2033.0999890025714
140.6563286116,16.1873822622,1.894216,1402,1781,1,13.007,11.712,,20.2,1.1,11.59545,1.10075,,1402-1781-1,-5031.601744197042,4633.805628673308,1.899376425976041,,11.59545,1.10075,,,6804.2426128066,-678.4241763267443,6805.892651508708,-684.8327771575048
144.0553888201,14.5966097146,1.910773,827,1624,1,9.523,8.815,,104.8,-41.5,8.75128,0.6018000000000001,,827-1624-1,6778.975501413445,-1083.6016614757584,1.9062504183261477,,8.75128,0.6018000000000001,,,-5310.5527370049185,4314.969879484294,-5311.875585798645,4348.871022520077
140.9294614965,16.4362161383,1.902584,1402,908,1,12.647,12.388,,-25.6,-10.3,12.36469,0.2201500000000003,,1402-908-1,-4083.0770222215788,5524.006572485813,1.9074113750962516,,12.36469,0.2201500000000003,,,6839.9221955264165,610.5432512719057,6841.587395149383,615.5066992253629
140.1351849188,14.7483019925,1.911305,825,98,1,12.208,11.721,,1.5,-11.7,11.67717,0.4139500000000001,,825-98-1,-6881.679141262397,-535.8102896806704,1.9166477619441977,,11.67717,0.4139500000000001,,,4168.266761394054,-5444.94653391786,4169.287477050911,-5501.058298502307
140.1670835026,15.3064316192,1.913481,1402,1864,1,12.16,11.724,,-18.4,-11.9,11.68476,0.3705999999999999,,1402-1864-1,-6753.531841605511,1473.582400895477,1.9194000865106653,,11.68476,0.3705999999999999,,,5585.199612578241,-4030.9288769033474,5586.55726739937,-4070.8740248102845
140.1157454483,14.90689534,1.922771,825,1385,1,12.342,11.567,,-0.4,-4.0,11.49725,0.6587500000000003,,825-1385-1,-6944.371353980426,36.24780591998462,1.9282899588903502,,11.49725,0.6587500000000003,,,4637.498331060213,-5115.814932277319,4638.631595183337,-5168.046471306673
144.0772154587,14.588325304,1.932983,827,1541,1,9.891,9.094,,106.4,-40.3,9.02227,0.6774500000000004,,827-1541-1,6855.400559556718,-1112.7529216812084,1.9284723127911347,,9.02227,0.6774500000000004,,,-5383.081215885491,4352.491303611856,-5384.422573434016,4386.653559078385
143.2481355192,16.4947754633,1.93138,1403,916,1,10.845,9.247,46866.0,-4.9,11.1,9.10318,1.3583000000000005,46866.0,1403-916-1,3926.6168657420753,5734.915348951218,1.9299267342372912,9.16,9.16,1.447,,K2,1679.8744026786862,6694.156016554611,1680.302166068462,6744.194444162493
140.3555034464,13.9909239467,1.926397,825,884,1,12.25,11.766,,-24.5,-18.8,11.72244,0.4114,,825-884-1,-6136.037579543321,-3270.3837339484044,1.9307008958948295,,11.72244,0.4114,,,1629.162145065588,-6687.99190561487,1629.5651442531,-6759.503264699113
141.6777711849,16.7938396689,1.930959,1403,490,1,12.187,12.004,,-24.6,0.1,11.98753,0.1555499999999998,,1403-490-1,-1495.2477956092287,6802.70152899675,1.934013058664256,,11.98753,0.1555499999999998,,,6077.6369974352265,3372.4903437749917,6079.139983830246,3399.4957155270044
142.875178125,13.1190452375,1.937762,826,436,1,11.993,11.187,,-30.5,-42.3,11.11446,0.6851000000000008,,826-436-1,2679.6982621350953,-6430.168119527075,1.9343183925086622,,11.11446,0.6851000000000008,,,-6585.56678742811,-2245.2019853867637,-6587.16174382581,-2266.5270750980676
143.8687490565,13.974019125,1.945806,827,1191,1,11.782,11.138,,16.4,-45.9,11.08004,0.5474000000000001,,827-1191-1,6143.50487988291,-3331.667937729741,1.9405777981276597,,11.08004,0.5474000000000001,,,-6569.084711375596,2361.6078302054098,-6570.698279701996,2380.8795798119586
140.1937443975,15.4960462011,1.936528,1402,1557,1,10.189,9.741,,-8.5,-23.8,9.70068,0.3808000000000003,,1402-1557-1,-6654.726322278485,2155.4554991120767,1.9423378755417127,,9.70068,0.3808000000000003,,,6029.298539073994,-3509.8661966431555,6030.7617074832715,-3544.1901840380483
143.4812995729,16.3366840844,1.949104,1403,953,1,11.779,10.598,,-6.2,-15.2,10.49171,1.0038499999999992,,1403-953-1,4735.632939967567,5169.5551757531075,1.9466792573429084,,10.49171,1.0038499999999992,,,720.1727947987262,6922.141688858775,720.3566131670707,6973.636526743284
142.8436724862,13.0921888637,1.951327,826,462,1,10.669,10.051,,-214.5,-35.7,9.99538,0.5253000000000002,,826-462-1,2564.581720040296,-6527.122752150353,1.9472706458095412,,9.99538,0.5253000000000002,,,-6581.612788699108,-2394.1672186444616,-6583.206949820691,-2416.9809838387882
144.0509935565,15.4450225283,1.953158,1410,577,1,12.565,11.801,,-2.9,-8.7,11.73224,0.6493999999999994,,1410-577-1,6734.055533455525,1973.1014116353488,1.9484615964040313,,11.73224,0.6493999999999994,,,-2995.872163180578,6297.68482014648,-2996.6320101636256,6345.14221305743
141.4936289131,13.0514255289,1.948404,826,677,1,12.268,11.145,,-2.2,-16.6,11.04393,0.9545500000000008,,826-677-1,-2166.740420970493,-6674.6892610836785,1.948572456138078,,11.04393,0.9545500000000008,,,-3550.7489728762353,-5989.7285315958425,-3551.621982194123,-6052.455871750756
142.6583459535,13.028919795,1.953299,826,1144,1,11.862,10.775,,-27.5,-54.6,10.67717,0.9239499999999996,,826-1144-1,1919.870302391873,-6757.293039608659,1.9505615630689852,,10.67717,0.9239499999999996,,,-6325.633836815275,-3022.6512695411966,-6327.167223714144,-3051.8627302531977
142.2086924,12.9559879861,1.953813,826,1138,1,12.453,11.471,,-27.2,7.7,11.38262,0.8346999999999994,,826-1138-1,341.9603447617921,-7020.5260183127975,1.9517029135005415,,11.38262,0.8346999999999994,,,-5474.808232588131,-4362.794667849475,-5476.1409153940485,-4406.427478802567
141.9504675337,12.9479112283,1.965058,826,1017,1,13.328,12.143,,4.5,-4.2,12.03635,1.0072499999999989,,826-1017-1,-563.7174562087334,-7049.858869495133,1.963775339303557,,12.03635,1.0072499999999989,,,-4895.445359639512,-5051.560698514031,-4896.641256771854,-5103.057108509988
140.09013972,14.68466306,1.961184,825,276,1,12.45,11.944,,0.0,0.0,11.898460000000002,0.4300999999999986,,825-276-1,-7040.77724367455,-763.3409109186057,1.9664597242638553,,11.898460000000002,0.4300999999999986,,,4103.813996889879,-5711.768508197137,4104.820875322583,-5771.107270086455
143.983736553,15.6834872781,1.97104,1403,1212,1,12.406,12.32,,-11.7,-14.9,12.31226,0.0731000000000002,,1403-1212-1,6492.939043370999,2829.870765152508,1.9666789531053468,,12.31226,0.0731000000000002,,,-2195.372311283011,6683.857507265606,-2195.9313012528933,6733.818507249408
143.11535306,13.1966286425,1.971203,827,1011,1,12.075,11.606,,1.3,-7.5,11.56379,0.3986499999999995,,827-1011-1,3521.959077678549,-6146.651234799938,1.9670528401927638,,11.56379,0.3986499999999995,,,-6932.822330291071,-1435.0427279274354,-6934.501770987383,-1448.5172885694378
141.7049918124,16.8376973831,1.96856,1403,1556,1,12.802,11.589,,-13.1,-9.7,11.47983,1.0310499999999994,,1403-1556-1,-1400.7830077410101,6960.306544348129,1.9714059399007309,,11.47983,1.0310499999999994,,,6132.727380208856,3546.4974105788865,6134.245985406368,3574.7848070334503
140.2908755783,14.0220451525,1.967462,825,1135,1,11.867,10.788,,11.6,0.9,10.69089,0.9171500000000004,,825-1135-1,-6360.142593941851,-3156.044853186267,1.9714835612067187,,10.69089,0.9171500000000004,,,1863.41265724684,-6778.436014249243,1863.8740304672567,-6851.1317699447745
143.1344015754,16.61855675,1.977208,1403,160,1,12.262,11.907,,-10.8,-19.2,11.87505,0.3017500000000003,,1403-160-1,3531.5149475978974,6178.042485211624,1.9759288405875397,,11.87505,0.3017500000000003,,,2273.41161871581,6693.0364266258575,2273.990538378761,6743.053744821453
141.9461330901,16.8764777244,1.975332,1403,149,1,9.49,8.983,,4.3,-47.6,8.937370000000001,0.4309499999999997,,1403-149-1,-568.8098594544766,7097.892970204703,1.9771726148656408,,8.937370000000001,0.4309499999999997,,,5683.214347964281,4254.747746854335,5684.629429629838,4288.195135541247
140.19155833,14.22672944,1.973423,825,490,1,13.019,12.149,,0.0,0.0,12.0707,0.7395000000000008,,825-490-1,-6701.385497789597,-2415.942092342739,1.977985124200363,,12.0707,0.7395000000000008,,,2643.1839854656914,-6545.090502124063,2643.8369829610097,-6614.79174207823
140.06315194,14.99868222,1.975292,825,1366,1,13.157,12.303,,0.0,0.0,12.22614,0.7258999999999993,,825-1366-1,-7124.489318013045,368.63824810499705,1.9808826199247747,,12.22614,0.7258999999999993,,,5005.538666405955,-5030.725134339442,5006.761336314126,-5081.986139457274
141.7317132342,16.8530252722,1.978809,1403,437,1,10.753,9.52,,13.5,-26.0,9.40903,1.0480500000000004,,1403-437-1,-1307.8501528251988,7014.934513221342,1.9813791128138556,,9.40903,1.0480500000000004,,,6111.8615159814335,3651.484864157209,6113.376158696869,3680.5448223470476
143.9384383033,15.8126484328,1.985886,1403,968,1,12.021,11.424,,-4.2,-2.9,11.37027,0.5074500000000011,,1403-968-1,6332.132704760474,3294.115451311037,1.9819102099817634,,11.37027,0.5074500000000011,,,-1741.5976432859275,6870.721916132972,-1742.0419500146638,6921.8777106832185
140.64489968,13.5142911783,1.986165,826,653,1,11.96,11.241,,-5.4,4.6,11.17629,0.611150000000001,,826-653-1,-5134.972853532764,-4993.742468576819,1.9888617678009382,,11.17629,0.611150000000001,,,-323.6372719251403,-7078.833459330035,-323.71764964693546,-7155.460637324164
144.1741066156,14.894549745,1.999104,827,1503,1,11.52,10.416,,-7.7,2.7,10.31664,0.9383999999999992,,827-1503-1,7180.043409465125,-5.550822993308556,1.9936521058555192,,10.31664,0.9383999999999992,,,-4770.983441425554,5323.711124122651,-4772.182407606002,5364.636916136496
144.053492609,15.5873978778,1.998718,1410,462,1,12.364,11.652,,-2.0,-2.2,11.58792,0.6052000000000013,,1410-462-1,6738.261161168364,2486.2319876880592,1.9942791214145243,,11.58792,0.6052000000000013,,,-2615.105485418888,6639.374290450892,-2615.7710643844257,6689.039894591996
140.1892299738,15.6540064033,1.993638,1402,147,1,10.965,10.328,,-7.4,-8.4,10.27067,0.5414500000000003,,1402-147-1,-6665.461694266979,2725.028288105008,1.9994610535698962,,10.27067,0.5414500000000003,,,6462.177839350777,-3143.4956798990606,6463.744789356099,-3173.9820520573367
140.0563207818,14.6506001378,1.997819,825,23,1,10.97,10.112,,-41.2,-12.5,10.03478,0.7293000000000004,,825-23-1,-7160.909240107007,-885.3035460011679,2.0034682686800935,,10.03478,0.7293000000000004,,,4092.4030669188137,-5880.508812464081,4093.4084658748297,-5941.918094783603
142.5824640229,12.9506581383,2.01062,826,981,1,11.874,11.224,,-4.5,20.9,11.1655,0.5525000000000003,,826-981-1,1654.7640180106657,-7037.882280109652,2.0074563818211897,,11.1655,0.5525000000000003,,,-6359.3647835780275,-3403.188172434283,-6360.90774130479,-3436.4056295193614
140.4172369593,13.7451610825,2.006359,825,1075,1,12.073,11.48,,-32.8,-36.9,11.42663,0.50405,,825-1075-1,-5927.102354271661,-4157.825400049129,2.010294499883253,,11.42663,0.50405,,,827.0966072886699,-7115.488485435387,827.3021084250593,-7192.609095224162
141.5355891613,12.9724088733,2.012239,826,799,1,10.701,9.993,,13.0,-32.1,9.92928,0.6018000000000001,,826-799-1,-2019.8107295797665,-6960.225093209287,2.0123304336189802,,9.92928,0.6018000000000001,,,-3861.7304092738123,-6068.488233902055,-3862.6805592572778,-6132.215556273426
141.1579908332,13.1170073733,2.012444,826,556,1,12.117,10.746,,12.0,1.5,10.62261,1.1653500000000003,,826-556-1,-3343.2925373770236,-6434.201836128764,2.0133291139741334,,10.62261,1.1653500000000003,,,-2589.865471601472,-6700.721081944939,-2590.506265255975,-6772.432026103625
143.5653427176,13.46564117,2.020164,827,244,1,11.967,11.394,,3.5,-10.0,11.34243,0.4870500000000003,,827-244-1,5094.2691766214,-5169.450095697806,2.0152075473016207,,11.34243,0.4870500000000003,,,-7246.232086141921,373.09761395283124,-7247.994834850048,375.9835232720509
141.1402994462,16.6930813219,2.012905,1402,1632,1,13.016,11.103,,-3.9,-3.5,10.93083,1.6260500000000002,,1402-1632-1,-3349.9626415324515,6445.942663001559,2.017072755082792,,10.93083,1.6260500000000002,,,7042.332647683934,1761.3890975187035,7044.0566129931385,1775.8640002299078
140.1218836599,14.3028816325,2.012277,825,1209,1,13.045,12.119,,-31.7,-44.7,12.03566,0.7871000000000001,,825-1209-1,-6943.204068334535,-2140.752794465086,2.0174255806344035,,12.03566,0.7871000000000001,,,3009.4288373456707,-6543.154918296028,3010.172341965359,-6612.848685189703
141.7627352531,12.91407836,2.020693,826,1023,1,12.819,11.672,,4.4,-6.3,11.56877,0.9749500000000002,,826-1023-1,-1222.9781232434998,-7171.208849578835,2.0199251931923574,,11.56877,0.9749500000000002,,,-4548.462565397443,-5618.320429430566,-4549.577867533317,-5676.5529224576885
140.0929804696,15.4435100117,2.014975,1402,761,1,10.658,10.331,,-9.3,1.1,10.30157,0.27795,,1402-761-1,-7006.3979174570995,1970.0601914773101,2.0208562134994756,,10.30157,0.27795,,,6124.192182968711,-3891.7749143775704,6125.680296815299,-3930.240429922896
142.5988820118,12.9395153299,2.02506,826,1182,1,8.883,8.208,,-91.1,-51.6,8.14725,0.5737499999999991,,826-1182-1,1710.1905443521587,-7079.869547978716,2.0223528790842034,,8.14725,0.5737499999999991,,,-6427.54794629288,-3389.7656354439655,-6429.107423702259,-3422.8470969185996
140.5267208524,16.2325645216,2.017225,1402,1192,1,12.496,11.854,,-56.6,-38.1,11.79622,0.5457000000000011,,1402-1192-1,-5480.9765156235135,4798.860795585184,2.0227501995649306,,11.79622,0.5457000000000011,,,7225.9632050359305,-902.6987632240819,7227.715009096988,-911.2103201195029
140.5441221738,16.2529782567,2.01811,1402,655,1,11.321,10.795,,-15.4,13.8,10.74766,0.4470999999999998,,1402-655-1,-5419.1475376557255,4873.328405603068,2.023632032853559,,10.74766,0.4470999999999998,,,7240.578159282206,-807.8920723039621,7242.333810401351,-815.5309696475415
142.9552533686,16.7613087444,2.026339,1403,899,1,11.838,11.156,,-0.1,-12.2,11.09462,0.5796999999999988,,1403-899-1,2911.391708993765,6689.7897719349985,2.0257816174349927,,11.09462,0.5796999999999988,,,3067.633407404431,6570.031725023653,3068.4136355098776,6619.239128276048
143.6069228023,13.4897881856,2.031667,827,937,1,11.493,11.189,,1.9,9.4,11.16164,0.2584000000000002,,827-937-1,5239.347049140073,-5081.0423305476625,2.0265089159623884,,11.16164,0.2584000000000002,,,-7276.465010116532,538.8547529999959,-7278.236229540955,543.1630079001736
140.214159891,15.7777070544,2.020988,1402,312,1,12.74,11.945,,-2.5,-10.4,11.87345,0.67575,,1402-312-1,-6575.025871650698,3169.8300907546395,2.0267187195495193,,11.87345,0.67575,,,6734.623462644848,-2784.1993461697384,6736.255516262549,-2810.9873064015837
144.1952595939,14.6497297008,2.037008,827,1605,1,11.942,11.535,,-17.1,5.7,11.49837,0.34595,,827-1605-1,7261.742995034688,-886.6813389090886,2.0312807630637977,,11.49837,0.34595,,,-5483.861920977857,4803.276710204194,-5485.233737523416,4840.591489419272
140.04454861,14.53400694,2.027919,825,745,1,12.855,11.972,,0.0,0.0,11.89253,0.7505500000000007,,825-745-1,-7204.7417271658705,-1304.6051947532994,2.033008968488825,,11.89253,0.7505500000000007,,,3808.0778581812797,-6187.914433551366,3809.015757691908,-6253.134975913861
142.8161884666,12.9870784433,2.040208,826,400,1,11.134,9.463,,-10.1,-20.8,9.31261,1.420350000000001,,826-400-1,2474.7878494695765,-6905.804324295542,2.0368778427551666,,9.31261,1.420350000000001,,,-6805.05870005467,-2709.5567854246347,-6806.707679365627,-2735.587474932898
140.0895528402,15.4907829322,2.031029,1402,1716,1,10.409,10.008,,-11.4,-8.0,9.97191,0.3408500000000013,,1402-1716-1,-7016.818705966433,2140.2239533154434,2.036908003433832,,9.97191,0.3408500000000013,,,6258.307017218656,-3787.6886704000763,6259.827215286575,-3825.0315760142553
141.5655358786,12.9378313389,2.037899,826,1143,1,12.984,12.072,,-21.9,-0.5,11.98992,0.7752000000000007,,826-1143-1,-1915.9100248041618,-7084.236794575999,2.037679688201849,,11.98992,0.7752000000000007,,,-4023.4077953821525,-6073.088598448637,-4024.397796025985,-6136.88394579141
142.0290791257,12.8691040325,2.039444,826,908,1,10.855,9.756,,-1.5,-4.5,9.65709,0.93415,,826-908-1,-287.9972001844802,-7334.03533686058,2.03794229873147,,9.65709,0.93415,,,-5290.9165777799435,-5034.294415354087,-5292.20907932892,-5085.620883461843
144.0590109351,14.1305425475,2.044418,827,1035,1,11.393,10.722,,-16.1,-4.5,10.66161,0.5703500000000009,,827-1035-1,6803.07773740366,-2761.435363998935,2.038629640915547,,10.66161,0.5703500000000009,,,-6580.7258085319145,3226.818112066868,-6582.351686515724,3252.697072542627
143.6229694843,13.4865736458,2.045069,827,357,1,13.83,11.35,,-0.1,0.5,11.1268,2.108,,827-357-1,5295.600752181534,-5092.515372215564,2.0399461880816863,,11.1268,2.108,,,-7322.387895937848,573.0077138271915,-7324.170556537605,577.6034985229825
141.1837492567,13.0601761019,2.052161,826,485,1,12.921,11.337,,-5.0,-6.7,11.19444,1.3463999999999996,,826-485-1,-3254.210839180074,-6639.573971415462,2.053058482216971,,11.19444,1.3463999999999996,,,-2802.519756105231,-6769.591543645057,-2803.213666027137,-6842.208989086368
143.9903984916,15.8753561314,2.059136,1403,1132,1,11.731,11.21,,-35.2,12.7,11.16311,0.4428499999999991,,1403-1132-1,6509.55108501078,3522.029081921704,2.055029403484539,,11.16311,0.4428499999999991,,,-1689.0226857152936,7152.951675613654,-1689.4548804693209,7205.8785993885385
142.6822926337,16.893438065,2.062259,1403,82,1,11.974,11.361,,-13.5,-9.0,11.30583,0.5210499999999996,,1403-82-1,1968.2350020149568,7162.720545311169,2.062504269013274,,11.30583,0.5210499999999996,,,4047.3051924334222,6181.466092273816,4048.330652780011,6228.1244013862215
140.0807265519,14.2773078911,2.058237,825,1317,1,12.953,11.7,,22.2,-4.4,11.58723,1.06505,,825-1317-1,-7086.331745473082,-2230.575905104302,2.0627479747044806,,11.58723,1.06505,,,3037.308856823725,-6707.687175576954,3038.060460329446,-6779.509946501705
141.905548893,16.9598417216,2.061656,1403,1646,1,11.959,11.12,,-36.3,-21.3,11.04449,0.7131500000000003,,1403-1646-1,-709.519196952362,7399.194563945146,2.0638666473465475,,11.04449,0.7131500000000003,,,6001.8491994710275,4348.982081250874,6003.34490379219,4383.075136484665
143.8052131744,16.174314965,2.070566,1403,1046,1,12.016,11.044,,-19.0,-3.0,10.95652,0.8261999999999996,,1403-1046-1,5859.849006221146,4593.2241886046595,2.0672981521202747,,10.95652,0.8261999999999996,,,-456.98831757923034,7377.126825555738,-457.10553374992617,7431.459705435361
141.1220999233,16.7465887111,2.068471,1402,905,1,10.932,10.206,,7.5,-23.2,10.14066,0.6171000000000008,,1402-905-1,-3411.6104673309865,6638.5622818891425,2.072397451791975,,10.14066,0.6171000000000008,,,7227.241240008237,1842.5752671455944,7229.011366128802,1857.6839934997818
144.2538724009,15.0444740433,2.079973,1410,644,1,11.6,10.935,,-15.9,3.5,10.87515,0.5652499999999993,,1410-644-1,7452.449878468395,537.1699573392528,2.0745885369972727,,10.87515,0.5652499999999993,,,-4546.152534753119,5884.027836400329,-4547.301086241756,5928.710954770544
141.5085698176,12.9144935519,2.075217,826,1204,1,12.131,11.872,,-15.6,-3.5,11.84869,0.2201500000000003,,826-1204-1,-2115.9800537445194,-7167.9875173328155,2.075142710016213,,11.84869,0.2201500000000003,,,-3953.181542481569,-6275.749101942989,-3954.155963370502,-6342.086979364689
141.9855336758,16.98357437,2.079683,1403,772,1,9.428,8.898,,-19.1,-52.2,8.850299999999999,0.4505000000000009,,1403-772-1,-433.40583505085317,7483.693317992561,2.0813708576532925,,8.850299999999999,0.4505000000000009,,,5881.695482422402,4609.692551970362,5883.1644611966285,4645.630443560322
143.0530222675,16.7822248105,2.084828,1403,896,1,10.787,10.187,,-26.3,9.4,10.133,0.5100000000000012,,1403-896-1,3247.639939283707,6767.265432713235,2.0841360165350644,,10.133,0.5100000000000012,,,2902.3081214057015,6870.966499951114,2903.048616136353,6922.091832991982
139.9745437827,14.631233465,2.078935,825,53,1,10.393,10.003,,2.2,1.4,9.9679,0.3315000000000004,,825-53-1,-7445.579824222718,-952.0761619624523,2.0841371497442394,,9.9679,0.3315000000000004,,,4231.483039826785,-6134.521708128168,4232.524831111683,-6199.100054933093
139.9796987837,14.59591642,2.07909,825,28,1,11.822,11.179,,-25.5,-1.2,11.12113,0.5465499999999991,,825-28-1,-7429.554142436671,-1079.5318338846675,2.0845169602633002,,11.12113,0.5465499999999991,,,4125.571237295676,-6206.284494286248,4126.587562598871,-6271.757235733422
142.6362424257,12.87944878,2.092137,826,471,1,10.721,10.676,,16.1,-17.8,10.67195,0.0382499999999999,,826-471-1,1844.728149497926,-7295.203832711954,2.0893031633470374,,10.67195,0.0382499999999999,,,-6677.828518246797,-3431.700584893316,-6679.449034929595,-3465.2534533776266
144.0145057352,15.9044187675,2.093135,1410,775,1,12.006,11.486,,42.0,-27.9,11.4392,0.4419999999999996,,1410-775-1,6594.284793554446,3626.4291635825557,2.0895346585222234,,11.4392,0.4419999999999996,,,-1667.2394373484092,7284.813501285593,-1667.6666679218013,7338.560369833192
141.9772667363,12.8189310667,2.091967,826,957,1,12.387,12.03,,0.6,-8.0,11.99787,0.3034500000000009,,826-957-1,-470.0061347220103,-7514.9075037520315,2.090624744122507,,11.99787,0.3034500000000009,,,-5305.277983468456,-5287.498192345425,-5306.576089691998,-5341.815305767896
144.1253009589,14.1490187189,2.097085,827,600,1,11.987,11.166,,-14.5,-11.6,11.09211,0.6978499999999997,,827-600-1,7034.210653419326,-2693.0943880844793,2.0913271426777245,,11.09211,0.6978499999999997,,,-6683.0889752171815,3443.4106169738566,-6684.742815749479,3470.8918719972553
140.0193947325,15.461573395,2.088183,1402,1111,1,10.479,9.393,,0.7,-5.4,9.29526,0.9230999999999988,,1402-1111-1,-7261.164907431499,2037.3886275914836,2.093951307670868,,9.29526,0.9230999999999988,,,6343.65997107099,-4035.940935500352,6345.20236910935,-4076.012159918302
143.0310828487,13.0109553666,2.098282,827,1118,1,10.339,9.873,,-73.4,-8.7,9.83106,0.3961000000000009,,827-1118-1,3227.156625773003,-6816.989867480466,2.094142987805573,,9.83106,0.3961000000000009,,,-7238.173775227524,-2094.1879382160423,-7239.927046727612,-2114.0830396808096
140.8509158623,13.2032741589,2.093915,826,1155,1,11.219,9.991,,6.4,6.8,9.88048,1.0437999999999998,,826-1155-1,-4419.23121498858,-6118.418232086889,2.0955908089919375,,9.88048,1.0437999999999998,,,-1639.4995813602286,-7287.7317053108945,-1639.9077415603301,-7367.180518585976
142.1072553989,12.80400099,2.103227,826,876,1,11.764,11.263,,-58.8,7.2,11.21791,0.4258499999999995,,826-876-1,-14.97447392123062,-7568.4340255021,2.1014041510252657,,11.21791,0.4258499999999995,,,-5647.388750235162,-4986.348801461055,-5648.768070179799,-5037.145731718206
142.9158286481,16.8604546225,2.103013,1403,869,1,12.9,11.917,,-16.8,-5.7,11.82853,0.8355500000000005,,1403-869-1,2773.639106335441,7046.738437460463,2.10265324545472,,11.82853,0.8355500000000005,,,3425.898844395762,6703.2401421288,3426.771439695686,6753.283201396314
141.4706162511,12.8941243258,2.105278,826,1068,1,10.211,9.633,,-38.0,3.9,9.580979999999998,0.491300000000001,,826-1068-1,-2250.059219335398,-7240.88719551879,2.1052820112678394,,9.580979999999998,0.491300000000001,,,-3918.65628012821,-6422.543569730329,-3919.6234760137786,-6490.7446163771
140.2128552682,13.8753600478,2.10361,825,1256,1,12.329,12.362,,-22.4,-2.0,12.36497,-0.0280499999999995,,825-1256-1,-6638.320408010559,-3682.445283762524,2.1077406762991333,,12.36497,-0.0280499999999995,,,1654.6154345268676,-7328.680596550075,1655.0275520904556,-7408.683075225807
143.9199602703,16.09779283,2.115479,1403,1018,1,11.642,10.717,,-54.3,-67.6,10.63375,0.7862499999999991,,1403-1018-1,6258.342489676199,4319.149746463442,2.1112860014492303,,10.63375,0.7862499999999991,,,-926.4121094325288,7492.360061128155,-926.6500355127814,7547.398555936061
141.3552385218,16.8894873,2.10953,1403,7,1,10.581,10.102,,3.2,-11.8,10.05889,0.4071499999999993,,1403-7-1,-2605.6794083018294,7150.4112307138175,2.1130370817207,,10.05889,0.4071499999999993,,,7074.7716955732185,2777.7190359934484,7076.514412890321,2800.158872514526
142.5689056597,12.8376405111,2.117903,826,1115,1,10.379,9.239,,-6.4,0.1,9.1364,0.968999999999999,,826-1115-1,1607.9549786212913,-7445.89131307353,2.115020328123637,,9.1364,0.968999999999999,,,-6633.269613226765,-3705.8564723234217,-6634.880636877684,-3742.348940673649
140.00285637,14.3003215408,2.123213,825,586,1,11.249,9.963,,-14.0,-31.1,9.84726,1.093100000000001,,825-586-1,-7358.525415218866,-2145.948145623465,2.1282012334946727,,9.84726,1.093100000000001,,,3281.276046838855,-6853.08844456169,3282.089254455342,-6926.8232152925375
141.3151384588,16.8954456039,2.128589,1402,1348,1,11.578,11.15,,7.2,-10.1,11.11148,0.3637999999999992,,1402-1348-1,-2743.73778149826,7172.4708653976795,2.132168341140411,,11.11148,0.3637999999999992,,,7182.919478354819,2689.8290257687045,7184.687855693076,2711.5854670014046
139.9067554785,14.78738612,2.128706,825,5,1,12.689,12.452,,8.3,-21.6,12.43067,0.20145,,825-5-1,-7676.295487382413,-387.89993075620856,2.1340376150759686,,12.43067,0.20145,,,4806.3732626622905,-5934.815815929094,4807.554776751196,-5996.94887708965
140.6775540734,16.5340879969,2.129748,1402,1687,1,12.243,11.965,,-10.6,-1.7,11.93998,0.2363000000000004,,1402-1687-1,-4950.932168044858,5882.504480030339,2.1347522530117438,,11.93998,0.2363000000000004,,,7684.072349006294,203.33417874388394,7685.94076702436,204.70177319695304
143.7689684407,16.3293310378,2.142163,1403,925,1,13.461,11.531,,6.2,-10.6,11.3573,1.6404999999999996,,1403-925-1,5730.8894439056185,5150.575611534402,2.1393640690197606,,11.3573,1.6404999999999996,,,45.237148878496704,7649.155904785745,45.24878697333633,7705.159018195457
141.5559102341,12.8347464567,2.139987,826,751,1,10.616,10.089,,-22.7,-15.2,10.04157,0.4479499999999993,,826-751-1,-1950.6415491962741,-7456.129028045005,2.139856125111776,,10.04157,0.4479499999999993,,,-4278.332150318227,-6342.605513066124,-4279.387426672923,-6409.813241330958
143.1783797878,16.7832751572,2.141245,1403,1211,1,12.152,11.328,,-21.3,-5.8,11.25384,0.7003999999999998,,1403-1211-1,3680.1805371317982,6772.838893749408,2.1401478707205004,,11.25384,0.7003999999999998,,,2619.309063434533,7196.020329538564,2619.9796642134083,7249.191818794459
139.9406899739,15.3654409697,2.139342,1402,1637,1,11.421,10.131,,2.2,-7.3,10.0149,1.0964999999999991,,1402-1637-1,-7537.925069447556,1693.7120962783185,2.1450705707368063,,10.0149,1.0964999999999991,,,6270.504680020293,-4466.287715096826,6272.032160567686,-4511.162554651555
143.6865545461,13.3959895214,2.152563,827,456,1,10.612,9.891,,22.5,-39.7,9.82611,0.61285,,827-456-1,5521.3278142740555,-5418.596344031092,2.1478920496902973,,9.82611,0.61285,,,-7715.992005836297,525.6838953125482,-7717.870390067965,529.8337610392975
140.0858130214,14.0285616975,2.1439,825,642,1,11.937,11.2,,8.1,-38.1,11.13367,0.6264500000000001,,825-642-1,-7077.063002087872,-3127.773812211247,2.1482782362644177,,11.13367,0.6264500000000001,,,2360.5072240320997,-7288.890492431516,2361.0949348243844,-7368.379772013812
143.6302602101,16.4816664739,2.152573,1403,1060,1,12.324,11.106,,-4.6,-0.2,10.99638,1.0353,,1403-1060-1,5247.140276862646,5696.060437110594,2.1502454271867606,,10.99638,1.0353,,,774.1357948879825,7649.708580791444,774.3349589880204,7705.711580352545
143.2836989603,13.0772007011,2.157716,827,812,1,12.43,12.344,,-3.4,-11.6,12.33626,0.0731000000000002,,827-812-1,4114.607354715036,-6574.595462740565,2.1534256650257655,,12.33626,0.0731000000000002,,,-7646.169406270224,-1277.5365140578783,-7648.022377767538,-1289.5940800626329
143.6730969402,16.448270365,2.157057,1403,1061,1,12.157,12.081,,-9.4,-27.0,12.07416,0.0646000000000004,,1403-1061-1,5395.895749839932,5576.121735725321,2.1543825941820414,,12.07416,0.0646000000000004,,,585.7256642006695,7681.088865922942,585.8764075914204,7737.284626391634
141.753987105,12.7727805975,2.1615,826,524,1,12.571,12.192,,-1.2,-17.1,12.15789,0.3221499999999996,,826-524-1,-1254.6459475962777,-7680.781181192304,2.160802497392216,,12.15789,0.3221499999999996,,,-4908.334647975743,-5975.968911923439,-4909.541663375112,-6038.620427114179
143.6848308929,16.4464737255,2.163716,1403,1015,1,9.594,9.132,46999.0,-28.5,-16.3,9.09042,0.3926999999999997,46999.0,1403-1015-1,5435.986364270978,5570.24247068824,2.160963108586728,8.9,8.9,0.0,82793.0,G,554.7149704305954,7707.001349535029,554.8577741248462,7763.355059849576
143.6850472728,16.4467056755,2.164027,1403,1015,2,11.3,10.735,46999.0,-28.5,-16.3,10.68415,0.480250000000001,46999.0,1403-1015-2,5436.728280424752,5571.084182650476,2.1612739359001827,8.9,8.9,0.0,82793.0,G,554.8515763446679,7708.108279777456,554.9944169755482,7764.4687237746275
144.3219140699,15.2525711049,2.168008,1410,284,1,8.498,8.088,47211.0,-104.5,4.5,8.0511,0.3485000000000001,47211.0,1410-284-1,7679.476544809044,1289.1824084425177,2.162010677871039,8.04,8.04,0.42,83225.0,F2,-4134.751277218862,6548.813855139317,-4135.802834895731,6597.839509671125
139.9065546199,15.2923403,2.157681,1402,832,1,10.854,9.857,,4.5,-51.2,9.76727,0.8474499999999999,,1402-832-1,-7659.12974997294,1430.387291146859,2.1632913368369615,,9.76727,0.8474499999999999,,,6154.13833102933,-4728.790221552896,6155.639438516665,-4776.649393934352
142.8340762176,12.8588494328,2.166961,826,404,1,8.259,7.02,46713.0,11.3,-25.4,6.90849,1.0531500000000007,46713.0,826-404-1,2539.6546540137488,-7367.947772409536,2.1637936670572624,6.92,6.92,1.055,82265.0,K0,-7193.571599952113,-2965.278056183153,-7195.31568251853,-2993.982693255115
140.085009052,13.9915896675,2.160185,825,547,1,11.92,11.729,,-2.0,2.7,11.71181,0.1623500000000006,,825-547-1,-7081.340107352,-3259.8675653354685,2.164427363796804,,11.71181,0.1623500000000006,,,2264.607904954843,-7378.5972812685995,2265.1723166851,-7459.296792274809
144.2868310885,15.4821369111,2.182305,1410,559,1,10.205,9.573,,-56.5,-28.9,9.51612,0.5371999999999997,,1410-559-1,7550.641060041386,2114.105153239742,2.177013321701919,,9.51612,0.5371999999999997,,,-3432.5980913713965,6997.41566631628,-3433.4751152100744,7049.316963349798
144.0817870218,13.8582911066,2.182892,827,735,1,12.699,11.164,,-60.3,-73.2,11.02585,1.30475,,827-735-1,6890.202695962259,-3743.4907512055443,2.177137045763247,,11.02585,1.30475,,,-7372.649962171743,2644.298761378476,-7374.464608719946,2665.6871404099043
140.16317722,16.00978806,2.172575,1402,1681,1,14.082,12.167,,0.0,0.0,11.99465,1.6277500000000007,,1402-1681-1,-6744.460844180855,4007.878322897909,2.1782373035109246,,11.99465,1.6277500000000007,,,7473.546910695661,-2358.5981068750543,7475.357598764568,-2381.1487774677894
144.3163130885,15.3822013365,2.186479,1410,294,1,11.565,10.775,,-101.2,-14.1,10.7039,0.6714999999999992,,1410-294-1,7655.44752070193,1755.4952363838208,2.180654241367284,,10.7039,0.6714999999999992,,,-3770.234825856378,6838.649960773876,-3771.1965354702675,6889.536773836271
140.0427045909,14.0343886647,2.179697,825,772,1,11.645,11.348,,4.8,-11.3,11.32127,0.252449999999999,,825-772-1,-7227.701023893352,-3104.75993929995,2.1840340915185315,,11.32127,0.252449999999999,,,2477.7179814461956,-7384.9307396314625,2478.3355691586535,-7465.724959983112
142.7889944119,16.9909219811,2.184909,1403,827,1,12.446,12.4,,-18.4,-7.6,12.39586,0.0390999999999994,,1403-827-1,2334.8387551132823,7515.326239143553,2.184957804903297,,12.39586,0.0390999999999994,,,4067.4788418454023,6686.470251600901,4068.5147600614137,6736.377968931094
143.8667087193,13.5255147817,2.196298,827,1316,1,12.494,11.41,,-9.3,-9.1,11.31244,0.9213999999999996,,827-1316-1,6148.411464407282,-4946.716775862891,2.190965472338409,,11.31244,0.9213999999999996,,,-7779.584300546375,1301.3884333096316,-7781.484641256719,1312.0469405272665
144.3382475192,15.3453712917,2.199491,1410,639,1,10.393,9.809,,-4.2,-27.8,9.75644,0.4964000000000012,,1410-639-1,7735.607066827951,1623.2532236116983,2.1945055694797237,,9.75644,0.4964000000000012,,,-3922.3013967580823,6810.947646658394,-3923.3016243932675,6861.652285299702
140.01420007,14.0637852231,2.193398,825,854,1,10.299,9.839,45778.0,-3.9,-17.9,9.7976,0.3909999999999992,45778.0,825-854-1,-7326.623404295039,-2998.140334445544,2.197901389690515,9.8,9.8,0.416,,F2,2623.0894070364366,-7388.041072442502,2623.743266188225,-7468.883935805038
143.887712012,16.2850612378,2.201145,1403,1201,1,11.91,10.448,,-1.0,-4.0,10.31642,1.2426999999999997,,1403-1201-1,6142.665581769817,4994.678386756211,2.198092277879066,,10.31642,1.2426999999999997,,,-344.6695275177214,7852.270691752365,-344.7584025851547,7909.506576293915
139.8851731747,15.3689566,2.19243,1402,1214,1,12.205,11.063,,-1.0,-5.1,10.96022,0.9706999999999996,,1402-1214-1,-7730.855621140957,1708.3917410109602,2.198189993009496,,10.96022,0.9706999999999996,,,6409.564141249954,-4599.262649306208,6411.1266064467545,-4645.6632047309
140.7634070304,16.6827048844,2.195448,1402,1439,1,12.364,11.258,,2.9,-3.4,11.15846,0.9401000000000014,,1402-1439-1,-4650.764574324604,6416.038858895412,2.200123569713207,,11.15846,0.9401000000000014,,,7883.597176111503,777.1588752112409,7885.518410256531,783.4316601672244
144.3684281241,15.20734272,2.205841,1410,782,1,11.387,11.124,,-38.5,-26.4,11.10033,0.2235499999999999,,1410-782-1,7844.673748742689,1127.097856047885,2.20037014614248,,11.10033,0.2235499999999999,,,-4365.580624687645,6564.602917086073,-4366.691108265495,6613.717907978528
139.9341816412,15.5744482714,2.198642,1402,697,1,11.198,9.699,,9.4,-13.9,9.56409,1.2741500000000003,,1402-697-1,-7553.0026965446095,2446.7450223813653,2.204306616923859,,9.56409,1.2741500000000003,,,6843.4031135203795,-3982.833648225574,6845.066943406677,-4022.3711264425324
140.8194972992,13.0878863239,2.206057,826,666,1,11.576,10.97,,-12.3,-5.0,10.91546,0.5150999999999999,,826-666-1,-4532.339740279488,-6534.046335452651,2.20782274092211,,10.91546,0.5150999999999999,,,-1875.0810895038242,-7643.442200435043,-1875.5498865620343,-7727.75372654812
142.7600486921,12.7893189944,2.211178,826,278,1,12.399,11.409,,-2.8,-0.8,11.3199,0.8414999999999987,,826-278-1,2279.9869669958725,-7618.645753280886,2.2079315388246257,,11.3199,0.8414999999999987,,,-7208.569798771033,-3322.1633693391054,-7210.3189136356195,-3354.609492523039
141.3413440418,16.9899105611,2.208448,1403,522,1,11.388,10.91,,-25.2,7.6,10.86698,0.4062999999999998,,1403-522-1,-2653.0864444943445,7513.113722056221,2.2121762890479935,,10.86698,0.4062999999999998,,,7377.358709650814,2981.6106052238965,7379.178657538283,3005.5727944336086
139.9117121208,15.541110685,2.20964,1402,822,1,12.016,11.796,,-4.2,-6.3,11.7762,0.1870000000000005,,1402-822-1,-7632.573992656792,2327.6386882320203,2.2154520077716087,,11.7762,0.1870000000000005,,,6807.19915846038,-4119.910942057645,6808.8550767320085,-4160.95904334505
142.2609593986,17.1164153583,2.214248,1403,781,1,9.554,8.448,,-1.4,2.2,8.348460000000001,0.9400999999999998,,1403-781-1,515.6720127182972,7964.114008863593,2.215781184441589,,8.348460000000001,0.9400999999999998,,,5610.696027610546,5631.321649563492,5612.1103500346135,5674.261801319387
140.7080883208,16.6655708122,2.213577,1402,1670,1,12.703,12.165,,-14.4,-19.6,12.11658,0.4573000000000002,,1402-1670-1,-4842.572756962988,6355.160249242259,2.218308822861819,,12.11658,0.4573000000000002,,,7965.434880697552,594.8796676111466,7967.374677204408,599.5944071369378
139.8299276722,14.6361096911,2.217004,825,84,1,13.0,12.325,,12.3,-15.2,12.26425,0.5737500000000005,,825-84-1,-7949.538266835084,-930.0506948325757,2.2221514505751334,,12.26425,0.5737500000000005,,,4582.523052801206,-6492.130818445307,4583.655007468677,-6561.269673115222
141.5317416702,12.7557179689,2.22239,826,1055,1,11.873,11.033,,6.3,-24.8,10.9574,0.7139999999999999,,826-1055-1,-2035.499233338378,-7741.095629162937,2.2222842694807765,,10.9574,0.7139999999999999,,,-4435.001457797155,-6592.082447797811,-4436.097983152225,-6662.4960302156815
140.3378150059,13.493399798,2.221648,825,1336,1,11.185,10.562,,72.5,-24.7,10.50593,0.529550000000001,,825-1336-1,-6209.490811752582,-5062.706285413487,2.224378879104486,,10.50593,0.529550000000001,,,338.18740807913645,-7916.557593316661,338.2722458962811,-8004.645086527115
142.6688613301,17.0665144561,2.226183,1403,548,1,12.03,11.17,,0.9,-2.9,11.0926,0.7309999999999995,,1403-548-1,1920.7304128024145,7786.653851644527,2.226669681278774,,11.0926,0.7309999999999995,,,4545.2187176673415,6557.877855714207,4546.374849587977,6606.940233650327
143.6884844035,13.2874320644,2.231575,827,1126,1,9.272,8.747,,-87.3,-184.9,8.69975,0.4462500000000003,,827-1126-1,5527.96522596746,-5813.6701180965665,2.227291679998551,,8.69975,0.4462500000000003,,,-8015.714254892392,270.5249080461072,-8017.663986336444,272.4407894479601
142.1119245203,12.6749905232,2.23193,826,1060,1,8.492,7.756,46453.0,-110.5,-126.6,7.689760000000001,0.6256000000000005,46453.0,826-1060-1,0.06248457199533064,-8037.0900298792285,2.231396182111736,7.69,7.69,0.669,81856.0,G0,-6007.684737798881,-5282.796532204819,-6009.154961907916,-5337.122145507562
141.3765895381,17.0230742867,2.228914,1403,783,1,12.514,12.1,,4.3,-13.2,12.06274,0.3518999999999997,,1403-783-1,-2530.4624563991842,7631.651309926593,2.232267823611377,,12.06274,0.3518999999999997,,,7384.551506562375,3150.7360435798573,7386.375402172652,3175.9723515373917
139.80060972,14.91706361,2.227267,825,1357,1,13.774,11.871,,0.0,0.0,11.69973,1.617549999999999,,825-1357-1,-8041.650116491322,83.56944315018393,2.232781384553733,,11.69973,1.617549999999999,,,5401.352108492263,-5895.332306426043,5402.679666145799,-5957.027184167287
144.3567486145,15.4630754883,2.242702,1410,607,1,11.366,10.812,,-36.7,-8.3,10.76214,0.4709000000000002,,1410-607-1,7794.760205130519,2048.4884980834127,2.2375953905600117,,10.76214,0.4709000000000002,,,-3643.7140810844257,7135.507696042002,-3644.6464496198237,7188.264327328275
139.8873246037,14.2872289928,2.234282,825,545,1,12.229,11.409,,0.3,-6.7,11.3352,0.6969999999999987,,825-545-1,-7762.168689482979,-2188.707671787878,2.2390938096755826,,11.3352,0.6969999999999987,,,3517.2906355423115,-7178.942267126828,3518.1654292603607,-7257.011509491525
140.4407177793,16.4682848244,2.237301,1402,871,1,11.152,9.95,,-12.1,-3.2,9.841819999999998,1.0216999999999998,,1402-871-1,-5770.972012125032,5651.570695507084,2.242575967671931,,9.841819999999998,1.0216999999999998,,,8055.884626528397,-556.3454982151717,8057.839526000097,-561.7752791571788
140.0285571184,15.9073790789,2.238167,1402,1109,1,12.292,11.359,,3.9,-0.4,11.27503,0.7930499999999998,,1402-1109-1,-7214.236926107471,3643.359092992658,2.243861694980905,,11.27503,0.7930499999999998,,,7512.957778902074,-2945.9133368130583,7514.779437061504,-2974.452877223038
139.7878474511,14.9303991869,2.239553,825,311,1,12.351,11.297,,-32.5,25.7,11.20214,0.8959000000000003,,825-311-1,-8086.468912391344,132.767971479131,2.2453938896616545,,11.20214,0.8959000000000003,,,5467.882820858464,-5896.154833251579,5469.2267645576485,-5957.865842998637
141.6750844496,17.112872185,2.24425,1403,628,1,10.675,9.67,,-4.4,-58.2,9.57955,0.8542500000000006,,1403-628-1,-1501.7459144515276,7951.150601313352,2.2465497969066894,,9.57955,0.8542500000000006,,,6940.392483330328,4124.864910118739,6942.119285975386,4157.284750365969
142.2827862266,12.6644900183,2.249323,826,1242,1,12.765,12.194,,-14.5,0.6,12.14261,0.4853499999999998,,826-1242-1,603.2342960922012,-8071.346351627428,2.2471407525096083,,12.14261,0.4853499999999998,,,-6433.743580846958,-4859.49867903756,-6435.3141717023,-4908.895502595433
141.8664131176,12.66784788,2.25137,826,1162,1,12.195,11.303,,-10.7,3.0,11.22272,0.7581999999999995,,826-1162-1,-860.2908329410627,-8059.000340630615,2.2501723962617954,,11.22272,0.7581999999999995,,,-5452.863537023287,-5932.772251274109,-5454.204180237883,-5994.934825984766
140.1650329463,16.15170595,2.245899,1402,1027,1,10.388,9.136,,-4.8,-10.7,9.02332,1.0642000000000005,,1402-1027-1,-6733.693712735737,4518.911328459174,2.251465621554683,,9.02332,1.0642000000000005,,,7848.391508713238,-2014.55931276649,7850.292967956988,-2033.7381662003827
139.9079106881,14.1716744725,2.250612,825,528,1,11.624,11.015,,-55.6,-26.1,10.96019,0.5176499999999999,,825-528-1,-7695.850661228914,-2606.2260224528077,2.2558277993676117,,10.96019,0.5176499999999999,,,3161.1704908848887,-7403.606350263247,3161.958686653209,-7484.687618327752
141.2564113586,12.8069648733,2.256213,826,652,1,12.346,11.457,,4.4,-4.1,11.37699,0.7556499999999994,,826-652-1,-3002.414322326309,-7553.117199621455,2.2566048984243148,,11.37699,0.7556499999999994,,,-3652.5464199416588,-7182.47685929789,-3653.4549126042257,-7260.6017929436985
140.0340086894,13.871289545,2.258058,825,1266,1,12.541,12.076,,-1.0,-35.3,12.03415,0.3952499999999999,,825-1266-1,-7263.728813695863,-3692.7971921331405,2.262303574296144,,12.03415,0.3952499999999999,,,2062.084444805439,-7796.712955582351,2062.600997905239,-7883.158282350036
139.8084657859,14.5068932486,2.257549,825,306,1,12.188,11.698,,12.8,-17.9,11.6539,0.4165000000000001,,825-306-1,-8029.188887304829,-1394.8997174145593,2.2625607376417096,,11.6539,0.4165000000000001,,,4287.930488426877,-6855.679803366212,4288.993419527987,-6929.513320350078
139.89662601,14.1662071692,2.262849,825,992,1,12.382,11.174,,-15.6,-7.5,11.06528,1.0268000000000002,,825-992-1,-7734.418881243942,-2625.0673882577557,2.2676359583370824,,11.06528,1.0268000000000002,,,3172.691954646039,-7444.398689475227,3173.483404881701,-7526.035962070494
140.5133446714,13.2481260956,2.266539,826,824,1,11.516,10.748,,-19.0,4.3,10.67888,0.6528000000000006,,826-824-1,-5603.089884123432,-5950.065423223159,2.2690901675376454,,10.67888,0.6528000000000006,,,-727.6901960323377,-8050.538509074042,-727.8730708556745,-8140.5218249769805
139.8680357172,15.5912676892,2.264447,1402,1095,1,13.159,12.051,,0.3,-3.9,11.95128,0.9418000000000004,,1402-1095-1,-7782.33093148121,2509.9827286506024,2.270223163600079,,11.95128,0.9418000000000004,,,7042.92410725201,-4110.8661266767895,7044.637442367396,-4151.8395116875345
140.9026575348,12.9605777033,2.269771,826,521,1,12.499,12.44,,-22.5,-16.4,12.43469,0.0501500000000008,,826-521-1,-4243.2060750953015,-6994.682951985571,2.271337051041,,12.43469,0.0501500000000008,,,-2411.3559910473646,-7731.913155042627,-2411.959566611103,-7817.470079479585
140.0063455992,15.9374438992,2.270655,1402,271,1,9.848,8.737,45777.0,-14.9,-2.3,8.63701,0.9443500000000006,45777.0,1402-271-1,-7290.716566059955,3752.4126713374544,2.2764969141438605,8.64,8.64,1.0,80410.0,G5,7645.249686258547,-2930.8173014415725,7647.10345924539,-2959.215704579629
139.77072279,15.1875225308,2.272076,1402,1365,1,12.668,12.091,,5.9,-23.1,12.03907,0.4904499999999999,,1402-1365-1,-8135.394579344374,1058.4228867038305,2.2776762739812897,,12.03907,0.4904499999999999,,,6192.287772729975,-5324.903580776298,6193.803687596343,-5379.7490506753065
139.74891056,14.91491889,2.277227,825,82,1,13.267,11.838,,0.0,0.0,11.70939,1.2146500000000002,,825-82-1,-8221.841181981865,77.72850494151722,2.2827382450238787,,11.70939,1.2146500000000002,,,5516.61410034953,-6032.226160218901,5517.971554170124,-6095.6299157333
144.4116750215,15.4585040061,2.292956,1410,770,1,9.174,8.702,47233.0,-9.5,-14.2,8.65952,0.4011999999999996,47233.0,1410-770-1,7986.509961891312,2033.8894470081464,2.2880670019395035,8.65,8.65,0.45,83289.0,F8,-3781.927365054685,7268.358599418881,-3782.8965104846225,7321.935648788773
141.4191666462,17.095657798,2.285832,1403,260,1,9.883,9.212,,-44.3,-67.1,9.15161,0.5703499999999995,,1403-260-1,-2384.2668489954935,7891.37123132253,2.2886965429559787,,9.15161,0.5703499999999995,,,7481.625498868057,3430.4378853874964,7483.477192849716,3457.7503411698353
139.74069083,14.83253,2.286814,825,106,1,12.497,12.18,,0.0,0.0,12.15147,0.2694500000000001,,825-106-1,-8253.631761374041,-218.79466343470924,2.292257128917307,,12.15147,0.2694500000000001,,,5316.069844761694,-6250.1899722159005,5317.380336680992,-6316.310213422655
139.8868274376,15.7145058736,2.287044,1402,1740,1,12.845,11.638,,-42.0,-40.3,11.52937,1.0259500000000006,,1402-1740-1,-7713.783175803404,2952.3722290414903,2.293073953614127,,11.52937,1.0259500000000006,,,7328.099121853232,-3769.553200344645,7329.879706555656,-3806.8118090529465
143.4170795357,12.9891141311,2.302008,827,942,1,10.73,9.683,,-5.3,-1.6,9.58877,0.8899500000000005,,827-942-1,4584.5790625816935,-6889.536697208164,2.297520806412154,,9.58877,0.8899500000000005,,,-8193.601851949787,-1136.5562226000418,-8195.588221033246,-1147.3512080025612
143.7797315116,13.2685995717,2.306902,827,337,1,11.927,11.489,,4.1,0.3,11.44958,0.372299999999999,,827-337-1,5850.932462684384,-5874.497882188275,2.3018574592680774,,11.44958,0.372299999999999,,,-8275.6006536721,469.91161261251455,-8277.61523839484,473.52087158031395
144.4732506521,15.2191137356,2.307579,1410,53,1,10.711,9.519,,-6.9,9.2,9.41172,1.0132,,1410-53-1,8209.731628974097,1174.32656226571,2.3024527762285,,9.41172,1.0132,,,-4572.635623409618,6866.99864180429,-4573.802499447884,6918.024789682667
139.7713388511,15.366657055,2.299462,1402,1350,1,11.937,10.819,,-24.9,-7.0,10.718380000000002,0.9502999999999988,,1402-1350-1,-8127.295100343861,1704.2273786882122,2.305436715135781,,10.718380000000002,0.9502999999999988,,,6669.646891228597,-4895.001926709289,6671.275529898183,-4944.835630284122
143.3668667746,16.869113866,2.30657,1403,1183,1,13.39,12.442,,161.1,-51.5,12.35668,0.8058000000000003,,1403-1183-1,4333.531389440342,7084.889882589682,2.3057346338267584,,12.35668,0.8058000000000003,,,2418.7987314968236,7887.491924911061,2419.4227437139475,7944.90733356185
142.8079446583,12.70124725,2.309006,826,332,1,11.865,10.449,,-6.3,-6.3,10.32156,1.2036000000000002,,826-332-1,2449.177647370021,-7935.873205494781,2.3057579371017876,,10.32156,1.2036000000000002,,,-7558.0207062736445,-3405.4014134014574,-7559.855247849459,-3438.770610789604
139.7245507149,14.89470174,2.300763,825,1405,1,12.024,11.076,,-55.7,-111.2,10.99068,0.8057999999999989,,825-1405-1,-8309.0063650957,2.8477170947407155,2.306810217078612,,10.99068,0.8057999999999989,,,5518.509546581613,-6145.703869390799,5519.868776983499,-6210.526835106428
140.0978410592,16.1577480933,2.303301,1402,1503,1,12.473,11.92,,-1.4,8.4,11.87023,0.4700500000000007,,1402-1503-1,-6966.044576449914,4543.418066766486,2.30895917404025,,11.87023,0.4700500000000007,,,8020.969118490781,-2170.448190187077,8022.912605324135,-2191.186458939275
143.1176226994,17.0107236,2.317696,1403,817,1,12.861,11.729,,-11.5,-6.0,11.62712,0.9622000000000012,,1403-817-1,3467.1103865739597,7591.638679251026,2.317038072250914,,11.62712,0.9622000000000012,,,3372.799699028284,7578.120538964788,3373.6669029269788,7633.62324830635
142.2038495608,12.5840033933,2.325153,826,1097,1,10.688,9.941,,-36.0,-8.8,9.87377,0.6349499999999999,,826-1097-1,325.3088379432891,-8361.949539752839,2.3232467196065576,,9.87377,0.6349499999999999,,,-6466.446610775813,-5255.623896563473,-6468.0290509685,-5309.672884580134
139.7664993591,14.401399175,2.318685,825,331,1,12.053,10.646,,-16.0,-9.4,10.51937,1.19595,,825-331-1,-8180.424568141423,-1773.2667895651489,2.3238397642217477,,10.51937,1.19595,,,4105.507704258179,-7215.254414374011,4106.529331553119,-7293.849331534103
142.2187342581,12.5839781789,2.325721,826,1078,1,9.478,7.886,46486.0,27.2,-47.0,7.74272,1.3531999999999995,46486.0,826-1078-1,379.3348498944669,-8363.036877951297,2.324178662835157,7.72,7.72,1.316,81900.0,G5,-6503.127905549311,-5216.413517567767,-6504.718933291795,-5270.001171650119
143.221865642,16.969698895,2.325106,1403,1163,1,13.12,11.432,,-10.3,-5.4,11.28008,1.434799999999999,,1403-1163-1,3827.1000290924144,7445.694958081151,2.324191702803336,,11.28008,1.434799999999999,,,3024.712236212294,7749.301883473371,3025.491396458891,7805.861249819103
141.9454439022,12.5834192703,2.328984,826,1036,1,11.971,11.308,,32.5,-2.3,11.24833,0.5635500000000002,,826-1036-1,-581.5517913670652,-8363.77500754506,2.3275989736987612,,11.24833,0.5635500000000002,,,-5865.735136835237,-5926.792965960922,-5867.177392811018,-5988.920128384185
142.6702742641,17.1721274583,2.329055,1403,55,1,11.308,10.814,,-17.1,-2.2,10.76954,0.4198999999999998,,1403-55-1,1924.146328472274,8167.467244625451,2.329565009557158,,10.76954,0.4198999999999998,,,4827.598986552693,6811.717535505389,4828.830260855443,6862.379951390824
142.9928421007,12.7369221905,2.335045,827,1289,1,11.983,11.072,,-37.0,-20.6,10.99001,0.7743500000000011,,827-1289-1,3097.8019397878975,-7805.635219553993,2.3314556148478864,,10.99001,0.7743500000000011,,,-7891.296741893193,-2839.8372046478366,-7893.2100481942825,-2867.325090390797
144.4567057058,14.3579113672,2.34029,827,308,1,12.293,11.155,,7.1,-10.3,11.05258,0.9673,,827-308-1,8185.313496283619,-1929.5539375885535,2.3347261186562642,,11.05258,0.9673,,,-6876.553438226194,4801.387923114753,-6878.274186117035,4838.582400983101
143.8415269416,16.5420743044,2.337786,1403,1024,1,11.984,11.178,,3.3,-36.4,11.10546,0.6850999999999993,,1403-1024-1,5975.76517448752,5918.6994335767085,2.335026789963073,,11.10546,0.6850999999999993,,,456.82164018835573,8338.188937302504,456.94009154850096,8398.331867601724
140.4576444994,13.208162035,2.332702,826,932,1,10.391,9.823,,-19.4,-9.4,9.77188,0.4827999999999997,,826-932-1,-5799.575479040171,-6093.205264776122,2.335380445835733,,9.77188,0.4827999999999997,,,-704.2376094925844,-8289.089186791693,-704.415171423984,-8382.483247943188
140.3566350303,13.3029109331,2.334579,825,1043,1,12.537,12.016,,-18.5,2.3,11.96911,0.4428500000000007,,825-1043-1,-6151.328926935056,-5748.963457429026,2.337476218594609,,11.96911,0.4428500000000007,,,-213.39314209875178,-8323.000604628363,-213.4469707656418,-8416.879991592763
140.1753692204,13.5088628533,2.335823,825,906,1,11.958,10.729,,-1.6,-0.8,10.61839,1.0446500000000007,,825-906-1,-6780.351770530907,-5002.024446858331,2.339188151917105,,10.61839,1.0446500000000007,,,762.5402282993831,-8297.647256147211,762.7325138826162,-8391.165462042667
140.9935068745,12.8316158275,2.339502,826,620,1,11.933,11.343,,2.3,-14.1,11.2899,0.5014999999999998,,826-620-1,-3925.8252723081405,-7460.984514507974,2.3405861182862493,,11.2899,0.5014999999999998,,,-2970.618479151766,-7803.252157764107,-2971.362773652149,-7889.828721954432
144.2741483886,13.8481265675,2.352571,827,554,1,11.933,11.851,,-5.7,-6.3,11.84362,0.0696999999999991,,827-554-1,7565.241533874918,-3772.4778868162653,2.3469270749616196,,11.84362,0.0696999999999991,,,-7842.471803734473,3126.139533782901,-7844.40873530375,3151.1458972680985
142.2791873936,17.2472462225,2.345988,1403,1526,1,13.606,11.507,,-8.6,-2.7,11.31809,1.78415,,1403-1526-1,577.8723490340268,8435.761540593281,2.3474443386088875,,11.31809,1.78415,,,5921.945084988153,5988.68823899476,5923.443161717942,6033.973013813236
144.4933400972,14.4466771239,2.355391,827,1288,1,11.634,11.211,,-7.1,-5.0,11.17293,0.35955,,827-1288-1,8309.47120475042,-1608.2727155023606,2.349703639892723,,11.17293,0.35955,,,-6718.824242352062,5105.461475748592,-6720.510037883482,5144.764101561454
144.4952242205,14.4416241828,2.358242,827,449,1,12.6,11.778,,-24.1,9.8,11.70402,0.6986999999999993,,827-449-1,8315.787865204838,-1626.0207169544196,2.3523629321436097,,11.70402,0.6986999999999993,,,-6736.284347171656,5098.447841659214,-6737.974423317843,5137.7010288423635
142.804112398,12.6505526417,2.356453,826,410,1,10.172,9.743,,-27.7,-3.1,9.70439,0.3646500000000002,,826-410-1,2435.706973765753,-8118.611793859352,2.353152430053005,,9.70439,0.3646500000000002,,,-7685.672174566509,-3535.4201487194623,-7687.538482566247,-3570.192992053659
139.6785054793,14.8153840047,2.347534,825,223,1,11.594,11.189,,-22.5,10.3,11.15255,0.3442499999999994,,825-223-1,-8471.646963656685,-277.9687019821566,2.353177670016829,,11.15255,0.3442499999999994,,,5416.576551091967,-6449.941287728325,5417.914290438834,-6518.609791786611
140.1885737555,13.46502339,2.352264,825,546,1,11.747,11.341,,-35.6,-12.0,11.30446,0.3451000000000004,,825-546-1,-6736.33538883234,-5160.677670530633,2.355870951142077,,11.30446,0.3451000000000004,,,614.7268073320265,-8369.06324070043,614.8819758679978,-8463.612033033101
141.2067299118,17.0960624117,2.353207,1402,1476,1,11.818,11.428,,2.6,-22.1,11.3929,0.3314999999999989,,1402-1476-1,-3114.6625964647887,7896.992050356842,2.3567334771137616,,11.3929,0.3314999999999989,,,7970.746188276901,2892.161607606985,7972.711675253651,2915.385922393321
139.6754053068,14.7561709492,2.353882,825,318,1,13.423,12.151,,-32.3,-5.7,12.03652,1.0812000000000002,,825-318-1,-8485.048445849368,-491.614452888486,2.3595758009880132,,12.03652,1.0812000000000002,,,5265.774361398396,-6599.922139683193,5267.076663741682,-6670.504877216379
143.4437648471,12.9253396061,2.369562,827,1407,1,12.072,10.904,,4.7,-15.7,10.79888,0.9927999999999992,,827-1407-1,4679.931599841069,-7119.329306086765,2.365260358166154,,10.79888,0.9927999999999992,,,-8428.67506843348,-1217.0774167953666,-8430.718404562096,-1228.6564738260151
142.142737973,12.5400172633,2.367447,826,633,1,12.322,12.003,,4.8,-9.3,11.97429,0.2711499999999991,,826-633-1,111.52247477863314,-8520.629969013647,2.3656991142885997,,11.97429,0.2711499999999991,,,-6443.121985417927,-5517.704897111505,-6444.701551132361,-5574.889617568397
140.9886454546,12.8031237067,2.367031,826,1008,1,10.525,10.202,,-3.9,2.2,10.17293,0.2745500000000003,,826-1008-1,-3943.583347865742,-7563.199252428965,2.3679802033673085,,10.17293,0.2745500000000003,,,-3035.2321180950867,-7883.283464022403,-3035.9933934897144,-7970.983419139414
142.1380927481,12.5334301794,2.373961,826,903,1,10.842,10.236,,-17.7,-13.1,10.18146,0.5150999999999999,,826-903-1,94.5883318997312,-8544.487088104377,2.3722575710395257,,10.18146,0.5150999999999999,,,-6449.711953095669,-5545.867885602523,-6451.29345881687,-5603.393548515335
144.2557096233,13.76058474,2.377908,827,1249,1,12.383,11.534,,7.7,-16.9,11.45759,0.7216499999999987,,827-1249-1,7504.0984006088975,-4088.80677027271,2.3724624482107184,,11.45759,0.7216499999999987,,,-8038.334146468332,2872.3009904748815,-8040.3160750178195,2895.3671657428717
141.9587256181,17.2737863155,2.370786,1403,597,1,12.492,12.247,,-20.5,-6.8,12.22495,0.2082500000000008,,1403-597-1,-525.116741169176,8531.280654932536,2.372927456191112,,12.22495,0.2082500000000008,,,6725.629745555686,5232.560256314559,6727.31921653895,5272.729213971597
144.3362137774,13.8963285844,2.385532,827,1250,1,13.342,11.897,,-61.3,32.8,11.76695,1.2282500000000005,,827-1250-1,7779.27687881174,-3595.7480680903145,2.379213878735058,,11.76695,1.2282500000000005,,,-7852.463257760973,3401.473607724152,-7854.406538550868,3428.5347969007753
144.5053005264,14.3472463136,2.388682,827,839,1,7.142,6.666,47266.0,-70.3,-87.7,6.62316,0.4045999999999999,47266.0,827-839-1,8353.431071177496,-1968.318122072846,2.382569047489083,6.63,6.63,0.438,83343.0,F2,-7017.140960295904,4900.667731573536,-7018.898499766855,4938.537307803527
144.5608476371,15.245541075,2.39487,1410,740,1,11.62,11.153,,-9.8,-3.3,11.11097,0.3969499999999989,,1410-740-1,8513.378046658643,1272.5769730400946,2.3897146594526766,,11.11097,0.3969499999999989,,,-4700.781675354267,7157.456370370577,-4701.985005247826,7210.29783906774
140.356205569,16.5983048353,2.386242,1402,844,1,7.302,7.011,45894.0,-23.4,-44.3,6.98481,0.2473499999999995,45894.0,1402-844-1,-6059.692675519365,6121.575998233133,2.3912686281414604,6.98,6.98,0.28,80652.0,A5,8598.892101324804,-460.8987484236462,8600.979656733072,-465.52869766480046
141.7895924799,12.534207915,2.392797,826,942,1,10.586,10.124,,-21.7,18.5,10.08242,0.3926999999999997,,826-942-1,-1131.306906809754,-8540.177234779436,2.3916052515793345,,10.08242,0.3926999999999997,,,-5632.602970258314,-6448.430805260733,-5633.994128932644,-6517.100020254006
142.811257201,17.2012575389,2.392255,1403,711,1,13.164,11.713,,2.3,-28.4,11.58241,1.2333500000000004,,1403-711-1,2409.685964775321,8273.394059126505,2.392267482322834,,11.58241,1.2333500000000004,,,4584.423250661933,7242.371034183296,4585.597850371048,7295.747258581253
139.9720531865,16.1229396383,2.388412,1402,634,1,10.726,9.831,,69.5,-36.3,9.75045,0.7607500000000011,,1402-634-1,-7400.928156321096,4421.1355397949765,2.393305700685287,,9.75045,0.7607500000000011,,,8218.285173993982,-2572.7435792224283,8220.27726294625,-2597.5409056550684
140.0848387042,13.5373045169,2.390153,825,968,1,11.891,11.637,,-10.2,-7.9,11.61414,0.2158999999999996,,825-968-1,-7096.983723921883,-4897.141812541868,2.3937720322046987,,11.61414,0.2158999999999996,,,1051.1496468056068,-8462.342216286717,1051.4153387150932,-8558.25342551119
140.5340224587,13.0588527083,2.396128,826,1013,1,12.241,11.414,,8.5,-15.0,11.33957,0.70295,,826-1013-1,-5534.6220875720865,-6633.292810683069,2.3983252284983636,,11.33957,0.70295,,,-1283.8463760985546,-8447.341867002557,-1284.17081928688,-8543.039299417602
140.7067582613,12.9315397575,2.397124,826,901,1,11.367,11.396,,-7.2,-3.9,11.39861,-0.0246499999999999,,826-901-1,-4931.453262376963,-7095.5169228576115,2.398854402688164,,11.39861,-0.0246499999999999,,,-2029.795967713674,-8305.353503231205,-2030.3079147607468,-8399.014314360142
139.6296694268,15.0103853669,2.394167,1402,1481,1,12.082,11.733,,14.5,-32.5,11.70159,0.2966500000000001,,1402-1481-1,-8633.100804456786,425.3335376442207,2.39958830164883,,11.70159,0.2966500000000001,,,6049.48068879203,-6107.88445758895,6050.970452964488,-6172.284398462982
139.64560583,14.62127444,2.395775,825,36,1,12.831,11.706,,0.0,0.0,11.60475,0.95625,,825-36-1,-8593.46448769587,-976.3771808925907,2.4010251787752153,,11.60475,0.95625,,,4975.392918864694,-6997.719002411024,4976.628316630936,-7073.479688156645
140.2735930922,13.2956554211,2.398561,825,736,1,11.755,11.122,,-27.3,-21.4,11.06503,0.5380500000000007,,825-736-1,-6443.086167390626,-5773.643251565471,2.401784453297133,,11.06503,0.5380500000000007,,,-38.143277477196406,-8554.163558838542,-38.15293139347072,-8651.407984287607
142.5759405917,12.5449101725,2.406123,826,675,1,12.354,11.686,,-11.7,10.5,11.62588,0.5677999999999993,,826-675-1,1634.7388497352506,-8500.984681143755,2.4032390655540214,,11.62588,0.5677999999999993,,,-7439.719258283042,-4378.961154294963,-7441.531525055311,-4422.976398024752
140.0793603206,13.5271023933,2.400394,825,522,1,12.091,10.666,,-7.0,-12.0,10.53775,1.211249999999999,,825-522-1,-7116.434840422018,-4933.86186440692,2.404000113194042,,10.53775,1.211249999999999,,,1036.6154415286796,-8500.709939588027,1036.8776062239672,-8597.18108246732
139.9648912639,13.6998111275,2.399899,825,584,1,11.941,11.296,,-29.9,-45.9,11.23795,0.5482500000000011,,825-584-1,-7512.333166791943,-4308.881409955662,2.4042397956974186,,11.23795,0.5482500000000011,,,1766.6155725273602,-8383.37369574065,1767.0616236794567,-8478.154388312605
142.9007612722,12.6265356361,2.407894,826,390,1,12.682,11.644,,-22.0,-13.9,11.55058,0.8823000000000002,,826-390-1,2775.979362126826,-8204.52679524351,2.4045393513089555,,11.55058,0.8823000000000002,,,-7975.802647422897,-3340.1083539965125,-7977.738564874794,-3372.833933554117
143.6384006026,13.0112322078,2.409898,827,1474,1,11.825,11.211,,-3.9,2.8,11.15574,0.5218999999999991,,827-1474-1,5361.315169996813,-6805.32553315677,2.405112891143397,,11.15574,0.5218999999999991,,,-8646.332002370458,-505.6445438772235,-8648.43089345392,-510.68487879374646
141.2718652748,17.1719550833,2.402333,1402,1699,1,13.772,12.032,,22.4,-26.4,11.8754,1.479,,1402-1699-1,-2888.7685201034897,8169.527627969385,2.4055930894514614,,11.8754,1.479,,,8024.486624280423,3239.425850401721,8026.470234322848,3265.262746613649
142.4205581346,12.5181671111,2.408522,826,1221,1,11.832,10.904,,-2.9,-20.6,10.82048,0.7888000000000007,,826-1221-1,1088.5881850794096,-8599.071205711478,2.4062791477233643,,10.82048,0.7888000000000007,,,-7150.441484947251,-4847.123109052712,-7152.187339816369,-4896.454441099641
143.6590340664,13.0164309033,2.418235,827,836,1,12.251,10.633,,-19.6,-8.0,10.48738,1.3753000000000002,,827-836-1,5433.229761331611,-6786.433010786364,2.4134122483633833,,10.48738,1.3753000000000002,,,-8679.954191637713,-439.9198555460862,-8682.061598855757,-444.3703894078038
139.6811054486,14.3408612656,2.413218,825,969,1,12.202,11.102,,3.5,-14.2,11.003,0.9349999999999996,,825-969-1,-8480.510719144177,-1988.4440730785027,2.4181491240842994,,11.003,0.9349999999999996,,,4143.888967873495,-7577.5851543026765,4144.924540267167,-7661.107781827164
143.3594313916,12.8110790715,2.423991,827,906,1,10.919,10.007,,-117.2,-66.1,9.92492,0.7752000000000007,,827-906-1,4382.775216384587,-7534.136451544989,2.4197236957362147,,9.92492,0.7752000000000007,,,-8541.456590416472,-1709.99842430326,-8543.526573143094,-1726.292084743799
140.9225218611,12.7771275544,2.41999,826,492,1,12.16,10.665,,-7.5,1.1,10.530449999999998,1.2707500000000007,,826-492-1,-4176.548041735618,-7655.919961100657,2.421071103022269,,10.530449999999998,1.2707500000000007,,,-2949.871758213529,-8115.754928518731,-2950.6139030728464,-8206.737572915305
144.6159463695,14.9952149558,2.427077,827,1505,1,10.782,10.501,,-11.6,-7.9,10.47571,0.2388500000000004,,827-1505-1,8715.204415361017,372.6800620330147,2.421659460511369,,10.47571,0.2388500000000004,,,-5507.436329502006,6713.607620802755,-5508.839729341302,6763.6057888227515
140.9144931539,17.0380118633,2.418962,1402,1258,1,12.571,11.7,,-18.6,-29.1,11.62161,0.7403500000000004,,1402-1258-1,-4122.966427070085,7692.877927254201,2.423018671786253,,11.62161,0.7403500000000004,,,8487.601062634594,2009.6498906234199,8489.682726728122,2025.9590721123025
140.7022560816,16.91989068,2.423144,1402,1730,1,12.211,11.345,,-17.5,-6.4,11.26706,0.7360999999999996,,1402-1730-1,-4856.992191986062,7272.426844349643,2.4277688839152374,,11.26706,0.7360999999999996,,,8660.65035301673,1188.3137925929816,8662.765420522326,1197.9401606224385
140.8409202015,17.0049907186,2.424651,1402,674,1,12.708,11.748,,1.9,-16.1,11.6616,0.8160000000000007,,1402-674-1,-4376.616410124863,7575.747899939582,2.428849231347053,,11.6616,0.8160000000000007,,,8568.450037232224,1744.3515902906938,8570.548458571224,1758.5296597137674
139.8612708007,16.0016010797,2.424143,1402,1216,1,12.94,11.621,,0.1,-20.9,11.50229,1.1211499999999992,,1402-1216-1,-7790.903474900467,3988.3395830877926,2.429772918800541,,11.50229,1.1211499999999992,,,8153.679071964201,-3145.821132898896,8155.657371601534,-3176.5204898252
140.007690473,13.5836966139,2.425931,825,1096,1,12.395,11.892,,-41.1,-30.2,11.84673,0.4275500000000001,,825-1096-1,-7366.651441407629,-4728.24396261559,2.430070929222769,,11.84673,0.4275500000000001,,,1356.4298777740864,-8550.509811067152,1356.7731835116763,-8647.71709514766
142.9202291873,12.60581272,2.433628,826,372,1,11.964,11.604,,-29.9,-14.8,11.571599999999998,0.306000000000001,,826-372-1,2844.4983352155296,-8279.06740774972,2.430233795084666,,11.571599999999998,0.306000000000001,,,-8077.011211261875,-3338.3843810268145,-8078.971763112617,-3371.1041472993184
141.6844283026,12.5078944261,2.433823,826,514,1,10.453,9.002,,8.8,-48.7,8.871410000000001,1.2333499999999988,,826-514-1,-1500.5840959550783,-8636.343669315527,2.433463298851844,,8.871410000000001,1.2333499999999988,,,-5459.317522906647,-6784.066969455304,-5460.670240087235,-6857.0595106494375
142.2609061347,17.342973225,2.440298,1403,37,1,12.45,11.565,,-14.7,16.2,11.48535,0.7522499999999998,,1403-37-1,514.5589123681334,8781.422432355928,2.4419883729733143,,11.48535,0.7522499999999998,,,6222.3517734205225,6169.730244245156,6223.928786971733,6216.177383608439
140.4580816979,13.0614506978,2.441711,826,907,1,13.026,12.383,,-4.1,-4.4,12.32513,0.5465500000000005,,826-907-1,-5801.535644834119,-6621.9431651433915,2.444033163673293,,12.32513,0.5465500000000005,,,-1098.1581363348178,-8636.59825071462,-1098.4364266910695,-8735.066372798168
141.5151687804,12.5308595189,2.444555,826,1110,1,12.283,10.902,,-30.0,5.6,10.77771,1.17385,,826-1110-1,-2096.8452700565326,-8550.928958792221,2.444146525655235,,10.77771,1.17385,,,-4999.6066943209025,-7168.114156093864,-5000.8504238890755,-7246.146643752096
140.5610617869,12.9780971633,2.442896,826,742,1,12.275,11.508,,-1.0,-27.3,11.43897,0.651950000000001,,826-742-1,-5441.953264185377,-6925.332798508988,2.4450902429788965,,11.43897,0.651950000000001,,,-1563.6636297652892,-8570.186023218457,-1564.0595071654425,-8667.687555382281
140.4482922375,16.7576025578,2.442455,1402,1032,1,11.371,10.8,,-1.7,-5.2,10.74861,0.4853499999999998,,1402-1032-1,-5736.733005595638,6694.141985665665,2.44739594732263,,10.74861,0.4853499999999998,,,8812.461366985139,155.3429884498711,8814.60469832117,156.16182017212196
140.0529495907,13.4875740067,2.444281,825,903,1,11.7,10.434,,-8.3,-1.6,10.32006,1.0761,,825-903-1,-7210.352186386248,-5075.280183011769,2.447804855420501,,10.32006,1.0761,,,993.2586152576041,-8662.463689821161,993.5104189680429,-8761.311810180054
143.3506668578,17.0449524878,2.45011,1403,940,1,12.331,11.858,,-38.3,-8.3,11.81543,0.4020499999999991,,1403-940-1,4268.786348213282,7719.605027398841,2.4488610609291563,,11.81543,0.4020499999999991,,,2936.2162965203192,8258.371781969203,2936.9770485211784,8317.992815709416
140.6773389941,16.9331177544,2.447492,1402,834,1,10.287,9.73,,-11.6,-9.2,9.67987,0.4734500000000003,,1402-834-1,-4942.447825580731,7320.6566450203945,2.4520801784915935,,9.67987,0.4734500000000003,,,8753.436340401147,1156.721667892451,8755.57382366681,1166.0751438863067
139.6189335685,15.39171217,2.448554,1402,1601,1,12.453,11.522,,7.7,-4.8,11.43821,0.7913499999999992,,1402-1601-1,-8655.310606199633,1800.458724499818,2.4542177114042505,,11.43821,0.7913499999999992,,,7092.127385516502,-5221.995735672692,7093.862931661353,-5275.714360654828
141.2096440466,17.2030503567,2.451908,1402,617,1,12.092,11.306,,-2.1,4.8,11.235259999999998,0.6681000000000011,,1402-617-1,-3103.1915060535975,8283.445040077026,2.4556161989463767,,11.235259999999998,0.6681000000000011,,,8251.995708458686,3155.40981511249,8254.034481179231,3180.593346959545
144.5076220852,15.7398427617,2.461846,1410,358,1,12.708,11.441,,-26.0,-11.8,11.32697,1.0769499999999994,,1410-358-1,8308.542667326024,3051.351637181647,2.457141743301117,,11.32697,1.0769499999999994,,,-3235.1816456992888,8179.234845386839,-3236.0191201262637,8238.37413102158
143.3952432988,17.0299844967,2.458378,1403,933,1,11.514,11.002,,1.7,-12.3,10.95592,0.4351999999999988,,1403-933-1,4423.767669436202,7666.528599199199,2.4571848639776706,,10.95592,0.4351999999999988,,,2793.650740692888,8338.52056472594,2794.375216598864,8398.621809817716
140.9885198989,17.1262136647,2.465016,1402,66,1,12.312,11.554,,-21.1,2.3,11.48578,0.6442999999999992,,1402-66-1,-3866.35712902805,8010.245284268706,2.469174356040895,,11.48578,0.6442999999999992,,,8554.460639296612,2409.1281708085244,8556.563812011917,2428.5721513475446
140.4107368221,16.75685542,2.46567,1402,141,1,11.56,11.123,,-10.5,-36.0,11.08367,0.371450000000001,,1402-141-1,-5866.6191683954485,6691.720804868006,2.4704770216476346,,11.08367,0.371450000000001,,,8896.884350473787,57.490766345910835,8899.047603804771,57.4416443378147
144.6631736387,14.7545103722,2.477184,827,1584,1,11.246,10.634,,-4.8,-0.2,10.57892,0.5202000000000001,,827-1584-1,8889.86300665156,-492.5369086692215,2.4716592370159685,,10.57892,0.5202000000000001,,,-6270.133188001281,6272.519184226817,-6271.723972734011,6319.630945970381
144.2814196412,16.2258005233,2.476456,1410,195,1,8.442,7.927,47196.0,-43.9,-46.4,7.880649999999999,0.4377500000000004,47196.0,1410-195-1,7505.940245580499,4793.11383224319,2.4722947724377864,7.84,7.84,0.528,83190.0,F8,-1400.404079812472,8732.488953185943,-1400.768890927249,8794.9375036595
139.7024600822,14.0846052053,2.467582,825,1051,1,12.828,11.429,,-29.1,1.9,11.30309,1.1891499999999993,,825-1051-1,-8416.730895049002,-2912.170364855873,2.4724351146933947,,11.30309,1.1891499999999993,,,3411.0669619590212,-8135.547002663273,3411.9254361142926,-8226.837789333964
144.6372961221,15.3124610556,2.477656,1410,726,1,11.693,11.295,,-17.2,16.6,11.25918,0.3382999999999997,,1410-726-1,8776.410042867687,1517.2769946588915,2.4725192837781416,,11.25918,0.3382999999999997,,,-4692.494516816672,7514.407013394633,-4693.700412815829,7569.4569920043905
144.5496709124,15.6768015625,2.480027,1410,73,1,12.0,10.985,,7.1,-5.7,10.89365,0.8627500000000005,,1410-73-1,8457.866652833354,2826.0221208058133,2.475543346811428,,10.89365,0.8627500000000005,,,-3502.7466732008857,8141.482076098339,-3503.6530460385375,8200.385641991512
144.2499249896,13.5498438105,2.482543,827,245,1,11.557,10.846,,-23.9,-26.9,10.78201,0.6043500000000003,,827-245-1,7490.301746781629,-4848.766839715152,2.4769925785866893,,10.78201,0.6043500000000003,,,-8597.24253544622,2361.3207781344495,-8599.355627947509,2380.3871340290957
139.8254457208,16.0433820339,2.473685,1402,1356,1,11.156,10.71,,-1.2,1.0,10.669860000000002,0.3790999999999997,,1402-1356-1,-7913.55524743439,4140.84556783565,2.4794119802544468,,10.669860000000002,0.3790999999999997,,,8349.1051493979,-3136.3252061073417,8351.130979894444,-3166.949640822686
142.1989399172,12.4239304522,2.484928,823,347,1,12.819,11.275,,-4.2,-4.9,11.13604,1.3124000000000005,,823-347-1,309.12978222974107,-8939.116862559764,2.4830167249289627,,11.13604,1.3124000000000005,,,-6887.127104488195,-5646.256348785104,-6888.817367108718,-5705.047483359167
143.9834227996,13.2101982833,2.489734,827,1047,1,12.895,11.757,,-55.3,31.0,11.65458,0.9673,,827-1047-1,6565.74218349629,-6079.112068838622,2.4839651062730312,,11.65458,0.9673,,,-8903.110166684888,865.1887285436558,-8905.281474711484,872.0870494401137
143.7240864154,16.8481688267,2.488128,1403,1058,1,13.118,11.498,,-1.7,1.4,11.3522,1.377000000000001,,1403-1058-1,5561.8146952289735,7019.7217011471375,2.486221405109742,,11.3522,1.377000000000001,,,1554.6303505322044,8757.394337519885,1555.0354609785434,8819.98527100362
144.6762328536,15.150074129,2.494881,1410,737,1,11.426,10.84,,-104.0,15.9,10.78726,0.4981000000000002,,1410-737-1,8916.294778492924,933.6896782381116,2.488724801537305,,10.78726,0.4981000000000002,,,-5221.587780221883,7233.221146778146,-5222.925647630213,7286.503734409026
140.4884566984,16.845048445,2.484739,1402,1234,1,12.005,11.466,,-24.0,-7.0,11.41749,0.4581500000000012,,1402-1234-1,-5596.406991096999,7008.214633035351,2.4896949885269364,,11.41749,0.4581500000000012,,,8954.062071637307,466.1492070594841,8956.242347727062,469.6451441968637
142.811565282,12.5098854144,2.493543,826,290,1,10.735,10.259,,-32.5,2.5,10.21616,0.4045999999999992,,826-290-1,2463.382132487734,-8625.654917871561,2.490241035463296,,10.21616,0.4045999999999992,,,-8083.053864313504,-3848.008051865729,-8085.01899465185,-3886.211799295377
144.2489629547,13.5200791508,2.498078,827,453,1,10.855,10.241,,61.8,-54.3,10.18574,0.5219000000000006,,827-453-1,7490.251491052286,-4956.787604236521,2.4933828671119347,,10.18574,0.5219000000000006,,,-8677.954384967026,2290.1162388578337,-8680.086440365427,2308.61649922803
140.3271567788,13.1114550967,2.4901,825,1058,1,7.243,6.721,45879.0,-37.7,-80.7,6.6740200000000005,0.4437000000000002,45879.0,825-1058-1,-6260.761850383672,-6440.57858985969,2.493453565744155,6.67,6.67,0.507,80654.0,F8V,-657.7107203206074,-8856.252704085511,-657.877952871045,-8957.979019762553
143.3330784829,17.1092452967,2.498296,1403,1188,1,12.418,11.593,,4.3,-39.2,11.51875,0.7012499999999994,,1403-1188-1,4208.038425715586,7950.235271518266,2.4970876225123364,,11.51875,0.7012499999999994,,,3148.936817910856,8365.478563134384,3149.7537152219775,8425.727256340417
141.0698380056,17.1989826522,2.498549,1402,156,1,12.318,11.645,,-38.3,-29.6,11.58443,0.5720500000000001,,1402-156-1,-3585.5294600673456,8270.258801058304,2.5023122216224776,,11.58443,0.5720500000000001,,,8562.37004391119,2788.8330920310714,8564.480363221348,2811.2058362005623
140.9227907156,17.132925968,2.499168,1402,912,1,11.982,11.26,,-81.6,-41.3,11.19502,0.6136999999999996,,1402-912-1,-4094.2328798526432,8034.633103430521,2.5033096332893954,,11.19502,0.6136999999999996,,,8723.979805917832,2256.1621005316492,8726.122760532533,2274.3908083973784
139.6944861306,14.0143378492,2.499504,825,356,1,10.713,10.173,,-8.3,28.5,10.1244,0.4589999999999992,,825-356-1,-8446.798958706917,-3164.401180676892,2.50398248154693,,10.1244,0.4589999999999992,,,3242.4883876812087,-8322.846878570379,3243.306538702406,-8416.8171048855
143.7117793872,12.9399957258,2.51007,827,189,1,11.138,9.869,,-12.9,-5.5,9.75479,1.07865,,827-189-1,5620.623164311508,-7060.783536842393,2.505276490240037,,9.75479,1.07865,,,-9009.440381459926,-481.58051234599907,-9011.62785565113,-486.44866182344333
140.1307126648,16.534934295,2.502487,1402,9,1,11.811,11.276,,-22.0,-4.5,11.22785,0.4547500000000001,,1402-9-1,-6840.699468809775,5901.413872456766,2.5079751684726705,,11.22785,0.4547500000000001,,,8952.840569726242,-1184.3315242563158,8955.011518219919,-1195.6686937233922
139.51685556,14.99939528,2.502658,825,1540,1,13.047,12.08,,0.0,0.0,11.99297,0.8219500000000004,,825-1540-1,-9026.895257582706,391.1000961028029,2.5082197722797193,,11.99297,0.8219500000000004,,,6285.328778971003,-6421.062445879292,6286.881068894039,-6489.447102960661
144.1127789409,13.3154247908,2.514669,827,640,1,12.286,11.707,47149.0,-160.9,-141.8,11.65489,0.492149999999999,47149.0,827-640-1,7013.588787012473,-5700.878321608522,2.5090273200414193,11.42,11.42,0.492149999999999,,,-8917.70587776058,1446.383017924071,-8919.886691646125,1458.1024378583395
144.4300797966,13.7855330392,2.515949,827,587,1,11.41,11.387,,-12.8,-1.1,11.38493,0.0195499999999997,,827-587-1,8113.284627328062,-3992.7923329246305,2.510213174944139,,11.38493,0.0195499999999997,,,-8370.997615935466,3387.6944060056294,-8373.069360448468,3414.5991775050074
143.6510033507,16.9338003936,2.513205,1403,1191,1,11.226,10.682,,-59.4,-13.3,10.63304,0.4624000000000004,,1403-1191-1,5306.008223443771,7326.041854057521,2.5110842959985926,,10.63304,0.4624000000000004,,,1953.4263060244284,8769.48961431671,1953.935421130515,8832.142938421388
141.90139102,12.4002211375,2.514672,823,473,1,8.924,7.584,46392.0,37.5,-66.3,7.4634,1.1389999999999998,46392.0,823-473-1,-736.9395181952731,-9026.049773528106,2.51396431490928,7.46,7.46,1.154,81707.0,K0,-6257.608076534467,-6475.81213062388,-6259.154298213049,-6544.894333665596
143.4493372909,17.065921815,2.515689,1403,1190,1,10.959,10.9,,-3.4,5.8,10.89469,0.0501499999999993,,1403-1190-1,4609.260292956406,7797.846574881856,2.51456178813586,,10.89469,0.0501499999999993,,,2768.658625554639,8563.087794067253,2769.378502905176,8624.513572443828
142.5566112004,17.3835323189,2.51397,1403,1236,1,12.297,12.034,,-21.5,-8.0,12.010330000000002,0.2235499999999999,,1403-1236-1,1531.1890594181168,8928.659662233607,2.5147731438846153,,12.010330000000002,0.2235499999999999,,,5657.45681681633,7022.1228833561445,5658.903195790237,7074.059507832374
139.61947417,15.64696194,2.509637,1402,1014,1,13.263,11.842,,0.0,0.0,11.71411,1.2078499999999994,,1402-1014-1,-8643.353465482991,2720.3366147198903,2.5154201409471453,,11.71411,1.2078499999999994,,,7771.794694194902,-4609.245340064007,7773.690247212961,-4655.913483630492
144.5260118998,13.9777046517,2.521563,827,790,1,12.189,11.958,,-3.9,-5.0,11.93721,0.1963499999999998,,827-790-1,8441.992392049073,-3296.982618325049,2.515871998984291,,11.93721,0.1963499999999998,,,-8069.107721707506,4090.3642866250498,-8071.115460338064,4122.429521391914
140.2818622476,16.70654736,2.513205,1402,78,1,12.773,11.929,,8.3,0.9,11.85304,0.7173999999999995,,1402-78-1,-6312.453622091191,6515.259835264674,2.51829287103939,,11.85304,0.7173999999999995,,,9060.97610765429,-389.0385657477515,9063.176631927825,-393.07860606500475
139.635102768,14.1287021183,2.514992,825,974,1,11.075,10.597,,-2.0,-1.5,10.55398,0.4062999999999998,,825-974-1,-8649.851354068513,-2750.9152829954505,2.5196949588694784,,10.55398,0.4062999999999998,,,3686.3704964660687,-8201.79587786152,3687.2991511382875,-8294.051381062936
142.1394428238,12.3853110994,2.522085,823,557,1,8.214,6.998,46464.0,-80.6,-13.9,6.88856,1.0336,46464.0,823-557-1,97.74012587429793,-9078.699584432501,2.520380211806876,6.88,6.88,1.04,81872.0,G5,-6851.117967997471,-5893.965468092838,-6852.802605920862,-5955.790100470834
139.54822487,15.4095915183,2.518732,1402,1405,1,11.937,11.442,,-56.7,25.8,11.39745,0.4207499999999993,,1402-1405-1,-8902.131506707474,1868.5912671231226,2.5250667191127913,,11.39745,0.4207499999999993,,,7306.919582039073,-5359.628655273879,7308.709474143892,-5415.011034969563
139.58360528,14.27161211,2.52195,825,649,1,12.182,11.604,,0.0,2.4,11.55198,0.491300000000001,,825-649-1,-8824.073168003226,-2233.8956050220163,2.5268183034600855,,11.55198,0.491300000000001,,,4188.503444581653,-7991.676767809592,4189.555706157305,-8080.976415843539
143.3575282172,17.130906665,2.528406,1403,1110,1,11.338,9.715,46896.0,-6.7,1.8,9.56893,1.3795499999999994,46896.0,1403-1110-1,4291.5202635569385,8029.973861441681,2.5274741133197822,9.58,9.58,1.343,,K0,3153.115452396482,8480.170707975185,3153.93452804109,8541.096146326092
140.2953499587,13.0884753506,2.528257,825,1196,1,10.849,10.28,,-9.1,-25.0,10.22879,0.4836500000000007,,825-1196-1,-6372.334713494553,-6521.1494051929185,2.531040468989286,,10.22879,0.4836500000000007,,,-643.8626048967278,-8991.147775165595,-644.026666018085,-9094.90345848237
139.6430152072,15.7772628122,2.528985,1402,1692,1,11.612,10.681,,-17.6,31.4,10.59721,0.7913500000000008,,1402-1692-1,-8556.863907189829,3189.7843619127893,2.5350297487781694,,10.59721,0.7913500000000008,,,8065.284805735252,-4237.003910521809,8067.2486612457415,-4279.502685978928
142.2214096524,17.4411396678,2.536422,1403,404,1,12.011,11.599,,-13.3,-20.0,11.56192,0.3501999999999992,,1403-404-1,378.5611462455497,9134.420442961911,2.537856061803956,,11.56192,0.3501999999999992,,,6576.498340318867,6301.633200884602,6578.167464398939,6348.909999406913
139.8676206664,16.236862285,2.532729,1402,662,1,11.144,10.468,,-17.4,-10.2,10.40716,0.5746000000000001,,1402-662-1,-7760.821944562616,4836.2775965317405,2.538447209419553,,10.40716,0.5746000000000001,,,8767.535701952478,-2566.141020737368,8769.661384389428,-2590.941421388498
139.6556092404,14.0159034925,2.534137,825,1326,1,12.953,10.991,,1.9,-3.3,10.81442,1.6676999999999995,,825-1326-1,-8582.50197910678,-3158.2096193655816,2.538654722110243,,10.81442,1.6676999999999995,,,3337.208521427705,-8418.800288431241,3338.0517421027103,-8514.166946229785
139.911148757,13.5267483458,2.535759,825,611,1,10.918,9.564,,1.9,-3.9,9.44214,1.1508999999999994,,825-611-1,-7705.867357959049,-4929.831478394843,2.539412506586533,,9.44214,1.1508999999999994,,,1430.9495986569987,-8932.324117972488,1431.3138903550578,-9035.207285453373
141.0902410296,12.5667265844,2.539712,826,987,1,11.968,10.673,,-10.7,-11.2,10.55645,1.10075,,826-987-1,-3590.6319519102576,-8417.453573238388,2.5403598709118667,,10.55645,1.10075,,,-3908.0952960704453,-8182.381328700204,-3909.0795874939427,-8274.37364701055
139.9011572221,13.53793846,2.537808,825,618,1,12.647,11.775,,7.7,1.0,11.69652,0.7411999999999999,,825-618-1,-7740.34137975379,-4889.052918485234,2.5414132970701293,,11.69652,0.7411999999999999,,,1484.3181089215007,-8931.037652967772,1484.6959810976352,-9033.902864133124
142.7603004357,12.4434892778,2.544503,823,230,1,11.581,11.402,,-22.0,-20.0,11.38589,0.1521500000000002,,823-230-1,2284.0081803200237,-8866.186320897128,2.5415681851008447,,11.38589,0.1521500000000002,,,-8143.759211207457,-4138.6410999944355,-8145.741397801976,-4180.053866252048
139.8639717915,13.5934769117,2.538754,825,1042,1,13.354,11.868,,-29.6,1.4,11.73426,1.263099999999999,,825-1042-1,-7869.685847769491,-4687.662133735129,2.5427817875902003,,11.73426,1.263099999999999,,,1720.7260114607532,-8894.549672061954,1721.1638242171275,-8996.87316309654
139.8513057293,16.22222676,2.53857,1402,126,1,11.423,11.048,,-12.8,-0.2,11.01425,0.31875,,1402-126-1,-7817.715073815182,4784.409541249347,2.5443114177983976,,11.01425,0.31875,,,8766.53628111897,-2642.347815565696,8768.661919218943,-2667.922746294642
143.4980619635,12.7449650647,2.550208,827,66,1,11.664,9.587,,-4.7,-1.9,9.40007,1.76545,,827-66-1,4874.462378543366,-7768.304423752698,2.5458186836052015,,9.40007,1.76545,,,-9042.928763933802,-1499.8361305960032,-9045.12097024915,-1514.174274478406
139.8610500671,16.2444197456,2.54211,1402,705,1,12.512,11.645,,5.0,-22.4,11.56697,0.7369500000000008,,1402-705-1,-7782.700787488735,4863.434214961272,2.5475787123438263,,11.56697,0.7369500000000008,,,8802.360520796583,-2564.4776903706315,8804.494673520676,-2589.2658138514275
141.7405663742,12.3805871544,2.551361,823,493,1,11.427,11.058,,-12.6,-8.0,11.02479,0.3136499999999998,,823-493-1,-1304.4173659839548,-9094.705859353306,2.550473334351747,,11.02479,0.3136499999999998,,,-5932.17062593627,-6939.692021816126,-5933.643089523897,-7014.774338421772
141.4604938146,17.3804842119,2.549675,1403,39,1,14.243,11.373,,1.0,2.3,11.1147,2.4395000000000007,,1403-39-1,-2237.7438749121798,8919.845274229678,2.552825147907647,,11.1147,2.4395000000000007,,,8153.1073222644545,4217.312607827475,8155.138123302028,4250.27758573113
144.5062637439,13.836802505,2.560127,827,811,1,13.46,11.804,,-16.6,-13.5,11.65496,1.4076000000000004,,827-811-1,8378.017696295585,-3805.7155989423777,2.5543849204989866,,11.65496,1.4076000000000004,,,-8406.912070259448,3707.507660929411,-8408.997758668835,3736.7644338622877
141.7087942649,17.4314439336,2.552801,1403,313,1,10.975,9.938,,-19.2,5.3,9.84467,0.8814499999999992,,1403-313-1,-1384.0095837936124,9101.416331897404,2.555538677578568,,9.84467,0.8814499999999992,,,7722.021129329673,4970.8776344167045,7723.956815717673,5009.16688517077
139.5413433648,15.5541209339,2.557219,1402,715,1,11.197,9.748,,-8.2,-9.8,9.61759,1.23165,,1402-715-1,-8918.771374539798,2388.729428854182,2.563044649503563,,9.61759,1.23165,,,7706.768497031288,-5030.510569457431,7708.652613437893,-5082.0454544329195
139.9106169388,13.4836563447,2.560094,825,975,1,10.343,9.77,,13.0,0.1,9.71843,0.4870500000000003,,825-975-1,-7708.963957877914,-5085.036320460492,2.563573159263088,,9.71843,0.4870500000000003,,,1316.991970480275,-9036.140213499943,1317.3278050092556,-9140.588992970512
139.5217481123,15.4789045367,2.558111,1402,1746,1,11.7,10.24,,0.6,-2.6,10.1086,1.2409999999999992,,1402-1746-1,-8989.769389527344,2118.68581910087,2.563859273862054,,10.1086,1.2409999999999992,,,7552.046942734417,-5260.228869057354,7553.895818041392,-5314.455874981111
144.5878747934,13.9932313055,2.571795,827,874,1,10.766,10.081,,-37.3,12.1,10.01935,0.5822500000000004,,827-874-1,8656.969365099187,-3238.3389534345424,2.5657371496513695,,10.01935,0.5822500000000004,,,-8167.992651499442,4288.633901256026,-8170.028371289531,4322.1052946362115
139.646751153,13.9594820561,2.562759,825,887,1,12.008,10.255,,-4.9,-1.4,10.09723,1.4900499999999983,,825-887-1,-8615.92121654277,-3361.17146750639,2.5672605581005987,,10.09723,1.4900499999999983,,,3207.682970953894,-8576.272684112495,3208.4953158607877,-8673.933931714684
140.7412377329,12.7053625386,2.569578,826,1128,1,13.057,11.874,,13.3,-40.7,11.76753,1.0055499999999995,,826-1128-1,-4814.781513374553,-7912.676372458645,2.571169275211664,,11.76753,1.0055499999999995,,,-2718.06354436772,-8754.165491489523,-2718.7536904725175,-8854.430911546136
139.9196642078,16.3750516936,2.566054,1402,1018,1,12.758,12.194,,-16.3,-5.9,12.14324,0.4793999999999985,,1402-1018-1,-7575.721663982412,5332.542932799948,2.5716930526027237,,12.14324,0.4793999999999985,,,9015.601118024548,-2102.7990734348955,9017.786421472301,-2122.9933859990047
141.3683887941,17.3763361178,2.568625,1403,745,1,12.552,11.187,,-11.0,-5.5,11.06415,1.1602500000000002,,1403-745-1,-2554.8943983895974,8905.816253692972,2.571894662638308,,11.06415,1.1602500000000002,,,8353.181662890014,3972.648142636472,8355.258305697065,4003.836557171635
144.6048525767,14.0151013044,2.579283,827,1419,1,11.104,10.192,,-23.4,-112.9,10.10992,0.7751999999999991,,827-1419-1,8715.90782278259,-3162.221691705003,2.573773703141278,,10.10992,0.7751999999999991,,,-8150.223794846657,4382.579271577873,-8152.25667023118,4416.718961560178
144.2553438582,13.38772244,2.5796,827,1341,1,10.062,9.759,,-14.4,-9.6,9.73173,0.2575499999999991,,827-1341-1,7515.175583130048,-5432.507586598586,2.574122114471549,,9.73173,0.2575499999999991,,,-9050.100701395895,1995.2127750906275,-9052.320598506029,2011.341469166815
144.2607509952,16.4379523333,2.578599,1410,784,1,7.305,5.869,47189.0,-17.0,-2.8,5.7397599999999995,1.2206,47189.0,1410-784-1,7427.674157695734,5558.217285403402,2.5752297795647103,5.73,5.73,1.223,83189.0,K1III,-776.5445366467111,9179.465008799378,-776.7479115130791,9244.500282147112
144.2262320961,16.4872116248,2.58182,1410,572,1,11.196,10.531,,-109.2,-49.9,10.471150000000002,0.5652499999999993,,1410-572-1,7304.154973163555,5733.246959168747,2.577569628851865,,10.471150000000002,0.5652499999999993,,,-563.7102580631764,9203.207305541051,-563.8579340107498,9268.379836684588
140.57949277,12.7973885378,2.578003,826,1077,1,12.889,12.146,,-31.2,8.5,12.07913,0.6315499999999987,,826-1077-1,-5382.470303885893,-7576.325507265727,2.57982108826404,,12.07913,0.6315499999999987,,,-2089.757513742969,-8952.311444455148,-2090.2897275092,-9055.516750541112
144.7577252638,14.5553060175,2.589165,827,1650,1,12.24,11.725,,-46.0,-2.7,11.67865,0.4377500000000004,,827-1650-1,9227.085562684735,-1206.6304905708134,2.5831503266536138,,11.67865,0.4377500000000004,,,-7027.791379990747,6051.94379445809,-7029.57078841852,6097.556859307563
139.7959856835,16.2111159511,2.578734,1402,1280,1,11.798,12.036,,-17.9,-24.8,12.05742,-0.2022999999999996,,1402-1280-1,-8009.817264925754,4745.835883423341,2.5844170607321604,,12.05742,-0.2022999999999996,,,8865.240049272275,-2809.865030351598,8867.390232987726,-2837.1678318005147
140.9704766712,17.2470020078,2.58146,1402,474,1,12.398,11.594,,-2.4,-6.8,11.52164,0.6834000000000002,,1402-474-1,-3925.7787780482236,8445.953585363028,2.5853955852512347,,11.52164,0.6834000000000002,,,8919.59437225625,2652.199944192901,8921.791025376344,2673.4838469296114
141.0839551973,12.5200071978,2.585246,826,945,1,10.338,9.266,46121.0,23.3,-5.6,9.16952,0.9111999999999992,46121.0,826-945-1,-3612.608766155245,-8585.719603806583,2.5856880312626394,9.16,9.16,0.91,,K0,-4019.279330155821,-8308.728630009766,-4020.2934346021225,-8402.545085400468
144.2485144535,13.3573970906,2.592379,827,546,1,12.545,11.738,,-2.0,8.9,11.66537,0.6859500000000003,,827-546-1,7492.594831568445,-5541.537511313564,2.5869092889494487,,11.66537,0.6859500000000003,,,-9116.60902927677,1906.6405351804228,-9118.844166473635,1922.0552455414015
143.0462734836,12.4827365664,2.591036,824,242,1,13.482,11.975,,-36.8,-6.5,11.83937,1.2809499999999996,,824-242-1,3289.4618738279296,-8721.232665175465,2.5873977261843297,,11.83937,1.2809499999999996,,,-8702.9396236525,-3299.6543710854194,-8705.052437639197,-3332.044519126796
139.5080238777,15.54356251,2.58577,1402,1820,1,12.559,11.746,,-27.2,-73.8,11.67283,0.6910499999999989,,1402-1820-1,-9035.515998806535,2350.378417899665,2.591622924022407,,11.67283,0.6910499999999989,,,7755.607489109961,-5141.948406114493,7757.5048965058095,-5194.7998857225275
139.4438694125,14.6429870258,2.587088,825,1518,1,12.656,11.386,,-12.9,-15.9,11.2717,1.079500000000001,,825-1518-1,-9296.87686218169,-890.6095673523917,2.5925176339429163,,11.2717,1.079500000000001,,,5506.4929649670785,-7460.41545944649,5507.867599641188,-7542.446506065199
144.7942198587,14.892962655,2.59835,827,1545,1,12.504,10.877,,-1.7,-6.6,10.73057,1.382949999999999,,827-1545-1,9340.98592294523,11.53898403790504,2.59294866923699,,10.73057,1.382949999999999,,,-6192.834080772993,6940.278892885753,-6194.416134827602,6991.663600989452
139.5440234856,14.159998335,2.5896,825,1306,1,11.924,10.817,,0.3,-16.2,10.71737,0.9409499999999994,,825-1306-1,-8967.04617560199,-2635.1028682953324,2.59439549030366,,10.71737,0.9409499999999994,,,3983.5218547975733,-8359.750325995083,3984.527657626242,-8454.302075718018
141.705578889,17.4746273472,2.596015,1403,1306,1,11.472,10.951,,-10.0,-18.5,10.90411,0.4428499999999991,,1403-1306-1,-1394.5407970817694,9256.572398849277,2.598502983325792,,10.90411,0.4428499999999991,,,7844.987960516463,5065.400237628867,7846.9562186774365,5104.3270577052435
139.4556471213,14.4973547367,2.595561,825,319,1,10.782,10.377,,-24.1,-16.8,10.34055,0.3442499999999994,,825-319-1,-9262.319779040536,-1415.9047172714536,2.6009667422916185,,10.34055,0.3442499999999994,,,5090.894759079838,-7779.0520040757665,5092.170483425925,-7865.440459715007
139.6759372493,16.0274202603,2.595665,1402,643,1,12.214,12.379,,0.7,6.7,12.39385,-0.1402499999999992,,1402-643-1,-8432.278927794856,4089.3450205270897,2.601421074641602,,12.39385,-0.1402499999999992,,,8654.99025059879,-3553.8918343048435,8657.092868340533,-3588.985049003497
139.662087027,13.83715173,2.597479,825,883,1,11.852,12.367,,-17.6,-12.4,12.41335,-0.4377500000000004,,825-883-1,-8567.42307763618,-3802.898730878792,2.6019638944140264,,12.41335,-0.4377500000000004,,,2845.29852516552,-8829.612897280127,2846.0218343430474,-8931.009834670182
144.7819040593,15.2760358466,2.610391,1410,266,1,9.537,9.297,,-54.6,21.0,9.2754,0.2040000000000001,,1410-266-1,9280.031932470567,1392.1525564404556,2.6048354084829546,,9.2754,0.2040000000000001,,,-5120.371155572529,7806.105587462651,-5121.691389929962,7862.9103208922725
139.4723917232,14.380293715,2.601458,825,639,1,12.117,12.096,,2.0,-18.3,12.09411,0.0178500000000006,,825-639-1,-9208.13852588983,-1838.4715766352658,2.6064996484306673,,12.09411,0.0178500000000006,,,4739.057628496624,-8015.858449516452,4740.2487440280875,-8105.543454624915
139.6721411049,13.7954237764,2.606354,825,798,1,12.321,10.43,,-8.2,-7.3,10.25981,1.60735,,825-798-1,-8533.605301928023,-3953.520166646852,2.610672819154036,,10.25981,1.60735,,,2710.2592449662616,-8903.254044210173,2710.9490065232176,-9005.747977886653
143.5414107665,17.1282075967,2.614864,1403,962,1,11.481,10.839,,-17.1,-0.2,10.78122,0.5456999999999995,,1403-962-1,4924.705345803977,8024.553364165808,2.613521961002605,,10.78122,0.5456999999999995,,,2728.6915244211496,8947.24918723594,2729.404247017399,9010.911823655659
144.7662467008,14.4220346617,2.61938,827,623,1,9.862,8.667,47368.0,-0.1,-5.9,8.55945,1.0157500000000002,47368.0,827-623-1,9263.79877168185,-1686.6170865499298,2.6137643353646354,8.44,8.44,0.995,83479.0,G5,-7410.95243814679,5762.591819602049,-7412.823744752449,5806.262912415445
142.3102098497,12.297495825,2.617298,823,287,1,12.739,11.702,,-37.1,1.8,11.60867,0.8814500000000006,,823-287-1,700.2385625882762,-9394.7770475877,2.6150817638269657,,11.60867,0.8814500000000006,,,-7487.386522109024,-5656.231842647581,-7489.224646546892,-5715.215132606475
143.89446566,12.94484998,2.620225,827,1195,1,11.93,12.206,,-2.8,0.6,12.23084,-0.2345999999999998,,827-1195-1,6262.613644063888,-7038.842648012776,2.6152798636509313,,12.23084,-0.2345999999999998,,,-9419.25774378095,8.666089829704898,-9421.548149737397,8.12037399599445
144.3898100912,13.50112113,2.623107,827,664,1,11.907,10.35,,-0.9,-1.2,10.20987,1.3234500000000002,,827-664-1,7983.074500484578,-5019.254702375995,2.61758493769936,,10.20987,1.3234500000000002,,,-9051.830264664968,2614.625634042176,-9054.059046212657,2635.6044914414088
141.8221180041,12.3004723856,2.621203,823,325,1,12.766,12.46,,7.3,-18.2,12.43246,0.2600999999999993,,823-325-1,-1017.2036164909752,-9384.318794984283,2.620196123112213,,12.43246,0.2600999999999993,,,-6339.334696917597,-6917.522515811259,-6340.908064881311,-6992.354922057784
142.141361428,12.2847070222,2.622713,823,403,1,12.514,11.391,,-12.9,-9.7,11.28993,0.9545499999999996,,823-403-1,106.35305155065852,-9441.48479743711,2.620971333459601,,11.28993,0.9545499999999996,,,-7128.0105199622485,-6125.525173949935,-7129.766798172863,-6190.264255707138
139.4918237614,14.2185441489,2.621708,825,1309,1,13.071,12.238,,-6.1,-10.4,12.16303,0.7080500000000002,,825-1309-1,-9147.298873022773,-2421.9345923790643,2.626629706322374,,12.16303,0.7080500000000002,,,4262.531487816223,-8353.03900212721,4263.607701976637,-8447.514025191806
141.3137047506,17.4224654633,2.627683,1402,391,1,11.638,10.735,,-9.6,-2.2,10.65373,0.7675500000000004,,1402-391-1,-2742.350103279489,9073.04384095186,2.631045922184301,,10.65373,0.7675500000000004,,,8602.634684901628,3943.7783897251184,8604.773029406746,3974.731404910447
139.591528966,15.9167072794,2.625252,1402,1488,1,11.634,11.353,,-49.6,-8.2,11.32771,0.2388500000000004,,1402-1488-1,-8730.734549305907,3693.406046945005,2.631431415554527,,11.32771,0.2388500000000004,,,8557.172419746343,-4034.746289801735,8559.254699868832,-4075.0623284590188
142.902333567,12.3838511522,2.639468,823,214,1,11.496,11.078,,-69.7,-26.2,11.04038,0.3553000000000009,,823-214-1,2783.355992341878,-9080.104396690716,2.6362281572277237,,11.04038,0.3553000000000009,,,-8635.182368685459,-3909.809265474508,-8637.282685754784,-3948.761102076373
139.3719136562,14.9238466511,2.641463,825,1416,1,12.522,11.793,,-19.4,-8.5,11.72739,0.6196500000000008,,825-1416-1,-9535.745754476391,124.69972814530377,2.647159597419942,,11.72739,0.6196500000000008,,,6424.016414770449,-6971.25731319172,6425.611751902891,-7046.808549266955
139.7025356545,13.6527098467,2.645047,825,1105,1,10.504,9.447,45684.0,-4.7,-3.4,9.35187,0.8984500000000003,45684.0,825-1105-1,-8432.602160011817,-4468.882400335633,2.649101795398436,9.35,9.35,0.982,,K0,2257.976743267887,-9166.008581859654,2258.5538050304667,-9272.465896774687
141.4880065112,17.4907379175,2.650682,1403,152,1,12.271,12.004,,-10.0,0.9,11.97997,0.226950000000001,,1403-152-1,-2142.3089135781634,9317.198855073211,2.653744657077997,,11.97997,0.226950000000001,,,8386.758331413474,4550.204179174651,8388.85334150633,4585.501237691752
141.618635889,17.517468595,2.651859,1406,227,1,11.911,11.398,,-1.0,-33.3,11.35183,0.4360499999999999,,1406-227-1,-1692.8353625386233,9411.416865146315,2.6543357144975066,,11.35183,0.4360499999999999,,,8158.771900791496,4946.052309207876,8160.816885336393,4984.127480134164
139.3623664443,15.0179675075,2.652416,1402,1559,1,12.121,11.364,,0.6,-22.1,11.29587,0.6434499999999997,,1402-1559-1,-9564.31446116252,463.9192076727219,2.6579691818461306,,11.29587,0.6434499999999997,,,6696.548771081423,-6769.96819028813,6698.208468708541,-6842.904021903022
142.7806772162,12.3273651033,2.66194,823,216,1,11.994,11.968,,-10.0,-19.2,11.96566,0.0220999999999998,,823-216-1,2357.301503576517,-9284.86060217751,2.6590425177269985,,11.96566,0.0220999999999998,,,-8505.37192347859,-4359.353764921744,-8507.444463750786,-4403.282352612916
141.1639121731,12.4071209133,2.662204,823,373,1,12.417,11.46,,-0.6,-8.4,11.37387,0.8134499999999991,,823-373-1,-3333.639702486459,-8994.014994354362,2.6625117443533517,,11.37387,0.8134499999999991,,,-4509.680061864637,-8370.357886626642,-4510.819024844508,-8465.103136392758
142.4469314192,17.5486436244,2.661729,1406,552,1,12.918,11.229,,5.4,-14.9,11.07699,1.43565,,1406-552-1,1153.7992487847978,9523.286575871005,2.6627830807682704,,11.07699,1.43565,,,6352.47553430332,7134.179196065326,6354.101796414759,7186.767720850723
140.206645602,16.8400341219,2.659165,1402,1048,1,11.423,10.94,,-11.9,0.1,10.89653,0.4105500000000004,,1402-1048-1,-6568.6022296318115,6998.953226535593,2.6643377238726687,,10.89653,0.4105500000000004,,,9592.590014075642,-260.432118538703,9594.920935967482,-263.3889726106126
144.7870040443,15.5703613572,2.67087,1410,17,1,11.592,11.049,,-7.4,-37.3,11.00013,0.4615500000000008,,1410-17-1,9286.267927159675,2451.5142718850143,2.665966073658757,,11.00013,0.4615500000000008,,,-4332.650545376732,8510.009845302842,-4333.776588493963,8571.060303210517
143.9846165856,12.9556869344,2.671024,827,1156,1,12.559,12.498,,-28.8,-38.8,12.49251,0.0518499999999999,,827-1156-1,6578.377682616081,-6998.542492538853,2.6661097273807273,,12.49251,0.0518499999999999,,,-9598.769180514053,269.2598205160564,-9601.10540023463,270.9705677718658
141.9461703495,17.5721766367,2.669378,1406,4,1,12.512,11.752,,-12.0,-11.8,11.6836,0.6459999999999998,,1406-4-1,-567.320219589295,9607.446294218902,2.6714463108841544,,11.6836,0.6459999999999998,,,7558.053635175445,5911.180345982775,7559.964925726137,5955.821257361994
139.4126896719,14.3205426725,2.670908,825,393,1,10.805,10.476,,11.9,-2.7,10.44639,0.279649999999999,,825-393-1,-9419.080560518216,-2050.9848747363653,2.6757734242290354,,10.44639,0.279649999999999,,,4720.24685521991,-8310.485946395764,4721.43804737697,-8404.382209699368
144.8752841163,14.7181328092,2.684432,827,1560,1,12.149,11.226,,-16.2,2.3,11.142930000000002,0.7845499999999985,,827-1560-1,9631.035266110119,-614.809955891179,2.6787794847127864,,11.142930000000002,0.7845499999999985,,,-6853.585001629185,6742.505026160673,-6855.332480673735,6792.587736521181
142.7536546656,12.3003991033,2.681824,823,180,1,12.384,11.291,,-6.9,-8.4,11.19263,0.92905,,823-180-1,2262.5173282888113,-9382.088599945291,2.6788906246256734,,11.19263,0.92905,,,-8515.119857617432,-4493.272187595952,-8517.196117826337,-4538.715836942719
142.8873528456,17.4833034258,2.683291,1403,785,1,13.378,11.803,,-1.7,-12.9,11.66125,1.3387499999999994,,1403-785-1,2667.9368734242175,9292.078380835675,2.683453608450271,,11.66125,1.3387499999999994,,,5174.405666913614,8106.697547734516,5175.744402284286,8165.309404939399
143.3445772679,12.501361965,2.690184,827,176,1,12.145,11.341,,-19.6,-3.0,11.26864,0.6834000000000002,,827-176-1,4339.356340242459,-8649.620108960884,2.6861090606140774,,11.26864,0.6834000000000002,,,-9346.44390367163,-2475.549050517029,-9348.710286546733,-2499.5114432942805
141.9197879936,17.5853283744,2.684053,1406,378,1,12.383,11.228,,-2.3,-3.8,11.12405,0.9817499999999996,,1406-378-1,-657.6671981508118,9655.190575684039,2.6862420937802978,,11.12405,0.9817499999999996,,,7653.723639233752,5875.579596501378,7655.658501734721,5919.976697683763
139.3695113213,15.3687873525,2.681055,1402,1085,1,13.175,11.347,,3.9,-0.9,11.18248,1.553800000000001,,1402-1085-1,-9523.778560495903,1728.4308356402676,2.686737524198115,,11.18248,1.553800000000001,,,7614.857606426232,-5910.7521522400475,7616.730829370605,-5972.875580143075
141.5788214499,17.5459497225,2.686801,1406,1148,1,12.486,11.871,,3.9,-22.7,11.81565,0.5227500000000002,,1406-1148-1,-1829.2998903316488,9514.812674044873,2.6894302415293234,,11.81565,0.5227500000000002,,,8326.658192189194,4912.929007769475,8328.744751202788,4950.758444949933
139.8431913138,16.4760907808,2.684166,1402,215,1,11.212,10.682,,-14.8,-41.9,10.6343,0.4504999999999994,,1402-215-1,-7836.5607451708265,5698.716443170245,2.689559753872401,,10.6343,0.4504999999999994,,,9462.485060987932,-2055.0674325210475,9464.779099409456,-2074.8518047774023
140.2776179999,16.93897184,2.686492,1402,194,1,12.772,11.916,,-2.3,2.1,11.83896,0.7275999999999999,,1402-194-1,-6320.497133886942,7353.456359042949,2.6914891742647145,,11.83896,0.7275999999999999,,,9692.85647280688,156.8085210290785,9695.214792710512,157.52640105923658
142.8583531184,17.500733185,2.692461,1406,341,1,13.087,12.433,,-6.3,-34.2,12.37414,0.5559,,1406-341-1,2567.9086168911167,9353.988020320126,2.6924786018671876,,12.37414,0.5559,,,5287.090656940223,8073.22854500723,5288.4580512909915,8131.633168603357
144.6776572475,13.8702820333,2.698519,827,1481,1,12.464,12.243,,31.3,-18.1,12.22311,0.18785,,827-1481-1,8978.135833304617,-3678.911682884627,2.693193810560614,,12.22311,0.18785,,,-8710.538373375199,4236.619443927041,-8712.7087668114,4269.662768470072
139.44987417,15.73471889,2.691558,1402,1840,1,12.312,11.955,,0.0,0.0,11.92287,0.3034499999999994,,1402-1840-1,-9228.61494940693,3043.74012929964,2.6973379911834354,,11.92287,0.3034499999999994,,,8402.091021291344,-4829.453413391278,8404.143279992508,-4878.735859675944
139.3930060866,14.29340456,2.695697,825,498,1,11.968,11.166,,18.6,-32.8,11.09382,0.6816999999999996,,825-498-1,-9488.903324050914,-2148.7908574509456,2.7005433513629544,,11.09382,0.6816999999999996,,,4693.491803470444,-8425.96848467086,4694.678191796723,-8521.53654675711
140.3446655268,12.8172925583,2.699977,825,830,1,11.805,11.274,,4.5,-4.6,11.226209999999998,0.4513500000000005,,825-830-1,-6206.520781352265,-7499.6363378448395,2.7020934444544142,,11.226209999999998,0.4513500000000005,,,-1485.3445350110585,-9508.970112327639,-1485.72632793876,-9620.710092698531
142.0595139707,12.2024137233,2.705098,823,353,1,10.099,9.812,,13.3,-29.0,9.786169999999998,0.2439500000000007,,823-353-1,-181.22299470060753,-9738.885520786029,2.7037056785502753,,9.786169999999998,0.2439500000000007,,,-7159.384805606564,-6532.8547473424715,-7161.155369305811,-6602.771140774777
143.4353836153,17.2911767244,2.704736,1403,1053,1,11.315,10.792,,54.4,-27.5,10.74493,0.4445499999999997,,1403-1053-1,4557.859510597068,8609.013869486611,2.703854634216124,,10.74493,0.4445499999999997,,,3409.108072817794,9060.461294476576,3409.9997913061998,9124.75230056384
143.65613194,12.65543361,2.708909,827,1291,1,12.559,11.505,,0.0,0.0,11.41014,0.8958999999999987,,827-1291-1,5432.594742633321,-8087.986480313679,2.7044152027228536,,11.41014,0.8958999999999987,,,-9652.435013133356,-1296.674282035822,-9654.776008163164,-1309.1643042877909
142.127319273,12.1998618722,2.707423,823,443,1,9.725,9.187,,-5.1,-3.5,9.13858,0.4573000000000002,,823-443-1,57.142307679014465,-9747.423161223638,2.7056511041995166,,9.13858,0.4573000000000002,,,-7324.020834507223,-6362.46547375098,-7325.829339016529,-6430.221459863781
143.325318771,12.4682893483,2.711619,824,30,1,10.698,10.206,,-52.1,-13.4,10.16172,0.4182000000000007,,824-30-1,4271.367351344925,-8769.51450965865,2.7075475270988365,,10.16172,0.4182000000000007,,,-9390.925258099542,-2604.686035069468,-9393.202800880743,-2629.9629135743307
142.7150847205,17.55021474,2.707048,1406,254,1,12.805,11.768,,-36.6,-2.4,11.67467,0.8814499999999992,,1406-254-1,2074.141312493471,9531.58739731263,2.707608000533243,,11.67467,0.8814499999999992,,,5747.656563368435,7823.524082856229,5749.139003884164,7880.394736992557
139.3655647679,14.3800161778,2.702789,825,855,1,12.287,12.479,,-6.7,-15.4,12.49628,-0.1631999999999986,,825-855-1,-9581.662713763186,-1835.042704312574,2.707926512862055,,12.49628,-0.1631999999999986,,,4989.59875474672,-8288.931850776615,4990.857626180176,-8382.540321535573
142.4763479012,17.5953669289,2.711679,1406,1114,1,12.929,11.919,,-33.6,-18.2,11.8281,0.8584999999999998,,1406-1114-1,1253.5617389177748,9691.954343458365,2.71260652278602,,11.8281,0.8584999999999998,,,6412.316182702671,7319.62706995318,6413.961085777188,7373.364172417794
144.5381882456,16.2851275022,2.71823,1410,309,1,12.816,11.438,,-19.3,-5.8,11.31398,1.1713,,1410-309-1,8393.299444566,5018.0415482782655,2.7143475697063737,,11.31398,1.1713,,,-1821.3836609278023,9540.689430360955,-1821.8628076636146,9607.75897160479
144.0951043473,16.8384376717,2.718788,1410,131,1,10.845,10.406,,-12.3,-7.4,10.36649,0.37315,,1410-131-1,6842.045304410517,6996.059183838627,2.716192161810273,,10.36649,0.37315,,,687.0032655144288,9693.521911743766,687.1843269285433,9761.46534861458
140.93511306,17.37570472,2.712403,1402,372,1,13.33,12.004,,0.0,0.0,11.88466,1.1271000000000004,,1402-372-1,-4045.000617072312,8911.083589346703,2.7163481109460026,,11.88466,1.1271000000000004,,,9346.421906087666,2870.319785369873,9348.727397324144,2893.222559527468
140.6315093649,12.5989445867,2.716173,826,1103,1,11.961,11.392,,18.6,-10.2,11.34079,0.4836500000000007,,826-1103-1,-5203.026498554125,-8293.562141433913,2.7175545539444514,,11.34079,0.4836500000000007,,,-2745.007783600047,-9289.27150736653,-2745.710805171297,-9397.64491310725
139.3228358935,15.2884357567,2.713535,1402,1599,1,11.617,11.049,,16.2,-15.6,10.99788,0.4828000000000012,,1402-1599-1,-9689.441611177543,1440.5248457823895,2.7190506970180257,,10.99788,0.4828000000000012,,,7509.63064742942,-6221.928209219822,7511.482775401119,-6287.926294303129
144.9250401787,14.9494954305,2.724777,827,1506,1,11.699,11.334,,-34.9,-32.5,11.30115,0.3102500000000002,,827-1506-1,9793.599494000486,220.20659357965928,2.7190887704720828,,11.30115,0.3102500000000002,,,-6337.339600102244,7414.311935438924,-6338.966925163902,7468.639790110569
141.36759944,17.53014833,2.716929,1406,278,1,13.402,11.799,,0.0,0.0,11.65473,1.3625499999999997,,1406-278-1,-2555.4741852634106,9460.822493528709,2.720142854091371,,11.65473,1.3625499999999997,,,8768.41968000386,4338.205163198154,8770.606383002465,4371.964574426706
144.7036737869,13.8537025314,2.728354,827,432,1,12.27,10.896,,-10.5,6.5,10.772340000000002,1.1678999999999988,,827-432-1,9068.820521427207,-3737.042284500809,2.7225651854312303,,10.772340000000002,1.1678999999999988,,,-8814.195347069432,4265.624111523588,-8816.392173594511,4298.862608573573
143.7763008693,17.1082073942,2.724589,1403,947,1,12.474,11.764,,-8.6,-2.3,11.7001,0.6035000000000007,,1403-947-1,5734.714376840106,7958.817522347403,2.722858107399309,,11.7001,0.6035000000000007,,,2141.7916110582382,9506.013504495013,2142.3548181228043,9572.88050542919
139.3882144117,14.1997073025,2.723518,825,442,1,12.599,11.723,,-9.6,-21.7,11.64416,0.7445999999999995,,825-442-1,-9510.523370566843,-2485.9820730699635,2.7285089343367237,,11.64416,0.7445999999999995,,,4455.796481218482,-8662.599281429835,4456.926663712356,-8761.618935106455
139.31226778,15.30977139,2.726529,1402,1684,1,13.537,11.829,,0.0,0.0,11.67528,1.4518000000000002,,1402-1684-1,-9725.680365732835,1518.3097316244398,2.7322274415309584,,11.67528,1.4518000000000002,,,7591.833327459936,-6197.664089405991,7593.705390193751,-6263.366623828497
141.8236730838,17.6236127825,2.72982,1406,1418,1,11.864,11.443,,-31.3,4.9,11.40511,0.3578500000000009,,1406-1418-1,-988.4801871369681,9793.959572485068,2.7322923975282056,,11.40511,0.3578500000000009,,,7977.08061423181,5721.4442315992355,7979.09439985355,5764.788785901926
142.133099515,12.1719449317,2.735389,823,485,1,12.454,10.623,,-3.5,-3.4,10.45821,1.556350000000001,,823-485-1,77.55892184322892,-9848.14481985543,2.733604575096113,,10.45821,1.556350000000001,,,-7412.862823437107,-6413.42583997913,-7414.69418812945,-6481.842475386257
140.4989335603,17.1598494236,2.731024,1402,855,1,10.978,10.308,,-25.8,-53.5,10.2477,0.5694999999999999,,1402-855-1,-5552.111672844846,8141.858804459913,2.735346470337181,,10.2477,0.5694999999999999,,,9772.033978629828,1245.6183815824843,9774.422166609751,1255.5795985867655
143.9935178463,16.9566366947,2.737848,1403,1039,1,12.011,11.241,,-6.0,-0.7,11.1717,0.6544999999999996,,1403-1039-1,6488.002191834893,7419.034720162961,2.735633869850743,,11.1717,0.6544999999999996,,,1238.2136801797942,9709.613641662894,1238.5400853244073,9777.641181659426
140.7159347648,17.2907963133,2.731935,1402,673,1,10.513,9.488,,-41.7,-16.7,9.39575,0.8712500000000003,,1402-673-1,-4802.10726749481,8609.37915936056,2.736272051648791,,9.39575,0.8712500000000003,,,9623.558324395086,2109.8360438742416,9625.92099340798,2126.802470100469
139.32226667,15.40370417,2.73189,1402,1061,1,12.914,11.764,,0.0,0.0,11.6605,0.9775000000000004,,1402-1061-1,-9686.651873647219,1856.3923705388904,2.73761798055891,,11.6605,0.9775000000000004,,,7818.638954654382,-5947.0770610221425,7820.563031361503,-6009.676449454911
143.5701950944,17.2604136294,2.741896,1403,996,1,12.455,12.081,,-18.6,3.5,12.04734,0.3179000000000004,,1403-996-1,5020.678079623544,8502.219726025322,2.740672536446559,,12.04734,0.3179000000000004,,,3022.0169694071665,9334.002791862275,3022.810028560021,9399.870646985666
144.0338154424,16.9287003942,2.743134,1410,293,1,11.135,10.559,,-16.5,6.1,10.50716,0.4896000000000004,,1410-293-1,6627.585221951576,7319.815470290301,2.7408077614087984,,10.50716,0.4896000000000004,,,1071.3814644667987,9747.87186936585,1071.6640234762415,9816.115352527197
144.7204991914,16.0072299803,2.74997,1410,475,1,12.138,11.447,,4.3,-25.1,11.38481,0.5873500000000006,,1410-475-1,9036.972978858894,4023.518620953419,2.7457289923541945,,11.38481,0.5873500000000006,,,-2992.097614408899,9362.555007824454,-2992.883093274448,9428.585975838461
142.5989648714,12.2011808828,2.748121,823,381,1,11.258,10.722,,-22.3,-45.5,10.67376,0.4555999999999996,,823-381-1,1718.176680178444,-9742.200043392626,2.7458271879173735,,10.67376,0.4555999999999996,,,-8422.901710269747,-5132.021245534392,-8424.962805681553,-5184.842766436969
144.585569257,13.568453595,2.751426,827,875,1,11.894,11.309,,8.5,-30.6,11.25635,0.4972500000000007,,827-875-1,8667.169601283886,-4770.621894212992,2.7460522706283195,,11.25635,0.4972500000000007,,,-9320.14254928754,3286.151978658167,-9322.448265140112,3312.1927025389746
140.9244784411,17.4043440941,2.742645,1402,225,1,12.1,11.244,,-34.6,-5.7,11.16696,0.7275999999999999,,1402-225-1,-4081.960206942281,9014.474389671303,2.7466752797455243,,11.16696,0.7275999999999999,,,9448.242194768742,2911.0471814898324,9450.5735406315,2934.247332148347
139.3941082639,14.1139238189,2.742087,825,682,1,11.708,10.972,,-9.0,-0.4,10.90576,0.6256000000000005,,825-682-1,-9493.652092822114,-2794.835058750908,2.7469187197853286,,10.90576,0.6256000000000005,,,4213.730186587801,-8852.280491175377,4214.802028190823,-8954.1039154305
139.3058615662,14.4668762664,2.743624,825,337,1,11.987,11.601,,-28.2,-4.7,11.566260000000002,0.3280999999999993,,825-337-1,-9786.940694723746,-1519.1951991226467,2.7490409944701,,11.566260000000002,0.3280999999999993,,,5361.974697266412,-8233.433233477033,5363.326608669422,-8326.277073447449
141.4770348325,12.2261369405,2.749755,823,449,1,11.297,10.745,,-23.6,-6.2,10.69532,0.4692000000000011,,823-449-1,-2233.9169767168523,-9650.115138339603,2.749362000547267,,10.69532,0.4692000000000011,,,-5730.217048598365,-7989.1663606707325,-5731.657172177795,-8078.565052204483
139.9343922048,13.1430697756,2.747471,825,576,1,10.649,9.54,,-5.7,11.0,9.44019,0.94265,,825-576-1,-7638.049473481313,-6313.330632548806,2.750520583795096,,9.44019,0.94265,,,351.7827188674111,-9787.1198762907,351.87358680124504,-9903.238279176167
141.9818688515,17.6533657971,2.748629,1406,449,1,10.12,9.445,,-71.2,34.9,9.38425,0.5737499999999991,,1406-449-1,-446.08157217243365,9901.531237165393,2.751098965425419,,9.38425,0.5737499999999991,,,7697.381520748684,6195.270625005285,7699.333609312696,6241.760295149118
139.8722022354,16.6165829889,2.746123,1402,1286,1,12.302,11.462,,10.6,-6.4,11.3864,0.7139999999999999,,1402-1286-1,-7730.459301151897,6205.05763047082,2.7514265315850914,,11.3864,0.7139999999999999,,,9770.528973371625,-1643.461566457242,9772.898122014349,-1659.2780059292222
142.8375904374,12.2455779755,2.755072,823,119,1,12.494,11.138,,-45.6,-28.0,11.01596,1.1525999999999998,,823-119-1,2557.7172036122797,-9579.637520096543,2.7521062536143677,,11.01596,1.1525999999999998,,,-8858.771213251206,-4404.700394308537,-8860.930659741512,-4449.188707320704
139.2994376106,15.37644669,2.748971,1402,1028,1,11.189,10.459,,6.8,-17.5,10.3933,0.6205000000000004,,1402-1028-1,-9767.119520744876,1758.7147089932498,2.7545973304661477,,10.3933,0.6205000000000004,,,7799.04682402278,-6070.570138693506,7800.968037362866,-6134.704462334631
143.8357456865,17.106001865,2.756902,1403,1012,1,13.164,11.827,,-4.4,-7.8,11.70667,1.1364499999999995,,1403-1012-1,5939.732832927913,7952.503498160212,2.7550585736888653,,11.70667,1.1364499999999995,,,2000.9608043009987,9654.270409929743,2001.4879367203582,9721.974287868448
143.7487217251,12.6545084147,2.760634,827,1317,1,6.766,6.807,47022.0,-11.3,-23.3,6.81069,-0.0348500000000003,47022.0,827-1317-1,5758.032072772224,-8089.9511198906,2.7561682548560427,6.81,6.81,-0.023,82865.0,B9,-9869.962520443483,-1056.8796590139727,-9872.357212440456,-1067.1483229934513
140.5482994679,17.2166110089,2.751757,1402,485,1,10.951,10.415,,-11.3,-7.7,10.36676,0.4556000000000011,,1402-485-1,-5380.228063163303,8346.421992736246,2.7562711212447053,,10.36676,0.4556000000000011,,,9810.825372108253,1507.8278913566269,9813.22620623329,1519.9360242393739
139.2590340356,14.8360080167,2.752011,825,1530,1,12.303,11.062,,-0.4,-2.4,10.95031,1.0548500000000012,,825-1530-1,-9932.780597348394,-186.77371817312155,2.757462554086251,,10.95031,1.0548500000000012,,,6454.7773989203315,-7468.263624410748,6456.389398913324,-7550.500032876075
139.699607787,13.4423938222,2.754341,825,742,1,11.316,9.887,,-4.7,-0.5,9.75839,1.2146500000000002,,825-742-1,-8451.04776873747,-5226.862299217245,2.758094091960111,,9.75839,1.2146500000000002,,,1703.6427867668426,-9675.2424480549,1704.0819907699695,-9789.60685897019
142.3872482809,17.6518617833,2.757956,1406,756,1,9.237,7.418,46545.0,-14.7,-4.4,7.25429,1.54615,46545.0,1406-756-1,947.7025503940782,9895.635661410523,2.7592296274645873,7.26,7.26,1.489,81977.0,K0,6767.624712668988,7226.806146095428,6769.359156206627,7279.939689426359
142.2686982807,17.6627383217,2.759987,1406,282,1,12.207,11.26,,-5.9,-3.8,11.17477,0.8049500000000008,,1406-282-1,540.742894337845,9934.418792840683,2.7615054114859983,,11.17477,0.8049500000000008,,,7066.798971944742,6950.044143543271,7068.604857508581,7001.421641190303
144.9690670722,14.88004626,2.767515,827,1597,1,11.179,10.877,,-11.5,2.6,10.84982,0.2566999999999996,,827-1597-1,9950.9009864374,-27.17991325249954,2.7620080030685292,,10.84982,0.2566999999999996,,,-6626.688988858697,7367.948921096985,-6628.389864183486,7421.968539272922
143.2697618818,17.4375190378,2.766386,1403,969,1,13.007,11.883,,-2.9,-25.6,11.78184,0.9554000000000004,,1403-969-1,3983.5331661318055,9133.261070166129,2.765679300708307,,11.78184,0.9554000000000004,,,4182.263513813635,8979.686721536309,4183.356512981417,9043.479559703828
142.6105554826,17.6296120183,2.765257,1406,525,1,11.582,11.085,,-10.3,-10.5,11.04027,0.4224499999999999,,1406-525-1,1714.982901261466,9816.784600279416,2.766032944142512,,11.04027,0.4224499999999999,,,6199.2808902565785,7744.889835248406,6200.87855506103,7801.251911410483
139.950011655,16.731240945,2.761833,1402,1092,1,11.477,10.823,,15.9,-17.4,10.76414,0.5559,,1402-1092-1,-7457.425321777901,6615.233812651788,2.7669238682863213,,10.76414,0.5559,,,9895.862107723267,-1171.4089808347169,9898.262745706572,-1182.7533313866638
144.1024736594,16.9033585675,2.77012,1410,425,1,12.311,11.44,,-43.8,-65.7,11.36161,0.7403500000000004,,1410-425-1,6864.548764079876,7228.863548683007,2.7669792888653073,,11.36161,0.7403500000000004,,,846.0785412944184,9863.995585034036,846.3020020022365,9932.888344349594
139.7459996287,16.4792761966,2.762238,1402,130,1,11.707,11.132,,-46.6,51.0,11.08025,0.4887500000000009,,1402-130-1,-8173.395923013413,5716.527788846155,2.7684327238995907,,11.08025,0.4887500000000009,,,9699.425401371504,-2292.690050583206,9701.777392750155,-2314.8663668790323
143.9691076058,17.0244611358,2.773683,1403,1187,1,11.019,10.128,,-36.0,-44.7,10.04781,0.75735,,1403-1187-1,6400.969839347677,7661.651877202562,2.7710742633460272,,10.04781,0.75735,,,1477.343762446364,9805.126538421353,1477.7336716332838,9873.683586554702
143.2692241442,12.3661258422,2.781282,824,115,1,12.104,11.754,,-1.3,-28.6,11.7225,0.2974999999999997,,824-115-1,4077.2057174578663,-9139.350992449752,2.777700766582492,,11.7225,0.2974999999999997,,,-9538.46816925197,-2991.4542225037585,-9540.78307662678,-3020.7286058858485
139.3875680511,15.8177667433,2.774456,1402,864,1,12.96,12.009,,8.9,-4.0,11.92341,0.8083500000000005,,1402-864-1,-9441.063686659738,3345.714357530521,2.780138559188671,,11.92341,0.8083500000000005,,,8768.859769127139,-4788.191242851854,8771.001455828617,-4837.046780795367
139.4469380534,13.86496147,2.778031,825,384,1,11.643,10.556,,-13.0,3.6,10.45817,0.9239500000000012,,825-384-1,-9319.639304659882,-3694.1943401386243,2.782561976522396,,10.45817,0.9239500000000012,,,3425.9415051109972,-9312.464305863945,3426.8193651128054,-9421.234400574245
144.036680461,16.9868324767,2.787909,1410,201,1,11.731,11.529,,-13.8,-1.2,11.51082,0.1716999999999999,,1410-201-1,6635.719501060851,7529.363252779201,2.785619467971112,,11.51082,0.1716999999999999,,,1222.6124613831398,9892.305300350283,1222.935488175927,9961.350966652113
139.7312365381,16.4915801178,2.781054,1402,1236,1,11.96,11.294,,19.7,6.8,11.23406,0.5661000000000003,,1402-1236-1,-8222.227519247725,5760.2873980371105,2.786473276787052,,11.23406,0.5661000000000003,,,9764.554861509767,-2300.0577048508617,9766.922728931582,-2322.317095776638
141.1309535027,17.5295245911,2.7843,1405,1353,1,13.014,12.028,,0.3,-29.2,11.93926,0.8380999999999991,,1405-1353-1,-3368.866257231697,9461.451081342771,2.7876100486627857,,11.93926,0.8380999999999991,,,9308.912765224606,3734.876242966468,9311.223457054048,3764.23088512917
144.0236909241,17.0020122422,2.790934,1410,313,1,12.56,11.305,,1.4,-14.6,11.19205,1.0667500000000003,,1410-313-1,6590.8585899923155,7583.316590184218,2.7886830669921694,,11.19205,1.0667500000000003,,,1292.7240335285937,9894.581014431831,1293.0655952285522,9963.638332791648
143.7325334616,17.2188624461,2.790713,1403,1136,1,12.303,11.525,,-23.2,-0.5,11.45498,0.6613000000000003,,1403-1136-1,5580.587830417624,8356.698452889925,2.7891141669055686,,11.45498,0.6613000000000003,,,2541.5204002527303,9654.174379164244,2542.1899638064588,9721.864006118385
143.3556867544,17.4271610617,2.791362,1403,970,1,12.135,11.435,,-6.6,0.7,11.372,0.5949999999999994,,1403-970-1,4279.162098314918,9098.45732168165,2.790710232379471,,11.372,0.5949999999999994,,,3959.979851828503,9176.468169425072,3961.017183807066,9241.401233995968
144.4915820958,13.3362264,2.796781,827,833,1,12.326,11.147,,11.7,5.8,11.04089,1.00215,,827-833-1,8346.666976492992,-5610.142453852474,2.79136328592508,,11.04089,1.00215,,,-9734.903854630575,2495.093479829704,-9737.299617985222,2515.0634422570765
143.5378456162,12.48030617,2.797526,824,192,1,11.398,10.785,,-24.5,-16.4,10.72983,0.5210499999999996,,824-192-1,5019.928883871289,-8722.48950155162,2.793304712985438,,10.72983,0.5210499999999996,,,-9852.749678611202,-2019.5655522928737,-9855.13873546417,-2039.0560582186888
139.995135215,13.0112325547,2.79074,825,733,1,11.997,11.355,,-33.5,-14.5,11.29722,0.5456999999999995,,825-733-1,-7429.97785147663,-6791.205161228478,2.7939039583805974,,11.29722,0.5456999999999995,,,-143.5565657329205,-9946.335166186758,-143.59375695359446,-10065.00964968715
141.0351394577,12.313613125,2.794373,823,437,1,11.799,11.195,,-14.7,-11.8,11.14064,0.5133999999999993,,823-437-1,-3788.9564395571615,-9329.728739463615,2.794936014999328,,11.14064,0.5133999999999993,,,-4458.32665575623,-8925.525220610005,-4459.462088007012,-9028.467596356899
140.5539985001,12.5491056332,2.797999,826,789,1,9.45,8.447,45947.0,-124.5,-195.8,8.356729999999999,0.85255,45947.0,826-789-1,-5480.8437429089145,-8476.68801840042,2.8017231569175225,8.34,8.34,0.87,80811.0,K0,-2697.444959893408,-9613.539988076203,-2698.139685364327,-9726.96921624312
144.4576662552,16.5664246833,2.806798,1410,324,1,10.771,10.089,,-1.6,18.3,10.02762,0.5797000000000003,,1410-324-1,8104.271160284267,6029.550684889688,2.8036552175409795,,10.02762,0.5797000000000003,,,-873.4196602193376,9993.758827042486,-873.6507175943696,10063.370554874615
145.0104086389,15.04214572,2.809561,1410,610,1,11.661,10.769,,-31.4,-0.9,10.68872,0.7581999999999995,,1410-610-1,10086.909523007354,558.8024833145167,2.803974957885946,,10.68872,0.7581999999999995,,,-6278.96535495366,7855.7614840287515,-6280.585599923005,7912.790181897488
144.9379725446,14.28921593,2.80983,827,297,1,12.449,12.172,,-11.3,-12.0,12.14707,0.2354499999999993,,827-297-1,9869.577872455144,-2158.3266122522855,2.804097531103423,,12.14707,0.2354499999999993,,,-8165.721096268139,5901.422030535134,-8167.786224470484,5945.940576305959
144.6641833093,13.5782429386,2.813644,827,887,1,10.201,9.165,,-33.4,-27.7,9.07176,0.8806000000000012,,827-887-1,8941.31444466764,-4732.416379902002,2.807879212246838,,9.07176,0.8806000000000012,,,-9473.585902281211,3514.8151737076255,-9475.933674289467,3542.53437409653
140.6082357607,17.31408012,2.80389,1402,880,1,10.8,10.519,,-7.9,-6.4,10.49371,0.2388500000000004,,1402-880-1,-5171.3670459168125,8696.412687760252,2.808259415586286,,10.49371,0.2388500000000004,,,9933.770848863312,1893.3089326555087,9936.206946451033,1908.5131062503513
141.4741710065,17.6464602975,2.805458,1406,1311,1,12.61,11.731,,7.7,6.7,11.65189,0.7471499999999996,,1406-1311-1,-2187.8013220504963,9879.340931373616,2.8084952345439085,,11.65189,0.7471499999999996,,,8837.147346763211,4887.190842217161,8839.3616939275,4924.787985995876
140.5655621142,12.53072161,2.808071,826,621,1,12.632,11.342,,-8.3,0.7,11.2259,1.0964999999999991,,826-621-1,-5437.4716590082535,-8538.022099984184,2.809536635177576,,11.2259,1.0964999999999991,,,-2772.0854314577705,-9621.709091539768,-2772.7994924833292,-9735.271048965322
141.748702282,12.115556075,2.81306,823,517,1,11.036,10.389,,-44.7,-20.7,10.33077,0.5499500000000002,,823-517-1,-1278.1676412698343,-10051.252996678393,2.812238416110615,,10.33077,0.5499500000000002,,,-6664.592837922764,-7547.020745229072,-6666.258933959593,-7630.359830822422
140.3195491326,12.6923813528,2.812994,825,987,1,12.301,11.515,,-2.9,-15.4,11.44426,0.6680999999999996,,825-987-1,-6298.631045893297,-7949.82236962158,2.815122687903146,,11.44426,0.6680999999999996,,,-1760.6952127180464,-9871.041815270697,-1761.1507542522293,-9988.532263632396
144.7642563984,13.7577630811,2.820746,827,1343,1,13.027,11.654,,6.4,-9.5,11.53043,1.1670499999999997,,827-1343-1,9285.593280166475,-4080.9704618101646,2.8151791562680373,,11.53043,1.1670499999999997,,,-9215.193767056146,4199.82259967069,-9217.489616660463,4232.546236202715
139.280094288,14.25341221,2.811436,825,1308,1,12.193,10.915,,-3.9,-4.2,10.79998,1.0863000000000005,,825-1308-1,-9886.074994650764,-2287.4545932733363,2.8164132953163827,,10.79998,1.0863000000000005,,,4853.517865270553,-8809.33945212431,4854.751818765013,-8910.573050839444
139.5736435881,16.315234655,2.815758,1402,1718,1,13.025,11.693,,24.3,-15.8,11.57312,1.1322000000000003,,1402-1718-1,-8774.443432413547,5130.489240962152,2.8211316515643627,,11.57312,1.1322000000000003,,,9660.403058361924,-3122.759880752257,9662.74833161086,-3153.4222806669577
139.9018588586,13.0705132,2.818709,825,590,1,11.622,10.541,,-2.9,-4.8,10.44371,0.9188499999999996,,825-590-1,-7754.823675269309,-6574.391481547422,2.821774105275057,,10.44371,0.9188499999999996,,,234.17064843051452,-10043.657154577048,234.23142697595665,-10163.909150803107
139.226656339,15.3698435164,2.817125,1402,1017,1,10.393,9.793,,-14.8,-29.5,9.739,0.5100000000000012,,1402-1017-1,-10021.206446817743,1737.9321607093977,2.822933258709782,,9.739,0.5100000000000012,,,7952.197818875951,-6271.794028856759,7954.1603165455745,-6338.479352625772
144.5366075887,13.3356433092,2.833368,827,706,1,11.698,11.119,,-16.2,-10.5,11.06689,0.4921500000000005,,827-706-1,8503.983356087434,-5611.151412892086,2.827802716948329,,11.06689,0.4921500000000005,,,-9840.099094599176,2611.1602128201653,-9842.522656311616,2632.014600833674
142.7885640475,12.1560969422,2.829665,823,69,1,12.578,10.977,46695.0,60.1,-189.2,10.83291,1.3608499999999992,46695.0,823-69-1,2388.840827865112,-9907.251442831901,2.828583711295182,11.26,11.26,1.3608499999999992,,,-8991.53762820346,-4744.626221736644,-8993.733390208212,-4793.010677875397
141.308692725,12.1854106867,2.829852,823,339,1,11.737,10.365,,-19.5,1.6,10.24152,1.1662,,823-339-1,-2827.3618625317276,-9795.289484906485,2.829691219778571,,10.24152,1.1662,,,-5444.7342356355875,-8521.640254726635,-5446.112722992833,-8618.67318113853
144.5414347208,13.3378910711,2.836007,827,1383,1,12.116,11.557,,-14.4,-10.4,11.50669,0.4751499999999993,,827-1383-1,8520.885899515279,-5602.877490259753,2.8304529807563594,,11.50669,0.4751499999999993,,,-9845.13580538352,2629.1541225003452,-9847.56089632477,2650.146614170036
139.18058139,14.91545944,2.826405,825,81,1,12.585,11.879,,0.0,0.0,11.81546,0.6001000000000011,,825-81-1,-10202.64152168916,103.17216698884097,2.8319036828405553,,11.81546,0.6001000000000011,,,6850.66857415505,-7477.318348620411,6852.3798674214,-7559.7241132659055
139.667668658,13.3533275683,2.828885,825,880,1,11.973,11.26,,-12.8,-19.5,11.19583,0.6060500000000008,,825-880-1,-8566.831709639158,-5547.382765375963,2.832711830276139,,11.19583,0.6060500000000008,,,1540.926482140526,-9969.944373531504,1541.3258936245034,-10089.022528298454
142.3333618775,17.7306550122,2.831915,1406,1420,1,11.877,11.313,,-7.7,-5.8,11.26224,0.4794,,1406-1420-1,762.5204325704399,10179.673629149567,2.8332972888175396,,11.26224,0.4794,,,7102.878507571087,7276.688354781523,7104.700007268108,7330.104393036567
142.2219738775,12.0667866817,2.842606,823,605,1,11.399,11.381,,-1.9,-32.6,11.37938,0.015299999999999,,823-605-1,390.9157031492523,-10228.302031300476,2.8409388236080972,,11.37938,0.015299999999999,,,-7905.06371471088,-6431.295923019507,-7907.017387307498,-6500.004120559612
139.2353491742,14.3332941144,2.835801,825,542,1,12.193,11.882,,-7.8,-74.3,11.85401,0.2643499999999999,,825-542-1,-10038.973090321913,-1999.4779368743536,2.841045958852281,,11.85401,0.2643499999999999,,,5170.285688539184,-8733.5221351668,5171.5987559599635,-8833.65490811177
145.0521233678,14.8681475175,2.847963,827,1497,1,11.348,10.67,,1.4,-2.5,10.60898,0.5763000000000007,,827-1497-1,10241.454843668822,-66.42630996930481,2.842573891833474,,10.60898,0.5763000000000007,,,-6848.918964864679,7557.973871620654,-6850.680649085289,7613.145500633107
143.1505745762,17.5679559933,2.84368,1406,235,1,12.077,11.09,,-45.6,-13.2,11.00117,0.8389500000000001,,1406-235-1,3570.2833715552724,9601.819371651602,2.843250861464124,,11.00117,0.8389500000000001,,,4806.854104520505,8981.884495115253,4808.110487091135,9045.658192909521
142.2588286815,17.7487772417,2.845395,1406,220,1,12.32,11.97,,2.3,-9.3,11.9385,0.2974999999999997,,1406-220-1,506.8503509051177,10244.720636495324,2.846891215832447,,11.9385,0.2974999999999997,,,7321.24140742858,7129.6603040664095,7323.116031048348,7182.142423667875
141.0728629196,12.24311294,2.846872,823,439,1,12.854,11.708,,-3.2,-6.0,11.60486,0.9740999999999992,,823-439-1,-3656.967958961576,-9584.4665648121,2.847218283293727,,11.60486,0.9740999999999992,,,-4736.364203047647,-8994.933616750768,-4737.571863779759,-9098.946467608135
139.2369989134,15.5563981356,2.842805,1402,428,1,11.059,10.835,,0.7,-0.8,10.81484,0.1903999999999986,,1402-428-1,-9976.128482022958,2410.6108576312513,2.84855191914379,,10.81484,0.1903999999999986,,,8425.09770662288,-5797.240956989982,8427.169066354863,-5858.0718435188455
143.3889777724,17.4804618917,2.853183,1403,1124,1,12.3,11.234,,-18.3,-2.9,11.13806,0.9061000000000006,,1403-1124-1,4392.2469402975785,9291.418422391973,2.8524384491999153,,11.13806,0.9061000000000006,,,4029.134822506331,9387.95672799668,4030.1929986148602,9454.090854145154
143.1164204267,12.2252724542,2.856273,824,1629,1,11.876,11.882,,-6.2,-5.1,11.88254,-0.0051000000000001,,824-1629-1,3541.3276659622456,-9649.110795188766,2.85276265921373,,11.88254,-0.0051000000000001,,,-9563.731918187097,-3722.860227604774,-9566.057503591506,-3759.9048676156485
139.1639715286,14.7324937033,2.848861,825,151,1,12.336,11.562,,-64.3,0.4,11.49234,0.6579000000000007,,825-151-1,-10270.990173412929,-555.4753085172138,2.854857238310377,,11.49234,0.6579000000000007,,,6403.706083258044,-7959.165979662176,6405.315182754574,-8048.212805976963
142.6967770174,12.10787351,2.857743,823,523,1,12.996,11.319,,-5.4,-5.6,11.16807,1.4254499999999997,,823-523-1,2064.102322771772,-10077.136441842038,2.8549569802194465,,11.16807,1.4254499999999997,,,-8902.925024831044,-5096.157873593727,-8905.103550307174,-5148.623896215455
140.9153804192,12.2942871267,2.857445,823,395,1,12.635,11.76,,-7.5,-7.9,11.68125,0.74375,,823-395-1,-4210.938877484829,-9397.57392454299,2.858150030879476,,11.68125,0.74375,,,-4228.8801328047975,-9280.690281305651,-4229.963338284434,-9389.026150455406
139.4338133686,16.1456729038,2.856808,1402,111,1,11.0,10.082,,68.0,-133.0,9.99938,0.7802999999999993,,1402-111-1,-9264.812219357658,4522.197884006558,2.8613853549985797,,9.99938,0.7802999999999993,,,9531.264340994503,-3885.1951034482236,9533.583327817514,-3924.0040894004524
139.4524390394,13.6594774361,2.857645,825,544,1,9.407,8.942,45609.0,-47.7,0.7,8.90015,0.3952499999999999,45609.0,825-544-1,-9310.121496589858,-4435.219060947009,2.8622252746057373,8.91,8.91,0.424,80045.0,F8,2865.7144466161617,-9789.969233236989,2866.454884681705,-9906.20849739885
143.8773397726,12.6126499289,2.868173,827,1131,1,10.817,10.377,,-13.0,-4.6,10.3374,0.3739999999999995,,827-1131-1,6211.6777290156815,-8237.480840970555,2.8634542542310037,,10.3374,0.3739999999999995,,,-10281.416470771357,-817.8275354830473,-10283.912426223216,-825.9394797916602
142.1058385102,17.7694724797,2.862301,1406,1208,1,9.908,9.403,,-25.9,-16.3,9.35755,0.4292499999999991,,1406-1208-1,-19.106351765704208,10319.006225997164,2.864007773604751,,9.35755,0.4292499999999991,,,7725.956702379454,6787.934188059081,7727.928004201288,6838.229544752483
140.8638380874,17.5079215392,2.860959,1405,1141,1,11.595,11.234,,-0.1,-8.7,11.20151,0.3068500000000005,,1405-1141-1,-4287.548352312353,9389.395318172468,2.864834162092064,,11.20151,0.3068500000000005,,,9864.979921089978,3005.642268786178,9867.416083963888,3029.507408847849
139.8408821964,13.0694957789,2.86448,825,756,1,12.05,11.731,,-12.9,-9.2,11.70229,0.2711500000000007,,825-756-1,-7969.365040289084,-6576.281970302348,2.867711033666704,,11.70229,0.2711500000000007,,,375.19019025648186,-10202.717299933902,375.2878700004225,-10325.571302012164
143.5437505946,17.4242293403,2.871124,1403,938,1,12.066,11.819,,-4.6,-7.3,11.79677,0.2099499999999999,,1403-938-1,4926.183735083394,9092.208040589849,2.8700869514397422,,11.79677,0.2099499999999999,,,3525.749899079052,9653.360045320758,3526.678839956159,9721.011758298207
140.3551977668,17.2293549755,2.867136,1402,860,1,10.466,9.923,,-23.4,3.2,9.87413,0.4615499999999993,,1402-860-1,-6045.240835425237,8398.36366189343,2.8719876008167193,,9.87413,0.4615499999999993,,,10291.161515538433,1048.9597928621088,10293.674830210712,1057.2168394369037
139.5164507735,16.3227611083,2.86727,1402,1697,1,11.076,9.679,,24.6,-26.5,9.55327,1.18745,,1402-1697-1,-8972.137078733249,5159.823023653574,2.8725976215045788,,9.55327,1.18745,,,9813.578956300289,-3249.7326914407035,9815.962293095892,-3281.752832789944
140.3949584129,12.5634034725,2.872968,825,1092,1,11.078,10.49,,11.3,-6.3,10.43708,0.4997999999999993,,825-1092-1,-6036.554031673752,-8416.603645792602,2.8746874556998745,,10.43708,0.4997999999999993,,,-2283.5950833871816,-9983.238648899322,-2284.1871912879915,-10102.558605761462
144.2957731335,16.8674880728,2.877488,1410,473,1,12.3,11.75,,6.0,-4.7,11.7005,0.4675000000000006,,1410-473-1,7534.143755318082,7108.214317016809,2.874832329346982,,11.7005,0.4675000000000006,,,311.35703433731277,10282.20644478465,311.4397016760967,10353.407082437223
139.6393285001,16.5189487289,2.869343,1402,39,1,12.018,11.714,,-3.6,-14.9,11.68664,0.2584000000000002,,1402-39-1,-8539.643635241033,5862.20692231195,2.8748450424558856,,11.68664,0.2584000000000002,,,10051.4727367996,-2467.970743610933,10053.910853794127,-2491.9590608343638
143.8268354549,12.5606824322,2.881024,827,1373,1,9.625,8.736,,61.2,-90.2,8.655990000000001,0.7556499999999994,,827-1373-1,6037.396995851484,-8428.40128819359,2.877480394135373,,8.655990000000001,0.7556499999999994,,,-10308.422783462249,-1072.549732883468,-10310.924308303687,-1083.028470895105
143.6255042821,17.38873829,2.879196,1403,994,1,12.189,11.63,,-28.9,-25.2,11.57969,0.4751499999999993,,1403-994-1,5207.662552636655,8965.849348644817,2.877722154294065,,11.57969,0.4751499999999993,,,3244.42687144121,9779.189124056331,3245.2830001764246,9847.55513076693
139.738598171,13.1777607067,2.874498,825,630,1,13.058,11.495,,-1.8,-8.0,11.35433,1.3285500000000006,,825-630-1,-8324.326542846162,-6182.533758347119,2.8778815825613373,,11.35433,1.3285500000000006,,,905.1653467105905,-10206.567299829496,905.4010262295487,-10329.491035222367
142.7394517094,17.7238158233,2.881589,1406,14,1,11.887,10.757,,-6.9,-13.2,10.6553,0.9605000000000008,,1406-14-1,2156.880557121713,10157.984743881862,2.882135839654266,,10.6553,0.9605000000000008,,,6160.937020232192,8298.53582173264,6162.534822393094,8358.226627545964
139.9536049959,12.9223965925,2.881248,825,1004,1,9.321,8.916,,-9.6,-8.1,8.87955,0.3442499999999994,,825-1004-1,-7578.366830564072,-7110.191301948116,2.8841319590540144,,8.87955,0.3442499999999994,,,-283.47684919741215,-10263.922130319217,-283.5507402934208,-10387.784323260323
140.3605574515,12.5744775208,2.883401,825,1019,1,11.6,10.956,,-30.6,7.9,10.89804,0.5474000000000001,,825-1019-1,-6158.436487820844,-8375.471636443024,2.8853102417550676,,10.89804,0.5474000000000001,,,-2171.931931746744,-10046.037865844828,-2172.4957509822448,-10166.372377566737
142.8643544863,17.6996872078,2.885902,1406,17,1,10.776,10.239,,-9.9,-8.6,10.19067,0.4564499999999992,,1406-17-1,2585.985018105621,10072.61597777252,2.886243530938539,,10.19067,0.4564499999999992,,,5812.240792134442,8561.100967967228,5813.752668639841,8622.36574597872
141.3953996993,17.7093845994,2.883876,1406,1122,1,10.2,9.865,,6.9,-14.2,9.83485,0.2847499999999992,,1406-1122-1,-2457.6787894861773,10106.81295574338,2.8868155373922684,,9.83485,0.2847499999999992,,,9186.352041615546,4836.855184535033,9188.653142815718,4874.064687269751
139.1808999207,15.487839525,2.881295,1402,367,1,11.745,11.032,,-51.5,-64.6,10.96783,0.6060499999999993,,1402-367-1,-10175.80788352816,2164.451636432466,2.887402368244331,,10.96783,0.6060499999999993,,,8373.659197594183,-6106.175973839013,8375.723082120994,-6170.832992437597
145.0551698331,14.4245561492,2.89411,827,221,1,12.522,11.368,,-15.8,-3.5,11.26414,0.9809,,827-221-1,10272.808744096928,-1665.1556127453084,2.8883533433738164,,11.26414,0.9809,,,-8064.775769013177,6526.329357151507,-8066.828136507991,6574.924069789481
140.4339484394,17.3115266717,2.891231,1402,1310,1,11.837,11.184,,14.2,7.0,11.125229999999998,0.5550500000000004,,1402-1310-1,-5770.7894822015305,8692.48677305996,2.895771764234367,,11.125229999999998,0.5550500000000004,,,10328.801142299055,1446.1997711459787,10331.32849969101,1457.7341935968968
142.4540421983,17.7833306374,2.895569,1406,1076,1,12.67,11.488,,-147.4,-13.6,11.38162,1.0047000000000004,,1406-1076-1,1172.8301318105753,10370.195127737401,2.896503799518433,,11.38162,1.0047000000000004,,,6972.8778810885215,7707.326725915447,6974.674482581546,7763.400889266081
140.7087011164,17.4721476908,2.894463,1402,73,1,12.138,11.434,,-12.7,-10.5,11.37064,0.5984000000000005,,1402-73-1,-4822.122138251527,9263.963004583753,2.8985923430754066,,11.37064,0.5984000000000005,,,10126.133797860015,2526.364350456009,10128.626740167065,2546.525637978948
142.0999151104,17.8070916135,2.899942,1406,1149,1,10.071,9.473,,-76.1,-24.1,9.41918,0.5082999999999991,,1406-1149-1,-40.77382612041131,10454.568500848442,2.9015858418310922,,9.41918,0.5082999999999991,,,7841.6704529877015,6861.302667327932,7843.672889174791,6912.051840911647
140.4998713836,17.3607943414,2.89807,1402,328,1,12.59,11.399,,-24.8,-38.9,11.29181,1.0123500000000003,,1402-328-1,-5543.616357132138,8867.082551067473,2.902343296662221,,11.29181,1.0123500000000003,,,10308.484650698538,1729.68909927464,10311.01076179454,1743.5287071527175
144.0459080583,12.6886034022,2.910776,827,873,1,10.063,8.807,47127.0,-4.0,-13.6,8.69396,1.0676,47127.0,827-873-1,6802.7846069035595,-7959.5154951866125,2.9059830987429267,8.69,8.69,1.037,83071.0,G5,-10466.07545644514,-196.88395597483316,-10468.620064831988,-199.39725233777563
140.159132562,17.1273449844,2.903143,1402,97,1,8.194,7.803,45827.0,-19.5,-9.5,7.76781,0.3323500000000007,45827.0,1402-97-1,-6723.70439379465,8036.480048869038,2.908118360193399,7.77,7.77,0.37,80510.0,F2,10471.099922060797,307.71021331603015,10473.64978140967,309.6330204896845
143.6878578582,17.3891245367,2.910272,1403,1126,1,11.943,11.521,,-2.6,-2.0,11.483020000000002,0.3586999999999989,,1403-1126-1,5422.904891832665,8969.601763641036,2.909023067778295,,11.483020000000002,0.3586999999999989,,,3104.3323615302556,9941.703417952149,3105.1531746806586,10010.977825664468
141.7945220852,17.7990209689,2.907144,1406,1309,1,12.491,11.814,,-12.7,5.8,11.75307,0.5754499999999997,,1406-1309-1,-1087.2360070960572,10427.12361325314,2.9096221961607447,,11.75307,0.5754499999999997,,,8515.917016294454,6065.851013567415,8518.074433182619,6111.415296962244
141.7660346675,17.801051685,2.912124,1406,1366,1,12.591,11.512,,-13.9,-7.4,11.41489,0.917149999999999,,1406-1366-1,-1185.032015869664,10434.270407496502,2.9145245400296447,,11.41489,0.917149999999999,,,8586.187222753813,5997.9304662411505,8588.361030501506,6043.04183546309
143.9573680046,12.6071536256,2.919779,827,1294,1,11.745,11.574,,4.1,-8.8,11.55861,0.1453499999999994,,827-1294-1,6493.932228268402,-8255.467036461867,2.9151259094998103,,11.55861,0.1453499999999994,,,-10482.250271391644,-620.5158472714128,-10484.796204874885,-626.8495175852377
139.11222222,15.245765,2.909972,1402,1514,1,13.158,11.95,,0.0,0.0,11.84128,1.0268000000000002,,1402-1514-1,-10424.99548572811,1296.8795715230656,2.9156341080531147,,11.84128,1.0268000000000002,,,7890.5820914213555,-6859.019869243782,7892.540406104414,-6933.27003934621
140.0787279737,17.0717456778,2.91216,1402,1281,1,12.382,12.261,,-0.6,1.6,12.25011,0.1028500000000003,,1402-1281-1,-7002.150498340232,7839.041433249761,2.917193061941688,,12.25011,0.1028500000000003,,,10508.381077869466,-28.639095943633496,10510.937261582927,-29.666086341738325
139.2955738976,15.9759720733,2.91166,1402,1007,1,11.484,10.827,,-13.6,-32.8,10.76787,0.55845,,1402-1007-1,-9753.808355064437,3919.456260795418,2.917433348208576,,10.76787,0.55845,,,9405.360179168329,-4642.6012547109185,9407.656176063736,-4689.874207330759
144.9370882403,15.9509825447,2.922324,1410,533,1,11.436,10.717,,-20.6,-38.5,10.65229,0.6111499999999995,,1410-533-1,9790.027633217362,3830.2123167574823,2.917647523786707,,10.65229,0.6111499999999995,,,-3636.5321189361302,9794.81791403926,-3637.49194430054,9863.256044823607
139.10402222,15.22203722,2.915339,1402,1622,1,13.905,11.654,,0.0,0.0,11.45141,1.9133499999999992,,1402-1622-1,-10454.700857476897,1211.7466356585423,2.9209917650625616,,11.45141,1.9133499999999992,,,7846.666227914481,-6936.745836347443,7848.6151937478935,-7012.013938151476
140.2581104307,17.2211889066,2.916382,1402,514,1,11.642,10.855,,-38.1,-15.9,10.78417,0.6689499999999992,,1402-514-1,-6380.281046564498,8371.506883555228,2.9212683400909842,,10.78417,0.6689499999999992,,,10493.523998629553,782.8899933289358,10496.084004234486,788.8816835329972
143.0023701213,12.1148708455,2.925337,824,292,1,12.09,11.492,,-39.7,-2.3,11.43818,0.5082999999999991,,824-292-1,3140.216389432627,-10048.853273622492,2.9219302259913174,,11.43818,0.5082999999999991,,,-9596.230509388652,-4282.045006246179,-9598.569183066847,-4325.260769611211
139.6190951914,16.5764616589,2.917763,1402,219,1,11.126,10.411,,9.8,-36.4,10.34665,0.6077499999999999,,1402-219-1,-8606.950965317146,6069.872941890367,2.9230162300685514,,10.34665,0.6077499999999999,,,10251.387032328474,-2381.2332716084707,10253.873683061745,-2404.37870184422
141.660468466,17.80068525,2.924833,1406,744,1,11.875,10.77,,-14.9,-13.8,10.67055,0.9392500000000004,,1406-744-1,-1547.3879053516544,10433.535494681664,2.927354933246388,,10.67055,0.9392500000000004,,,8826.211373542043,5728.326783787419,8828.440261814118,5771.6301676380945
141.0482327386,12.1606250472,2.932578,823,401,1,11.838,11.749,,-11.1,-0.1,11.74099,0.0756499999999988,,823-401-1,-3745.3628419934375,-9881.632317032894,2.932883145617734,,11.74099,0.0756499999999988,,,-4899.799741400258,-9254.388338184024,-4901.054455312935,-9362.374981449644
144.3242635556,16.92387167,2.935848,1410,217,1,12.28,10.262,,-13.9,0.0,10.08038,1.715299999999999,,1410-217-1,7629.920668700093,7312.786297725114,2.933120829039909,,10.08038,1.715299999999999,,,400.68362049147663,10488.543472155196,400.7902852608919,10560.866441447595
142.2621327798,17.836245943,2.93295,1406,1389,1,9.971,9.42,,-25.3,-25.1,9.37041,0.4683500000000001,,1406-1389-1,517.2341204514603,10559.991783138094,2.9342796177107524,,9.37041,0.4683500000000001,,,7550.0023270455595,7345.4636512508905,7551.940164534537,7399.267352015012
141.8316038425,17.8274328139,2.932027,1406,551,1,12.374,11.586,,-6.6,-3.8,11.51508,0.6698000000000002,,1406-551-1,-959.6763142616196,10529.214525992178,2.9343369990873516,,11.51508,0.6698000000000002,,,8507.538028608284,6227.960176755014,8509.696806219581,6274.583446631105
139.1364025596,14.3349586894,2.929337,825,1191,1,11.886,11.445,,-1.6,-2.6,11.40531,0.3748499999999991,,825-1191-1,-10384.648945919474,-1987.203773839137,2.9343969451531398,,11.40531,0.3748499999999991,,,5408.948770528579,-8980.105842259849,5410.327853759829,-9083.956466406986
140.0422069344,17.07544419,2.938518,1402,412,1,11.985,11.617,,16.9,-6.8,11.58388,0.3127999999999987,,1402-412-1,-7127.477357987324,7853.471977511727,2.943397555094742,,11.58388,0.3127999999999987,,,10602.373530360941,-112.00784614884928,10604.952058995572,-113.78671534663346
145.0810235454,15.5879271733,2.950355,1410,595,1,11.787,11.077,,-1.2,-4.4,11.0131,0.6035000000000007,,1410-595-1,10307.483681409296,2529.24451081419,2.9455302401835826,,11.0131,0.6035000000000007,,,-4952.516022986301,9320.50905151339,-4953.81581691843,9386.213639698133
141.1747692124,17.7105594775,2.942213,1405,1111,1,9.091,7.283,46149.0,-2.4,-9.9,7.12028,1.536799999999999,46149.0,1405-1111-1,-3215.594000768248,10114.467605133781,2.945545929383621,7.13,7.13,1.508,81193.0,K2,9695.265574776786,4279.242705827395,9697.683041495457,4312.475314684887
139.1534110379,14.1917277455,2.945516,825,1121,1,11.917,10.887,,-25.9,-16.6,10.7943,0.8754999999999994,,825-1121-1,-10332.679028797951,-2504.6316629237617,2.950695992500979,,10.7943,0.8754999999999994,,,4987.671777549157,-9280.312796567672,4988.949580292837,-9388.70692717469
140.564516314,12.3570243483,2.957284,823,529,1,12.914,11.566,,34.1,-34.5,11.44468,1.145799999999999,,823-529-1,-5444.359894604832,-9165.610258574035,2.95865918514251,,11.44468,1.145799999999999,,,-3236.6156328720003,-10036.941311474138,-3237.4558252692955,-10157.181983871838
139.7213590902,16.77016278,2.954792,1402,1106,1,11.964,11.066,,9.2,-7.5,10.98518,0.7632999999999998,,1402-1106-1,-8245.900855065354,6764.8665083772485,2.9600729728242245,,10.98518,0.7632999999999998,,,10531.18538185873,-1656.8502395308926,10533.73987661448,-1672.9088437657647
142.8328778313,12.0296798994,2.963185,823,93,1,13.26,11.976,,-5.3,0.2,11.86044,1.091399999999999,,823-93-1,2544.7234906589333,-10358.024535296481,2.9601507669452616,,11.86044,1.091399999999999,,,-9431.974589287545,-4925.262572505318,-9434.28074528069,-4975.805134543244
144.098595372,12.6605462833,2.965427,827,1362,1,11.595,10.934,,25.9,11.4,10.87451,0.5618500000000012,,827-1362-1,6989.860829662985,-8058.654463086331,2.9606153521231637,,10.87451,0.5618500000000012,,,-10664.381179359665,-123.47053741055895,-10666.974779348398,-125.3604013299057
140.9479177263,17.6491776149,2.958496,1405,1102,1,11.753,11.068,,-80.2,-26.1,11.00635,0.5822500000000004,,1405-1102-1,-3997.954288475242,9896.837022179825,2.962315293239464,,11.00635,0.5822500000000004,,,10052.014042163959,3555.0609458859303,10054.506480063344,3583.0044625553605
144.9432108179,13.7859806311,2.969003,827,1393,1,13.519,11.738,,2.6,0.4,11.57771,1.5138500000000004,,827-1393-1,9911.372314601173,-3971.812952556299,2.963347818106623,,11.57771,1.5138500000000004,,,-9549.044768372765,4736.442706546929,-9551.43492635187,4772.912123264174
139.0848908251,15.4108626572,2.958587,1402,735,1,12.184,12.057,,-29.8,-34.3,12.04557,0.107949999999999,,1402-735-1,-10512.888564897894,1892.3965379426331,2.964533178044687,,12.04557,0.107949999999999,,,8394.082189902594,-6533.436492244002,8396.159155392625,-6603.52194454542
139.661730927,16.70604983,2.960434,1402,25,1,12.944,12.213,,6.8,-4.5,12.14721,0.6213500000000014,,1402-25-1,-8454.470668463413,6536.226516909949,2.9658081396188285,,12.14721,0.6213500000000014,,,10498.749914859536,-1961.6643797704671,10501.296375654847,-1980.6831636895581
140.3587145462,17.3472733275,2.961297,1402,69,1,11.902,10.858,,8.4,-4.5,10.76404,0.8873999999999989,,1402-69-1,-6028.940395418047,8823.447415332212,2.9658212987780197,,10.76404,0.8873999999999989,,,10598.08159240886,1341.054627181849,10600.673793486369,1351.688465115421
139.0477387562,15.1211015944,2.961058,1402,1369,1,8.854,8.569,45495.0,-8.4,-18.4,8.54335,0.2422499999999986,45495.0,1402-1369-1,-10655.937307600752,850.1498681107298,2.966733778380077,8.56,8.56,0.266,79746.0,A2,7709.970601554654,-7322.194120124583,7711.893683108116,-7402.597552359752
139.7529863414,16.8208435133,2.963749,1402,918,1,11.081,10.315,,11.2,-182.1,10.24606,0.6511,,1402-918-1,-8134.723617958093,6941.689746244939,2.967887192712483,,10.24606,0.6511,,,10589.547602848208,-1458.2002071460722,10592.116628666987,-1472.362115244307
142.6989896127,11.9919241883,2.971838,823,908,1,12.173,11.79,,-0.4,-12.7,11.755529999999998,0.3255500000000007,,823-908-1,2073.145003643201,-10495.779790102742,2.969163267379466,,11.755529999999998,0.3255500000000007,,,-9221.85587119844,-5364.176302103769,-9224.11673636797,-5419.870297554912
144.1921380254,12.7285561311,2.975163,827,940,1,11.915,11.775,,-7.3,-12.4,11.7624,0.1189999999999989,,827-940-1,7315.886091390837,-7811.376108046487,2.970204844288922,,11.7624,0.1189999999999989,,,-10695.989552164358,280.95194282543343,-10698.594206413576,282.60928870611434
140.0325734507,17.1058154137,2.966935,1402,459,1,12.778,11.827,,-99.4,-14.6,11.74141,0.8083500000000005,,1402-459-1,-7162.772918550897,7963.204902648534,2.97250982643004,,11.74141,0.8083500000000005,,,10707.83035249839,-65.91990521137203,10710.435008922013,-67.30619545525308
139.6667698269,13.1136125005,2.96895,825,949,1,10.08,9.346,,54.9,-132.1,9.27994,0.6239,,825-949-1,-8577.674832135941,-6414.778088137131,2.9726124471308086,,9.27994,0.6239,,,899.7627140426733,-10544.586727311997,899.9985822342301,-10673.138526126333
144.1724289787,12.7042198939,2.980167,827,1387,1,12.723,11.502,,-37.5,-45.4,11.39211,1.03785,,827-1387-1,7246.560275070133,-7900.606772839943,2.9752796373154293,,11.39211,1.03785,,,-10716.66379240106,170.8265495189361,-10719.27253658514,171.5210939718041
145.1874266079,15.0529328461,2.980763,1410,688,1,12.348,11.317,,-10.3,-9.4,11.22421,0.8763500000000005,,1410-688-1,10703.869726258441,605.8283627121517,2.9753782429370785,,11.22421,0.8763500000000005,,,-6653.4020976742195,8345.370570986588,-6655.128740587814,8405.302883774326
139.0751062486,15.4506466289,2.974581,1402,1036,1,10.617,10.052,,-48.6,-13.6,10.00115,0.480250000000001,,1402-1036-1,-10545.473108722297,2036.842080780313,2.980746427404896,,10.00115,0.480250000000001,,,8523.687747175381,-6462.766649664676,8525.795487163434,-6531.962956102134
139.0350599007,15.1836781922,2.977913,1402,1739,1,11.874,11.105,,-42.6,-5.0,11.03579,0.6536500000000001,,1402-1739-1,-10697.908777980852,1076.6992547975683,2.983953401179359,,11.03579,0.6536500000000001,,,7907.180582147781,-7204.689241477398,7909.150375476774,-7283.534433595681
139.1201146515,14.18225641,2.979224,825,985,1,11.411,11.077,,9.7,-6.8,11.04694,0.2838999999999996,,825-985-1,-10448.683564463816,-2537.0451451122794,2.984044257673525,,11.04694,0.2838999999999996,,,5040.456036858184,-9386.915656984507,5041.749723360025,-9496.96509552573
142.8263117577,12.0026742783,2.987907,823,187,1,13.021,11.796,,-5.4,-6.6,11.68575,1.0412500000000011,,823-187-1,2521.8841155978853,-10455.740861111364,2.984956561650844,,11.68575,1.0412500000000011,,,-9489.852205433863,-5006.274077146873,-9492.17369986054,-5057.771732581361
139.6525057971,16.7261562767,2.979605,1402,1381,1,10.275,9.683,,-6.3,-8.4,9.62972,0.5032000000000004,,1402-1381-1,-8485.89738054771,6609.03047740627,2.985050851073822,,9.62972,0.5032000000000004,,,10574.034556589942,-1937.044210378455,10576.599367970199,-1955.8333297919394
140.0738307315,17.1630380889,2.983453,1402,192,1,11.852,11.567,,9.9,-8.6,11.54135,0.2422500000000001,,1402-192-1,-7015.748103258819,8168.259737186258,2.9882872046742817,,11.54135,0.2422500000000001,,,10763.494287337764,178.03991437988194,10766.114552124978,178.79047243694941
139.0599270744,14.4374672583,2.98334,825,118,1,11.867,11.175,,-37.8,-4.9,11.11272,0.5882000000000002,,825-118-1,-10647.976088943247,-1614.2545613008062,2.988853463199685,,11.11272,0.5882000000000002,,,5862.54502965514,-8930.03403997304,5864.038780355953,-9033.175618899055
144.4941423932,16.83401592,2.99855,1410,19,1,9.148,8.027,47262.0,-22.4,-19.8,7.92611,0.9528500000000004,47262.0,1410-19-1,8219.462408543877,6995.007578501016,2.995334647675242,7.91,7.91,0.976,83327.0,G5,-228.23868163655504,10717.068132984206,-228.2996192144479,10790.624291143611
141.3261919244,12.0082677139,2.996326,823,942,1,12.088,10.939,,-2.1,-11.8,10.83559,0.9766499999999992,,823-942-1,-2767.4758997735885,-10435.12368001213,2.9961178310649346,,10.83559,0.9766499999999992,,,-5962.749129266734,-8896.148529680877,-5964.2676471474015,-8998.791058034962
139.0167873689,15.1384045433,2.992118,1402,1494,1,12.073,11.049,,22.4,-47.8,10.95684,0.8704000000000007,,1402-1494-1,-10762.106194221782,913.2342234887599,2.9974800169925313,,10.95684,0.8704000000000007,,,7827.610071462254,-7359.164583006677,7829.563427001932,-7440.0848802423525
142.6866309134,17.8522389522,2.997468,1406,728,1,9.998,9.141,,5.0,-63.2,9.06387,0.7284499999999994,,1406-728-1,1974.6184383567254,10619.575227916095,2.997705319696972,,9.06387,0.7284499999999994,,,6626.965560024978,8467.823309242624,6628.687781440361,8528.4813592251
144.082626555,17.229922328,3.000705,1410,216,1,9.877,8.683,47138.0,-20.6,-10.3,8.57554,1.0149000000000006,47138.0,1410-216-1,6786.194442193664,8407.55562486946,2.9985378092799997,8.52,8.52,1.022,83070.0,K0,1779.136308156989,10584.21194296917,1779.6105314301412,10657.035842529467
142.4821954085,11.9279066419,3.001723,823,590,1,10.539,10.088,,-11.3,-11.5,10.04741,0.3833500000000004,,823-590-1,1308.7651824072607,-10728.1730704065,2.999398344716362,,10.04741,0.3833500000000004,,,-8888.080491081313,-6081.281978834839,-8890.27120505062,-6145.701069196911
144.9154372005,13.6294079356,3.008059,827,159,1,13.572,12.017,,-1.9,-18.4,11.87705,1.3217499999999998,,827-159-1,9821.042538216972,-4537.969904212584,3.0024659212092657,,11.87705,1.3217499999999998,,,-9912.277888326562,4296.083072917346,-9914.750017055974,4329.40867651645
140.3433621614,12.4426184953,3.000858,822,5,1,12.49,11.615,,-13.2,3.5,11.53625,0.74375,,822-5-1,-6222.254817912492,-8850.910288491817,3.0025814050729642,,11.53625,0.74375,,,-2484.9389816384646,-10403.572553794467,-2485.5886233483616,-10529.810879092198
144.0671278154,12.57363766,3.012626,827,303,1,11.079,10.079,,-29.1,-20.1,9.989,0.85,,827-303-1,6880.424162082659,-8373.87876972488,3.0077874722508375,,9.989,0.85,,,-10827.354666279121,-412.0175061563615,-10829.986098972859,-416.5133806745169
138.9983985193,14.8843890578,3.002682,825,192,1,9.215,8.698,45474.0,-24.2,-56.9,8.65147,0.4394499999999995,45474.0,825-192-1,-10840.211239197435,-1.7265542865800205,3.008402118425718,8.64,8.64,0.499,,F5,7195.52920790364,-8016.130479679824,7197.339164320681,-8106.077451218211
139.243543862,16.1027623939,3.005692,1402,368,1,12.133,11.651,,-14.8,-12.1,11.60762,0.4096999999999994,,1402-368-1,-9928.449748282912,4379.583343834858,3.0115268068680208,,11.60762,0.4096999999999994,,,9865.247640696563,-4469.522634057347,9867.65431520109,-4514.893463357093
140.3937858647,17.4253064853,3.007154,1402,291,1,12.725,11.806,,-19.5,-6.5,11.72329,0.7811500000000003,,1402-291-1,-5906.795725940504,9103.866178034203,3.011727834849228,,11.72329,0.7811500000000003,,,10726.595518075594,1616.3655943711508,10729.222986415036,1629.2296472028038
139.2649202409,13.6942212339,3.007861,825,1072,1,12.488,12.154,,-8.6,-17.0,12.12394,0.2838999999999996,,825-1072-1,-9964.98647214085,-4302.978485051345,3.012314411323465,,12.12394,0.2838999999999996,,,3399.3170124995854,-10185.340456066438,3400.2019955139253,-10308.016570731312
144.1626519727,12.6455964722,3.017627,827,902,1,12.592,11.874,,-4.0,-15.2,11.80938,0.6103,,827-902-1,7214.994766845112,-8111.552625479352,3.012784673760332,,11.80938,0.6103,,,-10853.38854838219,8.588359379913522,-10856.029386683742,7.838174867649121
139.4549965529,13.3345497756,3.01322,825,1176,1,12.49,10.874,,-14.2,-1.3,10.72856,1.3735999999999997,,825-1176-1,-9314.203315921013,-5606.943495338203,3.0171036207851847,,10.72856,1.3735999999999997,,,1992.5764788851814,-10558.546895111871,1993.0990190283205,-10687.364271445971
141.4158681786,11.9589734889,3.023522,823,342,1,11.788,11.511,,0.4,-15.1,11.48607,0.2354500000000008,,823-342-1,-2451.7332089133347,-10613.989786775563,3.023156328678972,,11.48607,0.2354500000000008,,,-6306.072128378722,-8780.547777301263,-6307.675370514245,-8881.497978476043
141.4663924165,17.86605925,3.021733,1406,1078,1,11.291,9.752,,1.0,-18.2,9.61349,1.3081499999999997,,1406-1078-1,-2212.4248617746493,10671.314200995257,3.024478266004168,,9.61349,1.3081499999999997,,,9445.472070680935,5391.326597892551,9447.850240413656,5432.301204837097
141.7325344272,11.9029218139,3.026097,823,398,1,11.646,10.999,,-10.0,-3.5,10.94077,0.5499500000000002,,823-398-1,-1335.507148207804,-10818.167028732172,3.0250443415179236,,10.94077,0.5499500000000002,,,-7199.76952647361,-8091.495658491438,-7201.582389550873,-8182.51356802882
144.7674823216,13.3188101911,3.031043,827,962,1,11.249,10.979,,6.7,-2.8,10.9547,0.2295000000000011,,827-962-1,9315.809243527727,-5663.321854537488,3.0255677828529848,,10.9547,0.2295000000000011,,,-10418.05964208885,3179.249422002169,-10420.636119678931,3204.3500356735585
138.9996862104,14.5848877375,3.020748,825,194,1,12.213,11.684,,10.2,-8.1,11.63639,0.4496499999999999,,825-194-1,-10849.851872449766,-1080.1118596281958,3.02592869617823,,11.63639,0.4496499999999999,,,6395.837019596359,-8729.209607322802,6397.461851705706,-8829.405933548436
140.4710579722,17.49096832,3.023074,1402,887,1,12.647,12.157,,14.9,-10.8,12.1129,0.4165000000000001,,1402-887-1,-5638.265305256596,9338.351779181865,3.0273119672476967,,12.1129,0.4165000000000001,,,10723.58737656566,1970.0092828142838,10726.219210645906,1985.7167596057739
141.9948975679,11.8798118908,3.029291,823,626,1,11.71,11.495,,-21.1,-6.9,11.47565,0.1827500000000013,,823-626-1,-410.3437841624114,-10902.49254196438,3.0277928290805978,,11.47565,0.1827500000000013,,,-7877.032872504375,-7464.431440057983,-7879.001039493551,-7546.791918984638
139.945595178,12.7254840678,3.026273,825,1278,1,9.772,9.517,,-2.6,-0.4,9.49405,0.2167500000000006,,825-1278-1,-7613.220337140438,-7820.020267093494,3.028822382700646,,9.49405,0.2167500000000006,,,-790.9172228958336,-10753.126629023947,-791.1254631274275,-10885.217562419077
145.0297619595,16.0352896089,3.035632,1410,668,1,11.237,10.968,,-5.6,0.8,10.94379,0.2286500000000001,,1410-668-1,10107.969723954722,4139.657797525181,3.0312830131760005,,10.94379,0.2286500000000001,,,-3616.303148321579,10235.591213148928,-3617.2629337523535,10306.465324692892
140.5529634531,12.2772403175,3.03204,823,417,1,9.607,9.185,,-25.1,-2.7,9.14702,0.3586999999999989,,823-417-1,-5488.632009658645,-9452.419067141547,3.0333806702121566,,9.14702,0.3586999999999989,,,-3421.603260677063,-10256.887394996578,-3422.49530034967,-10380.74339714637
139.2873262938,16.2489281133,3.028004,1402,1734,1,13.819,11.693,,-11.8,-0.8,11.50166,1.807100000000001,,1402-1734-1,-9769.88938808851,4904.804116086088,3.0338182285872377,,11.50166,1.807100000000001,,,10152.58078172045,-4007.313621931482,10155.052837573792,-4047.5602452275616
139.9062966567,17.0771989178,3.029443,1402,1393,1,12.809,11.791,,-17.5,-20.8,11.69938,0.8652999999999991,,1402-1393-1,-7596.957004633346,7864.553891995477,3.0345418295091138,,11.69938,0.8652999999999991,,,10922.349411591227,-452.5682316356586,10925.003797142997,-457.44473191580215
138.9708844835,15.00865696,3.029998,1402,915,1,8.18,7.808,45462.0,-29.1,-14.4,7.77452,0.3161999999999998,45462.0,1402-915-1,-10929.99761935014,448.7030064079507,3.0358236142211603,7.8,7.8,0.358,79681.0,F0,7591.833040928695,-7787.311822763895,7593.737288542947,-7874.092731200958
144.979184993,13.6828821539,3.041926,827,994,1,10.117,9.582,,-11.1,-1.0,9.53385,0.4547500000000001,,827-994-1,10041.885571325905,-4342.079846747618,3.0361646886054134,,9.53385,0.4547500000000001,,,-9912.464692786263,4589.215110573324,-9914.942994549048,4624.611187762807
144.4307257038,16.9663828289,3.03953,1410,438,1,11.824,10.962,,-15.9,-0.8,10.88442,0.7327,,1410-438-1,7995.6668357945155,7470.343546899062,3.0367165575730732,,10.88442,0.7327,,,275.63774043409103,10864.607661903327,275.7114739935485,10938.953516713986
140.6393635141,17.5936825256,3.032799,1405,829,1,11.539,10.828,,-4.1,-2.0,10.76401,0.6043500000000003,,1405-829-1,-5057.472123808995,9704.540139138937,3.0369621294353832,,10.76401,0.6043500000000003,,,10611.707526171724,2642.14400330668,10614.322507336383,2663.1337378198027
145.1019040016,13.9917607975,3.042531,827,854,1,9.481,8.962,,4.4,-28.5,8.91529,0.4411500000000001,,827-854-1,10457.692346284108,-3223.8891243099847,3.036970567207929,,8.91529,0.4411500000000001,,,-9352.665762307817,5635.426924011296,-9355.025917515763,5678.052516310846
141.1944344388,17.8143776933,3.0358,1405,469,1,11.811,10.972,,-44.4,-51.0,10.89649,0.7131500000000003,,1405-469-1,-3147.6468718408573,10487.757756673032,3.0387918908301756,,10.89649,0.7131500000000003,,,9929.178247663538,4575.866988584231,9931.660459839466,4611.167325409565
144.8929283657,13.5040784067,3.044675,827,1346,1,12.655,11.835,,-9.9,-34.8,11.7612,0.6969999999999987,,827-1346-1,9747.548878837084,-4991.226243454879,3.039124587271036,,11.7612,0.6969999999999987,,,-10202.295249800254,3942.7126050434185,-10204.832707855507,3973.4667437086327
140.591823022,12.2483035467,3.038742,823,445,1,12.077,11.817,,-2.1,-21.0,11.7936,0.2209999999999998,,823-445-1,-5351.800775903308,-9558.118642548785,3.0400395195996373,,11.7936,0.2209999999999998,,,-3591.4533772264363,-10225.284063433824,-3592.3891471792176,-10348.630041953818
140.0221214978,17.1951118433,3.040185,1402,56,1,11.961,11.535,,6.3,-25.4,11.49666,0.3621000000000001,,1402-56-1,-7192.970330015253,8285.412057248694,3.0449344046259594,,11.49666,0.3621000000000001,,,10968.723626118328,123.8381086063203,10971.393643030595,124.08326459673499
139.5975865547,13.0819760617,3.0418,825,471,1,11.167,10.487,,-8.3,6.9,10.4258,0.5779999999999997,,825-471-1,-8823.7011480971,-6522.772541455611,3.0451538851150475,,10.4258,0.5779999999999997,,,982.373218621942,-10795.9729660549,982.632105908383,-10928.801293963488
144.8834468992,13.4715878283,3.051832,827,1492,1,12.373,11.617,,5.3,-11.4,11.54896,0.6425999999999986,,827-1492-1,9716.136838814662,-5108.135496293623,3.046316120651666,,11.54896,0.6425999999999986,,,-10268.83081169855,3842.327595664446,-10271.382864917827,3872.345201727556
138.9978882192,14.3980551061,3.049299,825,320,1,11.698,11.519,,-2.5,-6.1,11.50289,0.1521500000000002,,825-320-1,-10865.8756549518,-1753.473516673753,3.0544501351509705,,11.50289,0.1521500000000002,,,5903.13828013729,-9181.576606256636,5904.648538133455,-9288.54395283088
140.0082824175,12.6304444189,3.054825,825,1036,1,12.225,11.186,,-6.3,-10.0,11.09249,0.8831499999999998,,825-1036-1,-7395.9781865286095,-8164.9491762304,3.057279560666191,,11.09249,0.8831499999999998,,,-1192.9682914750929,-10818.625740637666,-1193.2828339482558,-10951.847536568353
142.2880404733,11.8509893833,3.061407,823,280,1,12.189,11.083,,-12.3,13.6,10.98346,0.9400999999999998,,823-280-1,624.1465846016332,-11005.865030917443,3.059186476167004,,10.98346,0.9400999999999998,,,-8641.117788187123,-6768.804559223192,-8643.26108616785,-6841.977918276015
145.0203513718,16.1481379478,3.070331,1410,286,1,13.81,11.656,,-1.4,0.8,11.46214,1.8309,,1410-286-1,10070.106068673585,4546.083641591772,3.066154796531182,,11.46214,1.8309,,,-3287.370247694924,10475.85405005284,-3288.245375718943,10548.049822585599
143.7429489232,12.2798146328,3.071766,824,1431,1,12.88,11.503,,-7.2,-11.3,11.37907,1.1704500000000004,,824-1431-1,5747.747500401787,-9441.590961592457,3.0674872939199296,,11.37907,1.1704500000000004,,,-10873.474042636042,-1953.4206147466791,-10876.111885731501,-1972.4176696252696
140.3540593852,12.3564457067,3.066389,822,239,1,10.121,8.424,45891.0,-23.4,-1.6,8.27127,1.442450000000001,45891.0,822-239-1,-6187.298174441573,-9162.238562688042,3.068101573306896,8.27,8.27,1.35,80676.0,K2,-2740.854686412711,-10581.184232326466,-2741.5738651315087,-10710.41768191542
142.4345643273,11.8532204456,3.070695,823,1134,1,11.352,10.87,,22.0,-8.0,10.826619999999998,0.4097000000000009,,823-1134-1,1142.0438674995942,-10997.910194192727,3.0684650573474332,,10.826619999999998,0.4097000000000009,,,-8979.013024997517,-6381.25639333875,-8981.232133672762,-6449.477668455651
139.5777655738,13.0688147233,3.065133,825,1213,1,11.933,11.393,,-7.3,2.5,11.3444,0.4589999999999992,,825-1213-1,-8893.876105424866,-6569.666248545927,3.0685058133506913,,11.3444,0.4589999999999992,,,993.909462559561,-10878.166535384811,994.1718535114848,-11012.40977813749
139.5863472771,16.78269847,3.064303,1402,1001,1,11.725,11.58,,8.0,-15.3,11.56695,0.1232499999999996,,1402-1001-1,-8711.799259252562,6815.626782759379,3.069591132859539,,11.56695,0.1232499999999996,,,10878.440799610238,-1968.3953788429983,10881.07985842889,-1987.5401605680768
144.8217670176,13.3125711499,3.079425,827,1451,1,7.582,7.076,47388.0,-67.9,13.3,7.03046,0.4301000000000002,47388.0,827-1451-1,9504.71024403072,-5683.3508918923635,3.073242168075569,7.02,7.02,0.475,83509.0,F7V,-10558.440529006692,3306.2537319937246,-10561.054267553052,3332.2855431608837
139.1035321582,13.9208154633,3.070155,825,549,1,10.67,10.002,,-9.0,5.8,9.94188,0.5677999999999993,,825-549-1,-10519.913354718097,-3478.501471836227,3.074849393929528,,9.94188,0.5677999999999993,,,4384.011119596778,-10054.798729716533,4385.149827865539,-10175.412053942466
140.4527221787,12.2844196044,3.075604,823,321,1,10.644,10.161,,-35.9,34.4,10.11753,0.4105500000000004,,823-321-1,-5841.964907748589,-9423.410348183308,3.0768568989598326,,10.11753,0.4105500000000004,,,-3165.34024467611,-10497.804513866095,-3166.1694388419037,-10625.657045950704
144.4701757413,16.9885957489,3.08241,1410,235,1,10.421,10.033,,-13.2,-11.8,9.99808,0.3297999999999999,,1410-235-1,8131.017624507112,7551.804887606875,3.0795285920409636,,9.99808,0.3297999999999999,,,246.66974780655315,11019.079508228204,246.73586531667758,11094.247432038595
145.2178198412,14.234417325,3.086431,827,1264,1,12.088,12.1,,-10.6,-0.2,12.10108,-0.0102000000000003,,827-1264-1,10851.058427685519,-2343.033948525394,3.0806774199407605,,12.10108,-0.0102000000000003,,,-8955.376807603714,6508.71783704896,-8957.656037792727,6557.108767862891
144.6441681611,16.7911321511,3.084261,1410,747,1,10.715,9.725,,0.7,-7.6,9.6359,0.8415000000000001,,1410-747-1,8739.930018853298,6847.10507549265,3.0811008896724696,,9.6359,0.8415000000000001,,,-684.3244304246541,11006.447853222437,-684.5078280757333,11081.546538394106
139.0320036869,14.1258817561,3.0761,825,1316,1,9.122,8.416,45488.0,25.3,-253.4,8.35246,0.6000999999999995,45488.0,825-1316-1,-10759.498380327235,-2742.8689726165885,3.0813617084619085,8.36,8.36,0.658,79726.0,G0,5092.947216608763,-9750.263056827089,5094.262812313646,-9866.033752034635
143.4840524935,17.69161517,3.082758,1406,993,1,11.771,10.115,,-6.1,-11.4,9.96596,1.4076000000000004,,1406-993-1,4714.795251187765,10055.470922002378,3.082005886494649,,9.96596,1.4076000000000004,,,4386.09777435025,10132.36010803377,4387.260463716587,10202.633745625051
143.2905274218,12.0426796381,3.087575,824,626,1,11.92,11.274,,-6.3,-13.7,11.21586,0.5491000000000007,,824-626-1,4158.27939088526,-10305.83711934072,3.083997599040078,,11.21586,0.5491000000000007,,,-10464.225914960985,-3697.824335272541,-10466.771382477777,-3734.7373468542078
140.628050968,12.17901051,3.083136,823,447,1,11.869,11.985,,-7.8,4.0,11.99544,-0.0985999999999997,,823-447-1,-5225.935514728471,-9808.239123730335,3.084127078007389,,11.99544,-0.0985999999999997,,,-3861.9727121074498,-10296.086277865663,-3862.980430458569,-10420.620850327034
143.1193353069,11.98119083,3.087665,824,40,1,11.691,10.63,,-3.4,0.0,10.53451,0.90185,,824-40-1,3555.6696064891694,-10529.850681992979,3.0842340543932494,,10.53451,0.90185,,,-10231.59236551522,-4290.640959104972,-10234.086759704862,-4334.052368213595
142.2627726932,17.987236598,3.083724,1406,463,1,12.419,11.146,,-21.8,-1.7,11.03143,1.0820499999999995,,1406-463-1,519.1346829895016,11105.677285098156,3.0852933588236713,,11.03143,1.0820499999999995,,,7956.6216693369015,7707.073220234852,7958.672260820149,7763.0602615645
140.5334150252,17.5964597917,3.083755,1405,1289,1,12.281,10.993,,-3.6,-15.0,10.87708,1.0948000000000002,,1405-1289-1,-5421.593807370749,9717.134568142405,3.0879182036317028,,10.87708,1.0948000000000002,,,10862.867616516322,2380.3297618411393,10865.540330886844,2399.2534141644123
140.491979322,12.248360635,3.086881,823,471,1,13.161,11.141,,1.0,-4.5,10.9592,1.7169999999999996,,823-471-1,-5703.591829477262,-9555.429177245665,3.0881770974809477,,10.9592,1.7169999999999996,,,-3355.8865027365287,-10482.265177807169,-3356.765363852838,-10609.868651905015
143.4224136033,12.08730176,3.096935,824,867,1,10.446,8.993,46911.0,8.5,-18.8,8.86223,1.2350499999999995,46911.0,824-867-1,4622.854396947514,-10142.773582591168,3.0932683223613453,8.87,8.87,1.246,82652.0,G5,-10650.774578795616,-3246.9799321103637,-10653.36229495213,-3279.1020928878957
138.9460653638,14.46080969,3.088597,825,304,1,12.745,11.967,,-14.7,5.3,11.89698,0.6612999999999989,,825-304-1,-11044.183078411046,-1524.4659134397155,3.0939060688312923,,11.89698,0.6612999999999989,,,6192.69541852208,-9163.067223690618,6194.279423543729,-9269.78309421333
141.9617870264,11.8110887683,3.099278,823,470,1,11.485,11.045,,-11.0,1.4,11.0054,0.3739999999999995,,823-470-1,-527.0457693775013,-11150.325538738782,3.097748822702712,,11.0054,0.3739999999999995,,,-7984.79979533583,-7712.827274631738,-7986.801050902846,-7798.624611825547
144.602633294,12.9686698761,3.103356,827,1438,1,12.002,11.407,,21.0,-11.5,11.35345,0.5057500000000005,,827-1438-1,8751.55977528735,-6932.329195321756,3.0982381894731565,,11.35345,0.5057500000000005,,,-10992.04138380097,1924.4645040740454,-10994.738735442152,1939.7697574990427
139.1237336791,16.0513955683,3.092923,1402,490,1,12.115,11.732,,-1.0,13.8,11.69753,0.3255500000000007,,1402-490-1,-10346.002627353182,4200.926256271269,3.0987413125215864,,11.69753,0.3255500000000007,,,10008.91301149689,-4895.441410588676,10011.360496136213,-4945.7267203343545
145.0828779362,13.75364889,3.106787,827,1295,1,10.929,10.588,,-9.0,0.0,10.55731,0.2898500000000009,,827-1295-1,10402.16910534504,-4082.4824130413135,3.1010252862994356,,10.55731,0.2898500000000009,,,-9957.602329471032,5027.938741191447,-9960.101580968842,5066.375553171283
145.2988979355,15.3089163,3.109123,1410,611,1,12.044,11.189,,-26.6,-21.6,11.11205,0.7267500000000003,,1410-611-1,11078.760814325979,1533.836049291825,3.103748092948555,,11.11205,0.7267500000000003,,,-6208.607394020522,9236.710025979126,-6210.235572532497,9301.85832728088
141.2000031657,17.88484634,3.101731,1405,1087,1,13.348,11.835,,-8.0,-6.3,11.69883,1.28605,,1405-1087-1,-3126.521452768275,10743.23481385004,3.1049938859469495,,11.69883,1.28605,,,10106.114350997428,4760.050666733957,10108.645001612997,4796.616191806884
139.3947525905,13.2579897311,3.103557,825,952,1,12.119,11.48,,-13.3,-14.3,11.42249,0.5431499999999995,,825-952-1,-9529.076039337822,-5881.112692779352,3.1074502391282106,,11.42249,0.5431499999999995,,,1930.2903015229288,-10895.516171083234,1930.8001265264952,-11030.08556358734
145.2459291145,14.22943991,3.113994,827,50,1,11.154,10.459,,34.8,-7.2,10.39645,0.5907500000000002,,827-50-1,10950.882217134884,-2359.8292327880035,3.108684674873109,,10.39645,0.5907500000000002,,,-9034.202287267275,6571.803984602471,-9036.503131379157,6620.591098841375
140.9168921876,17.7952432781,3.105007,1405,1634,1,11.485,10.326,,-8.7,4.9,10.22169,0.9851499999999992,,1405-1634-1,-4099.824891259919,10425.513317683863,3.1087993501611257,,10.22169,0.9851499999999992,,,10514.819135661362,3828.034134879103,10517.432295620296,3857.9152379542797
142.7707345948,11.8585893008,3.116539,823,1,1,9.87,8.708,46687.0,1.6,0.3,8.60342,0.9876999999999992,46687.0,823-1-1,2327.633911285375,-10976.183752303972,3.113673263132282,8.6,8.6,0.98,82214.0,K0,-9749.906408081897,-5491.313232833111,-9752.29947135239,-5548.6164410932615
138.8955996145,14.7034970067,3.109957,825,273,1,11.424,10.717,,-5.9,-3.0,10.65337,0.6009499999999991,,825-273-1,-11207.747516009185,-647.3316919655288,3.115377862930827,,10.65337,0.6009499999999991,,,6956.93939728638,-8709.626645338325,6958.706606037097,-8809.59959777574
139.9841369813,12.56802322,3.117274,825,691,1,12.135,10.507,,-4.4,1.5,10.36048,1.3838,,825-691-1,-7483.061670318173,-8389.174804697615,3.1195914011766948,,10.36048,1.3838,,,-1302.7558684961805,-11028.990277520334,-1303.1009375646795,-11165.858400144567
139.2123016947,16.2999752242,3.115116,1402,1182,1,12.672,12.292,,-11.2,5.7,12.2578,0.3230000000000007,,1402-1182-1,-10027.422070395269,5092.676845453169,3.1209471606168675,,12.2578,0.3230000000000007,,,10463.990230033949,-4074.312777101323,10466.539202954527,-4115.350281942019
141.0585495357,17.8586874328,3.117721,1405,1575,1,12.845,11.914,,26.3,-17.5,11.83021,0.7913500000000008,,1405-1575-1,-3611.4633484276783,10651.033950077792,3.1209796774331897,,11.83021,0.7913500000000008,,,10359.158025568931,4339.23558103612,10361.74299184554,4372.810754387431
141.7129447237,11.8080000886,3.122606,823,456,1,13.03,12.104,,-23.8,-15.1,12.02066,0.7871000000000001,,823-456-1,-1405.5856400914531,-11161.072250808791,3.1216938951962963,,12.02066,0.7871000000000001,,,-7409.553426483376,-8367.608436188155,-7411.426454636007,-8462.621502048245
141.9706944342,11.7836829733,3.126277,823,332,1,12.801,11.598,,-3.8,-0.4,11.489730000000002,1.0225499999999994,,823-332-1,-495.4800012857031,-11249.340271939293,3.1247446615865844,,11.489730000000002,1.0225499999999994,,,-8079.767265454368,-7754.387503318953,-8081.793467134889,-7840.77619500324
139.7655954148,12.7649379633,3.12253,825,835,1,12.456,12.044,,-15.1,-20.8,12.00692,0.3501999999999992,,825-835-1,-8245.50123956666,-7672.728162685764,3.1255548717232506,,12.00692,0.3501999999999992,,,-261.0527928253575,-11121.669573966614,-261.1220790777681,-11260.144910701085
142.9173700709,11.8793501383,3.129128,823,201,1,12.04,11.254,,-13.9,-11.4,11.18326,0.6680999999999996,,823-201-1,2844.3880010471107,-10900.166327256957,3.126109564841576,,11.18326,0.6680999999999996,,,-10036.166214422363,-5059.564172243885,-10038.622816838008,-5111.772784820121
144.935565301,13.3910193061,3.135148,827,481,1,11.899,10.743,,-13.3,4.3,10.63896,0.9825999999999988,,827-481-1,9902.243628326709,-5396.188114724568,3.1294157562953386,,10.63896,0.9825999999999988,,,-10607.703828226517,3790.6097302861594,-10610.339405286937,3820.2058516325646
141.253473139,11.8893428289,3.129512,823,588,1,12.582,11.425,,15.9,-35.6,11.32087,0.98345,,823-588-1,-3025.078841770001,-10864.307889338084,3.129550983591347,,11.32087,0.98345,,,-6112.52249164339,-9366.557799521888,-6114.091303077372,-9476.400975628489
139.3422290274,16.5511607278,3.126788,1402,403,1,9.495,8.934,45579.0,14.7,-36.8,8.88351,0.4768499999999999,45579.0,1402-403-1,-9565.44320236451,5991.115074263512,3.132090120427764,8.9,8.9,0.516,79930.0,F8,10828.861364902306,-3142.2683052947386,10831.491943299414,-3173.3177863190085
144.7946931501,13.1629036169,3.138241,827,967,1,9.998,9.508,,-22.8,-13.3,9.4639,0.4165000000000001,,827-967-1,9417.360778592143,-6224.868909103149,3.1326361960429083,,9.4639,0.4165000000000001,,,-10905.234622813467,2884.5668886519807,-10907.926624688114,2907.372305038406
143.4940111524,12.07039234,3.14168,824,1068,1,11.983,10.917,,1.2,-2.0,10.82106,0.9061000000000006,,824-1068-1,4875.510143183176,-10202.111897862518,3.1377595135454714,,10.82106,0.9061000000000006,,,-10862.869729682834,-3099.0011878680243,-10865.508363382858,-3129.6029042124032
142.3566056025,18.0370433667,3.139084,1406,1192,1,12.206,11.666,,-7.0,-0.7,11.6174,0.4589999999999992,,1406-1192-1,841.086537299241,11285.889588762986,3.140514269383913,,11.6174,0.4589999999999992,,,7877.575999200371,8065.288115147996,7879.614389255599,8123.448002517768
142.1042360172,18.0479168078,3.140702,1406,77,1,13.371,12.097,,-15.4,2.3,11.98234,1.0829000000000006,,1406-77-1,-24.326068986975923,11324.647602864801,3.1425875631924183,,11.98234,1.0829000000000006,,,8481.10509979608,7447.792477710277,8483.284934548043,7502.140481621009
141.1752375394,17.9172375142,3.139503,1405,1568,1,12.196,11.829,,-4.0,-12.9,11.79597,0.3119499999999992,,1405-1568-1,-3210.9096453592865,10860.415376557596,3.1427138431141777,,11.79597,0.3119499999999992,,,10249.730073641142,4774.6880735724335,10252.297160192918,4811.337219643898
143.6509638884,12.14168272,3.147273,824,29,1,12.143,12.063,,1.3,-11.5,12.0558,0.068,,824-29-1,5427.285028230453,-9942.051243039978,3.1432180746619056,,12.0558,0.068,,,-11034.805658168249,-2519.6915464161807,-11037.483760900073,-2544.3580574990924
139.4361564002,13.1263902408,3.142919,825,991,1,12.291,11.734,,7.2,-11.1,11.68387,0.4734500000000003,,825-991-1,-9388.783564468697,-6357.241150180242,3.146443377669366,,11.68387,0.4734500000000003,,,1481.255187231452,-11103.202309828897,1481.6481895594884,-11241.37404876997
145.3653567298,15.0333841281,3.151696,1410,483,1,11.829,11.313,,12.2,-9.5,11.26656,0.4386,,1410-483-1,11325.770756531192,544.2704580018095,3.1465110538816763,,11.26656,0.4386,,,-7112.282994845599,8767.02998050508,-7114.138063054101,8829.402764669705
142.0753496464,18.0529076472,3.145816,1406,1134,1,13.129,12.469,,-3.4,6.2,12.4096,0.561,,1406-1134-1,-123.02824366269954,11342.781184143763,3.147787041917481,,12.4096,0.561,,,8560.189072219675,7386.4240491126975,8562.38780866829,7440.385470798977
141.7492972448,18.0372754533,3.148652,1406,1315,1,9.418,8.354,46349.0,-18.8,-6.6,8.258239999999999,0.9044,46349.0,1406-1315-1,-1241.2458641664166,11287.163674825051,3.1510438237643297,8.26,8.26,0.919,81580.0,G5,9261.018386545458,6518.967387162679,9263.375892856144,6567.390820200187
139.0590061272,13.8115880583,3.148047,825,366,1,12.353,11.573,,13.0,-28.1,11.5028,0.6629999999999995,,825-366-1,-10680.730363938206,-3871.270825526218,3.152555358429963,,11.5028,0.6629999999999995,,,4197.181987910352,-10429.692472771467,4198.280193067676,-10556.475848133154
144.9476555334,16.4812106814,3.156563,1410,488,1,12.418,11.638,,-18.4,-6.7,11.5678,0.6629999999999995,,1410-488-1,9802.297802735084,5743.422149018053,3.1526431296313446,,11.5678,0.6629999999999995,,,-2214.591221748174,11067.531783515024,-2215.185243635969,11142.930248893848
144.9311644125,13.3363040667,3.158537,827,232,1,13.308,12.013,,-9.6,0.2,11.89645,1.10075,,827-232-1,9889.394579231817,-5593.8035422959465,3.1528725380578524,,11.89645,1.10075,,,-10746.891006100965,3650.814071761596,-10749.558448296002,3679.369019303472
145.1711192484,16.026827645,3.159556,1410,493,1,11.875,10.944,,5.2,-24.6,10.86021,0.7913499999999992,,1410-493-1,10599.058287486476,4115.547797030931,3.1551508016798735,,10.86021,0.7913499999999992,,,-3960.3493538248595,10584.869306854296,-3961.4051928180506,10657.62821407734
138.99796194,13.96465528,3.153506,825,1007,1,12.21,11.673,,0.0,0.0,11.62467,0.4564500000000007,,825-1007-1,-10887.36458335457,-3315.8387193256435,3.158214877847893,,11.62467,0.4564500000000007,,,4749.543004608225,-10218.79596386131,4750.780694542437,-10342.126317920578
145.2731774121,14.1259479831,3.164473,827,936,1,9.369,9.106,47503.0,-3.1,4.1,9.08233,0.2235499999999999,47503.0,827-936-1,11050.526674718014,-2731.38512285005,3.1587636632014346,9.1,9.1,0.19,83788.0,A2,-9378.091465832225,6400.705476572061,-9380.47598588546,6448.354422347589
139.4088479646,16.7050389944,3.156536,1402,527,1,8.469,8.372,45597.0,-6.6,-3.2,8.36327,0.0824499999999995,45597.0,1402-527-1,-9328.819458831918,6543.882311105538,3.162102973868813,8.37,8.37,0.079,79992.0,A0,11084.956253848006,-2603.797471431098,11087.646865484105,-2629.3259941291867
139.3578880674,16.6312700344,3.156447,1402,1504,1,13.872,12.344,,-13.7,8.0,12.20648,1.2988000000000004,,1402-1504-1,-9508.445822473974,6280.506311751747,3.1621762856357023,,12.20648,1.2988000000000004,,,11007.338878595214,-2909.870159335554,11010.011797638232,-2938.5271322116578
143.912685303,12.27205167,3.166898,824,1188,1,11.531,10.151,,-24.3,0.0,10.0268,1.1730000000000007,,824-1188-1,6345.713182208239,-9465.475112230108,3.162273412411269,,10.0268,1.1730000000000007,,,-11288.319496411104,-1526.2715213723725,-11291.058884864424,-1541.1956882970253
144.2226884741,12.498392645,3.167455,824,239,1,10.148,9.811,,-7.9,5.7,9.78067,0.2864499999999997,,824-239-1,7431.236958931185,-8640.442566872302,3.162482829733402,,9.78067,0.2864499999999997,,,-11392.29418636765,-179.20353301311542,-11395.065374629454,-181.7019513430059
139.5055280245,13.0039109461,3.160382,825,659,1,11.53,11.024,,-27.8,-9.5,10.978459999999998,0.4301000000000002,,825-659-1,-9151.073417281035,-6801.523740421618,3.16396888563379,,10.978459999999998,0.4301000000000002,,,991.3509506346384,-11218.48665475646,991.614647809389,-11358.67819203617
138.8891752371,14.3588360408,3.159894,825,1294,1,12.504,11.48,,0.1,-3.9,11.38784,0.8703999999999993,,825-1294-1,-11247.981710338187,-1889.595548064875,3.16499846530303,,11.38784,0.8703999999999993,,,6055.058902401417,-9551.89651068742,6056.617945557704,-9664.628443604088
138.857679791,15.2942701692,3.159426,1402,1606,1,12.497,11.278,,1.2,2.5,11.16829,1.0361499999999997,,1402-1606-1,-11308.882709835518,1484.5067733344356,3.1650825299284957,,11.16829,1.0361499999999997,,,8617.632809532193,-7388.105764395207,8619.784781244809,-7469.531366150738
139.7484915069,12.7249126633,3.162286,825,1207,1,12.164,11.749,,-4.5,-15.6,11.71165,0.3527499999999993,,825-1207-1,-8306.931768238785,-7816.450610356288,3.165172691513696,,11.71165,0.3527499999999993,,,-327.6981862705786,-11260.58705388813,-327.78543472652467,-11401.516226147196
140.4610492165,12.1743929792,3.166,823,579,1,12.146,11.508,,2.9,-9.1,11.45058,0.5423000000000014,,823-579-1,-5814.524966771458,-9821.862616719794,3.1673045108136977,,11.45058,0.5423000000000014,,,-3481.3867144003466,-10737.800723288816,-3482.303323413648,-10869.740080364085
144.2573150848,12.5199946267,3.173032,827,531,1,10.825,10.443,,-5.9,-6.0,10.40862,0.3246999999999997,,827-531-1,7552.505345061993,-8561.816538181218,3.168121485908385,,10.40862,0.3246999999999997,,,-11414.031567901091,-37.574653009294074,-11416.809205543514,-38.81990320641675
142.1135318051,18.0747481808,3.167569,1406,1218,1,13.227,11.719,,-30.4,-8.9,11.583279999999998,1.2818000000000007,,1406-1218-1,7.136747585143644,11421.234374169993,3.169329284196705,,11.583279999999998,1.2818000000000007,,,8532.411648426409,7534.9256716253985,8534.606806242082,7589.804491930935
145.3870721278,15.1053147378,3.175821,1410,756,1,11.652,9.612,,3.2,-17.6,9.4284,1.733999999999999,,1410-756-1,11397.42899659062,804.4957348765603,3.170589327683591,,9.4284,1.733999999999999,,,-6965.3390471362345,8992.098144623837,-6967.160601819104,9055.786783500374
142.6167989604,11.7732620925,3.173156,823,500,1,11.692,11.574,,-17.6,-13.5,11.56338,0.1003000000000002,,823-500-1,1784.6583190151998,-11285.783847637776,3.1706538128972444,,11.56338,0.1003000000000002,,,-9620.834247747878,-6095.470519733408,-9623.206687980402,-6160.179819749249
144.6523306666,16.9287242144,3.175554,1410,600,1,12.047,10.999,,8.2,-7.7,10.90468,0.8908,,1410-600-1,8762.639702477089,7343.792754119155,3.172606970547766,,10.90468,0.8908,,,-328.14038802115556,11351.440687236567,-328.22872805114025,11428.360008022271
141.7606583492,11.7469821856,3.178033,823,270,1,12.44,11.679,,7.5,19.6,11.61051,0.6468499999999994,,823-270-1,-1236.7024117524668,-11380.69147605673,3.1766545136339674,,11.61051,0.6468499999999994,,,-7685.835981943367,-8386.864370044697,-7687.779605323885,-8482.194059817011
145.0565521271,16.33560267,3.180682,1410,403,1,10.769,10.16,,16.3,-2.1,10.10519,0.5176499999999999,,1410-403-1,10187.10838844011,5223.812160187737,3.176845847957799,,10.10519,0.5176499999999999,,,-2858.4574307781036,11010.508196329143,-2859.2236255742773,11085.586635884812
140.3412409641,17.5905293205,3.173023,1405,839,1,11.795,11.627,,-28.5,8.3,11.61188,0.1427999999999993,,1405-839-1,-6083.106695008822,9702.171628825163,3.177703600524778,,11.61188,0.1427999999999993,,,11290.871666421064,1879.8180732294397,11293.642041052715,1894.7218335698917
139.6169297059,16.990286172,3.172254,1402,1274,1,11.928,11.22,,-113.0,-78.1,11.15628,0.6018000000000001,,1402-1274-1,-8601.022756993256,7561.473147574828,3.1779109245512758,,11.15628,0.6018000000000001,,,11362.408088360617,-1395.7330556208503,11365.165830179823,-1409.4233857592412
139.2670365682,16.5204521147,3.172972,1402,1631,1,11.436,10.5,,3.5,-4.1,10.41576,0.7956,,1402-1631-1,-9827.281257609538,5884.854343219754,3.178557681963274,,10.41576,0.7956,,,10923.266382329699,-3405.79989618721,10925.92178331474,-3439.651252956561
140.3228919158,12.2425783164,3.178358,822,267,1,10.025,8.302,,-6.3,-15.5,8.14693,1.464550000000001,,822-267-1,-6299.941559426621,-9572.833123987242,3.1800251785999247,,8.14693,1.464550000000001,,,-2972.9754984875076,-10932.049322930723,-2973.761452206912,-11067.300506323525
140.0515456565,12.43210078,3.179325,822,101,1,11.755,11.101,,-13.0,-22.6,11.042140000000002,0.5559,,822-101-1,-7250.474107909805,-8882.166455305634,3.1816420775529877,,11.042140000000002,0.5559,,,-1825.6659468325402,-11179.807721752293,-1826.1511768615705,-11319.33865596743
143.9161850092,17.5780480042,3.186706,1406,1022,1,11.431,10.87,,2.3,-27.1,10.81951,0.4768499999999999,,1406-1022-1,6203.245637784039,9657.66972390785,3.1851251422627525,,10.81951,0.4768499999999999,,,3100.5733284959965,10976.451093342323,3101.404070811645,11051.34081133712
139.5979336427,12.85325625,3.184872,825,812,1,12.563,11.445,,-23.3,-24.7,11.34438,0.9503000000000004,,825-812-1,-8832.178222262235,-7348.660719664507,3.188252027662271,,11.34438,0.9503000000000004,,,370.66846925851996,-11341.219673261117,370.76734140744554,-11483.58472346905
139.7751918533,17.1695503556,3.183257,1402,815,1,12.375,12.002,,-6.7,-8.5,11.96843,0.3170499999999994,,1402-815-1,-8045.294053787437,8203.32160815408,3.1883852507704638,,11.96843,0.3170499999999994,,,11473.228836893075,-561.7360614327415,11476.017182375626,-567.6895705711426
145.2879380784,15.7998955967,3.196025,1410,291,1,12.61,11.377,,-8.4,-6.9,11.26603,1.0480499999999988,,1410-291-1,11015.74982979083,3303.811250284064,3.1912840975907253,,11.26603,1.0480499999999988,,,-4843.7419710884,10358.640354113231,-4845.029752746752,10430.129423216193
141.5160911211,11.766563595,3.19254,823,866,1,10.92,10.321,,-8.8,-9.0,10.26709,0.5091500000000001,,823-866-1,-2100.3314278182083,-11309.306306027242,3.1918846600779416,,10.26709,0.5091500000000001,,,-7059.0983300532735,-8976.518296138855,-7060.899047549358,-9080.50141074539
140.3037280184,17.5858202943,3.188718,1405,1324,1,12.092,11.364,,104.4,-46.0,11.29848,0.6187999999999998,,1405-1324-1,-6208.696876902314,9684.905528664895,3.192288004947227,,11.29848,0.6187999999999998,,,11361.34683317587,1775.3015272675536,11364.132983825419,1789.355619868208
138.8077192982,14.9415095955,3.186589,825,1545,1,7.061,5.498,45410.0,-40.3,-11.8,5.35733,1.3285499999999997,45410.0,825-1545-1,-11502.850333915545,214.96377832949017,3.192486141957297,5.36,5.36,1.319,79554.0,K1III,7797.418350078789,-8362.624418993266,7799.389598270064,-8457.617697960373
145.1607529714,13.6947515976,3.199374,827,1143,1,10.218,9.285,,-110.0,-17.2,9.20103,0.7930499999999998,,827-1143-1,10675.44358837045,-4291.942853083985,3.192776094406418,,9.20103,0.7930499999999998,,,-10295.59617132565,5092.760279355932,-10298.182105531674,5131.599612589595
144.0049461936,17.53313847,3.197071,1413,226,1,11.698,11.06,,4.7,-10.8,11.00258,0.5422999999999999,,1413-226-1,6509.925895832494,9498.994361855666,3.1954724071540466,,11.00258,0.5422999999999999,,,2778.3648927430545,11099.71264930347,2779.110483229346,11175.266170333523
139.8380819422,17.2396093567,3.191585,1402,711,1,11.588,11.392,,-4.6,-0.4,11.37436,0.1665999999999997,,1402-711-1,-7825.865113888865,8453.756481475506,3.1966761354613626,,11.37436,0.1665999999999997,,,11514.744203285512,-234.31316707396172,11517.544932232226,-237.32290846312787
139.7588037517,17.1666542522,3.192255,1402,628,1,10.41,9.635,,-23.8,12.4,9.56525,0.6587500000000003,,1402-628-1,-8102.350084429011,8194.11538835343,3.197654804891222,,9.56525,0.6587500000000003,,,11504.227354167755,-610.0638821853494,11507.022987946497,-616.4623615152933
141.87563967,11.7124111028,3.202633,823,850,1,11.266,10.084,,-20.1,8.2,9.97762,1.0047000000000004,,823-850-1,-831.6724708767964,-11506.24988553764,3.2011836299001106,,9.97762,1.0047000000000004,,,-8048.5938725394935,-8170.483396801942,-8050.623359446155,-8262.743433726442
144.2298015383,12.4534830967,3.206283,824,1,1,11.964,11.943,,-13.2,-12.0,11.94111,0.0178500000000006,,824-1-1,7457.697556193646,-8802.779016436822,3.201432125802368,,11.94111,0.0178500000000006,,,-11531.207020254042,-266.42093416799963,-11534.011537617087,-269.7204144957798
141.0516523831,11.8740659567,3.201669,823,714,1,11.392,10.901,46109.0,-18.2,6.0,10.85681,0.4173499999999997,46109.0,823-714-1,-3738.390605685051,-10915.903343447313,3.2017481987752787,10.88,10.88,0.557,,G0,-5677.5091812123455,-9925.350396037975,-5678.980786064738,-10043.987622237926
144.7768875985,16.8280009144,3.208073,1410,258,1,12.061,10.779,,-12.2,-13.1,10.66362,1.0897,,1410-258-1,9196.49414171718,6985.96995272362,3.204707979532082,,10.66362,1.0897,,,-883.6334928576754,11437.755859547928,-883.8716538881421,11515.122733972508
145.1197509851,16.2743192975,3.209033,1410,603,1,12.909,11.221,,-0.4,-11.7,11.06908,1.4348000000000003,,1410-603-1,10408.587609937176,5005.738189032757,3.2049097412186316,,11.06908,1.4348000000000003,,,-3168.499157898806,11031.186807663902,-3169.3487122290458,11106.36482343223
142.4396042114,11.7156123425,3.208103,823,248,1,12.592,11.422,,-10.3,-4.5,11.3167,0.9945,,823-248-1,1159.7069097163187,-11494.66100080412,3.2058211657481213,,11.3167,0.9945,,,-9362.047490113373,-6693.841566499027,-9364.368640757777,-6766.147471038976
141.1410063876,11.841251605,3.206296,823,859,1,12.943,11.946,,-2.2,2.1,11.85627,0.8474499999999999,,823-859-1,-3423.1507470095785,-11035.63657540361,3.2061936634508617,,11.85627,0.8474499999999999,,,-5976.297755949252,-9771.60025258096,-5977.842553948937,-9887.802286723725
144.8700990657,16.7110351711,3.213838,1410,285,1,12.589,11.579,,3.0,-4.4,11.4881,0.8584999999999998,,1410-285-1,9524.157648339342,6568.685199349101,3.2104323976926126,,11.4881,0.8584999999999998,,,-1413.0740300654006,11405.809131509424,-1413.454734443882,11483.002650537364
145.4230927298,15.2548342461,3.222132,1410,368,1,10.555,9.961,,-12.4,34.9,9.90754,0.5048999999999995,,1410-368-1,11514.518390996096,1346.8433844996357,3.2168989374606696,,9.90754,0.5048999999999995,,,-6637.672149852729,9437.22963159394,-6639.417266134629,9503.486688848001
139.0568724374,13.6366790089,3.216022,825,500,1,11.813,11.683,,-6.9,-5.8,11.6713,0.1105000000000006,,825-500-1,-10697.370651933052,-4501.305409779338,3.2204483329547284,,11.6713,0.1105000000000006,,,3737.2842851643986,-10853.362076176214,3738.270753731411,-10987.302718535877
141.6572796888,11.7143332369,3.222517,823,676,1,11.902,10.393,,2.2,-2.3,10.25719,1.2826499999999987,,823-676-1,-1602.026710570992,-11498.659483488607,3.2215238277391474,,10.25719,1.2826499999999987,,,-7531.466869795226,-8733.276613268627,-7533.381144452585,-8833.67579385913
144.5669093066,12.7362967622,3.228776,827,596,1,7.866,6.838,47291.0,-16.1,1.6,6.74548,0.8737999999999996,47291.0,827-596-1,8634.21101927813,-7771.518116181784,3.2234364934747806,6.74,6.74,0.912,83362.0,G8III,-11541.426553850883,1284.725168808909,-11544.249976864956,1294.7533460945388
138.7775905499,14.7470602488,3.2208,825,104,1,11.415,10.699,,-103.7,-16.4,10.63456,0.6085999999999994,,825-104-1,-11620.143336304025,-484.62165139148186,3.2272063392973864,,10.63456,0.6085999999999994,,,7352.345398720828,-8906.914414581413,7354.219063392866,-9009.886307211651
140.187121372,17.5523593105,3.223186,1405,1528,1,10.264,9.353,,-72.4,-69.4,9.27101,0.7743499999999996,,1405-1528-1,-6615.438780231404,9567.483171368514,3.2276607519951814,,9.27101,0.7743499999999996,,,11543.6179834163,1396.323257178162,11546.443490217864,1407.2694186312742
143.9228764663,17.62563213,3.230035,1406,1036,1,11.766,10.763,,-6.3,-19.0,10.67273,0.85255,,1406-1036-1,6224.61980436951,9829.858234487967,3.2285085758332603,,10.67273,0.85255,,,3215.0879528066553,11106.093367563986,3215.950848083702,11181.666457276806
140.0269586841,12.3874518467,3.229275,822,191,1,12.312,11.742,,8.9,-2.4,11.6907,0.4844999999999987,,822-191-1,-7338.010438376665,-9042.093539662848,3.231290009675729,,11.6907,0.4844999999999987,,,-1887.09079286988,-11348.461553755824,-1887.5942883945233,-11490.989538597625
143.16139,17.9757908486,3.231359,1406,390,1,11.625,11.571,,0.0,-13.9,11.56614,0.0459000000000002,,1406-390-1,3601.6708850962505,11074.098075171005,3.231311749508574,,11.56614,0.0459000000000002,,,5886.4920056766005,9977.484167838275,5888.049780248938,10046.817960347766
139.4036222905,16.8218038214,3.22791,1402,325,1,13.98,11.973,,-6.9,-13.9,11.79237,1.7059499999999996,,1402-325-1,-9341.776648375399,6965.037539183762,3.233366184403993,,11.79237,1.7059499999999996,,,11408.368772608766,-2336.4550805626955,11411.13761301385,-2359.338307074691
139.5520205684,17.0050925347,3.229277,1402,784,2,12.797,11.579,,-3.2,-62.5,11.46938,1.0353,,1402-784-2,-8821.483298861373,7618.15007248587,3.2342481238322263,,11.46938,1.0353,,,11551.138700115016,-1521.6943108963494,11553.942266285032,-1536.618438766612
144.3423142851,12.50474649,3.239375,827,192,1,11.91,10.801,,-7.3,0.4,10.70119,0.94265,,827-192-1,7852.400079335868,-8614.181446456643,3.2343613301800027,,10.70119,0.94265,,,-11652.273694234984,150.260851404144,-11655.1113157032,150.62940282863852
139.5518066877,17.0055385383,3.229721,1402,784,1,12.225,11.696,,-3.2,-62.5,11.64839,0.4496499999999999,,1402-784-1,-8822.202925502976,7619.768819211126,3.2346918953894988,,11.64839,0.4496499999999999,,,11552.82646040234,-1521.1622114451384,11555.63043969149,-1536.0815272153066
141.90843098,18.1359371303,3.234268,1406,583,1,12.19,11.184,,2.1,-8.5,11.09346,0.8551000000000002,,1406-583-1,-694.8145947163136,11642.572022880837,3.236355460354252,,11.09346,0.8551000000000002,,,9163.88942552972,7159.468673467557,9166.237890975064,7211.957678401182
138.817334663,14.3418086194,3.23146,825,609,1,12.526,11.92,,17.9,-21.4,11.86546,0.5150999999999999,,825-609-1,-11499.70909920572,-1947.9245862785024,3.2364203773249933,,11.86546,0.5150999999999999,,,6178.573544793701,-9775.288753198485,6180.170844575303,-9891.572569215032
138.9008394091,15.8540365233,3.231617,1402,461,1,10.73,10.532,,-2.2,-0.3,10.51418,0.1683000000000003,,1402-461-1,-11129.594359229546,3500.3945869105332,3.2374044089154173,,10.51418,0.1683000000000003,,,10005.485249421867,-5934.037258951276,10007.949697465026,-5996.797121637175
144.8727411043,16.7664886233,3.247088,1410,618,1,11.823,10.088,,-13.6,2.0,9.93185,1.474750000000001,,1410-618-1,9530.355495177255,6769.012756630547,3.2436468981011495,,9.93185,1.474750000000001,,,-1267.4489700872682,11542.758344317583,-1267.7910597874393,11620.667596683359
140.0763471892,17.4946634792,3.238971,1402,1450,1,12.046,11.652,,-16.5,-8.7,11.61654,0.3349000000000001,,1402-1450-1,-6996.861943664377,9364.79761163511,3.243745217723005,,11.61654,0.3349000000000001,,,11645.346690852937,980.0154478049137,11648.191672944437,987.4928434873614
145.2976373722,13.8940146781,3.253561,827,924,1,12.07,11.529,,-10.5,-31.7,11.48031,0.4598500000000003,,827-924-1,11147.972828519378,-3567.491980222317,3.2478732343647456,,11.48031,0.4598500000000003,,,-10067.772828345785,5921.540174508599,-10070.321133146716,5965.981016534743
139.3408452387,13.0815460583,3.244758,825,730,1,9.896,8.545,45578.0,2.2,-11.4,8.42341,1.1483500000000006,45578.0,825-730-1,-9725.92872653882,-6515.40093790355,3.2483444404495487,8.44,8.44,1.16,79954.0,K0,1586.8590856297485,-11454.065104220543,1587.2835063017235,-11598.477057181732
142.5659569986,18.1249930544,3.247949,1406,1262,1,12.009,11.46,,-9.8,-13.1,11.41059,0.4666499999999995,,1406-1262-1,1558.0850601547386,11604.535834660355,3.2489208155798583,,11.41059,0.4666499999999995,,,7639.728341027841,8808.560737822656,7641.722224736667,8871.13084293989
144.1581803254,12.33402996,3.255821,824,223,1,12.088,12.244,,-4.0,1.8,12.25804,-0.1326000000000005,,824-223-1,7209.599298492227,-9235.501236262426,3.2510475289819176,,12.25804,-0.1326000000000005,,,-11689.951888287209,-735.0015901605801,-11692.792217961589,-742.5734154957366
139.1726742069,13.33684363,3.248777,825,802,1,12.663,11.93,,-11.5,-1.2,11.86403,0.6230500000000004,,825-802-1,-10305.497242869065,-5587.512235502367,3.252828455853943,,11.86403,0.6230500000000004,,,2665.203183787228,-11274.381479289366,2665.9131478460977,-11415.624095633706
145.0807783438,13.3896297311,3.25969,827,701,1,13.071,11.776,,10.2,-10.6,11.65945,1.10075,,827-701-1,10412.860304163225,-5395.601212119258,3.2542052329522773,,11.65945,1.10075,,,-10946.256116776742,4170.079338088361,-10948.984443354428,4202.369785421966
139.2886661597,13.14410054,3.252087,825,1144,1,11.86,11.256,,-5.7,-9.0,11.20164,0.5133999999999993,,825-1144-1,-9906.744022214345,-6287.65043111016,3.2558333000792885,,11.20164,0.5133999999999993,,,1877.1380037290164,-11438.28814507824,1877.6398909081008,-11582.426063031602
144.3501351305,12.4742681155,3.267225,824,125,1,10.603,9.413,,-29.4,-4.9,9.3059,1.0114999999999996,,824-125-1,7880.469161564979,-8724.086520633598,3.262120038216892,,9.3059,1.0114999999999996,,,-11753.062267239735,98.73113652076714,-11755.924108657167,98.63152321914471
139.8061511795,12.5321631994,3.260264,825,1195,1,13.66,12.014,,-13.6,-6.5,11.86586,1.399100000000001,,825-1195-1,-8111.41953330334,-8513.519516558637,3.262869611270704,,11.86586,1.399100000000001,,,-978.5357337693504,-11571.713480830233,-978.7981701359911,-11718.237732108864
145.1775502166,16.2943038755,3.26789,1410,431,1,10.568,9.979,,-58.5,4.0,9.92599,0.5006500000000004,,1410-431-1,10606.333081063764,5081.188142838969,3.263312632918512,,9.92599,0.5006500000000004,,,-3243.381254163449,11228.101856749052,-3244.2531410193465,11304.317578977454
138.8055046275,15.6083629539,3.259887,1402,1065,1,12.147,11.287,,-7.7,6.1,11.2096,0.7309999999999995,,1402-1065-1,-11474.030488407236,2619.816837856653,3.265713589202967,,11.2096,0.7309999999999995,,,9575.918310440029,-6765.807077919995,9578.294459753977,-6839.085549623149
138.7760805065,14.39815939,3.261077,825,330,1,12.624,11.509,,8.4,-8.6,11.40865,0.9477500000000002,,825-330-1,-11641.245059142786,-1742.333138005849,3.2661546035831384,,11.40865,0.9477500000000002,,,6426.214834079932,-9745.038299396096,6427.875380887765,-9860.868591487637
142.9259996324,11.7344847142,3.271663,823,157,1,11.969,11.556,,-29.8,12.3,11.51883,0.3510500000000002,,823-157-1,2876.332538733295,-11422.532505273906,3.268426348783995,,11.51883,0.3510500000000002,,,-10447.83185451781,-5378.710964444835,-10450.395114412859,-5434.775033069223
142.1302364654,11.6351569767,3.2722,823,1051,1,10.042,8.931,46462.0,-13.4,25.5,8.83101,0.9443500000000006,46462.0,823-1051-1,67.41252564289762,-11785.11533396786,3.270141216279128,8.79,8.79,1.002,81857.0,G5,-8853.957102565402,-7690.098055601937,-8856.176432377046,-7775.707484348311
142.0082937739,18.17411475,3.268261,1406,1153,1,11.406,10.852,,-13.3,-12.4,10.80214,0.4709000000000002,,1406-1153-1,-352.96983900553204,11780.075115848495,3.270156129205345,,10.80214,0.4709000000000002,,,9039.712027227728,7504.219002159402,9042.0372792125,7558.857009072868
139.1254953173,13.3847687433,3.266003,825,823,1,12.667,11.776,,-9.9,-26.4,11.69581,0.75735,,825-823-1,-10468.876690883739,-5413.3468522710145,3.270237717946773,,11.69581,0.75735,,,2903.8531393169324,-11280.75205743735,2904.626817318097,-11422.120922317352
141.2138554699,18.0644768633,3.270963,1405,1249,1,12.641,11.904,,-17.5,-12.2,11.83767,0.6264500000000001,,1405-1249-1,-3076.6437594166778,11391.437329897673,3.2740984919844203,,11.83767,0.6264500000000001,,,10557.511051602065,5224.651665476561,10560.166234261558,5264.358495401754
140.5904032668,17.837750405,3.271217,1405,1193,1,12.592,11.666,,40.3,-0.9,11.58266,0.7871000000000001,,1405-1193-1,-5218.587308408244,10586.898125902884,3.2751012585177044,,11.58266,0.7871000000000001,,,11378.215257070666,3104.216632244937,11381.028888077311,3128.617405896253
145.0000729488,13.2081504717,3.281857,827,634,1,11.013,10.514,,-20.3,4.1,10.46909,0.4241500000000004,,827-634-1,10137.132098792692,-6053.16461984691,3.2761119172985387,,10.46909,0.4241500000000004,,,-11254.73301126022,3531.940343445912,-11257.524614944743,3559.548938735723
140.0188554421,12.3285815844,3.280378,822,49,1,12.822,11.764,,-10.0,-15.2,11.66878,0.8992999999999999,,822-49-1,-7369.062654676611,-9254.68551871251,3.28255472462414,,11.66878,0.8992999999999999,,,-2025.380317924959,-11509.945927191888,-2025.9227628014764,-11655.381822058913
139.4932515727,17.0143977732,3.278612,1402,148,1,13.075,11.958,,79.0,-131.7,11.85747,0.9494499999999992,,1402-148-1,-9021.73794728481,7652.521798893833,3.2825612426531454,,11.85747,0.9494499999999992,,,11709.781514501728,-1647.3592318069188,11712.623638980042,-1663.5182486602089
142.6101631641,18.1560503864,3.284668,1406,408,1,11.458,10.908,,-5.8,-4.9,10.8585,0.4675000000000006,,1406-408-1,1709.4317000710698,11717.31777608564,3.285658939909302,,10.8585,0.4675000000000006,,,7623.5477630088635,8995.529373431375,7625.541854662676,9059.183408330337
138.9199348947,13.7900537856,3.282057,825,458,1,13.235,12.171,,-10.3,-3.2,12.07524,0.9044,,825-458-1,-11170.0302671756,-3941.9234648313372,3.2867184531040854,,12.07524,0.9044,,,4469.2038080542425,-10835.538635662811,4470.383214678619,-10969.230177461428
138.9756997127,13.6499973267,3.28319,825,1235,1,12.914,12.174,,-16.2,-29.0,12.1074,0.6290000000000001,,825-1235-1,-10981.757367526812,-4450.265214801161,3.2878345692573134,,12.1074,0.6290000000000001,,,3964.233598531409,-11029.031920470443,3965.284043358877,-11166.036799902802
139.101769626,16.4651642622,3.284686,1402,1406,1,12.21,11.188,,-8.1,-2.0,11.09602,0.8687000000000001,,1402-1406-1,-10402.23196903389,5693.778041732895,3.290423419893615,,11.09602,0.8687000000000001,,,11162.146434463459,-3956.558330533138,11164.865213245592,-3996.4137793985324
144.4422196189,17.3187385183,3.294605,1410,156,1,11.386,10.626,,4.9,-23.1,10.5576,0.6459999999999998,,1410-156-1,8022.522723855567,8741.541481793642,3.292172579971597,,10.5576,0.6459999999999998,,,1207.9906222202426,11724.34354333014,1208.317453716558,11803.193943324894
143.4291575897,17.9464339919,3.293728,1406,1054,1,12.355,11.829,,39.4,-35.3,11.78166,0.4470999999999998,,1406-1054-1,4521.939709459484,10973.413544777164,3.293202932073891,,11.78166,0.4470999999999998,,,5200.263402281382,10595.263759272762,5201.650242287411,10668.016606548594
145.3701448018,13.9623809422,3.299691,827,260,1,11.608,11.119,,-0.9,-1.4,11.07499,0.4156500000000006,,827-260-1,11398.758816480718,-3316.69759712812,3.2940011134878358,,11.07499,0.4156500000000006,,,-10046.795914060744,6273.285362840492,-10049.347778592575,6320.03122871956
139.9767214941,17.4867965519,3.291283,1402,245,1,11.821,11.374,,-2.7,-14.3,11.33377,0.3799499999999993,,1402-245-1,-7339.580415622691,9339.988273869787,3.296013558585893,,11.33377,0.3799499999999993,,,11854.337510080382,709.6155363699597,11857.230544668619,714.7764993310371
138.7844169362,15.6621028253,3.291295,1402,1475,1,12.082,11.095,,5.2,-2.5,11.00617,0.8389500000000001,,1402-1475-1,-11544.13646061729,2814.4990788481023,3.2969884670369023,,11.00617,0.8389500000000001,,,9767.985965197677,-6689.899487972373,9770.40815794543,-6762.219762278112
138.7911592446,14.1678888689,3.292174,825,868,1,10.07,9.967,,-32.6,-3.4,9.95773,0.0875499999999998,,825-868-1,-11601.964088878103,-2573.2342450461992,3.2974382867056473,,9.95773,0.0875499999999998,,,5779.040410900798,-10259.174614310625,5780.548029205936,-10383.273553246356
141.831998783,11.6178097717,3.300129,823,931,1,11.83,10.609,,-0.4,-9.3,10.49911,1.03785,,823-931-1,-985.6489599636797,-11848.236064402745,3.298895146160416,,10.49911,1.03785,,,-8201.988105825681,-8507.802582139173,-8204.066362500416,-8604.969310217446
139.0031850731,13.557128775,3.296255,825,665,1,11.666,10.911,,53.8,-15.8,10.84305,0.6417500000000006,,825-665-1,-10888.117397412509,-4786.109612077245,3.3001261221240727,,10.84305,0.6417500000000006,,,3651.0284405797443,-11179.426328459642,3651.999083961874,-11319.04803282504
141.3973858149,11.6788579214,3.301061,823,304,1,12.425,10.76,,5.4,-1.7,10.61015,1.4152500000000008,,823-304-1,-2520.0031553874765,-11624.876519206582,3.300477881197199,,10.61015,1.4152500000000008,,,-7016.346749710082,-9491.931349457136,-7018.152026188643,-9603.8384059328
139.2324117477,13.1437791992,3.298261,825,1181,1,12.615,11.905,,-7.7,2.3,11.8411,0.6035000000000007,,825-1181-1,-10104.556551688522,-6286.272026222249,3.3020033283063093,,11.8411,0.6035000000000007,,,2009.4922045829633,-11582.656203320712,2010.0313236957804,-11729.409753764165
142.5887125807,11.634877355,3.305942,823,534,1,12.664,11.697,,-2.9,-2.7,11.60997,0.8219500000000004,,823-534-1,1686.9890736804984,-11785.425871764055,3.3034328039037404,,11.60997,0.8219500000000004,,,-9929.458702939939,-6495.170450564451,-9931.916476222128,-6565.000397784653
143.6625983961,11.9660422108,3.308096,824,294,1,11.256,10.942,,-9.2,-7.5,10.91374,0.2669,,824-294-1,5472.451661939632,-10575.792568293085,3.3040480612432637,,10.91374,0.2669,,,-11538.505913985855,-2902.7609773564755,-11541.308586654057,-2931.4351003315746
139.4658093737,17.0163133467,3.299731,1402,1276,1,11.541,10.313,,-14.6,-9.4,10.20248,1.0437999999999998,,1402-1276-1,-9118.823300266722,7663.99855768469,3.305148721842729,,10.20248,1.0437999999999998,,,11782.815812136456,-1711.6917266334326,11785.675709651865,-1728.4849841988557
143.59725472,17.88957306,3.307854,1406,947,1,12.952,12.376,,0.0,0.0,12.32416,0.4896000000000004,,1406-947-1,5099.089195287066,10773.393071872604,3.307203804416394,,12.32416,0.4896000000000004,,,4667.584798533296,10892.332844448192,4668.834264485344,10966.708508633481
142.1294217572,11.5962396608,3.311036,823,673,1,11.754,11.354,,-2.1,-7.3,11.318,0.3400000000000003,,823-673-1,64.85069061211463,-11926.555155258746,3.3092961090261896,,11.318,0.3400000000000003,,,-8957.977710252153,-7784.60767151339,-8960.22590622319,-7871.548462211926
144.9608291547,13.0773370717,3.320215,827,120,1,12.02,11.738,,2.6,-2.5,11.71262,0.2397,,827-120-1,10005.877758324617,-6526.811142835126,3.3147457628984425,,11.71262,0.2397,,,-11521.645857512924,3122.3642868338657,-11524.495510282364,3146.8804620221595
138.6801085301,14.9235626992,3.309988,825,96,1,11.156,10.552,,4.5,-66.1,10.49764,0.5134000000000009,,825-96-1,-11947.91585480055,155.52183031628937,3.315441228191411,,10.49764,0.5134000000000009,,,8048.453936142456,-8729.439869178268,8050.499940747722,-8829.854529782477
144.4320437186,12.4710193578,3.323237,824,138,1,11.641,9.801,,-13.2,-1.6,9.6354,1.5639999999999998,,824-138-1,8169.612479423506,-8733.228192474844,3.3181620630811253,,9.6354,1.5639999999999998,,,-11951.85714880795,307.05919612682146,-11954.769717031284,308.7454267490036
138.9276250309,16.1729196133,3.312931,1402,211,1,13.143,12.258,,7.5,-10.6,12.178349999999998,0.7522500000000013,,1402-211-1,-11019.877257591286,4648.640290541961,3.3185753670837004,,12.178349999999998,0.7522500000000013,,,10790.959151510231,-5099.447585891687,10793.602215984447,-5152.252180000577
139.6526039425,17.2384527281,3.314992,1402,344,1,8.927,8.637,,-11.5,-15.1,8.6109,0.2464999999999992,,1402-344-1,-8465.314232569517,8456.99456903513,3.320134554049186,,8.6109,0.2464999999999992,,,11941.70117456334,-705.9236246470524,11944.603226818064,-713.271302323049
145.1583558257,13.390758805,3.325943,827,294,1,12.64,12.4,,-2.0,-16.2,12.3784,0.2040000000000001,,827-294-1,10684.946827055168,-5388.359796420402,3.320368312448382,,12.3784,0.2040000000000001,,,-11121.477052025884,4376.871136442954,-11124.254002899077,4410.610260684784
145.4415747528,15.7551881417,3.32725,1410,303,1,9.309,8.082,47557.0,-34.6,-3.0,7.971570000000001,1.0429499999999987,47557.0,1410-303-1,11551.26404929943,3150.9459339910827,3.32219141235114,7.97,7.97,1.03,83891.0,K0,-5313.522305402862,10655.932512793644,-5314.940483522636,10729.005968503563
145.0894044013,13.2635889305,3.328178,827,1188,1,13.111,11.934,,27.3,5.0,11.82807,1.0004500000000012,,827-1188-1,10449.696254084995,-5849.453000117334,3.3227935746189963,,11.82807,1.0004500000000012,,,-11309.96533510167,3898.242338014394,-11312.778623315273,3928.5228805601746
142.5374198746,18.2056560317,3.324332,1406,1333,1,13.68,12.281,,-25.2,-2.2,12.15509,1.1891499999999993,,1406-1333-1,1459.3101255931,11895.920924415519,3.3254541281646985,,12.15509,1.1891499999999993,,,7923.1052063016905,8927.543859813108,7925.176132055807,8990.778829361687
141.5747691419,18.1931669794,3.325121,1406,600,1,13.374,12.349,,-32.9,-18.2,12.25675,0.8712500000000003,,1406-600-1,-1838.637627622335,11851.277790349654,3.327657642126532,,12.25675,0.8712500000000003,,,10079.292340628805,6447.478217976946,10081.857012744611,6495.347008768531
141.0278908498,11.7484347919,3.328199,823,665,1,13.1,11.836,,-4.3,-7.7,11.72224,1.0743999999999994,,823-665-1,-3824.0725087671744,-11369.610628760398,3.3283293364261515,,11.72224,1.0743999999999994,,,-5959.751181392294,-10284.799048003157,-5961.306822596276,-10409.34183168174
143.7349882461,11.974374155,3.333571,824,315,1,11.552,10.914,,-9.2,-3.9,10.85658,0.5422999999999999,,824-315-1,5727.691030901807,-10544.134765705876,3.3294097799069373,,10.85658,0.5422999999999999,,,-11684.29768291714,-2693.0350787630055,-11687.135033853292,-2719.576658842639
144.8328813939,16.9640995814,3.332922,1410,314,1,13.11,11.799,,-44.0,-11.3,11.68101,1.11435,,1410-314-1,9383.054520458772,7479.664314870338,3.329431327169448,,11.68101,1.11435,,,-638.4653148581724,11902.682040086935,-638.6384676588137,11982.455145114225
145.3078753955,16.173871035,3.335204,1410,721,1,10.857,10.465,,-48.5,1.8,10.42972,0.3331999999999995,,1410-721-1,11064.515477939634,4653.691994296725,3.3305069752867724,,10.42972,0.3331999999999995,,,-3867.103905868011,11286.50308170267,-3868.14433391118,11363.00186356478
143.1609861993,11.73442882,3.334789,824,409,1,10.564,9.434,,17.3,-17.3,9.3323,0.9605000000000008,,824-409-1,3707.348884417013,-11420.74851199746,3.331632060399189,,9.3323,0.9605000000000008,,,-10998.223284860209,-4763.341450925138,-11000.912071518884,-4812.2620377315525
144.9514955098,13.0312364375,3.338674,827,988,1,10.872,10.263,,-46.9,3.9,10.20819,0.5176499999999999,,827-988-1,9973.859033932813,-6693.343039996258,3.332793550733811,,10.20819,0.5176499999999999,,,-11624.871641995647,2988.860378511748,-11627.744288647864,3012.3525420583615
141.4608730288,11.6311206572,3.335528,823,690,1,12.765,11.782,,4.6,-34.9,11.69353,0.8355500000000005,,823-690-1,-2296.316688838253,-11798.71740999266,3.3351446979886386,,11.69353,0.8355500000000005,,,-7294.795541958012,-9440.890314734661,-7296.671001867279,-9552.03617805193
140.6276664023,11.8947535989,3.337789,823,382,1,12.857,12.232,,11.6,-16.0,12.17575,0.53125,,823-382-1,-5233.583211841204,-10834.963506971526,3.338643875121412,,12.17575,0.53125,,,-4624.3317046981065,-10972.085280163234,-4625.5557214545,-11108.152938287862
141.7747396719,18.2315110979,3.33951,1406,98,1,10.318,9.663,46357.0,-170.3,-74.1,9.60405,0.5567499999999994,46357.0,1406-98-1,-1157.0218144618186,11986.681403115264,3.3413162298183634,9.55,9.55,0.658,,G5,9727.965423613045,7043.191372886507,9730.455820110594,7094.889715267342
139.5532564412,12.6698965275,3.338911,825,1251,1,14.415,12.157,,-14.5,2.7,11.95378,1.9192999999999991,,825-1251-1,-8996.705670722502,-8007.989762471438,3.341883790186148,,11.95378,1.9192999999999991,,,-12.934240520955186,-11892.03348358268,-12.937736469751812,-12044.436291352016
145.4735979307,15.7151589025,3.347441,1410,456,1,12.533,11.191,,13.9,-20.7,11.07022,1.140699999999999,,1410-456-1,11666.055847365215,3007.910237916428,3.3427544391169515,,11.07022,1.140699999999999,,,-5496.646934075163,10646.833717971012,-5498.1138625228,10719.84733976838
139.3596140949,16.9499497756,3.338279,1402,162,1,13.022,12.4,,12.1,-24.5,12.34402,0.5286999999999998,,1402-162-1,-9487.605117621097,7429.168450253243,3.3434760141967486,,12.34402,0.5286999999999998,,,11852.11868504626,-2139.162844387057,11854.995584096529,-2160.1561126918455
144.80597525,12.8225545255,3.349462,827,262,1,12.086,11.374,,-27.2,-10.3,11.30992,0.6051999999999997,,827-262-1,9471.768499086778,-7452.203321614995,3.3439645989922138,,11.30992,0.6051999999999997,,,-11858.78707623451,2116.320135917627,-11861.701549587551,2133.0187986742085
140.8601989133,11.7904697933,3.343836,823,252,1,12.966,12.403,,-5.7,-31.4,12.35233,0.478549999999999,,823-252-1,-4415.439442638489,-11215.979138932411,3.3444763372042408,,12.35233,0.478549999999999,,,-5452.300618717295,-10619.376742346152,-5453.733282193767,-10749.46914053291
139.6580312524,12.558228535,3.341995,825,1238,1,12.806,11.318,,-17.9,-7.8,11.18408,1.2647999999999997,,825-1238-1,-8632.298217490239,-8414.781989350848,3.344830401670506,,11.18408,1.2647999999999997,,,-558.9252321886962,-11889.752679454434,-559.0762948169022,-12042.116181990785
140.9792386838,18.0752538589,3.346962,1405,1143,1,12.27,12.041,,-33.2,2.0,12.02039,0.1946499999999993,,1405-1143-1,-3881.3019350096456,11435.135913062975,3.350586016790502,,12.02039,0.1946499999999993,,,11124.401392972532,4656.051386913071,11127.185676402692,4691.756279240285
141.5240889633,11.603847145,3.351464,823,496,1,12.97,11.745,,-6.2,-1.8,11.63475,1.0412500000000011,,823-496-1,-2073.564017640393,-11896.828851444807,3.350670449789762,,11.63475,1.0412500000000011,,,-7516.01982910138,-9341.019918509755,-7517.949026445821,-9450.642670823243
142.9360850339,11.6519109833,3.354125,823,182,1,11.908,10.14,,-6.5,-8.4,9.98088,1.502799999999999,,823-182-1,2913.6750077157158,-11721.205983188636,3.351151434445441,,9.98088,1.502799999999999,,,-10695.87545802359,-5547.059474493656,-10698.503058206265,-5605.1943823991205
145.5761625549,14.763967295,3.357967,834,1404,1,10.225,8.89,47597.0,12.8,-15.0,8.76985,1.1347499999999993,47597.0,834-1404-1,12076.142954589312,-416.1393336395605,3.3526435362344933,8.75,8.75,1.149,83982.0,K0,-8328.336997580936,8690.837439245744,-8330.507981629571,8752.658874461556
138.680047771,15.4367793792,3.348112,1402,817,1,12.431,11.292,,-19.7,-35.7,11.18949,0.9681499999999994,,1402-817-1,-11920.2633626832,2006.862242745934,3.3539465587435804,,11.18949,0.9681499999999994,,,9413.978900799933,-7496.732297173925,9416.333662324298,-7579.764841792123
141.3538073104,11.6314889517,3.356356,823,765,1,12.206,11.519,,-18.2,-15.9,11.45717,0.5839499999999994,,823-765-1,-2675.1150677556057,-11795.945652920174,3.3560115798153447,,11.45717,0.5839499999999994,,,-7041.232020765103,-9717.93700135222,-7043.0510089737245,-9833.412782822472
145.4823365072,14.113326515,3.364076,827,1365,1,12.571,12.121,,4.4,-5.4,12.0805,0.3824999999999994,,827-1365-1,11783.844217223292,-2766.9405393719953,3.3584637893423297,,12.0805,0.3824999999999994,,,-9891.502864846501,6922.107339368935,-9894.032020702623,6973.024799720779
144.0967790093,12.1545195683,3.365223,824,694,1,12.283,11.366,,-34.2,-14.3,11.28347,0.7794499999999999,,824-694-1,6998.175050394468,-9885.553390761977,3.3605634422420763,,11.28347,0.7794499999999999,,,-12035.496216845278,-1319.2492798184924,-12038.418586734837,-1332.3279656790244
143.1016398343,18.1305074233,3.361816,1406,540,1,11.408,10.535,,5.8,-26.4,10.45643,0.7420499999999994,,1406-540-1,3394.367093490492,11631.361366315981,3.3618393920878513,,10.45643,0.7420499999999994,,,6440.6548379942105,10191.40774026384,6442.364049878296,10261.882899742743
145.59013761,14.9718287633,3.367441,834,1318,1,11.879,11.056,,2.6,-3.3,10.981929999999998,0.6995500000000003,,834-1318-1,12112.935734251521,334.4368311400271,3.362122277984299,,10.981929999999998,0.6995500000000003,,,-7791.71196703681,9213.708922139742,-7793.7554945423035,9278.600939119226
141.0043786132,18.0988208978,3.361648,1405,970,1,12.637,12.235,,-4.4,-5.2,12.19882,0.3417000000000008,,1405-970-1,-3793.9152921267905,11519.534664673769,3.365072650196717,,12.19882,0.3417000000000008,,,11129.469234337113,4776.594125983831,11132.257711846958,4813.139346775464
140.0627961911,17.63847024,3.362069,1405,1250,1,12.619,11.949,,-17.0,11.7,11.8887,0.5694999999999999,,1405-1250-1,-7038.730510475988,9884.939440139968,3.3669241506257124,,11.8887,0.5694999999999999,,,12061.939475959593,1291.5965028451017,12064.891108387415,1301.5980474374405
144.5190726795,17.3553890767,3.371769,1410,20,1,9.753,8.119,47274.0,-3.4,-51.8,7.97194,1.3889000000000002,47274.0,1410-20-1,8285.637114605284,8876.318591022682,3.369034255934447,7.95,7.95,1.374,83326.0,K0,1134.0529584778374,12009.105789540381,1134.360960830927,12089.41848621354
141.1300333423,18.141427155,3.366714,1405,1091,1,8.128,7.3,46137.0,-31.9,-33.0,7.22548,0.7038000000000002,46137.0,1405-1091-1,-3363.204632755577,11670.253225440198,3.3697767046785843,7.18,7.18,0.749,81163.0,G0III,10956.169837130365,5195.800026613987,10958.925002889751,5235.257255257227
139.1819197941,13.0931667933,3.367013,825,677,1,11.76,11.402,,-2.8,-6.0,11.36978,0.3043000000000004,,825-677-1,-10284.333313763937,-6467.043600019219,3.370736227112906,,11.36978,0.3043000000000004,,,1993.7190698699414,-11832.530434449503,1994.2572112597488,-11983.868440886916
145.4568822717,13.9601446133,3.380944,827,1149,1,12.353,11.954,,-24.3,-8.2,11.91809,0.3391499999999992,,827-1149-1,11702.242163136785,-3320.717103117723,3.3750566913690716,,11.91809,0.3391499999999992,,,-10251.276530811574,6496.107367418138,-10253.886427511314,6544.268244452184
144.7487502708,12.7053475094,3.381775,827,910,1,9.586,9.256,47362.0,-19.3,7.0,9.2263,0.2805,47362.0,827-910-1,9275.585930207715,-7876.762676651149,3.3763109122870336,9.23,9.23,0.324,,F0,-12045.900909068243,1691.1348011312552,-12048.854590615007,1704.402436976602
143.5937336119,17.9700487153,3.379102,1406,906,1,12.267,11.633,,-40.7,-13.9,11.57594,0.5389000000000003,,1406-906-1,5083.973495731475,11063.517801054362,3.3782249157827753,,11.57594,0.5389000000000003,,,4894.477137099534,11072.746428358696,4895.790470244869,11148.069263823518
138.7764751478,15.9569774033,3.376205,1402,206,1,12.532,12.006,,-20.2,4.6,11.95866,0.4470999999999998,,1402-206-1,-11556.508852748424,3878.4996824236177,3.3821721321441705,,11.95866,0.4470999999999998,,,10571.542452272739,-6001.211128590208,10574.148551406524,-6064.902230292057
145.6091363259,14.7977736778,3.38834,834,1325,1,11.958,9.935,,-10.0,-11.5,9.75293,1.7195499999999997,,834-1325-1,12188.781967484087,-292.36693714471477,3.382810481810238,,9.75293,1.7195499999999997,,,-8310.596022214693,8856.282777866923,-8312.76661730892,8919.06920272285
143.2472633606,11.7083848778,3.386235,824,1679,1,10.317,9.888,,-25.3,-15.1,9.84939,0.3646500000000002,,824-1679-1,4011.3729250684205,-11513.566612745157,3.3828268808366775,,9.84939,0.3646500000000002,,,-11269.448985034991,-4599.502772929775,-11272.202070099835,-4646.589004951578
138.7936483911,13.8466026033,3.378786,825,973,1,11.378,10.996,,-12.7,-9.3,10.96162,0.3246999999999997,,825-973-1,-11609.962948461189,-3732.146614966052,3.383585427085233,,10.96162,0.3246999999999997,,,4918.0692775853295,-11021.887542830487,4919.37257388401,-11158.849918318867
138.8891917668,16.2620629533,3.381258,1402,1168,1,12.559,11.804,,4.3,-5.8,11.73605,0.6417499999999992,,1402-1168-1,-11148.597228557215,4972.360456892759,3.386936668069581,,11.73605,0.6417499999999992,,,11118.39590909923,-4982.036851465718,11121.117700174764,-5033.520614512461
142.3192691393,18.28698466,3.385988,1406,616,1,13.245,12.402,,-21.6,-3.6,12.32613,0.7165499999999999,,1406-616-1,711.8249646532433,12188.347321332167,3.3874685615016173,,12.32613,0.7165499999999999,,,8637.947292023367,8565.040888602707,8640.195860047288,8626.09533368099
138.7880197449,13.8480023714,3.383515,825,1034,1,12.206,11.461,,-12.2,-11.3,11.39395,0.6332499999999993,,825-1034-1,-11629.612626641288,-3726.878396060526,3.3883187444831857,,11.39395,0.6332499999999993,,,4935.05206603815,-11032.88695868412,4936.360186966732,-11170.042995856784
138.751221678,13.959926745,3.383598,825,355,1,12.388,11.581,,-13.1,-6.9,11.50837,0.6859500000000003,,825-355-1,-11752.591146013714,-3321.300833733097,3.3885105592908324,,11.50837,0.6859500000000003,,,5319.860594623565,-10858.492496105937,5321.265507804666,-10992.659881437568
144.2238342963,12.2088426889,3.394252,824,393,1,11.629,9.923,,-3.4,-7.6,9.76946,1.4500999999999995,,824-393-1,7445.323729589487,-9685.850947509598,3.3895769704385015,,9.76946,1.4500999999999995,,,-12183.083046103497,-856.6152889949552,-12186.043331788529,-865.3912014436091
144.0442646394,17.7426983044,3.39139,1413,725,1,10.966,10.17,,-5.3,-41.0,10.09836,0.6765999999999994,,1413-725-1,6638.313932493144,10256.04586455007,3.389635140119313,,10.09836,0.6765999999999994,,,3258.997456799763,11695.33993756581,3259.878987089602,11773.991575995742
142.8315990059,11.5886095442,3.392998,823,151,1,12.243,12.471,,-12.3,-6.5,12.49152,-0.1937999999999997,,823-151-1,2545.203279860564,-11950.822190853112,3.3901621388882006,,12.49152,-0.1937999999999997,,,-10622.872667381698,-5969.861305162773,-10625.49081311771,-6033.171284950828
142.3793968536,18.28653549,3.389536,1406,12,1,14.218,12.441,,-5.0,-14.4,12.28107,1.5104499999999994,,1406-12-1,918.1613793953862,12186.711742782669,3.3908275657796296,,12.28107,1.5104499999999994,,,8499.735247921983,8717.32166548111,8501.951711837815,8779.281320806827
142.370742029,18.289377295,3.391721,1406,273,1,12.84,12.076,,2.4,-7.8,12.00724,0.6493999999999994,,1406-273-1,888.7098167328713,12197.110725545834,3.393095740414875,,12.00724,0.6493999999999994,,,8527.061355368249,8702.297529050518,8529.284568603558,8764.166813643098
139.8583267213,12.3132617844,3.390775,822,53,1,10.373,9.814,,-23.0,-8.8,9.76369,0.4751499999999993,,822-53-1,-7935.86076763109,-9305.232576854823,3.393162785246262,,9.76369,0.4751499999999993,,,-1686.8665786702227,-11959.04694580823,-1687.32331668363,-12112.72799403853
144.041590691,12.0787499363,3.397523,824,336,1,10.882,9.913,,-88.7,-102.7,9.82579,0.8236499999999994,,824-336-1,6804.457646235179,-10162.887785004383,3.39338563688505,,9.82579,0.8236499999999994,,,-12114.19162523398,-1645.1258897152184,-12117.132566970517,-1661.3339051685973
142.7088193216,18.2523919342,3.395351,1406,544,1,11.519,10.247,46662.0,177.6,-286.1,10.13252,1.0812000000000002,46662.0,1406-544-1,2051.4497946619904,12058.837096943776,3.3938276897055473,10.06,10.06,1.08,,K8,7651.750365029705,9475.301674844091,7653.76351504935,9541.692850136422
138.6529314729,15.52840519,3.388805,1401,2204,1,12.712,11.587,,-25.1,-3.3,11.48575,0.95625,,1401-2204-1,-12009.670622555333,2339.643055488127,3.3947567193425594,,11.48575,0.95625,,,9722.089412992775,-7344.6137428093525,9724.517258386522,-7425.623353005744
138.9918999614,16.4904402733,3.389735,1402,274,1,12.703,11.11,,-7.5,2.4,10.96663,1.35405,,1402-274-1,-10781.353395917184,5790.826065570838,3.395493354235926,,10.96663,1.35405,,,11486.386789263672,-4173.114737568161,11489.187530458297,-4215.426130216178
145.1418507243,13.2033451866,3.402824,827,63,1,13.284,11.664,,-65.7,42.0,11.5182,1.377000000000001,,827-63-1,10634.4706264744,-6063.605397885676,3.396488726356234,,11.5182,1.377000000000001,,,-11592.71326624967,3894.2516408826045,-11595.597165382746,3924.4620401763977
141.1789466757,11.6321726503,3.396875,823,871,1,12.073,11.481,,-4.4,-5.5,11.42772,0.5032000000000004,,823-871-1,-3292.4460246187655,-11791.368613320981,3.3966842948184977,,11.42772,0.5032000000000004,,,-6627.953026689997,-10169.218162930736,-6629.679564905515,-10291.934874789842
140.6308466805,11.8289974133,3.39601,823,356,1,13.645,11.926,,-11.7,-12.0,11.77129,1.4611499999999995,,823-356-1,-5224.550022346759,-11072.37384221799,3.3968743372092813,,11.77129,1.4611499999999995,,,-4807.782787312722,-11120.378534746616,-4809.059613433388,-11259.0555142198
145.1637898126,13.2382730282,3.403353,827,715,1,12.96,11.694,,102.6,-64.2,11.58006,1.0761,,827-715-1,10714.396363816648,-5939.436932564209,3.3989290267422527,,11.58006,1.0761,,,-11552.958670597714,4035.439494349962,-11555.835853846767,4066.676559037704
143.6477097324,17.9683699128,3.399735,1406,907,1,9.15,8.863,46986.0,-11.3,-7.0,8.837169999999999,0.2439500000000007,46986.0,1406-907-1,5270.0127352058935,11059.157042148488,3.398960526335368,8.79,8.79,0.37,82768.0,F0,4767.705903457364,11208.224811847751,4768.987469706224,11284.269902209882
138.832716494,16.1622759833,3.393719,1402,47,1,12.72,11.209,,1.2,-9.2,11.07301,1.2843500000000008,,1402-47-1,-11349.768558045998,4615.448906125189,3.3994307628144975,,11.07301,1.2843500000000008,,,10985.160331816836,-5364.9514108356125,10987.855954117484,-5420.944240427735
145.2813887171,16.4026553314,3.404078,1410,489,1,11.702,11.048,,-23.5,-0.1,10.98914,0.5559,,1410-489-1,10961.54315829294,5477.422958704022,3.3998597040755114,,10.98914,0.5559,,,-3183.020909638103,11754.067716960755,-3183.882558820912,11833.025079466972
141.4482538675,18.250730895,3.402283,1406,699,1,10.941,10.237,,-42.0,8.1,10.17364,0.5984000000000005,,1406-699-1,-2271.710386054294,12061.320490006961,3.4052600842362195,,10.17364,0.5984000000000005,,,10523.81642009225,6264.403676141373,10526.48968999584,6311.032787680406
142.6657922358,18.2700351433,3.405435,1406,322,1,11.861,10.145,,-7.0,-8.4,9.99056,1.4586000000000008,,1406-322-1,1898.9772365325002,12129.50353442817,3.406329480746894,,9.99056,1.4586000000000008,,,7805.798844232649,9408.620243669366,7807.850930569649,9474.62054029462
138.6117449245,14.5168452225,3.401588,825,173,1,13.042,11.98,,-19.3,-2.1,11.88442,0.9026999999999996,,825-173-1,-12210.1478393782,-1305.6441841585263,3.4070220809703495,,11.88442,0.9026999999999996,,,7130.318078385886,-9878.179707637835,7132.165572719337,-9996.230851597002
138.9814395307,13.3531505761,3.404707,825,551,1,13.395,12.073,,-3.4,-35.8,11.95402,1.1236999999999993,,825-551-1,-10976.30626350471,-5521.412179940347,3.40896989387175,,11.95402,1.1236999999999993,,,3159.9459077008314,-11723.881293985414,3160.796711129359,-11873.274855824844
144.0927735237,12.092364673,3.414132,824,1165,1,11.93,11.613,,-25.7,-35.5,11.58447,0.2694500000000001,,824-1165-1,6986.277997607291,-10110.62696611576,3.409730870951241,,11.58447,0.2694500000000001,,,-12195.838348465812,-1476.0876600424851,-12198.799529145825,-1490.6870749810487
141.6750941155,18.2949098567,3.412763,1406,575,1,12.004,11.248,,-11.3,-26.0,11.17996,0.6426000000000002,,1406-575-1,-1493.6472422138859,12217.69187124074,3.415020929683426,,11.17996,0.6426000000000002,,,10124.12851121874,6945.572713132146,10126.718006433586,6996.610548181411
144.4769136512,12.3798854717,3.420039,824,167,1,11.563,10.705,,17.7,-17.9,10.62778,0.7293000000000004,,824-167-1,8332.046988165437,-9061.20138799951,3.4153065198663444,,10.62778,0.7293000000000004,,,-12304.855615265753,211.60138670111493,-12307.853798237702,212.3970058398
138.9894661825,16.5314869483,3.410888,1402,1787,1,12.089,10.698,,-8.6,0.6,10.57281,1.18235,,1402-1787-1,-10787.73530048067,5938.980348559349,3.4166367698854554,,10.57281,1.18235,,,11601.368611653306,-4080.5105804750824,11604.19646977963,-4121.813288416105
141.7955506393,18.314152615,3.419884,1406,1235,1,12.037,10.404,,4.7,-10.5,10.25703,1.388050000000001,,1406-1235-1,-1080.6581607022647,12286.785872120405,3.422096589100196,,10.25703,1.388050000000001,,,9901.583203470043,7298.005889946375,9904.125156418846,7351.274312227865
142.1776217098,11.4782302505,3.429486,823,914,1,10.521,9.854,,30.6,-91.7,9.79397,0.5669500000000013,,823-914-1,236.1229293895194,-12355.082307213353,3.4284960533735576,,9.79397,0.5669500000000013,,,-9391.997949178633,-7938.888314269809,-9394.360291580097,-8028.063749609033
138.7408757533,16.0046023158,3.423491,1402,758,1,8.839,8.352,45387.0,-3.6,-10.5,8.30817,0.4139500000000001,45387.0,1402-758-1,-11677.089682566695,4051.8397608126315,3.429257692527289,8.3,8.3,0.446,79499.0,F5,10781.166461238903,-5976.526855454216,10783.823999082279,-6039.947752987998
139.1600202631,16.8417048692,3.430399,1402,347,1,12.043,11.94,,-17.9,-0.3,11.93073,0.0875499999999998,,1402-347-1,-10182.841744824966,7049.210911264978,3.436078707546028,,11.93073,0.0875499999999998,,,12029.672807501584,-2903.513380332166,12032.595599699687,-2932.2830023269717
141.6128247811,11.5034359256,3.437373,823,772,1,12.154,12.151,,-2.9,-7.0,12.15073,0.00255,,823-772-1,-1760.8097975508324,-12260.290464426333,3.436453392028548,,12.15073,0.00255,,,-7995.336337463856,-9348.362970067497,-7997.389239846554,-9458.167833235013
145.2631540487,13.3331765456,3.443016,827,1148,1,13.172,12.488,,-18.0,-7.7,12.42644,0.5814000000000009,,827-1148-1,11055.587215054307,-5591.240542389452,3.437266757534861,,12.42644,0.5814000000000009,,,-11519.192391293998,4518.319442851281,-11522.072585184093,4553.001517052615
138.9906924964,16.5790424033,3.432432,1402,624,1,11.529,10.688,,-17.7,-4.0,10.61231,0.7148499999999994,,1402-624-1,-10781.331999181464,6110.35464353404,3.4382225148019203,,10.61231,0.7148499999999994,,,11725.219234778828,-3963.1925944653676,11728.076142642823,-4003.2216449630087
141.0220962907,18.185207195,3.438538,1405,276,1,9.409,8.886,46100.0,-16.5,-12.2,8.83893,0.4445500000000012,46100.0,1405-276-1,-3731.978272621375,11831.018481190275,3.441873423751379,8.89,8.89,0.503,81085.0,G0,11321.172261310863,5028.036423144389,11324.015332968816,5066.294194800424
143.2927196376,18.1570144733,3.443319,1406,803,1,11.319,10.623,,-9.7,-15.0,10.56036,0.5916000000000012,,1406-803-1,4048.4254477168047,11731.29554198772,3.4431268595413624,,10.56036,0.5916000000000012,,,6081.118216957592,10743.769604718003,6082.743332501689,10817.267550083352
143.092329544,18.2224148844,3.447451,1406,599,1,12.739,12.303,,-8.8,5.2,12.26376,0.3705999999999999,,1406-599-1,3360.5872875653567,11964.0164881561,3.447787014371843,,12.26376,0.3705999999999999,,,6711.727639848367,10386.0125738644,6713.513295827831,10457.532054598667
145.1781059786,16.7048882817,3.459939,1410,439,1,12.167,11.598,,-5.5,3.0,11.54679,0.4836499999999992,,1410-439-1,10589.20451313578,6562.29279148798,3.456280973705778,,11.54679,0.4836499999999992,,,-2124.918396227053,12193.829194104726,-2125.496984546302,12275.06421453325
139.4123581626,12.6510740672,3.453973,825,680,1,12.213,12.202,,-21.1,-33.7,12.20101,0.0093499999999993,,825-680-1,-9493.928097295513,-8071.900049418525,3.4573394552452337,,12.20101,0.0093499999999993,,,269.39387338725027,-12298.554063480606,269.46744735653925,-12458.636699865594
139.0591947797,16.7321658819,3.452495,1402,170,1,11.53,11.087,,0.6,-4.9,11.04713,0.3765499999999996,,1402-170-1,-10536.2109425601,6659.115146308177,3.4580646861497137,,11.04713,0.3765499999999996,,,11972.680213955378,-3421.3357446547234,11975.592550858715,-3455.5373842178838
141.9545609852,18.3603259,3.456187,1406,1240,1,12.035,11.089,,-17.4,-20.4,11.00386,0.8040999999999997,,1406-1240-1,-536.7164790604438,12452.653218405414,3.4580766901490256,,11.00386,0.8040999999999997,,,9664.430801111097,7811.663921704864,9666.925760208242,7868.111787676711
139.7735937929,17.5386321633,3.454916,1405,973,1,12.929,12.146,,-25.7,-13.6,12.07553,0.6655499999999995,,1405-973-1,-8037.34633198502,9535.317664944467,3.4599034728018614,,12.07553,0.6655499999999995,,,12463.598299181382,321.066834461837,12466.636558439546,322.787780827323
140.2367215943,11.9586490533,3.463609,822,780,1,8.348,7.981,45855.0,-27.3,-11.2,7.94797,0.3119500000000007,45855.0,822-780-1,-6612.871799430724,-10595.740557980298,3.465209867006305,7.96,7.96,0.347,80582.0,F0,-3529.8018449442166,-11829.188619484543,-3530.7547530185893,-11980.549331386033
139.731471553,12.3177783853,3.46804,822,131,1,9.032,8.677,45695.0,-38.4,-9.7,8.64505,0.3017500000000003,45695.0,822-131-1,-8383.399062341074,-9285.091786949832,3.4706844587584658,8.63,8.63,0.363,80235.0,F2,-1374.6938159299343,-12274.328576813934,-1375.069038792079,-12433.965355794726
144.8666892215,12.6946792808,3.47628,827,1454,1,12.87,11.525,,-7.8,-8.7,11.40395,1.143249999999999,,827-1454-1,9691.707389706447,-7911.365905276793,3.470956492662481,,11.40395,1.143249999999999,,,-12348.026128750646,1977.0326903111877,-12351.059146644488,1992.5462531547428
138.5298265015,14.66266382,3.465849,825,1506,1,11.41,11.014,,-10.7,-1.6,10.97836,0.3366000000000007,,825-1506-1,-12487.945484061693,-775.3450125219935,3.4712998014778735,,10.97836,0.3366000000000007,,,7711.138927406142,-9735.924239179256,7713.13216840563,-9851.778238168235
139.2960980276,12.7655637127,3.467783,825,892,1,11.448,10.791,,-84.6,-24.2,10.73187,0.55845,,825-892-1,-9899.963544342449,-7654.102336946024,3.47179323582306,,10.73187,0.55845,,,851.2456541314011,-12324.191059667219,851.4782981705144,-12484.77254384309
141.281575152,18.28973233,3.473431,1405,1156,1,12.077,10.774,,-5.0,-4.8,10.65673,1.1075500000000007,,1405-1156-1,-2841.1244085189683,12204.186673395276,3.4764301152528327,,10.65673,1.1075500000000007,,,11008.64822423801,5935.755842094921,11011.436092658281,5980.170184958022
142.3960802964,11.4380675933,3.480564,823,890,1,10.729,9.972,,-58.1,-45.2,9.90387,0.6434499999999997,,823-890-1,1006.0677162295791,-12498.465108355314,3.47874447415087,,9.90387,0.6434499999999997,,,-10010.355130354019,-7464.915474764231,-10012.858883220568,-7547.61282122576
140.0261973461,12.07704011,3.478079,822,479,1,11.555,10.096,,1.9,3.0,9.96469,1.2401499999999996,,822-479-1,-7351.338009231284,-10162.503781230576,3.4797910815143016,,9.96469,1.2401499999999996,,,-2715.7063050125207,-12088.817220539497,-2716.4441272378936,-12244.982030737763
145.1468602056,13.0537874283,3.484666,827,529,1,7.519,6.999,47468.0,24.5,-113.9,6.9521999999999995,0.4420000000000004,47468.0,827-529-1,10661.913674624711,-6607.12182683836,3.4799213554991404,6.96,6.96,0.477,83683.0,F8,-12017.211304857017,3556.3739479435276,-12020.193637823571,3584.048960192759
145.0639161039,16.9182494089,3.483886,1410,246,1,11.735,11.153,,-13.8,21.5,11.10062,0.4946999999999991,,1410-246-1,10183.835036094626,7326.638940794366,3.4805796017823742,,11.10062,0.4946999999999991,,,-1284.4728485523449,12397.28061065533,-1284.823548522193,12479.55779105641
144.8397008478,12.6482314808,3.486232,827,325,1,12.334,12.129,,-4.7,3.9,12.11055,0.17425,,827-325-1,9598.789911771142,-8079.668449685645,3.480884852226449,,12.11055,0.17425,,,-12412.145108540419,1797.2468329409369,-12415.19091750495,1811.3101636841495
140.261607179,11.9252238889,3.479664,822,779,1,10.093,8.947,,-35.7,8.0,8.84386,0.9741000000000006,,822-779-1,-6526.2452826593135,-10716.526494251571,3.4810834521614415,,8.84386,0.9741000000000006,,,-3677.5957410812944,-11844.338965596078,-3678.5889492311026,-11995.991035926485
143.2741798318,11.6054480128,3.492128,824,344,1,12.109,12.009,,10.4,-14.6,12.0,0.0849999999999997,,824-344-1,4109.339100216962,-11884.992669205867,3.4888376163869004,,12.0,0.0849999999999997,,,-11612.123380672876,-4770.875806045443,-11614.963359031839,-4819.994269291376
141.4390276794,18.3347896528,3.486581,1406,302,1,12.496,11.693,,-2.1,-17.5,11.62073,0.6825500000000007,,1406-302-1,-2301.341471977716,12364.43280898507,3.489229902706496,,11.62073,0.6825500000000007,,,10770.054540976089,6442.415588832418,10772.795556932251,6490.165417544512
145.7181109553,15.1038490333,3.494907,1410,725,1,12.062,11.124,,10.7,-24.4,11.03958,0.797299999999999,,1410-725-1,12552.026593621471,817.1211230524767,3.489732534704873,,11.03958,0.797299999999999,,,-7722.410048912275,9858.895264272245,-7724.4514784940175,9927.432089574275
138.7479955663,16.20196291,3.48391,1402,685,1,11.469,11.06,,-21.8,-27.6,11.02319,0.347649999999999,,1402-685-1,-11642.116906051428,4762.854569089581,3.489761259408992,,11.02319,0.347649999999999,,,11289.433059437228,-5484.156829318934,11292.206141281458,-5541.63785926795
141.0680297814,11.5663510755,3.490076,823,1015,1,12.03,11.298,,-29.4,-8.0,11.23212,0.6221999999999994,,823-1015-1,-3686.0711807947246,-12027.855728226465,3.4901216721446393,,11.23212,0.6221999999999994,,,-6543.381176155075,-10613.168626821449,-6545.10094033625,-10743.281056070753
141.9206739793,11.4187041725,3.493117,823,474,1,9.291,8.801,46398.0,-57.8,-8.1,8.7569,0.4165000000000001,46398.0,823-474-1,-674.5645470893122,-12567.745089920896,3.491736244670825,8.8,8.8,0.427,81708.0,F8,-8946.328780755783,-8749.33432574518,-8948.60467121935,-8850.182394259187
141.3638239432,11.4858484925,3.496477,823,757,1,10.894,9.752,,-7.1,-96.3,9.64922,0.9706999999999996,,823-757-1,-2641.1960700227946,-12324.321603009335,3.4968071632943856,,9.64922,0.9706999999999996,,,-7458.689154520409,-10038.243786193225,-7460.62782395566,-10158.929674287949
138.9636154501,16.6529657847,3.491095,1402,753,1,12.334,10.959,,-15.8,-1.1,10.83525,1.16875,,1402-753-1,-10871.22541014213,6378.595396089515,3.496864266331872,,10.83525,1.16875,,,11985.408192609444,-3853.4302280558454,11988.32772935796,-3892.3025831298655
145.1282944154,12.9926516567,3.50297,827,283,1,11.127,10.48,,-18.0,-25.8,10.42177,0.5499500000000002,,827-283-1,10598.430902611744,-6826.165915479811,3.497448884640909,,10.42177,0.5499500000000002,,,-12138.801693300364,3364.887189715501,-12141.810106637331,3391.1245977485673
140.700983339,18.1320158,3.494582,1405,418,1,9.418,7.839,45992.0,14.0,-7.2,7.696890000000001,1.342149999999999,45992.0,1405-418-1,-4832.91401146633,11646.454769466318,3.4982576072792293,7.69,7.69,1.346,80888.0,K0,11914.148608781501,4089.0227623007054,11917.117518282877,4120.591777267706
145.3594347463,13.3822997117,3.504325,827,1236,1,12.087,11.69,,-2.8,-13.0,11.65427,0.3374500000000002,,827-1236-1,11391.760533072302,-5409.782233025324,3.4987073386133956,,11.65427,0.3374500000000002,,,-11606.731358282821,4887.60156338436,-11609.642861538556,4924.849691021197
145.5481821092,13.8246462433,3.506338,834,368,1,12.061,11.284,,-48.6,-36.6,11.21407,0.6604499999999993,,834-368-1,12029.194071994316,-3805.630017491321,3.5003130662319886,,11.21407,0.6604499999999993,,,-10830.80480512622,6419.114814486624,-10833.56069457105,6466.706466879555
142.1342799157,11.4029858889,3.504332,823,1225,1,11.382,10.638,,-8.4,-1.9,10.57104,0.6323999999999997,,823-1225-1,81.92987248881352,-12624.581488175896,3.5025325583388076,,10.57104,0.6323999999999997,,,-9491.066139301496,-8228.991739934414,-9493.462923589745,-8322.315301286504
138.8323675135,13.4340723792,3.498643,825,1137,1,13.396,11.334,,-4.4,-0.3,11.14842,1.752700000000001,,825-1137-1,-11495.854298600478,-5221.76302368414,3.502912908913527,,11.14842,1.752700000000001,,,3728.8424032793714,-11909.86580739282,3729.851102648102,-12062.739567869368
144.5946905818,17.4738115042,3.50721,1410,28,1,11.201,10.438,,9.0,-4.9,10.36933,0.6485499999999998,,1410-28-1,8541.656771737042,9308.378287003796,3.5049324057557087,,10.36933,0.6485499999999998,,,1287.0341267269696,12485.036479645072,1287.385947612655,12567.754141532763
144.075269403,17.8623373756,3.507585,1413,39,1,12.256,11.706,,-3.0,-6.2,11.6565,0.4675000000000006,,1413-39-1,6741.086638065977,10690.099393817676,3.506188083706811,,11.6565,0.4675000000000006,,,3515.205493001052,12058.566585942626,3516.1610016831887,12139.072696126957
138.4825482272,14.9532222355,3.500816,825,336,1,11.282,10.597,,-34.9,-19.0,10.53535,0.5822500000000004,,825-336-1,-12636.779041025517,274.67417567797503,3.506660554253065,,10.53535,0.5822500000000004,,,8594.838018877324,-9158.79885155809,8597.03843859525,-9265.77360611625
143.5929979986,11.7075963639,3.511728,824,1228,1,12.066,11.589,,2.1,-5.8,11.54607,0.4054500000000002,,824-1228-1,5233.37385137672,-11510.459396762177,3.5079219499403647,,11.54607,0.4054500000000002,,,-12078.429064771668,-3693.7183783561195,-12081.36977352183,-3730.8687712405103
141.0952349244,18.2758371917,3.504968,1405,816,1,12.511,11.55,,-0.6,-6.6,11.46351,0.8168499999999987,,1405-816-1,-3479.4337016501754,12157.143964336046,3.5081816309903426,,11.46351,0.8168499999999987,,,11397.271031240767,5430.693397278282,11400.143883215014,5471.684173612772
139.0773022823,16.8543298456,3.503355,1402,1154,1,12.347,11.933,,-3.3,-13.6,11.89574,0.3518999999999997,,1402-1154-1,-10467.70130898878,7098.723143309546,3.5088603481416,,11.89574,0.3518999999999997,,,12255.801291625476,-3081.719146340256,12258.780476312906,-3112.3852899555895
145.654272061,14.1606250117,3.515386,834,563,1,11.792,11.567,,-16.6,-0.6,11.54675,0.1912499999999997,,834-563-1,12382.885423856935,-2587.3512146254366,3.5095779164840155,,11.54675,0.1912499999999997,,,-10154.94908251631,7485.7718117485565,-10157.561661169997,7540.17100785679
142.2156631409,18.4154203694,3.509815,1406,573,1,12.566,11.945,,-4.0,-7.4,11.88911,0.5278500000000004,,1406-573-1,357.29359781135463,12651.97177492662,3.511434802348305,,11.88911,0.5278500000000004,,,9219.866268261603,8607.654532839466,9222.2679412384,8668.899729987752
140.7304248076,18.1615864944,3.511134,1405,807,1,11.506,10.837,,-31.9,-14.8,10.77679,0.5686500000000004,,1405-807-1,-4732.540402187857,11752.319334080617,3.514864698129013,,10.77679,0.5686500000000004,,,11926.639205337025,4233.338528798321,11929.614737857088,4265.939591091875
138.516950811,15.492662325,3.51212,1401,766,1,12.034,11.95,,12.7,-20.7,11.94244,0.0714000000000012,,1401-766-1,-12484.03688868535,2218.0362406276085,3.5176694051115467,,11.94244,0.0714000000000012,,,9946.109189856565,-7774.091956688432,9948.606289345124,-7861.0492112948
138.9489019939,13.1838876686,3.513657,825,1117,1,11.703,11.136,,-13.4,-6.7,11.084969999999998,0.4819500000000001,,825-1117-1,-11099.545312109985,-6129.8503926867115,3.5177142572071474,,11.084969999999998,0.4819500000000001,,,2786.963470126941,-12210.975236955757,2787.7230446044127,-12369.461273591956
145.2931615945,13.2095619053,3.528584,827,1159,1,11.977,10.654,47513.0,-658.7,-144.7,10.53493,1.1245500000000004,47513.0,827-1159-1,11150.365853693662,-6039.751371662263,3.5180883504720875,10.38,10.38,1.49,,M2,-11917.37665102074,4292.995736884859,-11920.351321875767,4326.023539669782
144.2616262752,12.0760160931,3.522835,824,1518,1,11.373,10.728,,-18.3,-20.9,10.66995,0.5482499999999996,,824-1518-1,7582.859318798844,-10164.74702805476,3.5182256359832595,,10.66995,0.5482499999999996,,,-12632.364560315418,-1069.7419237853005,-12635.433787572543,-1080.5788230925746
139.1073111414,12.934383918,3.515444,825,999,1,11.793,10.79,,-50.3,-77.9,10.69973,0.85255,,825-999-1,-10555.722209367377,-7038.8104368164095,3.5198213686494144,,10.69973,0.85255,,,1746.5048456045895,-12404.320354214373,1746.9832067859768,-12566.47020455524
140.7995265571,18.1971693433,3.519961,1405,1569,1,11.939,10.948,,-46.7,-0.4,10.85881,0.8423499999999997,,1405-1569-1,-4495.307278092307,11879.521975697977,3.5237747270079205,,10.85881,0.8423499999999997,,,11864.215627603362,4493.3281106728955,11867.181925166258,4527.783458887264
138.6469739904,13.81263811,3.524602,825,817,1,12.331,11.234,,-4.2,-34.2,11.13527,0.9324499999999996,,825-817-1,-12126.04878935865,-3848.0501066221773,3.5294099167097186,,11.13527,0.9324499999999996,,,5174.044903708848,-11476.62356370459,5175.430430719871,-11621.680976595386
141.9213983397,11.38081351,3.530925,823,950,1,11.28,10.775,,-21.9,-9.1,10.72955,0.4292499999999991,,823-950-1,-671.1603952007803,-12704.691904611873,3.529530678160225,,10.72955,0.4292499999999991,,,-9050.950932569687,-8836.413548952716,-9053.256663282662,-8938.579107214344
141.5424228631,11.4099475008,3.539934,823,1157,1,12.305,11.392,,-2.4,-12.9,11.30983,0.7760500000000002,,823-1157-1,-2010.4689810163236,-12597.781886208199,3.539157904497368,,11.30983,0.7760500000000002,,,-8081.841843179323,-9752.771217792104,-8083.931884619437,-9868.948234788815
145.1029669508,16.9686428678,3.543548,1410,65,1,9.829,9.118,47455.0,-30.0,-74.0,9.05401,0.6043500000000003,47455.0,1410-65-1,10315.888553315439,7507.9824475923415,3.539605399545618,9.08,9.08,0.66,,G0,-1236.591734280479,12615.345167825511,-1236.9303698760002,12698.714908913327
145.377985705,13.3263851044,3.545467,827,113,1,13.193,11.467,,-6.3,-0.8,11.31166,1.4670999999999992,,827-113-1,11459.812113069262,-5610.32978719684,3.539776050028134,,11.31166,1.4670999999999992,,,-11801.819069125488,4805.8999426894625,-11804.77764001906,4842.552927709248
141.9170821783,11.3684549167,3.543495,823,532,1,11.527,10.51,,-16.3,-4.4,10.41847,0.8644499999999995,,823-532-1,-686.3108586296495,-12749.21678537414,3.5420574425235594,,10.41847,0.8644499999999995,,,-9074.172644844437,-8876.700551310129,-9076.485777087923,-8979.474214755803
143.3424440677,11.57153856,3.546259,824,756,1,11.375,10.714,,5.4,-2.8,10.65451,0.5618499999999996,,824-756-1,4351.11010781051,-12006.164968345858,3.54277914490736,,10.65451,0.5618499999999996,,,-11863.212573104636,-4671.672630867143,-11866.112814995178,-4719.695231604803
144.1207589372,11.94929758,3.548333,824,300,1,11.856,11.86,,-43.7,-17.0,11.86036,-0.0033999999999996,,824-300-1,7089.204051336916,-10626.046051734716,3.543748824795542,,11.86036,-0.0033999999999996,,,-12649.44244611774,-1738.7938040941385,-12652.514180180167,-1756.005038551636
143.4855458802,11.6212339653,3.549782,824,880,1,11.819,10.671,,-21.5,-34.9,10.56768,0.9758000000000012,,824-880-1,4855.08618011671,-11825.154054352242,3.546309103554389,,10.56768,0.9758000000000012,,,-12062.507626667615,-4180.185829917808,-12065.449922579293,-4222.682606028734
138.5967799161,13.9040320858,3.543189,825,513,1,12.015,11.145,,-45.1,7.7,11.0667,0.7395000000000008,,825-513-1,-12298.01988943063,-3514.6868077650774,3.548345351399275,,11.0667,0.7395000000000008,,,5537.3976548666915,-11385.427876551119,5538.877484162006,-11528.883413971645
145.6018234205,13.8299304725,3.55407,834,26,1,12.995,12.286,,-0.9,-9.3,12.22219,0.6026499999999997,,834-26-1,12218.328473353415,-3783.0992488416,3.5484002382309145,,12.22219,0.6026499999999997,,,-10939.52492564695,6574.50211679976,-10942.313027737648,6623.079058289501
139.5832076472,17.4979714708,3.546494,1402,1459,1,12.472,11.085,,9.7,-19.1,10.960170000000002,1.1789499999999988,,1402-1459-1,-8693.329691999534,9396.721797763774,3.5513517468486056,,10.960170000000002,1.1789499999999988,,,12795.51507748258,-256.2842600455783,12798.62931478073,-259.71010994365105
138.6686665182,16.22852176,3.56455,1402,848,1,11.702,10.895,,0.4,-0.2,10.82237,0.6859500000000003,,1402-848-1,-11915.206629425078,4863.935777574335,3.5702974526750557,,10.82237,0.6859500000000003,,,11546.292365610228,-5619.525567957218,11549.131771344333,-5678.694885128653
139.2744643429,12.63444513,3.567137,825,932,1,11.198,10.134,,-22.2,-2.6,10.03824,0.9044,,825-932-1,-9980.486589749185,-8125.95550963288,3.570418337539445,,10.03824,0.9044,,,552.0068898182725,-12690.601123676068,552.1592467227943,-12858.31970667075
145.6154084578,13.788352868,3.57978,834,1045,1,12.283,12.247,,-35.4,14.9,12.24376,0.0305999999999996,,834-1045-1,12267.419808037632,-3931.753012318409,3.573717004322346,,12.24376,0.0305999999999996,,,-11083.234246371467,6512.9045875907295,-11086.057351966832,6561.06720628701
138.4747859768,14.274425155,3.570073,825,633,1,10.892,10.356,,-1.0,-12.6,10.30776,0.4555999999999996,,825-633-1,-12702.925041880597,-2172.7900972421266,3.5751885783336625,,10.30776,0.4555999999999996,,,6809.264246067491,-10807.054355228614,6811.061412688667,-10940.510219313277
139.5628174322,12.3262534375,3.573077,822,135,1,11.493,10.56,,-9.2,5.7,10.47603,0.7930499999999998,,822-135-1,-8977.05771892521,-9248.632810701787,3.5756120856076152,,10.47603,0.7930499999999998,,,-953.3172477160658,-12685.983033454011,-953.5803395130786,-12853.616560805023
138.9771353823,16.8311314431,3.571418,1402,843,1,11.885,11.727,,-4.2,1.7,11.71278,0.1342999999999995,,1402-843-1,-10815.09514813779,7020.806916570475,3.5770419681882495,,11.71278,0.1342999999999995,,,12428.193838935413,-3389.9117632781054,12431.217531150354,-3423.863828521069
144.4639352092,17.6812182756,3.580297,1413,444,1,12.348,11.317,,-8.4,-17.6,11.22421,0.8763500000000005,,1413-444-1,8083.092140421601,10051.140057288469,3.578155331433569,,11.22421,0.8763500000000005,,,2146.658457749333,12634.691645424748,2147.2464946225773,12718.141668227518
145.5073677276,16.3654801956,3.585771,1410,157,1,12.831,11.554,,-6.2,-0.4,11.43907,1.0854499999999994,,1410-157-1,11747.026089967017,5355.984717557533,3.5815581837999133,,11.43907,1.0854499999999994,,,-3795.2577163090295,12258.157782471122,-3796.29217447245,12339.666121055161
138.7532387916,13.4134924266,3.576936,825,1149,1,12.108,11.435,,-57.5,-5.3,11.37443,0.5720500000000001,,825-1149-1,-11776.398267985218,-5292.390330407727,3.5817056028419474,,11.37443,0.5720500000000001,,,3862.293545053842,-12161.773707991875,3863.3450705176683,-12319.395944676418
143.3618638213,18.285830493,3.586678,1406,1045,1,8.971,8.536,46900.0,-43.0,13.9,8.49685,0.3697500000000004,46900.0,1406-1045-1,4281.9037543288905,12199.020977811311,3.5866084013603916,8.48,8.48,0.401,82604.0,F2,6275.715832854896,11226.383342452536,6277.403596544241,11302.434103524292
138.608418868,16.1305667058,3.584697,1401,114,1,9.816,9.358,,4.3,-23.5,9.31678,0.3893000000000001,,1401-114-1,-12129.65593000283,4513.466245653329,3.5903422281242094,,9.31678,0.3893000000000001,,,11426.685581965676,-6007.83869320026,11429.504014164928,-6071.768154425177
140.8813117228,11.5192067842,3.591426,823,1135,1,12.108,10.935,,-5.7,-1.5,10.82943,0.99705,,823-1135-1,-4346.275344893436,-12195.403261034671,3.5916037772126606,,10.82943,0.99705,,,-6230.29305589558,-11207.78895396348,-6231.951658330079,-11348.160582276072
145.8279085094,15.0043736516,3.597772,1410,696,1,11.656,10.807,,-76.5,-78.9,10.73059,0.7216500000000001,,1410-696-1,12938.749534979728,463.24105438955115,3.591687783652573,,10.73059,0.7216500000000001,,,-8243.66705648493,9912.783922363089,-8245.84804273418,9981.574117319766
138.7829074889,16.5372826616,3.589476,1402,505,1,11.003,10.254,,-63.8,-35.3,10.18659,0.6366500000000005,,1402-505-1,-11504.079160580037,5970.388210875539,3.59557023003377,,10.18659,0.6366500000000005,,,12100.422453605774,-4589.4218601623315,12103.37982335978,-4636.547160650969
144.2895005244,17.83510293,3.600335,1413,454,1,11.085,9.608,,-5.0,-6.6,9.47507,1.2554500000000002,,1413-454-1,7477.886284066203,10599.91017041897,3.5986376637376267,,9.47507,1.2554500000000002,,,2958.6348659666332,12547.075132438848,2959.4444052981444,12630.06602161389
141.0513250115,11.4570998367,3.599507,823,1222,1,14.582,12.257,,2.1,4.8,12.04775,1.976250000000001,,823-1222-1,-3746.1333694816567,-12422.045157536473,3.599318444680214,,12.04775,1.976250000000001,,,-6798.141914803518,-10914.645243235133,-6799.940311008802,-11049.956239032788
138.6594998681,13.5769865894,3.595083,825,1015,1,12.094,11.578,,-14.7,5.8,11.53156,0.4386,,825-1015-1,-12095.536071742716,-4697.694443684722,3.5996340913800515,,11.53156,0.4386,,,4518.686373440937,-12008.308410937516,4519.911986155913,-12163.088488803398
143.8526594024,11.7271541317,3.605917,824,1113,1,10.955,10.187,,-9.4,3.3,10.11788,0.6528000000000006,,824-1113-1,6149.953125176826,-11434.292332196901,3.6017086323421053,,10.11788,0.6528000000000006,,,-12630.021970959646,-2965.462754891355,-12633.092077377785,-2994.9873362847998
138.4586807017,14.2108873383,3.597668,825,631,1,10.686,8.755,45295.0,-1.0,-4.2,8.58121,1.6413499999999992,45295.0,825-631-1,-12763.076234274578,-2400.857419299911,3.602723585468241,8.56,8.56,1.69,79319.0,R4,6678.716090816167,-11000.154368230495,6680.48612467665,-11136.935684815344
139.7451206646,17.7053720142,3.600112,1405,943,1,7.2,6.67,45699.0,-131.0,-130.7,6.6223,0.4505000000000002,45699.0,1405-943-1,-8131.788973295027,10135.480882510688,3.6047866916062543,6.61,6.61,0.487,80218.0,F5,12974.910905037303,646.2944561818312,12978.078533451788,650.7243698392106
145.5668545872,16.29389779,3.610647,1410,704,1,10.522,10.146,,-13.7,-6.0,10.11216,0.3195999999999995,,1410-704-1,11957.047668898344,5101.0494779083865,3.6062526825857777,,10.11216,0.3195999999999995,,,-4125.24452269786,12245.966520741838,-4126.368782287805,12327.399377197797
145.5518179617,13.5291439422,3.613675,834,1079,1,9.198,8.622,47589.0,0.9,-35.2,8.57016,0.4896000000000004,47589.0,834-1079-1,12059.774370910442,-4871.39271700255,3.608135033162247,8.58,8.58,0.503,83966.0,F5,-11647.764943645494,5738.811164401927,-11650.709835125966,5781.8323408960805
144.3325675183,12.01222591,3.615365,824,930,1,12.734,11.186,,-4.7,-5.4,11.04668,1.3158,,824-930-1,7835.898190975562,-10392.695536594078,3.610695256928882,,11.04668,1.3158,,,-12970.747298190086,-1032.2129102123788,-12973.899529823648,-1042.761701308589
140.743707109,11.54819326,3.611024,823,796,1,12.779,12.441,,-5.4,-14.4,12.41058,0.2872999999999993,,823-796-1,-4832.111000695004,-12088.808647901027,3.6115366208056687,,12.41058,0.2872999999999993,,,-5828.064522707416,-11495.157664697528,-5829.626183773455,-11640.620679588772
140.8539088071,18.3127668639,3.610527,1405,1044,1,12.855,11.072,,-0.6,-11.0,10.91153,1.515550000000001,,1405-1044-1,-4305.356019331654,12295.586413940428,3.61396856158347,,10.91153,1.515550000000001,,,12049.097915164224,4908.770027693173,12052.12155754617,4946.09964295133
145.6796927488,13.8487752233,3.620196,834,1089,1,11.912,11.733,,41.5,-70.8,11.71689,0.1521500000000002,,834-1089-1,12491.585787692173,-3712.7112844105554,3.6150982742475173,,11.71689,0.1521500000000002,,,-11068.318724766208,6823.978047204463,-11071.147115812284,6874.128462045603
143.388699128,11.5104652711,3.619083,824,1977,1,12.833,12.258,,-32.6,-26.8,12.20625,0.4887500000000009,,824-1977-1,4514.853659585987,-12226.759198428123,3.615667253588635,,12.20625,0.4887500000000009,,,-12136.813860758388,-4695.41025800205,-12139.781859002489,-4743.758054502715
143.0827275887,11.4143573544,3.62008,824,1782,1,10.849,10.246,,-4.6,-13.9,10.19173,0.5125499999999997,,824-1782-1,3435.476298973925,-12577.966629388951,3.617048874520307,,10.19173,0.5125499999999997,,,-11682.715408677783,-5723.539318708401,-11685.590861508555,-5784.004507973954
138.700785864,16.4287609211,3.613991,1402,1791,1,11.18,10.068,,17.6,0.4,9.96792,0.9452,,1402-1791-1,-11792.281280380574,5584.487917201999,3.6195588872680746,,9.96792,0.9452,,,12003.297027683786,-5055.778533633665,12006.238287194989,-5108.291816652844
144.8320953348,12.4286135311,3.627891,824,44,1,9.462,9.137,,-4.4,16.0,9.10775,0.2762499999999994,,824-44-1,9581.70351356429,-8872.400950872196,3.622570111776101,,9.10775,0.2762499999999994,,,-12993.36821007651,1262.5044601452657,-12996.548913930303,1272.1073786080644
144.7846352395,17.4679934272,3.629971,1410,230,1,9.152,8.661,47375.0,-32.3,-17.0,8.61681,0.4173499999999997,47375.0,1410-230-1,9194.88661388737,9295.892216707203,3.6271330418360583,8.63,8.63,0.47,83478.0,F,844.0296184465376,12962.769608926415,844.2618598904473,13047.864724115467
138.3585168302,15.038973415,3.622103,1401,69,1,12.856,10.779,,-1.7,-11.7,10.59207,1.76545,,1401-69-1,-13063.680535566818,591.3182824237718,3.6276604558145253,,10.59207,1.76545,,,9114.937616165462,-9265.977061694164,9117.275951837577,-9374.683230089482
143.1047833359,18.4059934411,3.627334,1406,190,1,11.286,10.177,,-21.6,12.8,10.07719,0.94265,,1406-190-1,3399.929898631536,12627.75489716948,3.627769522776447,,10.07719,0.94265,,,7181.723878457672,10853.707150294631,7183.6462966970585,10927.71444276192
141.8479590008,18.5252240917,3.626444,1406,1171,1,12.216,12.032,,8.8,-14.9,12.01544,0.1563999999999993,,1406-1171-1,-900.2331795791205,13049.109943001851,3.628509618742365,,12.01544,0.1563999999999993,,,10351.603063520755,7935.291260866017,10354.279781584297,7992.407665205803
138.4071917192,15.5358604694,3.623415,1401,2047,1,12.431,11.25,,-12.7,-9.4,11.14371,1.0038499999999992,,1401-2047-1,-12864.297958435527,2380.649293895705,3.6292283082913404,,11.14371,1.0038499999999992,,,10320.109226011831,-7947.9106105207,10322.706594152067,-8037.374048468265
145.0135432131,12.6191346267,3.634868,827,153,1,12.476,11.748,,-20.5,-4.7,11.68248,0.6188000000000012,,827-153-1,10212.217228935217,-8178.323532181345,3.629404921265036,,11.68248,0.6188000000000012,,,-12893.13796891616,2187.3494693681223,-12896.309674136173,2204.439456364119
138.786683577,16.6208638883,3.624517,1402,433,1,10.525,10.175,,-3.0,-24.1,10.1435,0.2974999999999997,,1402-433-1,-11484.874496345092,6272.026832619575,3.6301059187609264,,10.1435,0.2974999999999997,,,12313.14704553518,-4377.125164185774,12316.153621093414,-4421.880003745185
145.7723137914,14.1181970433,3.636421,834,1011,1,9.641,9.022,,-18.6,-5.7,8.96629,0.5261499999999998,,834-1011-1,12798.906074936627,-2734.1615259199957,3.6306024419059746,,8.96629,0.5261499999999998,,,-10540.8748394367,7698.0727784691335,-10543.593455367,7753.7263952769335
143.3026312663,11.4647484422,3.634347,824,558,1,11.817,10.514,,-9.4,-13.4,10.39673,1.1075500000000007,,824-558-1,4212.0758942071925,-12392.915885682893,3.6310073574712463,,10.39673,1.1075500000000007,,,-12059.993118999377,-5028.2748286486585,-12062.94787151725,-5080.475975460849
143.9698008099,18.0710139633,3.633788,1406,836,1,11.667,10.346,,-11.4,-4.0,10.22711,1.1228499999999997,,1406-836-1,6372.3167435643745,11440.153083488898,3.6326723004938914,,10.22711,1.1228499999999997,,,4320.665678325824,12279.844217062458,4321.843767827477,12361.43962896158
138.9204882392,16.849579175,3.627141,1402,77,1,11.488,10.887,,-22.1,-9.0,10.83291,0.5108499999999992,,1402-77-1,-11010.45542822911,7090.227818269583,3.6328617630734503,,10.83291,0.5108499999999992,,,12609.784950526611,-3488.7859942477257,12612.854028191212,-3523.8292404034064
138.4119851736,14.2757137167,3.629683,825,530,1,11.772,11.461,,10.0,-29.1,11.43301,0.2643499999999999,,825-530-1,-12922.488892492362,-2165.1213622563496,3.6347310346891857,,11.43301,0.2643499999999999,,,6960.756804240682,-10963.400810462876,6962.600295691854,-11099.579578178651
144.1840271258,11.8772657344,3.642543,824,919,1,11.707,11.304,,-23.3,-4.6,11.26773,0.3425500000000004,,824-919-1,7315.560355046329,-10884.230281553846,3.637954084435858,,11.26773,0.3425500000000004,,,-12992.71158924488,-1740.9198361710132,-12995.86732647798,-1758.2163014841117
141.2902329978,18.4595040433,3.637125,1405,1571,1,12.463,11.424,,6.8,-14.8,11.33049,0.8831499999999998,,1405-1571-1,-2808.9144811103647,12817.255035069651,3.6399379929609035,,11.33049,0.8831499999999998,,,11445.509651939694,6364.216675579499,11448.421060375611,6411.371336972943
139.81996556,12.0268085039,3.638118,822,475,1,10.688,10.38,,0.0,9.5,10.35228,0.2617999999999998,,822-475-1,-8081.1132453019445,-10337.926743527965,3.63999168876525,,10.35228,0.2617999999999998,,,-2362.3302383757473,-12738.388657795189,-2362.983213967879,-12907.107769305045
140.6222233642,11.5655068083,3.640144,823,274,1,13.132,11.398,,12.8,-29.4,11.24194,1.4739,,823-274-1,-5260.685727812486,-12024.509610566887,3.6409037262909547,,11.24194,1.4739,,,-5495.467000733502,-11767.94974969881,-5496.949071716346,-11918.355448818687
144.0223228234,11.7746047978,3.645685,824,1532,1,11.923,10.987,,-38.8,-7.6,10.90276,0.7956,,824-1532-1,6747.225327286306,-11259.255362466016,3.6412434502136857,,10.90276,0.7956,,,-12895.71795526445,-2408.3117271762753,-12898.85065168867,-2432.1868348941325
139.8062202364,12.0331281475,3.641297,822,804,1,11.043,10.306,,23.0,-4.5,10.239669999999998,0.6264500000000001,,822-804-1,-8128.797595588716,-10315.075636768697,3.6431636132359655,,10.239669999999998,0.6264500000000001,,,-2313.5925882537676,-12758.469911113278,-2314.232444528171,-12927.58538687732
140.9129831863,11.4548384944,3.642073,823,946,1,11.413,10.476,,-18.4,-107.2,10.39167,0.7964499999999994,,823-946-1,-4235.911421502662,-12431.295283531805,3.6431837545576937,,10.39167,0.7964499999999994,,,-6479.882711783976,-11280.598160192974,-6481.610778420271,-11422.292664533159
143.2353551467,18.3859726367,3.643261,1406,971,1,11.789,11.113,,-7.7,-9.3,11.05216,0.5746000000000001,,1406-971-1,3847.654451517662,12557.437023541175,3.643327222043743,,11.05216,0.5746000000000001,,,6831.916811417564,11140.213348155194,6833.752291018339,11215.770103006209
145.7701014499,15.8332525175,3.652823,1410,35,1,11.842,10.233,,-12.8,-18.9,10.08819,1.36765,,1410-35-1,12689.397484292429,3451.0632185898367,3.6479266597649964,,10.08819,1.36765,,,-5844.766537393057,11700.702008127106,-5846.348181962382,11779.255442868029
138.372825329,15.4521575606,3.643404,1401,796,1,11.541,10.7,,11.4,-71.9,10.62431,0.7148500000000009,,1401-796-1,-12988.406160189717,2079.13133299673,3.648882025261425,,10.62431,0.7148500000000009,,,10177.11477540616,-8236.838568243757,10179.68602261634,-8330.394598267969
143.3710721693,18.350218985,3.650228,1406,957,1,12.098,11.204,,-7.8,9.9,11.12354,0.7599000000000001,,1406-957-1,4313.062690107016,12431.806886729872,3.650257801215972,,11.12354,0.7599000000000001,,,6429.026569629231,11403.347344712973,6430.759653773131,11480.3163071904
145.2811666217,16.9137025986,3.653997,1410,197,1,12.171,11.823,,1.6,-3.1,11.79168,0.2957999999999991,,1410-197-1,10935.105823436534,7321.2683717131,3.6505224619980265,,11.79168,0.2957999999999991,,,-1787.2416348055983,12952.663660532357,-1787.733357700221,13037.69609180126
139.3043048617,17.36697292,3.645449,1402,415,1,13.641,12.062,,-4.9,6.1,11.91989,1.3421500000000004,,1402-415-1,-9660.074836058697,8937.826038293186,3.6507775648949945,,11.91989,1.3421500000000004,,,13094.32774779046,-1274.4095729565254,13097.509305459458,-1287.2568207037582
142.5752938429,18.5309710708,3.651579,1406,55,1,13.036,10.951,,-3.1,-1.1,10.76335,1.7722499999999992,,1406-55-1,1587.15481456003,13071.71570233664,3.652742842596548,,10.76335,1.7722499999999992,,,8717.08513002547,9799.059338477491,8719.388405215872,9867.171714684984
139.1951185216,17.2518448097,3.649149,1402,581,1,12.54,11.366,,-4.3,-3.7,11.26034,0.9978999999999996,,1402-581-1,-10041.82644097526,8527.51781345119,3.654507508293539,,11.26034,0.9978999999999996,,,13041.074249113828,-1827.0113700092325,13044.241779656615,-1845.154390087511
141.6821157064,11.2718820619,3.658562,823,410,1,11.82,11.121,,1.0,-30.7,11.05809,0.5941499999999998,,823-410-1,-1517.4149746975352,-13098.075112959534,3.657711465762752,,11.05809,0.5941499999999998,,,-8783.137909514193,-9716.819426126838,-8785.408567895407,-9832.533557802648
142.4193563326,11.2598054375,3.66018,823,694,1,11.72,10.439,,2.1,-3.9,10.32371,1.0888500000000003,,823-694-1,1090.8574284135555,-13141.500944178253,3.657993617548313,,10.32371,1.0888500000000003,,,-10547.294771906709,-7823.48153523893,-10549.945353221538,-7911.236947469241
144.9264227653,17.3689386011,3.660808,1410,18,1,10.67,10.81,,-6.6,1.4,10.8226,-0.1190000000000004,,1410-18-1,9688.479759499247,8945.779158045198,3.6580417415329967,,10.8226,-0.1190000000000004,,,254.64257750178783,13098.646757966468,254.71277601819895,13184.41224311789
139.1769904584,17.2382270838,3.654039,1402,106,1,10.326,9.394,,55.2,-37.0,9.31012,0.7922000000000003,,1402-106-1,-10103.417972054516,8478.389827920237,3.658760661469558,,9.31012,0.7922000000000003,,,13045.242501121687,-1904.9239408491585,13048.41104518696,-1923.828991376347
145.8909860236,15.1719747714,3.665361,1410,272,1,11.571,11.386,,-2.0,1.1,11.36935,0.1572500000000004,,1410-272-1,13150.597551345807,1073.6589780435315,3.660111299897441,,11.36935,0.1572500000000004,,,-7928.024311480962,10473.4287029648,-7930.1365202897005,10545.325709913623
140.5986526298,18.2687096378,3.65856,1405,224,1,12.888,12.051,,5.4,-39.2,11.97567,0.7114499999999998,,1405-224-1,-5180.660849378647,12142.245971740833,3.6620232408502984,,11.97567,0.7114499999999998,,,12515.612988550602,4157.859494393442,12518.73441800583,4189.829667895329
145.8082182646,15.75071023,3.669232,1410,637,1,11.193,10.161,,-17.0,-12.7,10.06812,0.8772,,1410-637-1,12826.76055140837,3155.7894530813314,3.664237701114095,,10.06812,0.8772,,,-6156.670580845311,11607.823961463273,-6158.334664201083,11685.876410395867
138.5177946759,13.7609646725,3.659912,825,1017,1,12.495,11.411,,-45.7,-15.9,11.31344,0.9213999999999996,,825-1017-1,-12583.389112079261,-4027.3079193978087,3.6650344708047,,11.31344,0.9213999999999996,,,5343.6621784527615,-11929.278856910778,5345.10900697134,-12082.661144269396
141.2876382766,18.4850595689,3.662596,1405,163,1,12.694,11.515,,-18.4,-14.9,11.40889,1.00215,,1405-163-1,-2818.126599149654,12909.659777792765,3.6654559645162497,,11.40889,1.00215,,,11520.694803029422,6418.352412803791,11523.627038076294,6465.846657206692
141.4561795679,18.5173139667,3.663269,1406,1168,1,12.163,12.073,,-7.0,-8.0,12.0649,0.0764999999999998,,1406-1168-1,-2240.8248011176806,13024.078104061387,3.6659453451713175,,12.0649,0.0764999999999998,,,11222.936187274627,6922.706429864451,11225.807246702512,6973.4609706998635
145.8926806957,14.6337208675,3.672204,834,1364,1,11.858,11.245,,-3.2,16.5,11.18983,0.5210500000000011,,834-1364-1,13189.528990792036,-867.2540915367769,3.666655942754265,,11.18983,0.5210500000000011,,,-9404.689577376828,9220.760764189492,-9407.157492907632,9285.536740644759
140.1028472697,18.02682147,3.663181,1405,1428,1,11.917,11.139,,-18.7,3.9,11.06898,0.6613000000000003,,1405-1428-1,-6888.4408184592485,11285.697790411516,3.6677209426872603,,11.06898,0.6613000000000003,,,13009.194396996096,2326.0030846962427,13012.397528609512,2344.1634079879123
139.3439178133,12.4104225178,3.665208,822,99,1,12.256,11.934,,22.1,-6.4,11.90502,0.2737000000000008,,822-99-1,-9744.632010734931,-8937.401404484124,3.6679030243811392,,11.90502,0.2737000000000008,,,-211.10123179989588,-13045.994960440223,-211.16008252295867,-13220.832360674804
143.5936770897,11.5303541975,3.674377,824,1926,1,10.144,9.505,,0.9,-18.3,9.44749,0.5431499999999995,,824-1926-1,5240.014612328808,-12151.147575634719,3.6707592498479396,,9.44749,0.5431499999999995,,,-12561.740721741591,-4109.5568515093555,-12564.804799452273,-4151.363739054273
139.0808282371,17.1416387953,3.666441,1402,992,1,11.982,11.438,,-5.7,-23.5,11.38904,0.4623999999999988,,1402-992-1,-10441.481857477254,8135.198051782634,3.671781909209799,,11.38904,0.4623999999999988,,,13013.151700768922,-2380.870919961696,13016.313074409076,-2404.492601510793
138.7810261249,13.1599182769,3.667958,825,350,1,13.837,11.83,,-6.0,-9.7,11.64937,1.7059499999999996,,825-350-1,-11691.052919509879,-6208.808396210851,3.6720330025310295,,11.64937,1.7059499999999996,,,3120.6274932521687,-12696.222224652623,3121.489167964529,-12864.148842497138
144.8992595578,17.4186856108,3.675102,1410,166,1,10.699,10.07,,-3.1,-4.1,10.01339,0.5346499999999996,,1410-166-1,9592.704865520443,9123.87241878295,3.672398853369371,,10.01339,0.5346499999999996,,,451.34473238067534,13145.077969452886,451.46923735187016,13231.069876579613
140.821935636,11.45385649,3.672474,823,576,1,13.94,11.637,,5.4,5.4,11.42973,1.9575499999999992,,823-576-1,-4557.249363979505,-12430.45247453151,3.6726040044462986,,11.42973,1.9575499999999992,,,-6265.910540205048,-11516.094700916206,-6267.590605724245,-11661.98861627477
142.2754530215,11.2348795767,3.676011,823,330,1,11.876,11.062,,-6.8,-21.3,10.98874,0.6919000000000001,,823-330-1,581.56350392349,-13232.486711308158,3.6741942812277446,,10.98874,0.6919000000000001,,,-10277.170023061128,-8258.555873816207,-10279.767481698265,-8352.442828075526
143.1694483045,11.37866122,3.677456,824,59,1,9.335,8.829,46837.0,-44.9,-16.8,8.78346,0.4301000000000002,46837.0,824-59-1,3741.6981877492244,-12705.971922851839,3.674247614226135,8.79,8.79,0.533,82489.0,F8,-11981.70247035508,-5581.266806581674,-11984.648885504905,-5640.05486885317
144.0398345803,11.7466314283,3.678424,824,501,1,11.543,11.122,,0.3,-18.6,11.08411,0.3578499999999994,,824-501-1,6811.020303211277,-11360.175942811184,3.674263979908621,,11.08411,0.3578499999999994,,,-13013.508785214657,-2427.4166827732424,-13016.670381737413,-2451.5071273770322
139.06334021,12.7276053578,3.670907,825,1011,1,12.168,11.655,,-30.6,-13.6,11.60883,0.4360499999999999,,825-1011-1,-10720.136167250268,-7781.588497208471,3.6745860589320922,,11.60883,0.4360499999999999,,,1300.4480383490545,-13008.557634210432,1300.810204328181,-13182.652684364857
139.0612643682,17.1247523911,3.671221,1402,401,1,12.492,11.76,,-2.0,-3.8,11.69412,0.6222000000000009,,1402-401-1,-10509.730700152244,8075.819997626046,3.6766620056812127,,11.69412,0.6222000000000009,,,13014.077673704947,-2470.4266857028924,13017.239545698354,-2494.951429122294
138.5425043415,13.6563186722,3.672308,825,1312,1,11.732,10.841,,-22.7,-4.3,10.76081,0.75735,,825-1312-1,-12502.090807907156,-4405.829438489705,3.6770825391252804,,10.76081,0.75735,,,5006.749312245815,-12116.376524806674,5008.1112222135325,-12273.240386962161
145.0395542887,12.5731736042,3.683634,827,1063,1,12.314,11.929,,-6.4,-27.3,11.89435,0.3272499999999998,,827-1063-1,10306.455262137919,-8343.822479846362,3.6784261187423906,,11.89435,0.3272499999999998,,,-13079.412023163795,2148.247172283597,-13082.629131346217,2164.9962257005495
139.5700113769,12.1776355583,3.677672,822,184,1,12.312,11.644,,19.1,-21.1,11.58388,0.5677999999999993,,822-184-1,-8957.048436992174,-9786.2381160313,3.680061075241341,,11.58388,0.5677999999999993,,,-1368.4394620627777,-13021.306954157208,-1368.8207044710934,-13195.662281420402
138.7312643598,16.62724205,3.674529,1402,238,1,12.735,11.991,,-5.3,-26.0,11.92404,0.6323999999999997,,1402-238-1,-11676.428248165204,6298.197331416966,3.6801350273585043,,11.92404,0.6323999999999997,,,12459.880650313662,-4501.527402837352,12462.92517800107,-4547.720557330391
145.052476437,12.5841647864,3.686443,827,579,1,11.949,12.038,,-17.9,11.9,12.04601,-0.0756500000000003,,827-579-1,10351.160800255886,-8302.589857578852,3.6808987641060433,,12.04601,-0.0756500000000003,,,-13078.270132115498,2208.5770627745705,-13081.488108950713,2225.802576893195
138.5343707992,13.664970945,3.676748,825,1318,1,11.764,11.374,,-15.0,2.7,11.3389,0.3314999999999989,,825-1318-1,-12529.941276468897,-4374.009442620601,3.6814392807985006,,11.3389,0.3314999999999989,,,5049.02333830789,-12116.07045584753,5050.3967531837925,-12272.93280480771
141.6764904935,18.5643001061,3.680098,1406,338,1,12.597,12.167,,2.6,-6.1,12.1283,0.3654999999999997,,1406-338-1,-1486.6217243978135,13191.70776386836,3.6824793704886014,,12.1283,0.3654999999999997,,,10847.502975123061,7593.698367056008,10850.297762517635,7648.675463337413
138.300014574,14.8293482825,3.678696,825,310,1,11.95,11.36,,-63.8,-2.1,11.3069,0.5014999999999998,,825-310-1,-13282.46565317352,-161.01207752409096,3.684756494584521,,11.3069,0.5014999999999998,,,8697.810168037493,-9918.921303792407,8700.067065493196,-10037.860916189373
138.2982632595,14.7471661278,3.683896,825,197,1,9.533,9.374,,4.8,-11.2,9.35969,0.135149999999999,,825-197-1,-13291.830590849728,-457.6100398236986,3.689255594164678,,9.35969,0.135149999999999,,,8482.31861193327,-10119.655733371941,8484.527790755217,-10241.823840132318
139.6288881966,17.7242538611,3.685583,1405,580,1,10.995,10.375,,-24.1,-5.3,10.3192,0.5269999999999994,,1405-580-1,-8527.865250201447,10212.118175542686,3.6906039448091863,,10.3192,0.5269999999999994,,,13295.156026791714,403.1976439774205,13298.399464636897,405.4812397498722
142.599237017,18.5667504333,3.68997,1406,554,1,12.545,11.851,,-7.5,-9.2,11.78854,0.5898999999999992,,1406-554-1,1668.6461086959964,13201.048558669678,3.6910220400979004,,11.78854,0.5898999999999992,,,8759.652591800364,9945.065571216091,8761.971356241125,10013.986261066446
138.2925099662,15.0991567411,3.687923,1401,97,1,13.308,12.197,,-12.2,4.6,12.09701,0.9443500000000006,,1401-97-1,-13290.618683910556,812.7798370267196,3.69361038018594,,12.09701,0.9443500000000006,,,9431.138189457815,-9288.190467034052,9433.55893737476,-9397.293325190241
141.2142207938,11.314807435,3.695724,823,1236,1,10.217,9.926,,-6.5,-9.0,9.89981,0.2473500000000003,,823-1236-1,-3172.4805927221078,-12938.60537100245,3.695386043473808,,9.89981,0.2473500000000003,,,-7565.104137159055,-10830.124957123073,-7567.102387259679,-10964.082429390295
139.1220645143,12.6111130144,3.696947,825,726,1,12.04,11.679,,-39.5,-0.5,11.64651,0.306849999999999,,825-726-1,-10519.119357092097,-8204.155540373062,3.700448054146881,,11.64651,0.306849999999999,,,851.1417260109184,-13136.285596117215,851.3796321956809,-13312.97085181485
145.7379756319,13.7445038583,3.7066,834,190,1,11.526,11.136,,-34.8,19.0,11.1009,0.3315000000000004,,834-190-1,12700.134010856571,-4083.4523328498735,3.700530443992961,,11.1009,0.3315000000000004,,,-11483.897829360734,6734.332144102595,-11486.83016752534,6783.857276712409
138.7783181494,16.7599392856,3.698259,1402,937,1,12.285,10.866,,-6.2,5.6,10.73829,1.2061500000000005,,1402-937-1,-11506.396165628596,6775.1817304673,3.703973537406843,,10.73829,1.2061500000000005,,,12703.542345476926,-4062.529326181848,12706.64068104217,-4103.84244387286
138.6009067668,13.4415988789,3.700343,825,1110,1,12.785,11.494,,0.4,-21.1,11.37781,1.0973500000000005,,825-1110-1,-12308.621752063094,-5183.979308812233,3.704756214060727,,11.37781,1.0973500000000005,,,4296.6534819418,-12481.5283477476,4297.833265202051,-12645.332741137297
145.2702851474,17.0269682383,3.708071,1410,133,1,10.526,10.083,,6.9,0.2,10.04313,0.3765499999999996,,1410-133-1,10891.822683866932,7729.570853731036,3.7047795771275736,,10.04313,0.3765499999999996,,,-1453.312621285839,13190.272084410584,-1453.7137861217936,13276.4748027361
139.2706954213,17.4122114467,3.6996,1402,1308,1,11.883,10.674,,-1.1,-2.4,10.56519,1.0276499999999995,,1402-1308-1,-9773.727556645888,9102.63270222927,3.704837625616873,,10.56519,1.0276499999999995,,,13292.973526401416,-1250.133344623292,13296.203820451992,-1262.789146386346
142.9864051701,11.2998280066,3.707834,824,1978,1,6.303,5.08,46771.0,-91.5,-83.6,4.96993,1.0395499999999998,46771.0,824-1978-1,3094.1785330510843,-12994.86527836081,3.7054256896985773,4.99,4.99,1.046,82395.0,K0IIIvar,-11767.740735365387,-6249.007591498399,-11770.64994063932,-6316.032328295395
144.7307886868,12.2135965933,3.710349,824,277,1,11.832,10.069,,16.6,-39.3,9.91033,1.4985499999999998,,824-277-1,9234.22530088412,-9653.833483674221,3.705704751778193,,9.91033,1.4985499999999998,,,-13346.79865206333,490.3576984284223,-13350.055823660014,493.38356596193546
140.2599864299,18.1692777158,3.710774,1405,1279,1,11.328,9.75,,-1.7,3.1,9.60798,1.3412999999999995,,1405-1279-1,-6344.449781458122,11794.7228278092,3.7150118732415147,,9.60798,1.3412999999999995,,,13028.51155225721,3065.073492400873,13031.735022958008,3088.917594513625
139.5258571092,12.1690628633,3.712937,822,404,1,11.109,10.38,,30.5,-22.2,10.31439,0.6196499999999993,,822-404-1,-9112.944196230199,-9815.760079089603,3.715294490475199,,10.31439,0.6196499999999993,,,-1287.008253069189,-13154.752788093225,-1287.36819318781,-13331.825868538263
139.4647293286,12.22453732,3.712747,822,281,1,11.628,10.827,,-32.0,-25.2,10.75491,0.6808500000000001,,822-281-1,-9328.01066623215,-9613.40293852938,3.7156497024495407,,10.75491,0.6808500000000001,,,-992.9747398030678,-13180.64924494669,-993.2526517205847,-13358.246449954395
138.5309364645,16.29130886,3.710554,1401,355,1,12.303,11.664,,-6.3,-13.8,11.60649,0.5431500000000009,,1401-355-1,-12389.54191706399,5098.280968500765,3.716309608376065,,11.60649,0.5431500000000009,,,12036.37058121023,-5816.050822825398,12039.335857195509,-5877.721485925424
139.5318827663,12.1622349922,3.714053,822,639,1,11.824,11.04,,33.6,-23.2,10.96944,0.6664000000000005,,822-639-1,-9091.878003431084,-9840.648389229837,3.7163858817260325,,10.96944,0.6664000000000005,,,-1319.5968122533802,-13155.51321492043,-1319.9658755532157,-13332.602763043042
142.0893730641,18.62340998,3.716251,1406,114,1,12.859,12.128,,-1.7,-8.4,12.06221,0.6213499999999998,,1406-114-1,-74.7719975167877,13403.57486443121,3.718045483660897,,12.06221,0.6213499999999998,,,10068.512876722147,8782.795568499094,10071.14175809408,8844.97109584871
139.721360373,17.83316081,3.713802,1405,1492,1,12.346,12.131,,-12.9,-15.3,12.11165,0.1827499999999998,,1405-1492-1,-8205.36602326844,10601.077461550665,3.718555844342526,,12.11165,0.1827499999999998,,,13371.783891701716,898.404324592179,13375.052537981233,904.9002861338839
139.8279173746,11.9212553008,3.717813,822,963,1,12.964,11.772,,-49.5,-7.5,11.66472,1.0132,,822-963-1,-8058.263646962147,-10719.860017053885,3.720001339964403,,11.66472,1.0132,,,-2662.9770748596,-12970.27640468241,-2663.7179990230998,-13143.653153171208
144.4110335631,17.9010067922,3.721956,1413,604,1,11.688,11.144,,20.8,-16.0,11.09504,0.4624000000000004,,1413-604-1,7893.710588952589,10842.73124784631,3.720253748673357,,11.09504,0.4624000000000004,,,2864.0710323063668,13016.893867100058,2864.859782849302,13102.216079724016
141.7687018126,18.6133596881,3.720185,1406,1195,1,11.823,11.33,,-2.1,-16.7,11.28563,0.4190500000000002,,1406-1195-1,-1171.1344019010276,13368.099876316744,3.7223378865270695,,11.28563,0.4190500000000002,,,10769.890923465584,7944.571758310101,10772.67652229357,8001.692985645112
142.6291508085,11.21668658,3.725514,823,803,1,10.443,9.539,46627.0,-33.3,-41.1,9.45764,0.7683999999999999,46627.0,823-803-1,1832.5509221660889,-13297.3042010416,3.723356955239445,9.41,9.41,0.843,,G5,-11156.18033697872,-7378.429455556359,-11158.969620973141,-7460.15676079069
140.2473346777,18.17317695,3.720014,1405,1104,1,12.733,11.531,,-3.0,-12.8,11.42282,1.0216999999999998,,1405-1104-1,-6387.7561585186,11808.825189545352,3.7241320976649797,,11.42282,1.0216999999999998,,,13067.804578323652,3042.238710524853,13071.037324898509,3065.9035126762033
145.9490084734,14.5350630397,3.735896,834,1442,1,9.757,9.2,,-8.7,-18.1,9.14987,0.4734500000000003,,834-1442-1,13392.536052880003,-1220.7459328260209,3.7302918711586712,,9.14987,0.4734500000000003,,,-9803.693686648654,9138.316665154685,-9806.264077906344,9202.577214811574
141.2122523629,11.2793324617,3.730674,823,1329,1,13.688,12.237,,25.7,-17.8,12.10641,1.2333500000000004,,823-1329-1,-3179.1012249131354,-13067.05281579028,3.730336208974979,,12.10641,1.2333500000000004,,,-7656.716087591156,-10918.826828409208,-7658.742500244729,-11054.330246733307
145.6814679169,16.3580952778,3.736751,1410,187,1,12.592,11.102,,-4.6,-25.0,10.9679,1.2665000000000002,,1410-187-1,12351.055200757764,5339.032154314431,3.7323849772497137,,10.9679,1.2665000000000002,,,-4208.9289794901915,12696.3364351736,-4210.083139424595,12780.024603892658
141.4098989709,18.57697108,3.729721,1406,1143,1,12.292,11.297,,-40.2,-17.4,11.20745,0.8457499999999993,,1406-1143-1,-2399.3572804478626,13240.067894178415,3.732410511273857,,11.20745,0.8457499999999993,,,11489.632797953534,6947.487318488985,11492.573173337574,6998.362312511053
139.4013297948,12.26079943,3.729728,822,273,1,12.353,12.138,,-11.1,-5.4,12.11865,0.1827499999999998,,822-273-1,-9549.611518578446,-9479.709581050809,3.732448136380838,,12.11865,0.1827499999999998,,,-745.9266536537241,-13256.005629041523,-746.1358822321155,-13435.149985842472
145.2198202534,12.7047087794,3.741254,827,1459,1,11.943,11.37,,-51.5,0.2,11.31843,0.4870500000000003,,827-1459-1,10934.13739063663,-7860.898430301607,3.735418443919337,,11.31843,0.4870500000000003,,,-13135.136092842142,2932.1727068660325,-13138.383154335988,2954.9911503588264
139.2223912299,12.4389550544,3.733442,822,179,1,11.718,11.135,45538.0,12.7,-11.6,11.08253,0.4955500000000001,45538.0,822-179-1,-10172.184116279957,-8829.966392991644,3.7363688092285527,10.98,10.98,0.65,,G0,153.04656337293113,-13289.32949989915,153.08953379998727,-13469.157352689283
139.0923941684,12.5848569667,3.736045,825,1262,1,11.29,10.667,,8.8,-4.8,10.61093,0.5295499999999994,,825-1262-1,-10623.69680758309,-8297.880387868272,3.739202658904392,,10.61093,0.5295499999999994,,,850.5118909452465,-13273.88458104145,850.7505822833513,-13453.40017384338
138.2954667305,14.3077665489,3.735188,825,1183,1,12.363,12.109,,-13.8,-3.1,12.08614,0.2158999999999996,,825-1183-1,-13329.251155330316,-2042.20152220937,3.7404517295983606,,12.08614,0.2158999999999996,,,7322.67255877678,-11182.01719644354,7324.6216416717625,-11322.077601992707
138.5562973868,13.4488502189,3.737204,825,934,1,10.974,10.523,,-2.3,-20.0,10.48241,0.3833500000000004,,825-934-1,-12465.06201724644,-5155.538383133197,3.741659912906648,,10.48241,0.3833500000000004,,,4421.767305845857,-12577.718155136123,4422.98463941043,-12743.412180154222
141.6669105472,18.6279146972,3.744328,1406,1305,1,14.4,11.747,,-4.3,-5.5,11.50823,2.25505,,1406-1305-1,-1519.1156314676361,13421.771880785689,3.7467245135744274,,11.50823,2.25505,,,11041.039689675721,7721.425571178673,11043.888582919291,7777.158715731825
139.5458431969,17.7309482556,3.742485,1405,1336,1,9.83,9.489,,-18.9,-1.6,9.45831,0.2898499999999994,,1405-1336-1,-8813.051065195117,10240.21694880037,3.7475459524767083,,9.45831,0.2898499999999994,,,13505.497765458782,210.34643075941358,13508.790733445645,210.91504499562853
142.1483133816,11.1570601703,3.750342,823,666,1,12.674,11.828,,-2.6,-17.3,11.75186,0.7191000000000001,,823-666-1,131.8662011678374,-13513.868501563085,3.7486729745603795,,11.75186,0.7191000000000001,,,-10188.925042057272,-8774.094301322191,-10191.519703685815,-8875.525714116226
140.746359203,18.4193082361,3.745648,1405,240,1,12.303,11.482,,-34.7,-35.8,11.40811,0.6978500000000013,,1405-240-1,-4672.3113469313785,12682.609367434823,3.749052020689355,,11.40811,0.6978500000000013,,,12582.0134386692,4891.617079441748,12585.171128359427,4928.74642881077
138.6837187882,13.1709418119,3.746055,825,748,1,12.155,11.091,,4.7,-10.9,10.99524,0.9044,,825-748-1,-12032.502823294957,-6164.468117407797,3.7501028833275893,,10.99524,0.9044,,,3380.447654376594,-12917.636181579583,3381.3869112644757,-13089.996711973297
138.2313513755,14.84717964,3.744645,825,159,1,12.199,11.52,,-26.5,-13.0,11.45889,0.5771500000000002,,825-159-1,-13520.277421014447,-92.88473088772119,3.750355920675272,,11.45889,0.5771500000000002,,,8906.610029816859,-10049.336127973627,8908.927052461984,-10170.42515769796
142.5193819056,18.642239005,3.756013,1406,342,1,13.608,11.725,,-19.9,-11.1,11.55553,1.6005500000000008,,1406-342-1,1394.7158614878265,13473.205402568909,3.757161481892096,,11.55553,1.6005500000000008,,,9144.943442830683,9921.15685845133,9147.363747110487,9989.906537708432
143.8795132338,11.5647394894,3.762089,824,1615,1,12.086,10.935,,-2.2,1.0,10.83141,0.9783499999999998,,824-1615-1,6249.698202627849,-12020.597714130286,3.7579883848743054,,10.83141,0.9783499999999998,,,-13134.498128343495,-3276.8667496895514,-13137.694100434466,-3309.756902295987
142.1991855582,11.14834986,3.759955,823,238,1,11.474,10.652,,-13.2,-6.0,10.57802,0.6987000000000008,,823-238-1,311.6625265703893,-13545.016844779777,3.75810186760948,,10.57802,0.6987000000000008,,,-10331.578644462732,-8661.990273155643,-10334.205336692066,-8761.781492078291
139.7836511762,17.9310283217,3.755279,1405,1440,1,11.09,10.401,,-22.3,-11.8,10.33899,0.58565,,1405-1440-1,-7987.8562505679365,10951.99895875403,3.760015351035107,,10.33899,0.58565,,,13489.682281929681,1290.8142555762522,13492.98585777036,1300.561922514267
140.4768346456,11.4980678289,3.759672,823,262,1,12.626,11.882,,-3.4,-23.2,11.81504,0.6323999999999997,,823-262-1,-5776.8997244483035,-12265.24596571725,3.760593755478105,,11.81504,0.6323999999999997,,,-5332.68247144586,-12303.710743222813,-5334.140245270991,-12464.179751177284
144.8640865189,17.5825910367,3.764372,1413,638,1,11.018,9.562,,5.9,-22.2,9.43096,1.2376000000000011,,1413-638-1,9464.423767153907,9713.485990130835,3.761800235421907,,9.43096,1.2376000000000011,,,977.2238589890214,13439.282531344834,977.4945426219141,13526.70069691355
141.3235471637,11.2203407406,3.764691,823,1182,1,12.333,12.258,,-5.1,-3.1,12.25125,0.0637500000000009,,823-1182-1,-2786.877092836439,-13281.041216260164,3.764100087184788,,12.25125,0.0637500000000009,,,-8077.067812065388,-10770.173337605485,-8079.199032637444,-10903.177642761384
142.898592736,18.5954629689,3.765695,1406,189,1,10.138,9.6,,-27.7,-37.9,9.55158,0.4573000000000002,,1406-189-1,2691.541400376315,13307.742643580465,3.7660120752280566,,9.55158,0.4573000000000002,,,8160.289591380594,10776.119265216164,8162.4722812157215,10849.629285652927
145.5559165639,13.1662082878,3.772906,834,815,1,11.04,9.468,,1.6,-11.6,9.32652,1.3361999999999992,,834-815-1,12094.480435547834,-6180.200362847935,3.767345355928267,,9.32652,1.3361999999999992,,,-12649.1419371951,4901.45776784465,-12652.316853242164,4938.644730689126
143.9883664433,11.6088164861,3.773225,824,571,1,12.506,12.088,,-20.0,-0.2,12.05038,0.3553000000000009,,824-571-1,6632.811278679929,-11858.876000980845,3.7689312588134003,,12.05038,0.3553000000000009,,,-13267.966069857679,-2887.0827705553297,-13271.192052078279,-2915.9195774359146
144.42597194,11.88090139,3.77529,824,1192,2,11.019,10.333,,0.0,0.0,10.27126,0.5831,,824-1192-2,8170.750996867168,-10864.198986398353,3.77060879746244,,10.27126,0.5831,,,-13545.501852285595,-1094.2725665056346,-13548.794632739337,-1105.5114059654954
144.4260262976,11.880123725,3.77588,824,1192,1,10.17,9.568,,-44.8,-69.9,9.51382,0.5117000000000003,,824-1192-1,8169.796017114404,-10868.883629194757,3.7714856656625475,,9.51382,0.5117000000000003,,,-13548.369574695313,-1098.061445263203,-13551.663041807118,-1109.336336537299
138.2795480319,15.6603457578,3.766624,1401,482,1,12.786,12.036,,5.6,-6.1,11.9685,0.6375,,1401-482-1,-13300.550372900441,2837.620057304277,3.772284263052948,,11.9685,0.6375,,,10951.314136119432,-7970.1924837747065,10954.072169641056,-8060.088753479861
138.4318309502,16.1970526961,3.76676,1401,454,1,13.21,11.085,,4.8,-8.6,10.89375,1.80625,,1401-454-1,-12738.6415642967,4764.403701887563,3.7724449566853,,10.89375,1.80625,,,12018.557739157784,-6292.820842684649,12021.53058047988,-6360.450773394257
139.4509121944,12.1587129633,3.770077,822,14,1,12.871,12.162,,-8.1,-0.4,12.09819,0.6026499999999997,,822-14-1,-9378.962262489305,-9849.996830179509,3.772595835992364,,12.09819,0.6026499999999997,,,-1135.9924293596164,-13371.899473805257,-1136.3121749289912,-13553.455844059035
139.7345174792,17.9128600911,3.768996,1405,1285,1,13.784,11.721,,21.7,8.9,11.53533,1.7535500000000004,,1405-1285-1,-8156.150308111456,10889.031951419147,3.7736778419969315,,11.53533,1.7535500000000004,,,13554.348776954052,1124.5617396795901,13557.66572449983,1132.918704169407
140.0978846567,11.6788147228,3.773388,822,244,1,12.937,11.902,,-1.3,-17.0,11.80885,0.8797500000000001,,822-244-1,-7111.426307014041,-11603.343396694108,3.7748583378787726,,11.80885,0.8797500000000001,,,-3951.942088793485,-12851.347470624685,-3953.0382139723256,-13022.4210875157
139.5056381245,12.1057283953,3.773196,822,22,1,11.708,10.745,,-7.6,-13.3,10.65833,0.8185500000000008,,822-22-1,-9187.997935779324,-10043.578732408865,3.7756997778727737,,10.65833,0.8185500000000008,,,-1407.4652644944922,-13357.955244464252,-1407.8612637511822,-13539.228430158555
142.6225239707,18.6508280325,3.776185,1406,1085,1,12.359,11.525,,-1.1,2.5,11.44994,0.7088999999999996,,1406-1085-1,1747.7463290758465,13505.540185469816,3.7773396196389477,,11.44994,0.7088999999999996,,,8934.730622127574,10204.992214518692,8937.103586555913,10275.330282541036
139.2336641962,12.3626995978,3.776469,822,175,1,12.224,11.731,,-19.5,-3.2,11.68663,0.4190500000000002,,822-175-1,-10136.834337410652,-9105.516882627107,3.779487855701871,,11.68663,0.4190500000000002,,,-76.38515566389837,-13442.689133555348,-76.40670061108813,-13625.711361247171
139.8316623719,17.9888450814,3.775043,1405,1314,1,11.994,10.53,,3.3,-10.9,10.39824,1.2444000000000004,,1405-1314-1,-7820.129266053627,11158.847497851877,3.7795736227333165,,10.39824,1.2444000000000004,,,13532.94031946338,1551.4502622095185,13536.258870950844,1563.3281794642817
144.723702842,17.7339505733,3.781883,1413,653,1,11.227,10.129,,-14.0,0.6,10.03018,0.9333000000000006,,1413-653-1,8974.21302989446,10253.87098506001,3.77961493149103,,10.03018,0.9333000000000006,,,1706.5859533013415,13431.664265092304,1707.0586277038726,13519.035487998573
145.4114405399,12.8986418908,3.785596,827,1376,1,9.165,8.011,47551.0,26.6,-14.1,7.907139999999999,0.9809,47551.0,827-1376-1,11601.207517265886,-7152.786025183801,3.780345481622174,7.91,7.91,1.001,83871.0,G5,-13048.677859664438,3893.9953434993267,-13051.926255359134,3923.9756377177146
145.5667896517,16.7059703822,3.784995,1410,310,1,11.9,11.47,,-14.4,-16.4,11.4313,0.3654999999999997,,1410-310-1,11933.657637620887,6587.708400117129,3.780951402069549,,11.4313,0.3654999999999997,,,-2998.4738091406075,13210.88530661813,-2999.301813439695,13297.152898602812
145.9617985674,14.2604573603,3.787616,834,220,1,12.524,11.263,,1.6,5.9,11.14951,1.0718499999999993,,834-220-1,13454.72766600678,-2209.9716772610873,3.782002093709614,,11.14951,1.0718499999999993,,,-10584.424719807634,8531.520384512527,-10587.180661090377,8592.16369898435
141.028171467,11.2727543022,3.782812,823,1174,1,13.06,12.13,,-12.4,-11.2,12.0463,0.7904999999999998,,823-1174-1,-3831.6133983804284,-13088.454747462567,3.7827650653814087,,12.0463,0.7904999999999998,,,-7239.495034271062,-11412.257471312209,-7241.43212957876,-11556.408162735192
138.5158220025,16.431629701,3.777232,1401,330,1,12.075,11.255,,-81.7,-51.8,11.1812,0.6969999999999987,,1401-330-1,-12435.823958347466,5604.5559380719615,3.783493598917596,,11.1812,0.6969999999999987,,,12445.538316300215,-5518.010717129516,12448.598263810829,-5576.124644610524
143.6110625376,18.40601917,3.784363,1406,924,1,10.402,8.376,,-0.1,-3.5,8.19366,1.7220999999999995,,1406-924-1,5133.846867788011,12639.390990608477,3.7839986668323293,,8.19366,1.7220999999999995,,,6039.264429225248,12150.995698577828,6040.90868647086,12231.844117592793
138.296027094,15.7930567,3.778818,1401,278,1,11.461,10.985,,17.6,-10.8,10.94216,0.4046000000000007,,1401-278-1,-13234.674304848018,3315.229746624101,3.784371304614659,,10.94216,0.4046000000000007,,,11264.597413302281,-7608.7643146093005,11267.421790945538,-7693.670022377649
138.3070055798,14.0367171289,3.779425,825,386,1,11.139,10.627,,-25.9,-7.6,10.58092,0.4351999999999988,,825-386-1,-13305.8614727712,-3020.8052401896725,3.784613144895633,,10.58092,0.4351999999999988,,,6575.638380242442,-11803.260929130942,6577.413952738042,-11954.448524547852
146.028417256,14.9057305806,3.790863,834,1417,1,11.452,10.014,,-1.4,-6.2,9.88458,1.2223000000000004,,834-1417-1,13647.014133414801,121.45640241040351,3.7854697672433586,,9.88458,1.2223000000000004,,,-8969.344055208212,10213.77341188386,-8971.726500678416,10284.156261567528
144.2588830588,18.0820898456,3.787093,1413,381,1,11.711,11.368,,-14.8,-13.6,11.33713,0.29155,,1413-381-1,7363.788529660184,11490.709515502205,3.785530969566041,,11.33713,0.29155,,,3700.219836599328,13050.848631426907,3701.23942088547,13136.308972785775
145.6351980283,16.5870166622,3.789661,1410,250,1,10.551,10.155,,1.6,13.7,10.11936,0.3366000000000007,,1410-250-1,12177.661258983744,6163.34454538875,3.785738301718827,,10.11936,0.3366000000000007,,,-3477.6628979510524,13112.013192408123,-3478.621949329397,13197.781596062678
138.4647961366,13.5459260556,3.782363,825,816,1,12.948,11.838,,6.6,-15.4,11.7381,0.943500000000001,,825-816-1,-12780.71608066106,-4800.415138907549,3.786836820302928,,11.7381,0.943500000000001,,,4896.767894851851,-12577.85048943376,4898.116172634458,-12743.592389891406
138.7490422725,16.8833410922,3.784655,1402,72,1,12.544,11.871,,-39.0,9.7,11.81043,0.5720500000000001,,1402-72-1,-11601.82332280295,7222.404736505982,3.7906306109354038,,11.81043,0.5720500000000001,,,13101.193846104241,-3839.269373400486,13104.387207320096,-3878.2045474758447
144.6712867997,12.04555886,3.796444,824,998,1,10.804,9.497,,-11.4,-29.6,9.37937,1.1109500000000003,,824-998-1,9030.47766354864,-10262.499438706755,3.791672541675559,,9.37937,1.1109500000000003,,,-13666.506910580001,-61.296443655302916,-13669.836643870925,-63.14816858764622
143.9197705493,11.5467357586,3.796219,824,749,1,11.648,10.112,,-31.9,0.7,9.97376,1.3055999999999996,,824-749-1,6391.790276433952,-12084.779097634384,3.7919602942944746,,9.97376,1.3055999999999996,,,-13276.809089820268,-3213.8858825110196,-13280.039477159786,-3246.1392856163584
144.5738384021,17.8727960558,3.794893,1413,513,1,12.608,11.401,,-4.6,-34.9,11.29237,1.0259500000000006,,1413-513-1,8453.510861484006,10747.47083679881,3.792699688413079,,11.29237,1.0259500000000006,,,2421.221036148,13370.444608270333,2421.891097653903,13457.504181094468
144.6796053095,17.7912165911,3.796995,1413,586,1,11.533,9.913,,-23.0,-5.6,9.7672,1.3769999999999991,,1413-586-1,8819.913951532033,10458.454701214956,3.794723565244703,,9.7672,1.3769999999999991,,,1961.9417167431486,13452.062628709187,1962.48528003009,13539.527627486157
146.0346214718,14.7485099967,3.801568,834,1459,1,13.224,11.089,,-7.0,4.0,10.89685,1.81475,,834-1459-1,13678.555054853465,-445.0504727413873,3.7960452030958534,,10.89685,1.81475,,,-9413.743720667157,9863.14051352948,-9416.233567751866,9931.539845839094
139.2205205183,12.3509408517,3.793873,822,251,1,12.208,11.748,,-7.0,-20.6,11.7066,0.3910000000000007,,822-251-1,-10183.4300607412,-9147.948720006863,3.7969168200916625,,11.7066,0.3910000000000007,,,-77.16732701295501,-13504.408510595682,-77.18913327169705,-13688.727312047306
138.4702301617,13.4948311191,3.796577,825,847,1,11.898,11.226,,65.6,-98.3,11.16552,0.5711999999999989,,825-847-1,-12763.095049741074,-4987.3110272463955,3.8007802272600295,,11.16552,0.5711999999999989,,,4745.367220691329,-12686.660252791167,4746.677652876102,-12854.52907697923
145.4177501379,16.99082896,3.805614,1410,334,1,11.507,11.307,,5.6,-23.4,11.289,0.1699999999999994,,1410-334-1,11403.131051035783,7606.907948794542,3.80205734976278,,11.289,0.1699999999999994,,,-1884.4463143100488,13489.661618789762,-1884.9686803804839,13577.309725513198
139.741150812,11.8818353144,3.800189,822,938,1,12.68,12.018,,-7.5,-0.7,11.95842,0.5626999999999992,,822-938-1,-8365.156007754615,-10859.527844275466,3.802145452399397,,11.95842,0.5626999999999992,,,-2563.6267974947164,-13286.028853883287,-2564.346643481363,-13465.857058751817
145.5096354526,16.8477122622,3.805916,1410,21,1,12.85,11.447,,-6.6,1.1,11.32073,1.1925500000000004,,1410-21-1,11728.228641433532,7096.359738446912,3.8021907306342486,,11.32073,1.1925500000000004,,,-2481.891285452314,13394.164994593088,-2482.5783682218953,13481.337962117368
138.4390869003,13.56767261,3.797738,825,428,1,11.986,11.006,,5.4,-16.8,10.9178,0.8330000000000003,,825-428-1,-12869.793203421365,-4720.629580724634,3.802253797848453,,10.9178,0.8330000000000003,,,5015.541341065842,-12591.194286794063,5016.922869426936,-12757.20994808292
139.7125784806,17.9343376147,3.798704,1405,1124,1,11.696,11.583,,-24.5,-5.5,11.57283,0.0960499999999996,,1405-1124-1,-8231.923663200396,10967.218185217745,3.803549996430593,,11.57283,0.0960499999999996,,,13663.098351241539,1119.8880799601402,13666.442052591447,1128.1859519108293
145.2125453775,17.2699732022,3.807028,1410,184,1,12.507,11.549,,-3.7,-9.2,11.46278,0.8143000000000001,,1410-184-1,10679.866790256674,8603.376319493447,3.803884730008539,,11.46278,0.8143000000000001,,,-659.4571371246309,13610.023128834267,-659.6402390087134,13698.266806699652
145.9329372182,14.0216921225,3.810351,834,1466,1,7.461,5.539,47723.0,4.9,-5.7,5.36602,1.6337000000000004,47723.0,834-1466-1,13368.526538533604,-3073.3456108924493,3.8047448630616127,5.36,5.36,1.61,84194.0,M2III,-11172.569834646778,7897.58900566273,-11175.458500622835,7954.37504498781
144.1105714188,18.1932749827,3.806765,1413,383,1,12.367,11.1,,-42.3,-2.5,10.98597,1.076950000000001,,1413-383-1,6850.504944456383,11887.009349176604,3.8054247766366616,,10.98597,1.076950000000001,,,4337.203668895131,12930.86695908456,4338.396876873426,13015.710576075711
138.3056944127,15.91754575,3.799825,1401,521,1,12.309,12.397,,2.2,3.6,12.40492,-0.0748000000000008,,1401-521-1,-13193.778880394984,3764.149724845518,3.805568043273004,,12.40492,-0.0748000000000008,,,11573.018650681888,-7284.446390028175,11575.909725246609,-7364.980538246801
144.7058628791,12.0514344398,3.814376,824,888,1,9.549,9.002,47342.0,-128.7,-30.8,8.952770000000001,0.464949999999999,47342.0,824-888-1,9149.211907039617,-10240.185799567005,3.808840662395187,8.93,8.93,0.514,,F8,-13728.654847078511,41.40006987865659,-13732.000874464575,40.44395226971373
144.8727327247,12.1994740367,3.816751,824,1459,1,12.466,11.429,,-15.5,12.0,11.33567,0.8814499999999992,,824-1459-1,9734.986801015235,-9698.482889406081,3.8114684546395003,,11.33567,0.8814499999999992,,,-13712.626623193664,832.2647067664151,-13715.978318112167,838.139098912084
145.2910384809,12.660464035,3.82334,827,1266,1,12.578,11.807,,-1.5,-2.9,11.73761,0.6553499999999991,,827-1266-1,11188.743793800417,-8017.667759394371,3.817907467985663,,11.73761,0.6553499999999991,,,-13421.350829196548,3017.828855526103,-13424.671107522596,3041.248039570022
139.8645161471,18.0581646078,3.81378,1405,354,1,11.054,9.602,,-15.1,-25.9,9.47132,1.2342,,1405-354-1,-7705.292306817691,11407.529918001004,3.818231762903555,,9.47132,1.2342,,,13642.582408735943,1800.456035848534,13645.932475908206,1814.330517448176
144.9867827528,12.3035942778,3.823568,824,168,1,12.238,11.345,,-13.0,-8.0,11.26463,0.759049999999999,,824-168-1,10132.849141171055,-9318.752527150786,3.818337349546394,,11.26463,0.759049999999999,,,-13692.91648717515,1377.3531130609356,-13696.271640747467,1387.7764671832567
146.0501954285,14.6354644108,3.82395,834,1418,1,12.545,11.659,,1.0,3.5,11.57926,0.7530999999999993,,834-1418-1,13740.452564631205,-851.921630439509,3.818458147272344,,11.57926,0.7530999999999993,,,-9758.969843265006,9640.511971518488,-9761.544172092485,9707.629088587011
145.193723204,17.3169308019,3.822072,1410,38,1,11.83,11.327,,-40.5,-2.5,11.28173,0.4275500000000001,,1410-38-1,10611.598813923745,8772.047290145729,3.8187497701074857,,11.28173,0.4275500000000001,,,-488.05938486883304,13670.697740179978,-488.1950126972404,13759.233578866239
138.1804015142,14.5114382667,3.816939,825,247,1,12.297,11.828,,-12.3,2.4,11.78579,0.398650000000001,,825-247-1,-13719.30634980855,-1300.5498532264094,3.822322969438002,,11.78579,0.398650000000001,,,8136.000506678748,-10984.487080916246,8138.157317808904,-11121.204616012563
139.5111591579,12.0383946717,3.82013,822,616,1,11.87,11.427,,-21.7,-3.5,11.38713,0.3765499999999996,,822-616-1,-9171.711576224105,-10286.71699600503,3.8225842679560804,,11.38713,0.3765499999999996,,,-1600.012197375793,-13504.17094378298,-1600.4643650864377,-13688.511738294817
141.4088618181,18.6692693833,3.820713,1406,434,1,11.947,11.32,,-24.9,-13.2,11.26357,0.532949999999999,,1406-434-1,-2401.4529307249654,13573.886309338957,3.8233920936325667,,11.26357,0.532949999999999,,,11740.53986214019,7166.259614653536,11743.551769608026,7218.473353271326
140.6841315209,11.3432487083,3.823162,823,1152,1,12.775,11.607,,-30.6,-24.9,11.50188,0.9928000000000008,,823-1152-1,-5048.12179274106,-12828.75780831536,3.823825347344673,,11.50188,0.9928000000000008,,,-6237.722045351469,-12136.124753132975,-6239.420323157882,-12293.502127942593
138.59039863,16.6824616722,3.819734,1401,354,1,12.19,11.518,,-21.1,-18.4,11.45752,0.5711999999999989,,1401-354-1,-12161.395645659444,6506.091429904484,3.8255120501191553,,11.45752,0.5711999999999989,,,12937.24712298219,-4723.431286827961,12940.412938694366,-4772.261803444324
145.9473703554,15.88489649,3.830786,1410,723,1,12.258,11.624,,-5.3,-10.8,11.56694,0.5388999999999987,,1410-723-1,13302.765971952922,3648.6236815821685,3.8259858856215723,,11.56694,0.5388999999999987,,,-6104.290510243887,12287.511923842669,-6105.955570650324,12369.047814751042
145.8040172625,16.32319785,3.83303,1410,306,1,11.059,11.125,,-12.5,-4.8,11.13094,-0.0561000000000006,,1410-306-1,12777.905017724077,5221.227047807611,3.8285915195616815,,11.13094,-0.0561000000000006,,,-4580.35959278266,12936.080069418793,-4581.619826647906,13020.938072612273
144.0143764993,11.5545964897,3.833005,824,595,1,13.552,11.717,,-15.3,-1.3,11.55185,1.559749999999999,,824-595-1,6726.580328929521,-12054.237817798852,3.828746417120638,,11.55185,1.559749999999999,,,-13476.250303871835,-2946.0538866353354,-13479.527727514995,-2975.5444094745067
143.7423153696,18.4022520244,3.830624,1406,881,1,12.207,11.115,,-3.3,-12.1,11.01672,0.9282000000000004,,1406-881-1,5583.337170150536,12629.439406655363,3.8299968975977454,,11.01672,0.9282000000000004,,,5733.408463707505,12478.785241372723,5734.97633605033,12561.30726106589
138.7562163129,12.8833121556,3.829493,825,963,1,12.579,10.717,,-20.3,-7.6,10.54942,1.5827,,825-963-1,-11793.740534144263,-7205.963742692446,3.8334182514023687,,10.54942,1.5827,,,2443.4458977071563,-13420.483714888464,2444.1347446047207,-13603.103858970453
139.2998504035,12.2110856536,3.83487,822,266,1,12.326,11.287,,19.6,-28.1,11.19349,0.8831499999999998,,822-266-1,-9909.197985161665,-9656.21138926674,3.837581672038398,,11.19349,0.8831499999999998,,,-639.1305292851777,-13634.142896937146,-639.3118579728368,-13821.212083301256
139.7148031758,11.8560223067,3.836318,822,566,1,12.251,11.594,,-8.4,-2.6,11.53487,0.55845,,822-566-1,-8459.278798293039,-10952.04197757154,3.8383011006835317,,11.53487,0.55845,,,-2570.2885705362855,-13415.15043546611,-2571.0130733902483,-13597.66572034328
138.1426169237,14.7662997794,3.833248,825,1439,1,12.399,11.973,,-16.7,-21.8,11.93466,0.3620999999999986,,825-1439-1,-13835.30319636472,-379.46918640422996,3.838830507860492,,11.93466,0.3620999999999986,,,8901.51904619792,-10468.25683319457,8903.853978527279,-10596.272728079226
138.7505462057,12.8810526111,3.83538,825,1091,1,12.094,10.359,,-17.3,-6.2,10.20285,1.4747499999999996,,825-1091-1,-11813.756224474826,-7213.823563380406,3.8392747874504716,,10.20285,1.4747499999999996,,,2450.858587651194,-13440.254011878757,2451.5499365014452,-13623.2884959448
138.7099288989,12.94474706,3.835494,825,523,1,11.806,11.142,,-34.2,-32.4,11.08224,0.5643999999999997,,825-523-1,-11953.795016784188,-6982.699842274932,3.8397464881101713,,11.08224,0.5643999999999997,,,2716.584802455721,-13392.460650462583,2717.3500381941226,-13574.50997865224
139.9296070886,18.1260824708,3.835575,1405,704,1,12.717,12.106,,-15.8,-21.9,12.05101,0.5193500000000005,,1405-704-1,-7479.494275229765,11650.37499820512,3.8399737965138128,,12.05101,0.5193500000000005,,,13674.191918609926,2127.9363336599376,13677.55603835439,2144.4190424631774
139.8172470568,18.0541094131,3.836167,1405,922,1,12.385,11.244,,-8.4,-14.9,11.14131,0.96985,,1405-922-1,-7867.517026037381,11395.158453256381,3.840706650485186,,11.14131,0.96985,,,13741.038696357067,1672.0047778598846,13744.410803506347,1684.8240247177832
138.2133141913,14.1832759222,3.836204,825,697,1,11.708,10.812,,-30.5,-16.0,10.73136,0.7616000000000006,,825-697-1,-13625.32925690183,-2486.8937785112043,3.841573030254734,,10.73136,0.7616000000000006,,,7186.817452987035,-11689.575291057936,7188.75313733773,-11838.752736458317
138.6450752982,16.8165917167,3.83721,1401,1950,1,11.783,11.76,,4.9,4.4,11.75793,0.0195499999999997,,1401-1950-1,-11963.893226035018,6987.503750073987,3.8428277731765883,,11.75793,0.0195499999999997,,,13165.982098264438,-4261.281714168115,13169.196924619579,-4304.904428887495
145.22058559,12.52895495,3.848523,827,788,1,13.357,11.342,,-38.7,-176.4,11.16065,1.7127499999999989,,827-788-1,10946.117939517359,-8500.135329528135,3.8439238466845667,,11.16065,1.7127499999999989,,,-13620.920145950126,2519.8871463762616,-13624.279076651914,2539.4523440349817
138.8520114539,17.13501731,3.839299,1402,54,1,10.685,9.628,,3.4,6.0,9.53287,0.8984500000000003,,1402-54-1,-11231.427997230023,8124.829008259335,3.844801910878297,,9.53287,0.8984500000000003,,,13529.847100649187,-2972.225994521661,13533.137841385751,-3001.9995730296278
142.5513010826,11.0846094547,3.847147,823,240,1,11.875,11.25,,0.7,-19.9,11.19375,0.53125,,823-240-1,1558.9105081175053,-13774.726704960798,3.844956274603244,,11.19375,0.53125,,,-11331.358285098244,-7892.9105974902795,-11334.209775718598,-7981.790934914518
138.4663949902,16.4889354358,3.843719,1401,488,1,14.45,12.15,,-7.6,-25.5,11.943,1.954999999999999,,1401-488-1,-12601.785693165777,5815.088583870338,3.8494115846468127,,11.943,1.954999999999999,,,12713.091643293894,-5502.421535069375,12716.217557973281,-5560.401866144655
143.2476220848,11.2174633594,3.853759,824,779,1,11.86,10.393,,0.9,-6.1,10.26097,1.246949999999999,,824-779-1,4022.41501900222,-13287.347996142842,3.8505389525382494,,10.26097,1.246949999999999,,,-12602.638416752246,-5755.206315242374,-12605.7428267979,-5816.243387301905
144.8948899371,12.1660803289,3.855694,824,509,1,9.884,8.224,,-12.5,-24.4,8.0746,1.411,,824-509-1,9814.809473220412,-9819.26786637809,3.850689006099138,,8.0746,1.411,,,-13855.90686718431,811.9357028259302,-13859.293586232929,817.610982010697
145.1126051143,17.4590783708,3.853624,1410,148,1,12.502,11.387,,0.6,3.5,11.28665,0.9477500000000002,,1410-148-1,10326.017858467343,9281.087372883014,3.850855526353444,,11.28665,0.9477500000000002,,,82.0225499439831,13794.619710655052,82.04538318471776,13883.749356408536
145.1568392285,17.4104464472,3.854096,1410,26,1,12.203,10.891,,-10.7,1.9,10.77292,1.1151999999999995,,1410-26-1,10480.560247854115,9107.831068821462,3.85114931043806,,10.77292,1.1151999999999995,,,-150.07841189749016,13795.110737062416,-150.12019066527634,13884.242644647336
138.6575472361,13.0011895775,3.850773,825,674,1,12.909,11.965,,-2.0,0.3,11.88004,0.8024000000000007,,825-674-1,-12134.254463499632,-6775.616765730445,3.8546765039487307,,11.88004,0.8024000000000007,,,2991.1750817334005,-13389.90501187424,2992.017640047221,-13571.917491005339
145.9466279096,13.8743385033,3.861245,834,1113,1,11.3,10.024,,-13.1,-9.4,9.909159999999998,1.0846000000000011,,834-1113-1,13425.244676376142,-3604.3455733915816,3.855466203921947,,9.909159999999998,1.0846000000000011,,,-11607.146124799994,7589.31136762444,-11610.137382212417,7644.161929155443
141.9397752835,18.7594829511,3.855587,1406,1115,1,11.923,11.136,,-5.8,-22.4,11.065169999999998,0.6689500000000007,,1406-1115-1,-585.9521280718408,13895.465042978036,3.8574428972568553,,11.065169999999998,0.6689500000000007,,,10775.56031509803,8727.653781966364,10778.372677739486,8789.423819385209
138.4438294542,13.3999851422,3.857013,825,643,1,12.178,11.763,,-6.4,-6.4,11.72565,0.3527500000000008,,825-643-1,-12863.40119337326,-5325.736131843083,3.86144974675712,,11.72565,0.3527500000000008,,,4558.987125392994,-12980.536168130095,4560.256445481488,-13154.26230387476
143.8628197171,18.3864330586,3.865273,1406,842,1,9.923,9.297,,26.9,-119.3,9.24066,0.5320999999999995,,1406-842-1,5997.335933849873,12573.263821746496,3.8636780126429677,,9.24066,0.5320999999999995,,,5416.565667972374,12749.646335593394,5418.052329285787,12833.538498473763
139.712784948,11.8231074417,3.863814,822,1163,1,12.417,12.125,,-9.8,-5.8,12.09872,0.2481999999999998,,822-1163-1,-8467.727341455884,-11070.99194254601,3.8658040165462455,,12.09872,0.2481999999999998,,,-2653.5884406914033,-13498.70028184344,-2654.3383232679384,-13682.973250971187
143.0034807366,18.6775794344,3.867206,1406,350,1,12.46,11.451,,-11.2,-46.4,11.36019,0.8576500000000002,,1406-350-1,3049.4805817201914,13606.11113228375,3.8673543379947084,,11.36019,0.8576500000000002,,,8145.6666066173,11239.413690931042,8147.858565382097,11315.387433087524
143.1288159793,11.1662097167,3.871507,824,320,1,12.09,10.653,,-11.6,-3.8,10.52367,1.2214499999999997,,824-320-1,3602.3867643393205,-13474.154828012413,3.8683898301157402,,10.52367,1.2214499999999997,,,-12463.40530799945,-6187.945774888995,-12466.48617182286,-6254.339394123934
142.0807052443,18.7771189922,3.870011,1406,653,1,11.372,10.788,,2.6,-12.8,10.73544,0.4963999999999997,,1406-653-1,-104.23139611691988,13959.241964121937,3.8717711666073313,,10.73544,0.4963999999999997,,,10503.407794886767,9127.825374764,10506.161948784063,9191.94546887431
145.9435837919,13.8027541933,3.878687,834,348,1,9.214,8.785,,12.8,-6.0,8.74639,0.3646500000000002,,834-348-1,13419.707299020867,-3862.7184339735068,3.8731360581786567,,8.74639,0.3646500000000002,,,-11796.604042920926,7414.695185741467,-11799.638546514956,7468.444808870633
138.2813605546,13.7929453572,3.868629,825,375,1,12.757,12.445,,-1.9,-16.1,12.41692,0.2651999999999995,,825-375-1,-13410.282557082342,-3899.1568057317954,3.873432706702126,,12.41692,0.2651999999999995,,,5988.393191449861,-12452.390590657622,5990.037023444228,-12615.805900308029
145.8417848263,13.51281313,3.880986,834,1243,1,12.994,11.257,,-7.4,-8.1,11.10067,1.47645,,834-1243-1,13079.365591564892,-4914.6652764379705,3.875260113904559,,11.10067,1.47645,,,-12356.992946380973,6467.72402277776,-12360.140762849041,6515.417053404118
145.9233634507,13.7292439433,3.882236,834,1087,1,10.689,9.013,,-25.4,-11.1,8.86216,1.4246,,834-1087-1,13352.24989259052,-4129.262494441454,3.876344908989053,,8.86216,1.4246,,,-11951.063101069612,7188.681197618343,-11954.130026606705,7241.005541301961
139.3071621747,12.1431479258,3.878186,822,32,1,11.522,10.257,,-10.7,-11.1,10.14315,1.0752500000000005,,822-32-1,-9887.273950207365,-9901.409109043714,3.8809192916941186,,10.14315,1.0752500000000005,,,-836.9600368178943,-13777.507857852343,-837.1985546540376,-13967.647872537129
141.927691504,18.7829810228,3.87954,1406,252,1,12.33,12.375,,2.1,-15.7,12.37905,-0.0382499999999999,,1406-252-1,-626.9585278400994,13980.662611615626,3.8814717158956555,,12.37905,-0.0382499999999999,,,10866.466545731131,8753.432082851383,10869.30359110092,8815.341371719005
138.1003113545,14.7278533642,3.876085,825,274,1,10.173,9.475,,0.7,-14.5,9.41218,0.5933000000000003,,825-274-1,-13985.247306117019,-515.3662499593505,3.8814790315090475,,9.41218,0.5933000000000003,,,8899.47640028858,-10667.247075723693,8901.82042646247,-10798.62665712012
140.6347415637,11.2989751978,3.881982,823,378,1,12.38,11.63,,-19.4,-34.4,11.5625,0.6375,,823-378-1,-5223.65500795348,-12988.199523974077,3.8827349651730096,,11.5625,0.6375,,,-6240.355343084118,-12368.79523142199,-6242.064682010546,-12530.623568772608
139.2301680128,17.6338402067,3.879588,1405,491,1,12.171,10.635,,1.6,-7.8,10.49676,1.3055999999999996,,1405-491-1,-9902.96500080045,9904.953172302672,3.884679132975828,,10.49676,1.3055999999999996,,,13978.49896501561,-817.8670024704841,13981.899362592352,-826.6216588781332
140.7806703106,11.2427212033,3.884974,823,766,1,11.335,10.066,,-2.8,-5.7,9.95179,1.07865,,823-766-1,-4707.9436379414365,-13193.291105473461,3.8851810260261157,,9.95179,1.07865,,,-6736.039429805316,-12124.021727570853,-6737.873144567085,-12281.234831218097
143.9879116479,11.4759075567,3.889941,824,1936,1,11.468,10.672,,-26.9,-12.9,10.60036,0.6765999999999994,,824-1936-1,6635.076943089313,-12339.582939079424,3.885791788673497,,10.60036,0.6765999999999994,,,-13628.791413860326,-3201.2548062022684,-13632.108099879151,-3233.4473715125596
140.6953686979,11.2718414846,3.886112,823,602,1,10.551,9.707,45990.0,-313.3,132.1,9.63104,0.7173999999999995,45990.0,823-602-1,-5017.50976461346,-13082.870826208713,3.8862591000862485,9.62,9.62,0.77,,,-6447.979974850811,-12279.23003575696,-6449.742157962209,-12439.362499302822
138.2494542586,13.84760991,3.882516,825,1286,1,12.721,11.598,,-9.6,-18.3,11.49693,0.9545499999999996,,825-1286-1,-13519.097356398732,-3700.1658009657876,3.887445936069512,,11.49693,0.9545499999999996,,,6209.37517639354,-12402.543812852586,6211.077534242679,-12565.020340216379
139.2307891322,17.6398019694,3.883319,1405,865,1,11.634,11.773,,1.6,-3.5,11.78551,-0.1181499999999994,,1405-865-1,-9900.547103410407,9926.56951469947,3.888436058221644,,11.78551,-0.1181499999999994,,,13993.051601874726,-801.8493486394178,13996.455666817606,-810.4591561724396
139.5185990225,11.9446618894,3.886627,822,669,1,12.951,12.294,,-16.7,-11.0,12.23487,0.55845,,822-669-1,-9149.238231903139,-10625.7876289282,3.889010986982694,,12.23487,0.55845,,,-1868.3707204825002,-13708.192612042612,-1868.9020623666252,-13896.874758034206
141.1616840564,11.1280336244,3.889312,823,1009,1,11.203,10.761,,-19.6,-31.6,10.72122,0.3757000000000001,,823-1009-1,-3361.563326976472,-13613.874795228743,3.8892256422734652,,10.72122,0.3757000000000001,,,-7944.293100436093,-11409.669440302805,-7946.419291559808,-11553.878802556494
138.1075847096,14.5296879717,3.885035,825,213,1,11.813,10.79,,-4.6,4.1,10.69793,0.8695500000000013,,825-213-1,-13972.798315167953,-1230.2517833242337,3.89035844100636,,10.69793,0.8695500000000013,,,8356.830508789135,-11124.840790945522,8359.053002277986,-11264.051008045224
139.064941746,17.4735448653,3.887209,1402,755,1,12.879,11.275,,2.6,-4.1,11.13064,1.3633999999999993,,1402-755-1,-10479.699780763181,9334.964925984514,3.8924578540764014,,11.13064,1.3633999999999993,,,13935.338562260613,-1620.027976820425,13938.725385928588,-1636.3411257915538
145.6287650104,13.0250192011,3.902872,834,694,1,10.669,9.777,,-68.1,-26.2,9.69672,0.758200000000001,,834-694-1,12357.03215544746,-6686.70275629303,3.8968149007853614,,9.69672,0.758200000000001,,,-13202.05635766576,4762.463224250278,-13205.36692509468,4798.595817048884
140.11661743,11.5230207699,3.898275,822,527,1,9.867,9.065,45809.0,-72.3,-196.6,8.99282,0.6817000000000012,45809.0,822-527-1,-7052.171392349487,-12171.629158506503,3.9014705157733616,8.96,8.96,0.764,80496.0,G5,-4416.042761311869,-13177.766335100625,-4417.279263485962,-13355.497805310672
142.148610846,11.0009496197,3.906462,823,1089,1,13.46,11.693,,-36.7,-10.9,11.53397,1.501950000000001,,823-1089-1,132.11486081010156,-14078.206344332451,3.9047286782021757,,11.53397,1.501950000000001,,,-10610.906145259209,-9143.011771712958,-10613.624875749925,-9250.098118772416
145.7795776709,13.2958952967,3.910608,834,737,1,11.918,11.199,,-27.7,-38.6,11.13429,0.6111499999999995,,834-737-1,12873.122340035803,-5701.655204112109,3.904854389645383,,11.13429,0.6111499999999995,,,-12808.350508936092,5795.375693637736,-12811.592308080344,5838.600292847691
140.4451707306,18.46951052,3.901036,1405,1421,1,12.156,11.217,,-6.0,8.8,11.13249,0.79815,,1405-1421-1,-5701.490638064952,12873.874255566883,3.9050260517608733,,11.13249,0.79815,,,13408.270817757035,4253.759810211951,13411.619016605571,4286.269846557577
138.0731262927,14.9960430328,3.8956,825,1543,1,7.403,6.565,45170.0,-522.8,245.8,6.48958,0.7122999999999993,45170.0,825-1543-1,-14076.640670259325,461.0978386486157,3.906211855796648,6.49,6.49,0.731,79096.0,G9V,9690.06325968384,-10096.524903280615,9692.58739555527,-10218.521094362584
146.1292668147,14.4692874844,3.916866,834,1215,1,11.152,10.584,,-38.6,13.1,10.53288,0.4827999999999997,,834-1215-1,14026.862558673554,-1446.3779987295711,3.9109249530191894,,10.53288,0.4827999999999997,,,-10393.462290136124,9460.978238133528,-10396.198537321616,9527.010996515188
140.60831528,18.54285306,3.908057,1405,798,1,12.49,11.11,,0.0,0.0,10.9858,1.1730000000000007,,1405-798-1,-5141.024789077654,13133.908182715018,3.9117561835004064,,10.9858,1.1730000000000007,,,13230.532206851163,4841.318462896647,13233.852250372951,4877.994941489482
139.4844457451,17.8975452528,3.906557,1405,900,1,10.88,10.203,,-119.3,-22.1,10.14207,0.5754500000000011,,1405-900-1,-9019.8171072858,10844.443094648064,3.9120440094875892,,10.14207,0.5754500000000011,,,14094.420029691322,454.98946578495253,14097.860749456095,457.56854228542187
138.6671675934,12.8693222683,3.910507,825,869,1,12.75,12.36,,-19.6,1.7,12.3249,0.3315000000000004,,825-869-1,-12108.204476061199,-7252.07644512061,3.9144168441295006,,12.3249,0.3315000000000004,,,2617.7388706169113,-13680.71155956217,2618.48276025306,-13868.841928374653
138.3287558451,16.3469111744,3.911582,1401,2077,1,12.332,12.127,,6.2,-20.8,12.10855,0.17425,,1401-2077-1,-13087.203863915267,5311.369144086734,3.91720066968341,,12.10855,0.17425,,,12658.820927473671,-6191.3618523476725,12661.950588045756,-6257.839440759597
141.6198062761,18.7955637806,3.916105,1406,1196,1,11.638,11.043,,10.8,-33.1,10.98945,0.5057500000000005,,1406-1196-1,-1678.4366447891773,14027.668965679268,3.9182487797791516,,10.98945,0.5057500000000005,,,11599.698044877743,8003.028931736682,11602.701221315669,8060.395185729404
145.8601563764,16.4367898677,3.9253,1410,113,1,11.721,11.089,,-48.6,-4.4,11.03212,0.5371999999999997,,1410-113-1,12964.760849303731,5634.734703308784,3.9206220286648223,,11.03212,0.5371999999999997,,,-4395.320012225889,13348.359137690177,-4396.536259092223,13435.242014150723
145.3178280253,12.5195862308,3.929152,827,1347,1,11.143,9.89,,-10.1,-2.9,9.77723,1.06505,,827-1347-1,11290.290868275946,-8525.214611105455,3.923698202966072,,9.77723,1.06505,,,-13868.15850234686,2758.762290998306,-13871.584168462416,2780.126744042883
142.5975204508,11.00984146,3.926673,823,628,1,10.747,10.348,,-23.4,-32.7,10.31209,0.3391499999999992,,823-628-1,1722.5245900901539,-14045.20808503516,3.924528761267647,,10.31209,0.3391499999999992,,,-11642.159672579233,-7949.3403161142205,-11645.092107318904,-8039.078985024388
141.2639360641,18.7489735547,3.925345,1405,430,1,9.443,8.943,,-7.1,-37.9,8.898,0.425,,1405-430-1,-2895.3231792169117,13863.582958889816,3.927915895896474,,8.898,0.425,,,12284.966749250969,6990.563630507136,12288.113163723552,7041.59808890371
144.9771657561,12.1366095422,3.933209,824,602,1,11.826,11.746,,-8.1,-0.2,11.7388,0.068,,824-602-1,10106.813173514709,-9922.050301096991,3.928042059419474,,11.7388,0.068,,,-14126.595695538195,960.8008391375199,-14130.051330875767,967.6797448770677
139.2760181491,12.1063041983,3.925786,822,687,1,10.105,9.571,,-42.4,-5.5,9.52294,0.4539000000000006,,822-687-1,-9999.79203405706,-10033.207747380138,3.928689542609266,,9.52294,0.4539000000000006,,,-860.7746141887899,-13945.517318902332,-861.0212265747147,-14139.297750378939
138.0806388959,14.4099083317,3.925385,825,233,1,12.127,10.842,,-10.3,-3.3,10.72635,1.0922500000000002,,825-233-1,-14075.09794940985,-1660.954723875853,3.930699847454091,,10.72635,1.0922500000000002,,,8102.789582813769,-11481.033338160245,8104.961980460996,-11626.553409137723
142.0923879749,18.8369987756,3.929882,1406,1259,1,12.914,11.726,,-0.6,-31.9,11.61908,1.009799999999999,,1406-1259-1,-64.39449541618383,14175.294686801482,3.931440793496061,,11.61908,1.009799999999999,,,10638.448799545882,9300.11421867412,10641.244305154956,9365.203988526207
138.0499698893,14.6758159242,3.927879,825,1380,1,11.943,11.419,,-3.5,-20.5,11.37184,0.4453999999999992,,825-1380-1,-14164.846993894,-700.1247641117023,3.933292597445301,,11.37184,0.4453999999999992,,,8880.59609187401,-10919.883166747582,8882.947797980753,-11055.600547419448
144.878151427,17.8083468022,3.936127,1413,323,1,13.029,11.791,,-52.0,1.6,11.67958,1.0522999999999996,,1413-323-1,9501.120272109047,10530.260461970873,3.9335324358815145,,11.67958,1.0522999999999996,,,1563.3691052107642,14006.407135533542,1563.805635050025,14096.530912171796
142.3453325335,10.9778671667,3.936327,823,804,1,11.595,11.353,,7.4,18.3,11.33122,0.2057000000000007,,823-804-1,830.1932436733374,-14160.582386830834,3.934055230031005,,11.33122,0.2057000000000007,,,-11135.952837890103,-8682.615056857798,-11138.786243861461,-8782.867149719958
144.6143070642,11.8151409878,3.939198,824,1951,1,11.861,11.18,,-29.5,-17.0,11.11871,0.5788500000000008,,824-1951-1,8838.138985437829,-11096.48969724483,3.934381388994241,,11.11871,0.5788500000000008,,,-14162.216733691741,-752.59000525791,-14165.662630121746,-760.7802419559314
143.7758497706,18.503281085,3.935747,1406,917,1,12.196,11.133,,4.7,4.2,11.03733,0.9035500000000004,,1406-917-1,5695.651510790238,12996.15406571963,3.935313645207693,,11.03733,0.9035500000000004,,,5932.944856076204,12804.670472455458,5934.574622111971,12888.804858747453
138.0381234606,14.94976364,3.930231,825,1529,1,10.785,10.398,,-12.9,10.4,10.36317,0.3289500000000003,,825-1529-1,-14188.446279489248,289.8345169518095,3.9358547335611527,,10.36317,0.3289500000000003,,,9636.265324225615,-10290.66275355723,9638.784922892211,-10415.845480968022
142.8618327912,11.0379165044,3.938817,823,34,1,11.657,11.617,,-0.6,-8.2,11.6134,0.0339999999999992,,823-34-1,2659.0747447107283,-13941.054434618822,3.9361242049060796,,11.6134,0.0339999999999992,,,-12186.109466292797,-7190.291228375588,-12189.151612022435,-7269.68088887618
138.483831099,13.1325575861,3.936311,825,418,1,11.366,10.214,45300.0,-4.1,1.4,10.11032,0.9791999999999992,45300.0,825-418-1,-12738.398955490167,-6292.837122537111,3.9404359695010647,9.95,9.95,1.197,,K0,3753.1100124078275,-13518.262107029443,3754.171455036598,-13703.021699107383
139.1956781624,12.1655995961,3.939228,822,499,1,12.236,10.879,,-7.5,-5.0,10.75687,1.153450000000001,,822-499-1,-10279.844587684114,-9816.008087640219,3.9420177464458663,,10.75687,1.153450000000001,,,-512.5060711855319,-14009.280618446242,-512.6532028827265,-14204.450225796596
138.0313196053,15.1041891441,3.94,1401,51,1,11.098,10.581,,-48.5,-3.3,10.53447,0.439450000000001,,1401-51-1,-14202.967831802473,847.0817739757549,3.946028565014541,,10.53447,0.439450000000001,,,10062.453084906121,-9937.179058064983,10065.066818612728,-10056.653155990007
138.0916649055,14.238624515,3.941689,825,953,1,11.568,11.156,,-20.6,9.0,11.11892,0.3501999999999992,,825-953-1,-14047.904861100451,-2279.3096461191026,3.9469712294014143,,11.11892,0.3501999999999992,,,7622.51456621438,-11864.382271978306,7624.576793646487,-12016.851175212856
142.0034461691,18.8511523192,3.945166,1406,1374,1,12.775,12.152,,-13.3,-7.3,12.09593,0.529550000000001,,1406-1374-1,-368.46867482162725,14227.24538646035,3.947081926223888,,12.09593,0.529550000000001,,,10879.159756347886,9108.391694411479,10882.012155747672,9172.354762711855
139.9529614731,18.2704075955,3.945356,1405,1103,1,10.887,10.014,,-32.8,-60.2,9.935429999999998,0.7420500000000009,,1405-1103-1,-7394.782193011114,12170.011030401114,3.9494286902156515,,9.935429999999998,0.7420500000000009,,,14006.364198910422,2533.2305272221492,14009.819230876494,2552.829269716426
139.5358966374,17.9898697344,3.946402,1405,1556,1,11.563,10.91,,0.9,14.6,10.85123,0.5550500000000004,,1405-1556-1,-8835.923284208144,11176.500946425938,3.9513282553579145,,10.85123,0.5550500000000004,,,14220.536901678244,809.9812659217578,14224.013488664245,815.5697175401773
139.0880169975,12.26015427,3.950674,822,193,1,11.384,11.034,,-3.4,-0.8,11.0025,0.2974999999999997,,822-193-1,-10655.348632494095,-9470.172675191357,3.9535873286261674,,11.0025,0.2974999999999997,,,-4.720154489352161,-14059.281238365425,-4.721511742156418,-14255.546383259569
145.0790508146,12.20104617,3.959527,824,342,1,12.312,11.318,,-13.0,-9.0,11.22854,0.8448999999999998,,824-342-1,10463.443614940637,-9685.639311417719,3.954310969746611,,11.22854,0.8448999999999998,,,-14186.642678159333,1380.9555981254525,-14190.119891003407,1391.3154325581584
138.1831365281,16.0545620789,3.950161,1401,557,1,13.567,12.215,,-23.5,3.7,12.09332,1.1492000000000002,,1401-557-1,-13611.828030124994,4266.467656259975,3.956146201754022,,12.09332,1.1492000000000002,,,12226.037220399226,-7263.58571354823,12229.091950740718,-7343.971585180444
145.9017353479,13.4420204886,3.961238,834,122,1,8.615,7.211,47706.0,65.5,-57.5,7.08464,1.1933999999999998,47706.0,834-122-1,13296.430278943293,-5168.223069095433,3.956349488296251,7.06,7.06,1.182,84182.0,K0,-12690.631486400147,6461.726666558003,-12693.864589213828,6509.33096757566
146.143513102,14.2359990614,3.965261,834,396,1,13.347,11.967,,6.1,-10.3,11.8428,1.1729999999999992,,834-396-1,14093.235519418826,-2287.852350895182,3.9597197130078796,,11.8428,1.1729999999999992,,,-11066.52572412704,8954.786561272527,-11069.422122211547,9017.84063208053
138.4726897666,16.7586473978,3.954884,1401,661,1,11.424,10.953,,-2.2,-9.8,10.91061,0.40035,,1401-661-1,-12563.914480303743,6788.623175490637,3.960530879780548,,10.91061,0.40035,,,13415.66784901077,-4835.367823380835,13418.953840248214,-4885.594080609015
144.5489705579,11.7334993383,3.965394,824,640,1,11.732,10.342,,-7.0,-6.6,10.2169,1.1814999999999989,,824-640-1,8611.010939502217,-11393.28408256654,3.9607155547977775,,10.2169,1.1814999999999989,,,-14233.278012682124,-1116.1077743457022,-14236.739400584947,-1127.6891531443468
139.2241786542,17.7379779175,3.956962,1405,1066,1,12.578,11.28,,4.0,-8.9,11.16318,1.1033,,1405-1066-1,-9918.646829287287,10281.417472947945,3.961980066407219,,11.16318,1.1033,,,14270.31165081216,-581.701309185157,14273.785263734371,-588.3488947620677
139.7762620098,18.177137625,3.959359,1405,1392,1,11.996,11.185,,21.9,-9.3,11.11201,0.6893499999999999,,1405-1392-1,-8002.748539315983,11841.657730395928,3.963738146636853,,11.11201,0.6893499999999999,,,14164.568429609571,1865.9172695464777,14168.048989599436,1880.2206827075318
140.0024010038,18.3156623097,3.959474,1405,604,1,11.928,11.616,,-13.1,-3.7,11.58792,0.265200000000001,,1405-604-1,-7223.188035613044,12333.118120251682,3.9638484560855405,,11.58792,0.265200000000001,,,14014.357609216093,2768.0307250582705,14017.81988983047,2789.4396394574724
146.1960094294,14.5806735228,3.969122,834,1412,1,11.592,11.025,,39.9,-47.8,10.97397,0.4819500000000001,,834-1412-1,14255.311257870275,-1041.9293492652791,3.9640347922824737,,10.97397,0.4819500000000001,,,-10242.797588162199,9897.894820040168,-10245.508606286776,9966.397003237005
139.8805110029,11.587952935,3.963122,822,242,1,11.428,11.128,,4.4,-11.4,11.101,0.2550000000000006,,822-242-1,-7883.090143482782,-11925.82669704364,3.9647013955640187,,11.101,0.2550000000000006,,,-3680.669068603758,-13626.478122418757,-3681.7134621429177,-13813.523757567233
138.0085214972,14.8250484331,3.960628,825,248,1,11.846,10.526,,-0.9,-7.3,10.4072,1.122,,825-248-1,-14299.857782569965,-158.7200233669872,3.966080641603822,,10.4072,1.122,,,9374.927874048884,-10665.580752174066,9377.397640150746,-10797.015242465968
140.3262156117,11.3399180583,3.965664,822,1187,1,12.727,11.996,,4.7,-35.4,11.93021,0.6213499999999998,,822-1187-1,-6313.983211617336,-12834.104517210282,3.9667523211976556,,11.93021,0.6213499999999998,,,-5401.29273516746,-13067.916547073286,-5402.800707733326,-13243.502832248872
138.1453839848,15.9661246933,3.961315,1401,287,1,12.516,11.286,,4.6,-40.4,11.1753,1.0455000000000003,,1401-287-1,-13747.970937667189,3948.6223454985866,3.9669233738547947,,11.1753,1.0455000000000003,,,12078.827015596726,-7572.265397310561,12081.855718958164,-7656.832616466695
138.0249681565,15.37229862,3.966192,1401,2001,1,13.197,11.501,,1.7,-5.4,11.34836,1.4415999999999998,,1401-2001-1,-14206.048699163297,1814.7687217329035,3.9718185505909465,,11.34836,1.4415999999999998,,,10787.853984188328,-9306.706676796692,10790.62591502604,-9416.347355442404
145.7039221205,16.8645858367,3.975969,1410,631,1,11.011,10.49,,17.7,-55.5,10.44311,0.4428499999999991,,1410-631-1,12399.932016337969,7167.677854978701,3.9720956778458043,,10.44311,0.4428499999999991,,,-2874.5100605978423,13941.127725133098,-2875.312015819436,14030.912324372932
144.0914590002,11.4325590278,3.976304,824,732,1,9.611,8.24,47143.0,5.4,-8.8,8.11661,1.1653500000000003,47143.0,824-732-1,7003.694187509852,-12493.706684349812,3.972197193871556,8.12,8.12,1.16,83084.0,G5,-13988.725115872125,-3029.722103525487,-13992.12889623172,-3060.1908335863754
140.3115740624,11.340174725,3.971715,822,849,1,13.213,12.225,,-18.2,-8.6,12.13608,0.8397999999999995,,822-849-1,-6366.409064737682,-12832.137719535598,3.9726843565834953,,12.13608,0.8397999999999995,,,-5365.016453206842,-13105.054656312795,-5366.515890687716,-13281.394129672643
145.8841965254,13.3549596569,3.979398,834,771,1,12.576,11.127,,5.0,-9.7,10.99659,1.23165,,834-771-1,13238.45343325809,-5482.160259236764,3.973801656507055,,10.99659,1.23165,,,-12886.81123628296,6211.555896441854,-12890.086353049579,6257.507828474868
140.5304670388,11.2412741625,3.973843,823,554,1,11.464,10.37,,-3.1,-26.1,10.27154,0.929900000000001,,823-554-1,-5593.782785881699,-13194.684028666505,3.974567150000718,,10.27154,0.929900000000001,,,-6148.954845446812,-12774.705050998058,-6150.657763451486,-12944.477646814144
138.0641342178,14.2228824339,3.970794,825,433,1,11.36,10.828,,-7.4,-1.0,10.78012,0.4522,,825-433-1,-14145.092375391718,-2334.717609914056,3.9759600924138057,,10.78012,0.4522,,,7645.614762176819,-11971.83292734007,7647.688819645353,-12126.31025268131
138.9422298773,17.46697862,3.972247,1402,346,1,11.752,10.995,,-25.0,-18.0,10.92687,0.6434500000000012,,1402-346-1,-10903.677225336192,9317.765855274503,3.9776603676721556,,10.92687,0.6434500000000012,,,14203.963130574804,-1945.2257252707577,14207.415675640721,-1964.7588624538798
138.0673921267,15.68962195,3.972722,1401,433,1,11.675,10.46,,0.9,4.4,10.350650000000002,1.0327499999999998,,1401-433-1,-14037.337014685132,2957.2164887632566,3.9784411054179665,,10.350650000000002,1.0327499999999998,,,11529.843546752118,-8434.85731294252,11532.767099435207,-8531.543990125574
145.5785128494,17.0821198889,3.984288,1410,228,1,8.483,8.338,47598.0,-14.1,4.4,8.32495,0.1232500000000011,47598.0,1410-228-1,11953.016374618257,7946.869504966175,3.9807083256491564,8.3,8.3,0.125,83965.0,B9,-1995.3914512043166,14123.532080752455,-1995.9495526166747,14214.201376238605
143.0203423156,11.0243620582,3.983807,824,574,1,9.357,8.684,,-131.8,-44.6,8.623429999999999,0.5720500000000001,,824-574-1,3217.2512498905658,-13989.490471688194,3.9809896328064767,,8.623429999999999,0.5720500000000001,,,-12592.901021063153,-6810.08698451912,-12596.03269638589,-6884.512297465557
138.1181350626,13.9588297567,3.976122,825,769,1,11.868,11.52,,-20.4,-4.0,11.48868,0.2958000000000006,,825-769-1,-13973.228245514767,-3290.858268019233,3.981223670117365,,11.48868,0.2958000000000006,,,6816.806495221596,-12468.909475258504,6818.679120383918,-12632.753887996198
138.2684766715,13.4975843225,3.9777,825,1240,1,13.967,12.127,,-14.6,1.9,11.9614,1.5639999999999998,,825-1240-1,-13474.23855295366,-4963.874078985178,3.9823239811598223,,11.9614,1.5639999999999998,,,5234.9812125242615,-13192.550198668674,5236.447983885596,-13370.668007470213
138.9572020318,17.4942463464,3.978822,1402,870,1,9.225,8.687,45454.0,2.7,-16.3,8.63858,0.4573000000000002,45454.0,1402-870-1,-10849.938359210984,9415.433670625192,3.984021603732895,8.64,8.64,0.504,79635.0,F5,14241.291327589499,-1841.199387221369,14244.753017943662,-1859.721770159889
143.1553921497,18.7649090117,3.986409,1406,518,1,11.27,10.772,,-12.4,-12.3,10.72718,0.4232999999999994,,1406-518-1,3567.291636618419,13925.679659562955,3.98670094178251,,10.72718,0.4232999999999994,,,8040.749007051666,11835.669103413906,8042.929854237845,11914.755681979535
142.9133189369,18.8189258775,3.987404,1406,593,1,11.797,11.163,,-42.5,-18.5,11.10594,0.5389000000000003,,1406-593-1,2738.5659843106932,14116.562628385753,3.987921466500181,,11.10594,0.5389000000000003,,,8733.623661856545,11345.421810294765,8735.977480423999,11421.899209548454
146.1364423012,15.8242941278,3.993524,1410,470,1,11.339,10.895,,-18.0,-2.8,10.85504,0.3774000000000007,,1410-470-1,13963.914420616842,3442.4927567481714,3.988542139142607,,10.85504,0.3774000000000007,,,-6697.285221066902,12643.204398143205,-6699.121133463587,12726.485703671535
138.8490253582,17.3764286689,3.985096,1402,693,1,12.106,11.07,,29.9,-64.4,10.97676,0.8805999999999996,,1402-693-1,-11228.29390284353,8994.849989103173,3.989889749903155,,10.97676,0.8805999999999996,,,14178.100579890013,-2397.8743607049455,14181.547599524003,-2421.903791966515
144.5073295615,11.6659134967,3.996032,824,763,1,12.107,11.755,,3.7,-5.7,11.72332,0.2991999999999987,,824-763-1,8466.685943429986,-11638.790909704925,3.99146802331759,,11.72332,0.2991999999999987,,,-14320.974719118703,-1384.4941914293834,-14324.456659387168,-1398.6300861373172
143.2174957275,18.7545409878,3.991791,1406,858,1,13.684,11.959,,-3.1,-4.6,11.80375,1.4662499999999996,,1406-858-1,3779.9636722929977,13889.677180624865,3.9920925024395446,,11.80375,1.4662499999999996,,,7872.644211336839,11970.066219521963,7874.783231145706,12049.856704886171
143.7603440753,18.57619069,3.996458,1406,873,1,11.733,10.961,,3.7,-5.2,10.89152,0.6562000000000002,,1406-873-1,5640.585713551477,13259.03665302761,3.9959985075910582,,10.89152,0.6562000000000002,,,6165.995212008094,12937.42960210732,6167.692174283517,13022.205396995196
142.7320011491,18.8574623933,3.995491,1406,568,1,11.634,11.22,,-25.4,-8.2,11.18274,0.3518999999999997,,1406-568-1,2119.2453749980536,14253.728717401431,3.9963987062363397,,11.18274,0.3518999999999997,,,9247.322824542915,10975.465208296362,9249.8034112096,11049.93756374667
143.2041858629,11.0533535267,3.999741,824,1017,1,11.331,10.769,,-6.0,-2.0,10.71842,0.4776999999999994,,824-1017-1,3871.3948695625054,-13881.282331652472,3.9965686034251826,,10.71842,0.4776999999999994,,,-12946.32062369145,-6256.210506602831,-12949.523817798416,-6323.5694271034445
140.6609354746,18.6540930822,3.99386,1405,124,1,12.714,11.558,,-8.8,4.7,11.45396,0.9826000000000004,,1405-124-1,-4958.583071338575,13534.799853787888,3.997533861082415,,11.45396,0.9826000000000004,,,13409.057231818248,5241.2221963572,13412.43445850685,5280.620707238751
141.2496926299,18.8173314211,3.995008,1405,89,1,10.244,9.685,,-20.0,-38.0,9.63469,0.4751499999999993,,1405-89-1,-2943.392561916896,14111.05364920331,3.9976013800462264,,9.63469,0.4751499999999993,,,12501.854948613192,7118.190942154008,12505.061569706157,7169.995118694434
145.4687998809,17.27000292,4.003015,1410,126,1,11.838,11.3,,-6.3,-18.0,11.25158,0.4572999999999987,,1410-126-1,11563.963371285094,8618.06900189398,3.999623691376179,,11.25158,0.4572999999999987,,,-1235.4082847313525,14277.632460799012,-1235.7545704027038,14369.038687941493
139.6398382316,11.7087408192,3.998203,822,304,1,12.697,11.501,,-0.4,-6.9,11.39336,1.0165999999999995,,822-304-1,-8729.892106624666,-11482.079497953988,4.000129699459243,,11.39336,1.0165999999999995,,,-2786.8033498479926,-13957.851464671598,-2787.6022459005135,-14151.976523061945
138.0117395626,15.4994886708,3.994524,1401,2050,1,12.479,11.661,,-11.3,-3.9,11.58738,0.6952999999999997,,1401-2050-1,-14244.07588280826,2274.6248894201144,4.000306490760967,,11.58738,0.6952999999999997,,,11156.846021458352,-9033.873618755095,11159.700465647766,-9139.403791264975
143.5742597603,11.1655187311,4.00587,824,1661,1,12.389,12.006,,9.0,7.4,11.97153,0.3255499999999992,,824-1661-1,5180.256232407701,-13469.68734165816,4.002221574816445,,11.97153,0.3255499999999992,,,-13507.645166018532,-5019.249659496642,-13510.957508096099,-5071.642626393313
139.8209737303,18.25451453,3.999601,1405,1225,1,12.347,12.141,,-2.1,-10.2,12.12246,0.1750999999999996,,1405-1225-1,-7847.119781161827,12119.387252330434,4.00403415531198,,12.12246,0.1750999999999996,,,14268.839438338924,2164.3506884178973,14272.35182125821,2181.0111696358395
142.0366769224,18.9124045078,4.005731,1406,1081,1,11.769,11.533,,-11.1,1.7,11.51176,0.2006000000000005,,1406-1081-1,-254.858907994932,14449.002426565843,4.007687227889292,,11.51176,0.2006000000000005,,,10969.485118736113,9339.286584522903,10972.369325259202,9404.559297277
139.5067288349,18.0453352,4.007082,1405,1398,1,9.837,8.683,,2.6,-40.2,8.57914,0.9809,,1405-1398-1,-8933.74919986392,11376.871723583066,4.011572674547697,,8.57914,0.9809,,,14435.257829416081,869.4386145702338,14438.788259167446,875.4876286162889
137.9890435028,14.4610726258,4.006819,825,209,1,11.407,10.922,,-6.8,-30.3,10.87835,0.4122499999999995,,825-209-1,-14392.44306433641,-1471.3854584715339,4.012167948902298,,10.87835,0.4122499999999995,,,8455.163146414114,-11590.376038684384,8457.43628169386,-11737.936959647512
144.7362139542,11.8106141667,4.017216,824,642,1,11.987,11.445,,3.4,-11.4,11.39622,0.4606999999999998,,824-642-1,9270.1990681882,-11108.72529360143,4.012482957979606,,11.39622,0.4606999999999998,,,-14458.206955395584,-440.4624275690794,-14461.727835169171,-445.86593728768906
141.886855135,10.8983113992,4.014549,823,1293,1,10.106,8.623,,-19.7,-2.3,8.489529999999998,1.2605500000000005,,823-1293-1,-794.9684865014285,-14448.968436155055,4.0130970808057675,,8.489529999999998,1.2605500000000005,,,-10272.512603645722,-10067.827404885422,-10275.187843730335,-10189.464094818479
143.0343148126,18.8206888538,4.013246,1406,603,1,12.493,11.74,,-76.0,-43.4,11.67223,0.6400500000000001,,1406-603-1,3150.9969690216612,14124.292405401933,4.013285744639706,,11.67223,0.6400500000000001,,,8465.584027051626,11657.26774818566,8467.874884239567,11735.395723917614
140.9211063,11.0623186883,4.014223,823,1090,1,10.857,9.785,46069.0,-20.2,-25.5,9.68852,0.9111999999999992,46069.0,823-1090-1,-4214.772905077536,-13848.314630700183,4.014390675301673,9.72,9.72,0.893,,K0,-7553.054727304595,-12188.920732137482,-7555.114974966099,-12347.484216118051
145.9490014696,13.3997472758,4.019962,834,1109,1,12.102,11.482,,17.4,-15.9,11.4262,0.5270000000000008,,834-1109-1,13463.98225244017,-5317.145287119719,4.014493057608623,,11.4262,0.5270000000000008,,,-12913.184446343737,6487.971334553383,-12916.475468938077,6535.7106391491825
145.0980544106,17.7174450425,4.017944,1413,553,1,11.574,11.046,,-9.1,29.7,10.99848,0.4488000000000003,,1413-553-1,10263.047258175588,10214.233017030685,4.015541643731258,,10.99848,0.4488000000000003,,,821.3192020854625,14364.522255856884,821.5497016508064,14456.33948264439
141.4654896645,18.8744677358,4.014232,1406,291,1,13.087,11.214,,-3.8,-5.7,11.04543,1.5920499999999993,,1406-291-1,-2205.183659440548,14315.481038891483,4.016831312910218,,11.04543,1.5920499999999993,,,12164.542926292255,7801.61779094226,12167.685955099592,7857.6873725543155
138.4953990253,16.9210972525,4.013318,1401,205,1,11.666,10.885,,-10.6,-9.9,10.81471,0.6638500000000005,,1401-205-1,-12476.01684712442,7373.671691417044,4.018989076322041,,10.81471,0.6638500000000005,,,13794.637039690298,-4386.200985635099,13798.008746208874,-4431.363810621085
138.2232017508,16.3711237875,4.014773,1401,2085,1,11.883,11.3,,-12.5,-10.3,11.24753,0.4955499999999986,,1401-2085-1,-13452.378307883466,5405.938152702918,4.020596811984434,,11.24753,0.4955499999999986,,,12971.943903097155,-6398.889664831608,12975.157677436217,-6468.070245052744
139.264158612,17.8570446244,4.016236,1405,378,1,11.773,9.742,,-8.0,3.2,9.55921,1.726349999999999,,1405-378-1,-9775.912886184955,10709.8306964436,4.021343130096289,,9.55921,1.726349999999999,,,14495.780920688865,-193.93963096248822,14499.313223172701,-197.135387721363
140.3634251916,11.2589600331,4.023397,822,1085,1,11.791,11.168,,-14.6,-1.9,11.11193,0.529550000000001,,822-1085-1,-6185.071214462819,-13126.731519690495,4.024175116672621,,11.11193,0.529550000000001,,,-5705.598671830326,-13163.860472724868,-5707.196197884611,-13341.442870876726
140.6449292232,11.1426765289,4.024427,823,1156,1,10.686,10.103,,-6.3,17.6,10.05053,0.4955500000000001,,823-1156-1,-5190.945730863536,-13552.164674306588,4.024564624730386,,10.05053,0.4955500000000001,,,-6683.599105462749,-12712.079126666837,-6685.447237425209,-12880.678560382563
141.1200548263,10.9983063228,4.025083,823,1088,1,12.963,11.379,,1.2,-6.5,11.23644,1.3463999999999996,,823-1088-1,-3510.4911003499556,-14081.910156785563,4.0247232459440925,,11.23644,1.3463999999999996,,,-8195.24298510948,-11824.221065787951,-8197.458524932199,-11976.035035078885
137.9717212213,15.4101664633,4.021401,1401,2037,1,12.368,12.106,,-16.1,-1.2,12.08242,0.2227000000000003,,1401-2037-1,-14389.674122583401,1955.0583523301773,4.027210163490038,,12.08242,0.2227000000000003,,,11014.623623015841,-9350.118224451653,11017.456296953702,-9460.477327274653
143.4108124815,18.73660923,4.028016,1406,926,1,9.257,8.108,46910.0,-23.2,-3.2,8.00459,0.9766499999999992,46910.0,1406-926-1,4440.546833048433,13829.34030216417,4.028010789198566,7.99,7.99,1.018,82624.0,K0,7388.979607292588,12421.568779349323,7390.999297922868,12503.689005556012
137.9814910575,14.3920603167,4.022923,825,329,1,12.448,11.574,,-24.0,-1.7,11.49534,0.7429000000000004,,825-329-1,-14423.959329657937,-1719.1654005078713,4.0283630487557005,,11.49534,0.7429000000000004,,,8290.868098967325,-11775.121913457308,8293.106884872353,-11926.043376326279
141.513566854,10.91898488,4.029684,823,432,1,12.072,11.999,,2.4,-16.6,11.99243,0.0620499999999988,,823-432-1,-2117.0952443854567,-14372.783961098206,4.028866113915439,,11.99243,0.0620499999999988,,,-9337.768440657921,-10990.36721916832,-9340.24560804754,-11127.390666618772
141.1172446832,10.9946071997,4.029327,823,954,1,12.043,10.68,,5.2,-9.1,10.55733,1.1585499999999995,,823-954-1,-3520.4007840235463,-14095.327951345418,4.02898484046236,,10.55733,1.1585499999999995,,,-8198.69259429126,-11840.24294165291,-8200.909947617123,-11992.354554765749
144.6123787041,11.6935575992,4.034533,824,1084,1,12.465,11.252,,-14.0,-17.7,11.14283,1.0310499999999994,,824-1084-1,8836.679140892658,-11535.969153542164,4.029878845675325,,11.14283,1.0310499999999994,,,-14489.75532784205,-1042.7678606663064,-14493.280023118825,-1053.7156741921633
138.502447213,16.9617174367,4.027693,1401,693,1,9.979,9.516,,-16.8,-2.1,9.47433,0.3935499999999993,,1401-693-1,-12449.427130693139,7520.100719951943,4.033440552842487,,9.47433,0.3935499999999993,,,13886.439859982936,-4270.366603843387,13889.832383631918,-4314.244670306777
145.0741841194,12.0791483589,4.040931,824,404,1,13.081,11.624,,-3.7,-8.0,11.49287,1.2384499999999992,,824-404-1,10452.375348700556,-10126.182450919992,4.035830272005818,,11.49287,1.2384499999999992,,,-14508.600096958204,1082.6646311091995,-14512.151932105555,1090.4896876764055
141.5112426796,18.9005995011,4.033677,1406,1241,1,9.088,8.871,46272.0,-3.8,-16.0,8.85147,0.1844499999999989,46272.0,1406-1241-1,-2048.6865915110693,14409.193640121059,4.036117589193976,8.77,8.77,0.241,81418.0,A0,12130.687215256177,7979.7743268919085,12133.827727431617,8036.9274470881355
145.6244131073,12.7471455122,4.042268,834,170,1,13.001,11.576,,-7.3,24.8,11.44775,1.211249999999999,,834-170-1,12359.170786851773,-7688.801632071443,4.0365429242213455,,11.44775,1.211249999999999,,,-13952.54830452493,4103.395153131918,-13956.029175382546,4134.733695390059
138.1379956846,13.6871853817,4.033407,825,1241,1,11.931,11.44,,-5.5,-1.9,11.39581,0.4173499999999997,,825-1241-1,-13920.617966605465,-4272.314710495167,4.038151984181365,,11.39581,0.4173499999999997,,,6048.24505812197,-13069.476626538955,6049.934083783594,-13245.171767084306
139.8712805908,11.5036729067,4.038995,822,699,1,10.841,10.465,,-10.3,-1.5,10.43116,0.3195999999999995,,822-699-1,-7919.18999723378,-12229.964274555437,4.040517520031213,,10.43116,0.3195999999999995,,,-3884.0262375189004,-13850.61071759619,-3885.136117810265,-14042.482462701473
145.4797267068,12.53153022,4.048095,827,382,1,12.245,11.767,,-11.9,-3.2,11.72398,0.4062999999999998,,827-382-1,11860.78351668168,-8474.959066911677,4.042580207461376,,11.72398,0.4062999999999998,,,-14209.333356497315,3215.27469863386,-14212.854991893253,3240.0416347368778
138.2148051754,16.4124262022,4.037185,1401,180,1,12.762,11.281,,1.6,-4.0,11.14771,1.2588499999999998,,1401-180-1,-13478.52055344575,5555.739030260144,4.042899070173613,,11.14771,1.2588499999999998,,,13101.276187053465,-6319.936452768356,13104.519927455996,-6388.138222747679
141.2685697544,10.9458753728,4.044396,823,1100,1,12.376,11.594,,-13.5,-2.9,11.52362,0.6647,,823-1100-1,-2985.410733820951,-14273.07622207812,4.043814967347005,,11.52362,0.6647,,,-8686.742757250946,-11563.286614039229,-8689.076902474339,-11710.393873553387
139.558441816,18.1270394878,4.040855,1405,1390,1,13.096,12.325,,23.2,5.6,12.25561,0.6553500000000007,,1405-1390-1,-8752.213331375044,11670.903205717452,4.045500041113441,,12.25561,0.6553500000000007,,,14534.515442603333,1197.6959488010934,14538.075557358181,1206.473755896817
139.5210122318,11.7367603672,4.046518,822,1191,1,11.75,11.135,,-32.2,-0.2,11.07965,0.5227500000000002,,822-1191-1,-9149.844015133196,-11376.850649552858,4.048730625690189,,11.07965,0.5227500000000002,,,-2429.347360243836,-14196.71314510483,-2430.0491601786757,-14396.08409542745
137.9254998391,15.1850091153,4.046169,1401,162,1,11.268,10.934,,-0.9,0.1,10.90394,0.2839000000000012,,1401-162-1,-14565.72472611474,1145.7112255499194,4.051764312521939,,10.90394,0.2839000000000012,,,10526.500232969154,-10008.841077298912,10529.238931511914,-10129.566552051374
137.9204632852,15.0900496289,4.046435,1401,234,1,10.937,10.183,,-38.5,-8.6,10.11514,0.6408999999999996,,1401-234-1,-14590.767772432928,803.1808399899712,4.05235649049896,,10.11514,0.6408999999999996,,,10287.079925863467,-10251.10336896799,10289.768553696198,-10375.75379247967
143.7462368831,11.17755367,4.057619,824,872,1,12.683,11.743,,-6.9,-0.7,11.6584,0.7989999999999996,,824-872-1,5788.626766505639,-13423.169116989759,4.053813236729392,,11.6584,0.7989999999999996,,,-13876.781546872759,-4538.973742327895,-13880.176089781842,-4585.8893032725255
138.5161486222,17.0245791025,4.048397,1401,389,1,11.767,11.517,,-29.4,-11.1,11.4945,0.2125,,1401-389-1,-12398.7287184739,7745.980900713604,4.054182148377071,,11.4945,0.2125,,,14021.626592310333,-4084.506536256341,14025.049688052992,-4126.339200328949
140.451027541,11.1853715422,4.055703,823,837,1,12.725,11.37,,-2.2,-1.6,11.24805,1.1517500000000005,,823-837-1,-5876.536113054181,-13394.641580421989,4.056274503005902,,11.24805,1.1517500000000005,,,-6110.684732369862,-13112.097378591669,-6112.393337468101,-13288.66988995061
139.3482331861,11.8671379133,4.053971,822,36,1,12.153,11.945,,3.1,-19.2,11.92628,0.1768000000000001,,822-36-1,-9754.230778601375,-10900.331478965152,4.056389242392472,,11.92628,0.1768000000000001,,,-1671.9301721479426,-14329.22426477065,-1672.4152455921703,-14531.5268186054
137.9402441357,14.4767500122,4.051819,825,346,1,9.952,9.387,,-42.0,-14.0,9.33615,0.4802499999999995,,825-346-1,-14563.238908651563,-1411.2775663051286,4.057498115405935,,9.33615,0.4802499999999995,,,8613.476576348596,-11676.558321142807,8615.797255866264,-11825.720676788664
138.0085936039,15.8086773783,4.052027,1401,1912,1,11.513,11.216,,-3.5,1.4,11.18927,0.2524500000000005,,1401-1912-1,-14234.268037402138,3390.706953931544,4.057797021371602,,11.18927,0.2524500000000005,,,11984.617873804249,-8296.150107275282,11987.651578964853,-8390.917102998186
145.8974172494,16.6983806844,4.064362,1410,772,1,11.958,10.214,,-1.6,-8.6,10.05704,1.4823999999999995,,1410-772-1,13079.110788257307,6581.341900271133,4.060307650044874,,10.05704,1.4823999999999995,,,-3763.668012697492,14059.036310615535,-3764.719879841339,14149.3492587504
138.1107088884,16.1878812689,4.055956,1401,1975,1,11.903,11.12,,0.7,-13.4,11.04953,0.6655500000000011,,1401-1975-1,-13854.235844020313,4751.9761136027655,4.0616658565547015,,11.04953,0.6655500000000011,,,12749.886801649325,-7124.179966050851,12753.068518224809,-7202.803008235947
145.241572459,12.2133224075,4.068106,824,1591,1,12.323,12.459,,-24.6,-5.9,12.47124,-0.1155999999999993,,824-1591-1,11036.50306428736,-9634.730704587042,4.062715923544188,,12.47124,-0.1155999999999993,,,-14529.036581007465,1839.5612838255556,-14532.606965905647,1853.5831280116154
141.4372795344,10.8957321575,4.063949,823,438,1,12.903,12.487,,12.7,-18.9,12.44956,0.3536000000000003,,823-438-1,-2387.4231853222464,-14456.404268682318,4.063234481006034,,12.44956,0.3536000000000003,,,-9220.790380284034,-11243.579685399909,-9223.250283954609,-11385.037024310725
138.6077441824,12.68147241,4.060837,825,495,1,11.858,11.481,,-12.0,-8.4,11.44707,0.3204500000000005,,825-495-1,-12328.05299605595,-7927.842210858476,4.064593877711312,,11.44707,0.3204500000000005,,,2258.571045881214,-14280.731864670766,2259.2253079000593,-14481.970646358175
143.6680477712,18.6889738089,4.066766,1406,961,1,11.66,10.991,,-22.0,-4.3,10.93079,0.5686500000000004,,1406-961-1,5321.210810723326,13664.091965186939,4.066395408649878,,10.93079,0.5686500000000004,,,6680.787858856546,12967.511919206034,6682.627443558757,13052.401471600542
141.1835902844,10.94088642,4.066717,823,693,1,9.416,8.917,,-41.1,-19.8,8.87209,0.4241500000000004,,823-693-1,-3287.3719550383307,-14290.6932840061,4.066471131620219,,8.87209,0.4241500000000004,,,-8499.429584408164,-11796.509436085144,-8501.726120266108,-11947.860975266607
139.0426719418,17.7122901767,4.062922,1405,1348,1,13.583,11.579,,1.6,-11.1,11.39864,1.7033999999999996,,1405-1348-1,-10544.595622895866,10198.423833267116,4.068031572280688,,11.39864,1.7033999999999996,,,14623.847957423519,-1099.9558973092908,14627.40531811731,-1111.4671353020894
145.9079610056,16.6974293917,4.073051,1410,221,1,11.734,10.731,,0.3,-3.5,10.64073,0.85255,,1410-221-1,13115.73468472696,6578.739668781171,4.069029670220957,,10.64073,0.85255,,,-3789.926637053451,14084.571316839836,-3790.986230399471,14175.003892439225
138.3780889716,13.050067,4.065714,825,828,1,13.301,11.881,,-7.2,-2.7,11.7532,1.207,,825-828-1,-13115.763795702327,-6585.340137586992,4.069855083966501,,11.7532,1.207,,,3784.984390464713,-13984.627911637752,3786.0705711670385,-14179.408813575918
141.7105100166,18.9572743656,4.067656,1406,735,1,11.685,10.814,,7.7,-4.7,10.73561,0.7403500000000004,,1406-735-1,-1367.6298597339448,14612.629579886472,4.0699434982544505,,10.73561,0.7403500000000004,,,11830.578648302871,8620.225095406047,11833.663721720868,8681.230188944144
138.974905416,12.2087082631,4.067122,822,166,1,12.164,11.263,,-5.6,-13.3,11.18191,0.7658499999999998,,822-166-1,-11057.422748416613,-9651.804776672188,4.070174916144323,,11.18191,0.7658499999999998,,,126.44453381957257,-14471.29522816834,126.48139144661754,-14676.782199849364
146.3239149614,14.9467052517,4.07622,834,1388,1,12.097,10.531,,-6.8,-5.7,10.39006,1.331099999999999,,834-1388-1,14676.734896896241,288.18603479085795,4.070793115451074,,10.39006,1.331099999999999,,,-9528.31122271726,11089.719469205256,-9530.871203652265,11164.77015096211
143.1186972155,10.9534287803,4.075193,824,708,1,12.089,11.907,,-12.5,1.3,11.89062,0.1547000000000003,,824-708-1,3570.0303083037134,-14243.720326647284,4.072102222369234,,11.89062,0.1547000000000003,,,-13017.147478762601,-6716.284793190993,-13020.382484552385,-6789.574736455565
138.4422289997,16.9459991139,4.069866,1401,535,1,12.383,12.253,,1.1,-7.0,12.2413,0.1104999999999991,,1401-535-1,-12658.117322053271,7467.0556878705875,4.075452606095126,,12.2413,0.1104999999999991,,,13985.33640610138,-4459.467417585536,13988.75639366607,-4505.5021188862775
140.5646517496,18.7069858767,4.075968,1405,1624,1,12.123,11.477,,9.8,-28.4,11.41886,0.5490999999999991,,1405-1624-1,-5286.08356321264,13727.958630562469,4.079349798514382,,11.41886,0.5490999999999991,,,13770.871037945115,5125.481338724159,13774.336393681391,5164.0279349943285
138.0085842074,13.9682182,4.077016,825,489,1,12.252,11.86,,-7.6,21.2,11.82472,0.333200000000001,,825-489-1,-14356.771697309216,-3249.7653182182958,4.081963593531185,,11.82472,0.333200000000001,,,7102.137074872498,-12723.348271596273,7104.1018739282445,-12892.23040272723
139.1851578733,11.9783200256,4.079638,822,534,1,12.38,11.537,,18.9,-35.2,11.46113,0.7165499999999999,,822-534-1,-10325.181439612605,-10493.067193084416,4.082301182277844,,11.46113,0.7165499999999999,,,-988.4768983683498,-14482.21408229317,-988.7651464359263,-14687.960183929601
143.9346652239,18.5966658327,4.084222,1406,795,2,12.532,11.352,,-56.0,-104.2,11.2458,1.0029999999999997,,1406-795-2,6234.972996729593,13336.20638523438,4.082446282152405,,11.2458,1.0029999999999997,,,5829.061524712776,13430.6525574188,5830.676710544892,13517.858488555983
143.9344687278,18.5968327922,4.084291,1406,795,1,13.059,11.011,,-56.0,-104.2,10.82668,1.7408,,1406-795-1,6234.295581606906,13336.803339433118,4.082516451867358,,10.82668,1.7408,,,5829.957454342949,13430.543074122028,5831.572886199139,13517.748421482944
143.7668885243,11.1548931622,4.086391,824,1241,1,9.711,9.08,,-21.5,-15.1,9.02321,0.5363500000000002,,824-1241-1,5861.99731673826,-13505.103476323871,4.082648493669959,,9.02321,0.5363500000000002,,,-13986.737471523671,-4538.507523774146,-13990.159165133273,-4585.44207049926
137.9810965831,14.0797318417,4.077833,825,627,1,13.539,12.005,,-22.6,3.0,11.86694,1.303899999999999,,825-627-1,-14446.208488878021,-2846.113517734235,4.083047091507403,,11.86694,1.303899999999999,,,7463.23949547101,-12525.996550548172,7465.2933896476015,-12691.04788685508
138.6121615308,12.63507554,4.083189,825,1233,1,11.502,10.202,,-5.1,5.4,10.085,1.1050000000000006,,825-1233-1,-12314.91448450539,-8095.248010222675,4.086769901623993,,10.085,1.1050000000000006,,,2124.7181775875824,-14379.85336065872,2125.335691840987,-14583.316059959938
137.9687488215,15.7706402886,4.081602,1401,1977,1,12.024,10.741,,-18.9,1.1,10.62553,1.0905499999999997,,1401-1977-1,-14375.907007412237,3256.1452473141517,4.087510803859397,,10.62553,1.0905499999999997,,,11978.060813050417,-8488.608181807056,11981.101265019313,-8586.174738189511
138.775193812,12.414308755,4.08468,822,69,1,11.904,11.369,,-9.4,4.5,11.32085,0.4547500000000001,,822-69-1,-11751.942893049601,-8900.10266141897,4.08798705599822,,11.32085,0.4547500000000001,,,1149.3814657060236,-14490.926789737561,1149.716737212329,-14696.875197451773
139.7668818015,18.3228414922,4.084926,1405,1489,1,11.299,10.895,,-7.5,-11.0,10.85864,0.3433999999999999,,1405-1489-1,-8030.182291168453,12368.722690603086,4.0893847828976435,,10.85864,0.3433999999999999,,,14576.74952687696,2192.8888004896494,14580.338973255059,2209.7158304653426
139.7707873443,18.3268209989,4.086202,1405,1418,1,11.696,11.184,,-2.1,-12.8,11.13792,0.4352000000000003,,1405-1418-1,-8016.49716699195,12382.888165174374,4.090612272294085,,11.13792,0.4352000000000003,,,14578.252034392484,2212.374144504021,14581.842269265437,2229.354654123159
138.160212774,13.4662770569,4.087161,825,1032,1,12.067,11.432,,-22.5,-3.5,11.37485,0.5397499999999998,,825-1032-1,-13857.152785742546,-5070.991401280998,4.091881280560295,,11.37485,0.5397499999999998,,,5409.108519339422,-13542.660512776976,5410.640107076604,-13728.095670958024
140.1985204876,11.2610147199,4.091762,822,1213,1,12.201,11.586,,-73.7,-22.5,11.53065,0.5227500000000002,,822-1213-1,-6770.556421063128,-13116.199287889229,4.093187241752743,,11.53065,0.5227500000000002,,,-5309.014752911237,-13585.861769065354,-5310.519940827672,-13772.200113580382
139.0386881215,17.7450492267,4.088178,1405,543,1,12.87,12.419,,-14.6,-29.5,12.37841,0.3833499999999989,,1405-543-1,-10557.116312221457,10316.524886506542,4.093264684496779,,12.37841,0.3833499999999989,,,14720.439425032684,-1031.5102946566712,14724.020841886655,-1042.4014636248837
139.7970554141,11.4864520339,4.092786,822,373,1,12.38,11.178,,-5.0,1.0,11.06982,1.0216999999999998,,822-373-1,-8182.381663659588,-12290.076870736233,4.094331440037513,,11.06982,1.0216999999999998,,,-3754.2229399396606,-14082.259050776702,-3755.303684429214,-14279.182519182054
139.4628793528,18.1181609578,4.089892,1405,1133,1,12.809,12.107,,-5.7,-4.0,12.04382,0.5966999999999999,,1405-1133-1,-9081.430414060293,11643.191979481553,4.094695844491561,,12.04382,0.5966999999999999,,,14732.374150384318,935.3794457472709,14735.978934618766,941.9249837201824
145.746512259,17.0409428336,4.099238,1410,1,1,11.709,10.891,,6.9,-12.7,10.81738,0.6952999999999997,,1410-1-1,12536.531039104008,7808.305834691053,4.095612381703037,,10.81738,0.6952999999999997,,,-2486.34400680221,14466.200167455152,-2487.042858930699,14558.46380358622
137.9147116762,14.3584349289,4.091721,825,457,1,10.621,9.978,,-5.8,-15.8,9.92013,0.5465500000000005,,825-457-1,-14659.749694885739,-1836.6777570033248,4.096991163646256,,9.92013,0.5465500000000005,,,8359.555273428685,-12024.78750402232,8361.826770987032,-12180.37353088082
140.2120672706,11.2494093556,4.096251,822,1011,1,11.857,10.824,,-18.1,-11.6,10.73103,0.8780499999999996,,822-1011-1,-6721.450984503252,-13158.1990972496,4.097313449259066,,10.73103,0.8780499999999996,,,-5373.008413872592,-13577.213751145668,-5374.5313709848215,-13763.37601616131
137.8716399864,14.8612032344,4.091981,818,2114,1,11.813,10.545,,-3.2,-8.0,10.43088,1.0778000000000003,,818-2114-1,-14776.081657813207,-19.371185392252027,4.097471097296389,,10.43088,1.0778000000000003,,,9795.234269742448,-10924.573986518773,9797.829687753447,-11060.537862643265
140.8351070305,11.0009893367,4.097602,823,1251,1,10.528,9.862,,-25.5,-8.4,9.80206,0.5661000000000003,,823-1251-1,-4520.840472908982,-14068.446299324061,4.097716245720864,,9.80206,0.5661000000000003,,,-7514.3822213176745,-12556.842356705709,-7516.451961691584,-12722.504854235362
143.2236713577,10.9533615933,4.101247,824,1424,1,11.525,10.974,,-6.6,5.7,10.92441,0.4683500000000001,,824-1424-1,3942.216882024501,-14242.525900779832,4.0980102132004035,,10.92441,0.4683500000000001,,,-13263.35847544169,-6440.727423702935,-13266.646386631091,-6510.507785986518
138.2294564766,16.6005532866,4.096475,1401,534,1,11.34,10.446,,-63.5,-34.7,10.36554,0.7599000000000001,,1401-534-1,-13417.615319568613,6233.09710711693,4.102619938371283,,10.36554,0.7599000000000001,,,13567.170795607888,-5830.616609370877,13570.516950067697,-5892.789672014306
137.8775510555,15.2831797411,4.099249,1401,2151,1,12.827,12.115,,-4.3,-4.3,12.05092,0.6051999999999997,,1401-2151-1,-14726.479742931077,1503.0732765393693,4.104903168101611,,12.05092,0.6051999999999997,,,10900.350530290327,-9893.513049603467,10903.180964357865,-10012.44624215621
139.3963556055,18.0835226675,4.102979,1405,1334,1,12.914,11.373,,-18.7,-19.5,11.23431,1.3098500000000002,,1405-1334-1,-9311.715614381892,11520.899660979872,4.107802722393555,,11.23431,1.3098500000000002,,,14793.852961957331,684.132015264419,14797.469173114654,688.5366745554379
145.0001020421,11.9082837056,4.11336,824,1696,1,14.316,11.706,,-21.6,-12.1,11.4711,2.218500000000001,,824-1696-1,10198.184715106034,-10746.513026533641,4.10828155230235,,11.4711,2.218500000000001,,,-14803.540666326417,485.79427810709853,-14807.156526139586,488.49700437604014
138.7272141906,12.4320157333,4.110915,822,35,1,11.985,12.174,,-7.6,-5.8,12.19101,-0.16065,,822-35-1,-11920.3080253903,-8834.279931657175,4.114318210904225,,12.19101,-0.16065,,,1310.3531051695713,-14571.256562832561,1310.7363835181782,-14779.046500501547
145.4701988763,12.3988530083,4.120713,824,13,1,11.019,10.826,,-9.2,-2.1,10.80863,0.1640499999999996,,824-13-1,11834.479878293168,-8954.59977533448,4.115263586156351,,10.80863,0.1640499999999996,,,-14550.4033922229,2879.698033201691,-14554.001908347143,2901.8613988227553
142.3348901933,10.7959604697,4.117316,823,1205,1,11.687,10.405,,-5.7,-4.7,10.28962,1.0897,,823-1205-1,793.5247363813135,-14819.32434448342,4.115284855290385,,10.28962,1.0897,,,-11603.98447660303,-9140.483360352795,-11606.959318973299,-9247.732203191605
138.3666453505,12.9640527086,4.116088,825,694,1,11.28,11.022,,-8.5,4.9,10.99878,0.2192999999999992,,825-694-1,-13161.325670955179,-6895.121257967039,4.120134008827924,,10.99878,0.2192999999999992,,,3583.6755710776674,-14219.241573029643,3584.7118113909887,-14419.189707063639
145.4453864968,17.502560255,4.125523,1413,492,1,12.105,11.415,,-3.7,-27.0,11.352899999999998,0.586500000000001,,1413-492-1,11470.615940618409,9456.413325891166,4.12232429503515,,11.352899999999998,0.586500000000001,,,-546.8040218636394,14762.297809305248,-546.9583583445171,14855.962425958816
141.249349752,10.8691287467,4.123342,823,853,1,13.247,11.722,,-9.9,-15.2,11.58475,1.2962500000000003,,823-853-1,-3054.494747961852,-14550.877831067644,4.122874494892515,,11.58475,1.2962500000000003,,,-8848.513982730514,-11795.1386000248,-8850.905168167583,-11946.525081549587
142.2562657354,10.7845920922,4.125208,823,336,1,10.322,9.847,,-12.8,-12.8,9.80425,0.4037499999999996,,823-336-1,514.602454132483,-14860.852795639166,4.123355645024118,,9.80425,0.4037499999999996,,,-11449.839294352114,-9373.047229085312,-11452.785838222164,-9483.852489535935
139.9959905689,11.3325859978,4.122724,822,1199,1,12.253,12.112,,3.5,-12.4,12.09931,0.11985,,822-1199-1,-7483.382545566235,-12852.17961790944,4.124003935765453,,12.09931,0.11985,,,-4638.425784067094,-13936.037247148397,-4639.7550829699085,-14129.833970162235
145.3875968629,12.2840181344,4.129897,824,788,1,12.383,11.648,,-20.7,-10.6,11.58185,0.6247499999999995,,824-788-1,11548.683884867616,-9373.308071428499,4.124482079455878,,11.58185,0.6247499999999995,,,-14673.653058797172,2391.7582817402067,-14677.270924879856,2410.129015671951
146.3778523054,14.7672652144,4.132226,834,1319,1,12.422,11.422,,-4.9,-14.0,11.332,0.85,,834-1319-1,14877.766881014995,-355.98571879034023,4.1267450166901956,,11.332,0.85,,,-10143.28368523122,10813.788692659567,-10145.999662826744,10887.30288178542
138.1675545872,16.5252430425,4.121407,1401,310,2,8.876,8.707,45201.0,1.0,-2.7,8.691790000000001,0.1436499999999989,45201.0,1401-310-2,-13635.230496437793,5966.203152598859,4.127120249265477,7.75,7.75,0.169,79127.0,A0,13512.136909296694,-6166.381739152743,13515.478732410804,-6232.730170865563
138.1671331943,16.52495444,4.12167,1401,310,1,8.496,8.318,45201.0,1.0,-2.7,8.30198,0.1513000000000006,45201.0,1401-310-1,-13636.71002479191,5965.189802176126,4.127382581824303,7.75,7.75,0.169,79127.0,A0,13512.361653664268,-6168.138679640915,13515.703584314175,-6234.509306850137
141.2474907476,18.9501756008,4.125478,1405,119,1,11.074,10.337,,-16.2,-36.1,10.27067,0.6264500000000001,,1405-119-1,-2948.9630469145304,14591.732994430757,4.128048157466672,,10.27067,0.6264500000000001,,,12864.84017583678,7431.335671425601,12868.151610430396,7485.03366484117
144.5599318478,11.5317969119,4.135301,824,525,1,13.223,11.217,,-6.3,-2.5,11.03646,1.7051,,824-525-1,8657.819179162805,-12121.939531302758,4.130685029463733,,11.03646,1.7051,,,-14809.017711677836,-1560.6432901533854,-14812.619070037314,-1576.5681798148282
141.8291318057,10.7841469083,4.131748,823,860,1,10.749,9.742,,-41.4,-42.7,9.651370000000002,0.8559499999999997,,823-860-1,-1000.6258677907222,-14862.950154133969,4.1307711823914595,,9.651370000000002,0.8559499999999997,,,-10445.396994051223,-10489.483178515546,-10448.140360107733,-10618.140252749137
137.8776339131,14.3673771864,4.126007,825,537,1,12.131,11.816,,-11.2,7.9,11.78765,0.2677499999999995,,825-537-1,-14789.218113817411,-1801.4044377270725,4.131304385016026,,11.78765,0.2677499999999995,,,8471.869056328293,-12096.786465596533,8474.175418183384,-12253.749685226418
144.292768777,18.4700490008,4.133042,1413,475,1,11.449,11.27,,-27.5,-7.9,11.25389,0.1521500000000002,,1413-475-1,7465.940825925619,12894.577858969633,4.131715943701383,,11.25389,0.1521500000000002,,,4681.729060029222,14054.695664273659,4683.037569923168,14144.948557557178
138.7760848269,12.34150447,4.129161,822,111,1,12.408,11.361,,-15.2,-25.2,11.26677,0.889949999999999,,822-111-1,-11752.899680579021,-9163.935221952597,4.132624124746542,,11.26677,0.889949999999999,,,952.8121130933522,-14662.901337999612,953.0916838288696,-14872.793143727857
139.6425333094,11.5430130558,4.130893,822,782,1,11.516,10.225,,-11.8,-6.5,10.10881,1.0973500000000005,,822-782-1,-8727.292968380221,-12081.224707224565,4.132747179101469,,10.10881,1.0973500000000005,,,-3236.353152577682,-14345.160994129204,-3237.292814571271,-14547.90597354541
140.7205531219,11.0013508675,4.132294,823,1109,1,12.329,12.366,,13.8,-44.1,12.36933,-0.0314499999999991,,823-1109-1,-4925.7534209816695,-14066.29634153488,4.132766708158694,,12.36933,-0.0314499999999991,,,-7243.943669138909,-12852.34527676183,-7245.955039159534,-13023.819528182692
137.9083606732,14.1589841406,4.131037,825,818,1,11.704,11.146,,-9.6,-19.3,11.09578,0.4742999999999998,,825-818-1,-14695.699525749902,-2556.1718951649746,4.136231145625251,,11.09578,0.4742999999999998,,,7845.594563956748,-12520.049849599513,7847.753694482964,-12685.044787445127
140.4648853469,11.0921737992,4.136215,823,705,1,10.076,9.517,,8.1,-32.1,9.46669,0.4751500000000009,,823-705-1,-5829.669515109334,-13732.822902774407,4.136952392149232,,9.46669,0.4751500000000009,,,-6394.566957196092,-13297.772676986311,-6396.364884080182,-13478.204175782168
137.8305938884,15.05579251,4.132225,1401,125,1,11.581,10.853,,12.5,-7.2,10.78748,0.6187999999999998,,1401-125-1,-14905.69259823507,685.5962082585938,4.137639901360939,,10.78748,0.6187999999999998,,,10408.247522770725,-10559.468827260742,10410.985011001218,-10689.298625006768
145.1535372215,12.0118765011,4.143341,824,931,1,12.286,11.474,,22.3,-24.8,11.40092,0.6901999999999995,,824-931-1,10736.798495288329,-10366.628153875034,4.138529713308516,,11.40092,0.6901999999999995,,,-14877.158977514939,1135.2828246802976,-14880.802757585303,1143.4729987994701
138.1982299019,16.6303327594,4.135974,1401,176,1,9.386,8.265,45209.0,-21.7,-0.5,8.16411,0.9528499999999988,45209.0,1401-176-1,-13522.813574980475,6343.602964437738,4.14187923293608,8.17,8.17,0.92,79145.0,K0,13719.61364266647,-5835.789036878791,13722.99789581269,-5898.060215496204
139.400791223,11.7109218867,4.140259,822,468,1,11.531,11.108,,0.4,-5.2,11.06993,0.35955,,822-468-1,-9575.343432144275,-11466.39005934111,4.1424112293686814,,11.06993,0.35955,,,-2213.7876058590455,-14565.974888494393,-2214.435080927701,-14773.678624798338
138.6935753204,17.4330401967,4.137079,1402,541,1,10.331,9.456,,-19.5,-1.6,9.37725,0.74375,,1402-541-1,-11762.63624983105,9210.366348541429,4.142643892884542,,9.37725,0.74375,,,14693.947856121855,-2651.584253626225,14697.522607822644,-2678.2996495395364
146.4001081947,14.8868361889,4.150291,834,1305,1,10.39,8.953,47887.0,-14.1,-35.8,8.82367,1.221450000000001,47887.0,834-1305-1,14947.061917754536,76.42259872918038,4.144770801104619,8.85,8.85,1.207,,K0,-9866.063184618339,11150.921873764457,-9868.716302345169,11226.261128737771
140.3375381671,11.1365363931,4.145296,822,471,1,12.128,11.217,,-6.3,-9.1,11.13501,0.7743499999999996,,822-471-1,-6280.032932641212,-13569.139909942813,4.1460634803607705,,11.13501,0.7743499999999996,,,-5973.221416895941,-13521.18257953905,-5974.9119361317125,-13706.232118497552
143.9009874499,11.1390959033,4.154226,824,1507,1,11.729,10.592,,-3.8,4.0,10.48967,0.9664499999999988,,824-1507-1,6337.9804564443375,-13558.949788960994,4.150263372096665,,10.48967,0.9664499999999988,,,-14342.99902040503,-4221.884093148154,-14346.503437079798,-4265.320008591814
142.3842164292,10.7609316433,4.155149,823,818,1,12.34,11.278,,-14.6,-10.5,11.18242,0.9026999999999996,,823-818-1,968.3310135322259,-14946.095032638097,4.153108352204002,,11.18242,0.9026999999999996,,,-11814.798434551392,-9094.62572747017,-11817.825448727926,-9201.218579069819
145.2640525253,17.7508162511,4.15587,1413,422,1,12.222,11.142,,-40.3,57.5,11.0448,0.918,,1413-422-1,10831.872396463967,10344.883517005766,4.15331731039987,,11.0448,0.918,,,541.3422956224815,14874.216134749715,541.4953375090096,14968.395284503715
142.5849261835,19.0350788267,4.153235,1406,159,1,11.768,11.33,,-12.5,6.6,11.29058,0.3723000000000005,,1406-159-1,1615.9112706079798,14895.180023377816,4.154529939792632,,11.29058,0.3723000000000005,,,10060.94558041854,11024.924996632704,10063.64682559917,11099.575205066214
139.7662264702,11.4331677017,4.153898,822,972,1,11.308,10.721,,-2.2,-16.7,10.66817,0.4989499999999998,,822-972-1,-8293.458299870153,-12482.329910147704,4.155566783385963,,10.66817,0.4989499999999998,,,-3824.1753157689172,-14288.386548216673,-3825.2836849072132,-14489.90045816193
139.5112556291,11.6083103,4.154115,822,260,1,15.48,11.624,,-2.1,-1.8,11.27696,3.2775999999999996,,822-260-1,-9188.959356699883,-11840.90497083511,4.156064526321722,,11.27696,3.2775999999999996,,,-2750.2313720375064,-14526.660263838894,-2751.0347257484677,-14733.49288271996
140.0177819919,18.5467859261,4.152371,1405,884,1,13.79,11.886,,-7.7,-0.2,11.71464,1.6183999999999998,,1405-884-1,-7162.483266693798,13168.267925717928,4.15662163916923,,11.71464,1.6183999999999998,,,14598.303900459388,3363.618388811141,14601.926615496495,3389.4226388594952
142.5034977857,10.7657672978,4.159582,823,1323,1,11.615,10.107,,1.2,3.2,9.97128,1.2818000000000007,,823-1323-1,1391.7063183512857,-14927.760141642952,4.157270649661286,,9.97128,1.2818000000000007,,,-12082.186505132673,-8770.735451575514,-12085.266655192061,-8872.496784776462
140.4463083896,18.7463504799,4.15469,1405,870,1,8.394,7.75,45917.0,-64.8,-109.2,7.69204,0.5474000000000001,45917.0,1405-870-1,-5691.728259845079,13871.840506731904,4.157720882872576,7.69,7.69,0.604,80699.0,G0,14147.733992827127,4919.225117381581,14151.288344342667,4956.285688234571
137.856208345,15.5776767111,4.154126,1401,2118,1,10.819,9.624,,-18.6,3.2,9.51645,1.0157500000000002,,1401-2118-1,-14781.026013529074,2567.542142294765,4.159998672694153,,9.51645,1.0157500000000002,,,11732.264924569781,-9237.582288741916,11735.277759294046,-9346.350013630921
146.1428453877,16.4136894867,4.169012,1410,11,1,9.405,8.947,47784.0,-9.2,-4.2,8.90578,0.3893000000000001,47784.0,1410-11-1,13947.790046110737,5570.218475269018,4.1645746762990274,8.89,8.89,0.431,84281.0,G5,-5096.146788607979,14037.23343773968,-5097.570854324843,14127.383070397422
137.8366017833,14.4112167522,4.159488,818,34,1,13.016,11.992,,-9.4,-68.5,11.89984,0.8703999999999993,,818-34-1,-14929.986945137985,-1642.5793916998157,4.16489106861825,,11.89984,0.8703999999999993,,,8684.040212730879,-12096.533141462183,8686.404563342476,-12253.528185872621
145.0975544295,17.9298384644,4.167835,1413,350,1,12.149,10.928,,9.6,-2.2,10.81811,1.0378499999999986,,1413-350-1,10251.50851727683,10980.845850211712,4.165533278580238,,10.81811,1.0378499999999986,,,1401.9914551652037,14862.67700794643,1402.3877527193356,14956.794812289661
137.8213147756,14.5239452417,4.161236,818,37,1,12.253,11.356,,-12.6,-1.0,11.27527,0.7624500000000002,,818-37-1,-14975.770613401433,-1232.9420091360057,4.166650053454935,,11.27527,0.7624500000000002,,,9020.640719292294,-11863.056113126824,9023.082723123272,-12015.732588352257
138.6514041829,12.4404455855,4.164912,822,21,1,12.21,11.398,,-33.4,28.6,11.32492,0.6902000000000009,,822-21-1,-12188.148619398758,-8799.459711627047,4.168374578359497,,11.32492,0.6902000000000009,,,1514.1891368581364,-14744.383459438886,1514.634700667471,-14956.180652447207
138.1836162744,16.6641249325,4.162643,1401,561,1,12.437,11.827,,-7.3,5.1,11.7721,0.5184999999999995,,1401-561-1,-13570.915138931232,6466.743259663225,4.16843935219809,,11.7721,0.5184999999999995,,,13843.595311120793,-5790.509980232003,13847.00921983498,-5852.25099942569
146.3585337423,15.6777027299,4.174273,1410,645,1,11.001,10.134,,-97.5,64.8,10.05597,0.7369499999999992,,1410-645-1,14744.80444182408,2930.3794045407335,4.168511727718191,,10.05597,0.7369499999999992,,,-7598.487572556449,12885.839897246557,-7600.577894797825,12970.25817581538
142.4070010561,10.7441389092,4.17342,823,948,1,11.969,11.769,,3.2,-5.7,11.751,0.1699999999999994,,823-948-1,1049.6837900871553,-15006.662557646026,4.171317175665438,,11.751,0.1699999999999994,,,-11914.082224916372,-9074.309805997922,-11917.133859268117,-9180.614236450547
140.6862113081,10.9713941736,4.171695,823,424,1,13.309,12.184,,-5.3,-2.5,12.08275,0.95625,,823-424-1,-5048.656881525088,-14172.990942148459,4.171875980953411,,12.08275,0.95625,,,-7242.091534265419,-13011.874083658236,-7244.111516034578,-13186.56349838171
143.0011200394,10.8217605433,4.177666,824,963,1,11.799,10.559,,-11.6,-3.3,10.4474,1.054,,824-963-1,3155.2983963355505,-14721.561306976986,4.174791920019407,,10.4474,1.054,,,-13098.963807839305,-7335.427836963152,-13102.24126935197,-7416.977079962865
144.0916764853,18.6272423958,4.177747,1413,491,1,11.826,11.079,,-8.7,7.5,11.01177,0.6349499999999999,,1413-491-1,6772.586369411717,13455.511528899338,4.176979273965745,,11.01177,0.6349499999999999,,,5561.315094780959,13909.525421197206,5562.866445922006,13999.044022372402
146.4152295237,15.3397757775,4.182834,1410,345,1,11.284,9.953,,-3.0,-20.7,9.83321,1.131350000000001,,1410-345-1,14968.536982734859,1712.4767098299303,4.177629998011929,,9.83321,1.131350000000001,,,-8657.382530780482,12247.632618010783,-8659.744061269948,12328.767524716835
145.7491927901,12.6747916111,4.183734,834,722,1,12.887,11.178,,-8.5,-20.0,11.02419,1.4526499999999996,,834-722-1,12803.45004760925,-7945.251008980062,4.178232133623035,,11.02419,1.4526499999999996,,,-14439.192769111329,4264.205988128326,-14442.800734156395,4296.6095553098685
141.6435554047,19.0599350667,4.176101,1406,234,1,7.749,7.512,46304.0,-18.6,17.6,7.49067,0.20145,46304.0,1406-234-1,-1596.108510663318,14985.271485486248,4.178695815373947,7.5,7.5,0.205,81506.0,A3,12260.802452276148,8696.469459886028,12264.003138415346,8757.862233015141
138.5387371492,17.2945550422,4.176151,1401,342,1,11.702,11.222,,-7.6,-7.3,11.1788,0.4080000000000003,,1401-342-1,-12304.427845692953,8719.66895982579,4.181680041173799,,11.1788,0.4080000000000003,,,14686.849245652269,-3374.975429085361,14690.427620575721,-3409.2385811849053
143.3777582118,18.9095696575,4.183294,1406,789,1,12.624,11.31,,-10.9,-1.7,11.19174,1.1169,,1406-789-1,4324.301572044704,14454.266859617657,4.183455390026562,,11.19174,1.1169,,,7933.256109057962,12748.060478838432,7935.434555480231,12831.768894065892
137.8199089812,15.5147848199,4.179964,1401,2066,1,11.41,10.735,,88.6,-62.7,10.67425,0.5737500000000005,,1401-2066-1,-14909.083030784306,2341.267629438429,4.184708537989845,,10.67425,0.5737500000000005,,,11648.133449273239,-9479.841362098736,11651.13694528145,-9592.356270165132
138.0627852871,13.4482619622,4.182103,825,899,1,12.886,12.312,,-11.5,4.4,12.26034,0.4878999999999998,,825-899-1,-14200.755283224478,-5130.259840839219,4.186710253441952,,12.26034,0.4878999999999998,,,5592.903862035796,-13832.698761501275,5594.501898735106,-14024.356140429652
138.3829808716,17.0706246828,4.181375,1401,1913,1,11.339,10.289,,-3.7,-14.6,10.1945,0.8925000000000006,,1401-1913-1,-12855.63096271492,7920.769202588314,4.18693729708354,,10.1945,0.8925000000000006,,,14455.614404300402,-4307.459328212189,14459.147994467432,-4351.881372954937
137.7791233658,14.7808582978,4.183819,818,2150,1,11.552,11.191,,-2.0,-3.2,11.15851,0.306849999999999,,818-2150-1,-15105.23371720302,-303.0106452147423,4.189261117495771,,11.15851,0.306849999999999,,,9801.717122927857,-11351.501883479787,9804.339310575211,-11494.991595714706
137.8740296825,15.83398386,4.183915,1401,566,1,13.318,11.452,,-1.9,7.2,11.28406,1.5860999999999996,,1401-566-1,-14700.859488384569,3491.470269036481,4.189679273955872,,11.28406,1.5860999999999996,,,12369.693065891784,-8573.95548270646,12372.837703113222,-8672.86120661515
137.7840771725,15.226557,4.185034,1401,2205,1,10.975,10.406,,20.4,-22.5,10.35479,0.4836499999999992,,1401-2205-1,-15056.042304460607,1304.633022659155,4.19041834763036,,10.35479,0.4836499999999992,,,10970.795016202614,-10265.60114374468,10973.6643156329,-10390.628887864765
139.4605854622,11.6027479761,4.188623,822,520,1,11.742,11.362,,-13.8,-19.0,11.3278,0.3230000000000007,,822-520-1,-9368.841032899918,-11859.818316290055,4.190820504319397,,11.3278,0.3230000000000007,,,-2644.945768612049,-14670.412627539654,-2645.722176145644,-14880.545250823776
137.8287752134,14.2689378567,4.187659,818,534,1,11.468,10.239,,-5.7,-24.6,10.12839,1.0446499999999992,,818-534-1,-14967.171735396783,-2154.406906891149,4.1928969185903915,,10.12839,1.0446499999999992,,,8326.130243618767,-12457.36536148683,8328.418264901122,-12621.218169502608
141.968399442,19.1001746313,4.195014,1406,612,1,12.944,12.432,,-75.8,-2.9,12.38592,0.4352000000000003,,1406-612-1,-489.27259868552784,15128.459919237714,4.19702413462624,,12.38592,0.4352000000000003,,,11632.97798084499,9613.757434998794,11636.04767170275,9680.500079317548
137.8739433653,15.87094462,4.192002,1401,37,1,12.83,12.048,,5.3,-2.0,11.97762,0.6647,,1401-37-1,-14698.43247390704,3624.6354416660815,4.197683139390252,,11.97762,0.6647,,,12467.624402935937,-8484.995420727031,12470.789977292487,-8582.615954197772
141.7735648271,19.0905897525,4.195378,1406,537,1,11.75,11.119,,-6.7,8.1,11.06221,0.5363500000000002,,1406-537-1,-1152.0648923139988,15094.954483782229,4.197710561628477,,11.06221,0.5363500000000002,,,12047.975363988535,9098.941144868386,12051.135273893404,9162.698455907317
138.0440330023,13.4623764167,4.194141,825,1090,1,12.697,11.992,,-12.3,-4.4,11.92855,0.5992499999999985,,825-1090-1,-14265.828737227424,-5078.451463356835,4.1988021031252565,,11.92855,0.5992499999999985,,,5674.828565874181,-13846.636681859654,5676.450766917588,-14038.605540307008
137.9624622815,16.201404825,4.195716,1401,706,1,11.978,10.425,,-4.9,-11.8,10.28523,1.320049999999999,,1401-706-1,-14368.446711204599,4811.0312498033345,4.2014809931757355,,10.28523,1.320049999999999,,,13135.401392236305,-7464.727220325851,13138.693070443449,-7548.047892004071
141.357344421,19.0458127358,4.199974,1406,561,1,11.621,11.225,,-23.1,-5.7,11.18936,0.3366000000000007,,1406-561-1,-2572.9427304931223,14936.913844498247,4.202694698509045,,11.18936,0.3366000000000007,,,12873.198862233154,7938.60021441391,12876.53113211183,7995.397144364693
139.8652786202,11.3146333575,4.202999,822,1131,1,12.436,11.836,,-29.4,25.1,11.782,0.5099999999999997,,822-1131-1,-7947.811995208726,-12912.635092414337,4.204265971575581,,11.782,0.5099999999999997,,,-4375.274190276239,-14315.059775371446,-4376.5435743254675,-14517.221734308165
140.9950320358,18.97443585,4.203577,1405,184,1,11.154,10.012,,-25.0,-2.4,9.90922,0.9706999999999996,,1405-184-1,-3810.7252224333456,14685.2441505508,4.206763038744146,,9.90922,0.9706999999999996,,,13506.879144082326,6852.837875456546,13510.335457991527,6902.815244138631
142.4586858451,19.09940435,4.205792,1406,1132,1,10.826,9.159,46570.0,-4.8,-9.0,9.00897,1.4169499999999997,46570.0,1406-1132-1,1184.991607001462,15126.540198665802,4.20711267511912,8.88,8.88,1.426,,M2,10519.96942733503,10857.322064072414,10522.788199259123,10931.027033359951
137.756150423,15.0261029555,4.203534,1401,117,1,12.519,11.561,,56.6,8.0,11.47478,0.8143000000000001,,1401-117-1,-15166.722938848246,583.9093098844637,4.208514632625438,,11.47478,0.8143000000000001,,,10505.519894707171,-10817.734782075915,10508.298204322828,-10951.9908525794
146.355035969,13.9953816911,4.214773,834,793,1,14.06,12.035,,8.3,-4.6,11.85275,1.7212500000000002,,834-793-1,14851.53383487615,-3142.996513924991,4.209206733359936,,11.85275,1.7212500000000002,,,-12209.154415612991,8954.02742859745,-12212.351270879342,9016.926348355631
145.6672070192,17.3712824978,4.216011,1410,138,1,11.077,10.625,,4.4,-9.4,10.58432,0.3841999999999999,,1410-138-1,12243.235675727656,8996.445114188238,4.212721082581573,,10.58432,0.3841999999999999,,,-1403.537875569432,15033.280845430467,-1403.935590617938,15128.179314161058
143.483902051,18.90908026,4.213622,1406,984,1,12.362,11.374,,-33.3,-56.4,11.28508,0.8397999999999995,,1406-984-1,4686.274097054966,14453.750743863151,4.213077762953018,,11.28508,0.8397999999999995,,,7692.55445892646,13017.005783752564,7694.6745439749175,13102.0631635159
146.4769101976,14.940285585,4.224098,834,1376,1,10.834,10.044,,-29.3,-23.1,9.9729,0.6714999999999992,,834-1376-1,15211.440130125618,274.8742146920692,4.218450869618649,,9.9729,0.6714999999999992,,,-9893.23242626226,11478.656325490323,-9895.904362231537,11555.714755906307
144.497092968,11.3837386911,4.223361,824,92,1,12.928,11.552,,-4.0,-0.8,11.42816,1.169600000000001,,824-92-1,8441.220073935676,-12659.140960173956,4.218855617131508,,11.42816,1.169600000000001,,,-15066.76901780609,-2074.2595126959054,-15070.433569220746,-2095.251350524368
146.4690912083,15.2163330417,4.224994,1410,227,1,10.61,9.996,,-22.0,0.6,9.94074,0.5218999999999991,,1410-227-1,15164.726193568142,1271.2635171539107,4.2195544910154155,,9.94074,0.5218999999999991,,,-9117.427562225157,12102.105225954754,-9119.910000933927,12182.457594049218
138.3953643121,17.1557971008,4.21538,1401,296,1,11.881,11.09,,17.2,-16.9,11.01881,0.6723500000000003,,1401-296-1,-12807.134257804857,8227.506302265005,4.22072997866535,,11.01881,0.6723500000000003,,,14652.703355355497,-4070.1130660851495,14656.281898339044,-4111.927621891222
137.7418225492,14.9565366564,4.216521,818,38,1,11.784,10.12,,-8.1,-0.5,9.97024,1.4144000000000012,,818-38-1,-15223.463924675067,333.6310343842489,4.222096545371773,,9.97024,1.4144000000000012,,,10356.10095929033,-11022.831605460764,10358.851784195993,-11160.616167848777
146.4003197618,15.7607276147,4.228861,1410,280,1,11.964,12.25,,-3.0,-5.5,12.27574,-0.2430999999999996,,1410-280-1,14887.145966983127,3231.162666365558,4.223931926069993,,12.27574,-0.2430999999999996,,,-7468.151694760788,13190.497980070733,-7470.214792032604,13276.423395616697
146.1349708117,13.2889763,4.229695,834,358,1,12.17,11.364,,5.1,-4.8,11.29146,0.6850999999999993,,834-358-1,14125.183686040738,-5706.380574070891,4.224077607254152,,11.29146,0.6850999999999993,,,-13643.091700873187,6722.468086916368,-13646.578365276326,6771.594519823122
145.4890027686,17.6163777799,4.229573,1413,481,1,11.065,10.391,,-75.6,-63.0,10.33034,0.5728999999999995,,1413-481-1,11612.809140375448,9869.300179093354,4.225680675055667,,10.33034,0.5728999999999995,,,-332.5855649118662,15141.062560436269,-332.67995340379815,15236.461078755981
140.3198845744,11.0562592333,4.225505,822,1138,1,12.537,11.732,,45.9,-79.9,11.65955,0.6842500000000012,,822-1138-1,-6343.531555908088,-13861.071149622005,4.226670914868909,,11.65955,0.6842500000000012,,,-6149.2604352564185,-13757.465459781604,-6151.013617690053,-13947.570307787779
143.5530540704,18.9017900908,4.227766,1406,787,1,11.849,11.25,,-15.3,1.7,11.19609,0.5091500000000001,,1406-787-1,4923.131366429499,14430.820000044801,4.227722872524269,,11.19609,0.5091500000000001,,,7518.164100909591,13178.066558856057,7520.240678047996,13263.927339556936
137.9949060375,13.5078385286,4.223245,825,1255,1,11.716,10.375,,-8.6,0.7,10.25431,1.1398499999999994,,825-1255-1,-14435.544440362382,-4911.310158212607,4.227905167044923,,10.25431,1.1398499999999994,,,5912.429339664073,-13862.169428258207,5914.120424357244,-14054.50427322291
139.3128795046,11.6707315292,4.225975,822,1147,1,10.798,10.507,,-12.2,-1.5,10.48081,0.2473500000000003,,822-1147-1,-9888.540179049967,-11608.548998788772,4.228228798517496,,10.48081,0.2473500000000003,,,-2112.11505497294,-14887.088100667328,-2112.7397253850686,-15102.25041451602
140.9752865545,10.8232059025,4.229845,823,1140,1,11.726,10.951,,-57.9,-33.9,10.88125,0.6587500000000003,,823-1140-1,-4028.2426528275573,-14714.368838524028,4.230019727800061,,10.88125,0.6587500000000003,,,-8324.211441755207,-12616.18039358506,-8326.508779884356,-12783.138922999295
143.0805848457,19.0350808706,4.231866,1406,376,1,13.306,11.033,,-9.2,-0.7,10.82843,1.9320499999999996,,1406-376-1,3307.444271739952,14902.007706903763,4.2324603906778036,,10.82843,1.9320499999999996,,,8943.018956433592,12287.512252758808,8945.459906351107,12368.822432679268
137.76820306,14.38565,4.228552,818,33,1,12.83,12.154,,0.0,0.0,12.09316,0.5746000000000001,,818-33-1,-15171.217572960288,-1728.5566623582288,4.233769867847217,,12.09316,0.5746000000000001,,,8779.910006180107,-12329.52596935289,8782.315075458602,-12490.984456657296
145.6339350507,17.4542092125,4.238837,1410,56,1,11.263,10.916,,14.9,-26.1,10.88477,0.2949499999999996,,1410-56-1,12123.958724152768,9293.472355316882,4.235626240935641,,10.88477,0.2949499999999996,,,-1102.3356317235503,15140.853215058347,-1102.6484807195584,15236.245268830746
140.74786537,10.8836619228,4.235465,823,969,1,11.527,11.064,,-7.1,-13.0,11.02233,0.3935499999999993,,823-969-1,-4832.10925488492,-14491.725801859111,4.235629794594863,,11.02233,0.3935499999999993,,,-7624.0932440485985,-13060.579977485877,-7626.223098354278,-13236.318136911994
145.5494984709,12.3010410157,4.242189,831,639,1,11.75,10.96,,-121.1,-26.7,10.8889,0.6714999999999992,,831-639-1,12116.957346744897,-9305.112860544496,4.236049193027916,,10.8889,0.6714999999999992,,,-14999.944890503752,2858.383856512124,-15003.655058536606,2880.2978274392003
143.0846463174,10.7764943944,4.239582,824,803,1,8.14,7.917,46812.0,-7.1,15.1,7.896929999999999,0.1895500000000006,46812.0,824-803-1,3452.3095015563486,-14883.974673159844,4.236459311323028,7.93,7.93,0.239,82444.0,A5,-13417.555115248808,-7222.667142981454,-13420.90869244745,-7302.763369765721
139.7481433234,11.3480825558,4.235038,822,82,1,12.636,12.283,,3.4,-17.7,12.25123,0.3000499999999997,,822-82-1,-8360.592257889082,-12789.532224063149,4.236644587489579,,12.25123,0.3000499999999997,,,-4009.2172217270895,-14536.936669970535,-4010.389026016664,-14744.097709694997
140.1705860616,18.7138266933,4.233119,1405,1276,1,11.524,10.353,,-4.4,4.4,10.24761,0.9953499999999994,,1405-1276-1,-6633.994502959224,13766.719961495439,4.237194408298745,,10.24761,0.9953499999999994,,,14694.751838843165,4150.429740408993,14698.420795691301,4181.97174504066
146.1819749079,16.5180691011,4.241755,1410,702,1,11.393,10.64,,-19.7,-1.0,10.57223,0.6400500000000001,,1410-702-1,14076.371899576061,5949.875036214873,4.237310079905969,,10.57223,0.6400500000000001,,,-4897.723628320506,14383.84834059013,-4899.098984168481,14475.63773880324
137.9530046175,16.2897900858,4.231604,1401,819,1,12.778,11.391,,0.9,-2.3,11.26617,1.1789500000000004,,1401-819-1,-14395.183832239069,5131.024808331965,4.2373414832522505,,11.26617,1.1789500000000004,,,13392.34958542218,-7274.7474930414055,13395.698793213465,-7355.541243795375
140.79684734,18.952299584,4.23423,1405,167,1,10.178,9.705,,-101.6,-3.5,9.66243,0.4020500000000006,,1405-167-1,-4489.911858846215,14609.776698793423,4.237848974779427,,9.66243,0.4020500000000006,,,13901.398341559147,6298.535821223988,13904.93615001372,6344.89041299011
146.3430611945,13.8287744922,4.244193,834,1092,1,12.001,11.784,,2.5,2.8,11.76447,0.1844499999999989,,834-1092-1,14820.792167953872,-3744.9661623574916,4.238533675401819,,11.76447,0.1844499999999989,,,-12638.719456532275,8533.809401819917,-12642.013056592945,8594.19326753934
143.0522366712,10.7664002633,4.242393,824,1908,1,11.81,10.5,,0.6,-3.3,10.3821,1.1135000000000004,,824-1908-1,3337.7258309593017,-14921.361876447621,4.239498628515799,,10.3821,1.1135000000000004,,,-13369.425194385025,-7331.701741683133,-13372.770815338357,-7413.262081634249
146.3183057674,13.7396176789,4.245485,834,80,1,11.744,11.443,,-23.9,0.2,11.41591,0.2558500000000001,,834-80-1,14739.205012610908,-4068.433319691487,4.239578669408323,,11.41591,0.2558500000000001,,,-12826.34908161899,8259.657419751038,-12829.681282382135,8318.38880270987
137.7303496203,15.1858749706,4.234284,1401,115,1,10.198,10.046,,16.6,-14.9,10.03232,0.1292000000000008,,1401-115-1,-15246.631646983036,1161.7439453983006,4.239697113837745,,10.03232,0.1292000000000008,,,10990.506158783415,-10499.085308347163,10993.394196155397,-10628.015319023143
143.8426285997,11.0156177797,4.243609,824,1847,1,12.345,12.445,,-17.8,-53.3,12.454,-0.0849999999999997,,824-1847-1,6134.335638285341,-14008.415037179007,4.240206030609733,,12.454,-0.0849999999999997,,,-14543.760711979092,-4667.516388149452,-14547.322500664462,-4716.054880794664
139.5326875037,11.487530965,4.238657,822,1122,1,11.268,10.712,,-9.6,3.4,10.66196,0.4726000000000008,,822-1122-1,-9118.360965588146,-12278.15098666003,4.240492644069597,,10.66196,0.4726000000000008,,,-3123.9138550806506,-14758.852451130853,-3124.8337557688856,-14971.069178545491
144.8539012904,11.6101658467,4.245546,824,1071,1,12.414,11.618,,-20.1,-9.4,11.54636,0.6765999999999994,,824-1071-1,9694.664401108319,-11829.281365007455,4.240681558696372,,11.54636,0.6765999999999994,,,-15278.620147507538,-599.9761501892864,-15282.341555692683,-607.0025022867645
145.6368561945,17.4620071872,4.245718,1410,94,1,11.103,10.718,,10.3,-24.2,10.68335,0.3272499999999998,,1410-94-1,12133.462954375284,9321.880806186,4.242487169479699,,10.68335,0.3272499999999998,,,-1087.4109748971173,15166.706789985288,-1087.7197039283956,15262.216447017869
139.0628430022,11.86841249,4.241822,822,424,1,12.812,11.996,,-1.9,-6.0,11.92256,0.6935999999999991,,822-424-1,-10763.545733661645,-10884.845288637613,4.244431134276661,,11.92256,0.6935999999999991,,,-990.2889283568107,-15056.733259025357,-990.5835619695116,-15275.880266778811
144.2480327813,18.6256419508,4.246628,1413,50,1,10.888,10.395,,-16.3,-22.3,10.35063,0.4190500000000002,,1413-50-1,7307.579375404954,13455.090280205139,4.245391074903687,,10.35063,0.4190500000000002,,,5205.819775230416,14307.348298283368,5207.280116247303,14398.763994428478
143.6367988666,18.8922174183,4.245711,1406,863,1,12.071,11.262,,3.7,-9.3,11.18919,0.6876499999999993,,1406-863-1,5209.9677389631215,14398.30412114368,4.24552417744123,,11.18919,0.6876499999999993,,,7303.428204159978,13369.982458401722,7305.450778243392,13456.794355738768
139.2288959248,18.129047295,4.240687,1405,1605,1,9.105,8.14,45540.0,-15.4,-11.4,8.05315,0.8202499999999998,45540.0,1405-1605-1,-9884.66169120039,11694.400350131224,4.245619896422395,8.04,8.04,0.848,79839.0,G5,15303.927874584993,373.74664790457683,15307.665683830015,375.3766251691705
139.5631676436,18.3814236639,4.242732,1405,1601,1,12.793,12.339,,-10.7,0.5,12.29814,0.385899999999999,,1405-1601-1,-8726.390913782761,12590.230887840435,4.247408105502106,,12.29814,0.385899999999999,,,15204.546403948274,1822.525469134574,15208.284019988318,1836.2759478482349
139.5647651845,18.387101585,4.246523,1405,1612,1,12.977,12.179,,-6.5,-17.0,12.10718,0.6783,,1405-1612-1,-8720.572407740074,12610.217654566251,4.251032761002645,,12.10718,0.6783,,,15215.622978777035,1840.0099927511355,15219.363701751186,1853.8988451343196
144.3368026143,18.5856185249,4.253816,1413,146,1,11.378,10.759,,-59.9,-17.1,10.70329,0.5261499999999998,,1413-146-1,7611.727691007447,13314.146512676822,4.252284143911976,,10.70329,0.5261499999999998,,,4898.548636022819,14440.517415205046,4899.925339528514,14532.571261484429
138.0432556497,13.3175013378,4.248084,825,664,1,12.952,10.742,,-4.8,-1.6,10.5431,1.8784999999999992,,825-664-1,-14277.917250609968,-5601.411359532778,4.2525528353559485,,10.5431,1.8784999999999992,,,5291.945815024841,-14195.34441115371,5293.475472795826,-14394.9243712108
142.8419112753,10.7127993286,4.255411,823,42,1,12.429,12.238,,11.2,4.7,12.22081,0.1623500000000006,,823-42-1,2592.703764539561,-15117.20200253558,4.25270754274765,,12.22081,0.1623500000000006,,,-13021.164947889149,-8009.456887140059,-13024.450337916189,-8100.3458315853495
138.752893586,12.1789617878,4.250189,822,425,1,9.92,9.604,,8.5,-28.0,9.57556,0.2686000000000006,,822-425-1,-11843.013394382828,-9750.296129290406,4.253367876508143,,9.57556,0.2686000000000006,,,574.3559605598607,-15109.157287963788,574.527165258029,-15329.551833134905
140.7452381667,18.9535572333,4.250334,1405,978,1,11.556,11.036,,-29.4,-6.6,10.9892,0.4419999999999996,,1405-978-1,-4664.202423997985,14615.566823615818,4.253767069518037,,10.9892,0.4419999999999996,,,14021.441829957652,6172.9075875151175,14025.005937834878,6218.423133826497
140.7914590419,18.9688070817,4.251581,1405,459,1,12.321,11.258,,-4.1,-6.6,11.16233,0.9035500000000004,,1405-459-1,-4505.358239674084,14669.549763470082,4.254886604295579,,11.16233,0.9035500000000004,,,13956.331394622843,6326.507827212886,13959.884280386263,6373.0349135200995
142.2146610943,19.1593820956,4.253468,1406,510,1,12.647,11.634,,-15.6,-6.2,11.54283,0.8610499999999999,,1406-510-1,352.2190944152006,15342.610250038115,4.255118858112235,,11.54283,0.8610499999999999,,,11234.362302965254,10380.825763714765,11237.354909217991,10451.870752134291
137.8242387971,15.9432438411,4.254952,1401,2150,1,12.268,11.614,,-8.8,-31.3,11.555140000000002,0.5559,,1401-2150-1,-14866.790525180324,3888.357465791715,4.260704646007976,,11.555140000000002,0.5559,,,12776.526452059725,-8436.384313514263,12779.768837416377,-8533.36350822874
144.4898327276,11.3292315594,4.26523,824,1569,1,9.589,9.503,,-15.7,-4.7,9.49526,0.0731000000000002,,824-1569-1,8417.305421974017,-12856.593490815309,4.260724801833267,,9.49526,0.0731000000000002,,,-15198.485306739294,-2221.766203407279,-15202.182513351981,-2244.253458413479
138.4116313556,17.2613713383,4.25872,1401,445,1,11.656,10.239,,-22.9,-26.3,10.11147,1.2044499999999998,,1401-445-1,-12745.668864544343,8607.558924439685,4.26431065697633,,10.11147,1.2044499999999998,,,14895.985274572371,-3774.9678935892757,14899.619740776005,-3813.5910927356126
141.4508569733,19.1228170092,4.261808,1406,489,1,12.09,10.548,,-3.4,-2.5,10.40922,1.3106999999999998,,1406-489-1,-2252.50566859797,15214.427597016984,4.264404444370408,,10.40922,1.3106999999999998,,,12867.881922101073,8359.945083723502,12871.228829723106,8419.26702895471
145.7180995334,12.4694601358,4.273236,831,1514,1,10.837,10.409,,-33.8,-28.1,10.37048,0.3637999999999992,,831-1514-1,12705.12403246335,-8688.734982744603,4.267651430760432,,10.37048,0.3637999999999992,,,-14929.673378998305,3701.133189986518,-14933.388372067619,3729.3704575497213
141.1225889119,19.0673124767,4.264947,1405,736,1,11.826,10.423,,-0.9,-10.0,10.29673,1.1925500000000004,,1405-736-1,-3373.1198581994586,15018.569860277943,4.267840640505408,,10.29673,1.1925500000000004,,,13465.488843362331,7397.952779091334,13468.954596046728,7451.351576423063
141.6271145357,10.6637102544,4.269057,823,1166,1,12.835,11.587,,-3.1,2.0,11.47468,1.0608000000000009,,823-1166-1,-1716.8482687515584,-15296.770214949882,4.267870868497921,,11.47468,1.0608000000000009,,,-10294.124567465928,-11299.076117896919,-10296.87591947923,-11441.725974945666
139.0799368063,18.0317795144,4.263595,1405,1347,1,12.356,11.167,,-8.0,1.0,11.05999,1.01065,,1405-1347-1,-10400.877433234831,11351.283679001619,4.268688637810231,,11.05999,1.01065,,,15390.176615832715,-234.68795344672048,15393.928693589338,-238.43640457073107
139.4639805657,11.5011436172,4.26758,822,44,1,6.496,6.401,45614.0,-15.0,-3.4,6.39245,0.0807500000000005,45614.0,822-44-1,-9361.211949552355,-12226.894703067594,4.269579843661246,6.4,6.4,0.095,80064.0,A2IV,-2924.375933716198,-14903.021330376389,-2925.2414246918133,-15118.60462647317
140.820732602,18.9964734789,4.269801,1405,502,1,11.945,11.489,,-12.2,13.6,11.44796,0.3875999999999995,,1405-502-1,-4405.035209067739,14769.478606998277,4.2732788850390016,,11.44796,0.3875999999999995,,,13964.417101438834,6466.968498696755,13967.977110501923,6514.403192634092
146.3215341607,16.2650368439,4.281849,1410,514,1,10.395,9.955,,-10.1,-5.0,9.9154,0.3739999999999995,,1410-514-1,14578.080099620971,5046.081727254561,4.277233757121598,,9.9154,0.3739999999999995,,,-5906.355104719582,14159.888374206324,-5908.008664017994,14250.571701338407
137.9840036596,16.50925038,4.278607,1401,259,1,11.887,10.894,,6.0,-9.0,10.80463,0.8440500000000003,,1401-259-1,-14272.713127167606,5921.014657183869,4.28425958680002,,10.80463,0.8440500000000003,,,13901.568683282798,-6666.523998937944,13905.02390855443,-6739.366786541144
142.4280067155,19.18025967,4.284241,1406,1365,1,14.197,11.949,,-11.5,-37.1,11.74668,1.9107999999999992,,1406-1365-1,1079.7388500099864,15418.261591322385,4.285330885417374,,11.74668,1.9107999999999992,,,10807.894762098227,10971.77230536237,10810.79526130689,11046.055056026937
138.6996267156,12.1876271869,4.284484,822,593,1,12.38,11.363,,-6.7,-1.1,11.27147,0.864450000000001,,822-593-1,-12031.188706677052,-9715.91149512913,4.28765189476531,,11.27147,0.864450000000001,,,724.979684370194,-15224.240974848348,725.1966963180931,-15447.411680553721
140.9088084526,10.7802770439,4.288594,823,618,1,11.354,10.241,,-5.9,-5.3,10.14083,0.9460499999999996,,823-618-1,-4263.440836415951,-14868.076049156114,4.288439313618476,,10.14083,0.9460499999999996,,,-8282.94077694345,-12888.691966194094,-8285.244049560275,-13061.062139364452
146.4236435475,13.9280530472,4.295204,834,488,1,11.745,10.978,,-31.6,-4.1,10.90897,0.6519499999999995,,834-488-1,15096.08795140518,-3381.7029081700807,4.289253346628095,,10.90897,0.6519499999999995,,,-12549.938441305307,8978.264347771694,-12553.225942500823,9041.255688908093
138.280526152,12.7681514383,4.285651,825,603,1,13.07,12.03,,-6.3,8.7,11.9364,0.8840000000000008,,825-603-1,-13476.940361369794,-7598.062264159329,4.289527287237956,,11.9364,0.8840000000000008,,,3267.764065820342,-14906.282510825322,3268.7313558417427,-15121.966373369001
145.2748048938,17.9381170833,4.292468,1413,409,1,9.594,9.116,47504.0,-14.0,7.1,9.07298,0.4062999999999998,47504.0,1413-409-1,10859.954230748031,11021.104395223207,4.289927880071934,9.04,9.04,0.456,83768.0,F5,1028.1464063110773,15342.143132141273,1028.439054760155,15438.447496267101
137.6758045873,14.7439451122,4.285263,818,2110,1,12.427,11.63,,2.3,-1.9,11.55827,0.677449999999999,,818-2110-1,-15469.313502448358,-429.1696879255512,4.290646366128013,,11.55827,0.677449999999999,,,9949.103118493764,-11701.12314338409,9951.787116508369,-11850.982239703395
145.8419924181,12.5991978191,4.300876,834,14,1,9.754,8.966,47683.0,-68.8,-48.5,8.89508,0.6698000000000002,47683.0,834-14-1,13133.859456435353,-8214.485762355902,4.29503674718201,8.93,8.93,0.71,,G0,-14859.798292546122,4332.048104733267,-14863.514323151903,4364.857675435197
138.7401155053,17.7309235222,4.289736,1405,1145,1,12.653,11.781,,-14.7,-3.8,11.70252,0.7411999999999999,,1405-1145-1,-11585.722634636622,10283.754275708516,4.295112798498143,,11.70252,0.7411999999999999,,,15378.841852128407,-1814.7125512136604,15382.582995407156,-1833.2243068677474
137.8641362099,16.2131819114,4.289371,1401,857,1,12.539,11.354,,-7.2,-16.7,11.24735,1.0072500000000004,,1401-857-1,-14709.332734201766,4860.391916202383,4.2951422908506665,,11.24735,1.0072500000000004,,,13398.602688545778,-7683.738036586522,13401.969966102126,-7770.140287809465
146.2617337668,16.4812541061,4.299477,1410,389,1,12.614,11.467,,33.8,11.9,11.36377,0.9749500000000002,,1410-389-1,14356.939434764783,5822.961677165245,4.295505243906351,,11.36377,0.9749500000000002,,,-5178.847419408749,14508.774010895662,-5180.304380605483,14601.13143395121
138.1782277669,16.9437167983,4.290281,1401,372,1,11.771,11.124,,-41.9,3.1,11.06577,0.5499500000000002,,1401-372-1,-13572.677366658083,7476.735267728826,4.296312353938499,,11.06577,0.5499500000000002,,,14599.737608965477,-5128.933159357922,14603.322992922002,-5182.86587975116
138.6227210707,17.6014374133,4.293659,1404,62,1,12.17,11.706,,0.1,-9.6,11.66424,0.3944000000000003,,1404-62-1,-11996.966052001766,9822.991204957138,4.298978282696131,,11.66424,0.3944000000000003,,,15307.451691770184,-2422.154407017092,15311.1763035125,-2446.6775162057456
138.3419226913,17.2255426889,4.295567,1401,276,1,11.943,11.647,,2.4,-19.7,11.62036,0.2515999999999994,,1401-276-1,-12987.934092469803,8482.936876301863,4.3010112806723155,,11.62036,0.2515999999999994,,,14963.668844791518,-4035.975544769543,14967.323648696278,-4077.4836398000502
140.9468203458,10.7513102778,4.30667,823,902,1,10.957,10.434,,29.2,3.8,10.38693,0.4445500000000012,,823-902-1,-4128.2173674324085,-14973.202035889923,4.3062812184979835,,10.38693,0.4445500000000012,,,-8451.293134020818,-12857.986943844171,-8453.64137570186,-13029.769964637853
145.5057829753,17.7275410117,4.312855,1413,279,1,11.669,10.697,,4.0,-11.1,10.60952,0.826200000000001,,1413-279-1,11666.58935394246,10273.47952678241,4.309967308719762,,10.60952,0.826200000000001,,,-66.18087182666407,15448.285741662594,-66.19973825402023,15545.073378257097
140.9311742047,10.7512317442,4.31073,823,460,1,11.758,11.004,,-1.5,-5.9,10.93614,0.6408999999999996,,823-460-1,-4184.544751296751,-14973.53115389179,4.310530175949722,,10.93614,0.6408999999999996,,,-8414.141657048864,-12899.493014097136,-8416.482273240765,-13072.10297298798
146.2301825113,13.2819853333,4.317836,834,551,1,11.967,11.29,,1.2,-12.0,11.229069999999998,0.5754500000000011,,834-551-1,14460.809140624931,-5726.335506088832,4.312207546916814,,11.229069999999998,0.5754500000000011,,,-13880.819413115003,6958.694870758725,-13884.376022095572,7009.281119125241
146.1636979178,16.7548081,4.31914,1410,39,1,11.701,11.145,,-1.1,-3.0,11.09496,0.4726000000000008,,1410-39-1,13997.8713468061,6803.423608775757,4.315057361846068,,11.09496,0.4726000000000008,,,-4207.604220398188,14889.596366777167,-4208.794295741902,14983.758727979963
138.0850871391,16.8097268556,4.309778,1401,224,1,12.109,11.594,,3.9,-5.6,11.54765,0.4377500000000004,,1401-224-1,-13902.537351142737,6999.042789975402,4.315413789499772,,11.54765,0.4377500000000004,,,14461.649535917046,-5686.110008704227,14465.21456574684,-5746.713177350074
141.5177979584,19.1836837978,4.313248,1406,1123,1,11.748,11.026,,-20.1,-21.4,10.96102,0.6136999999999996,,1406-1123-1,-2024.0398230798212,15433.447355407747,4.315599132847634,,10.96102,0.6136999999999996,,,12879.90492082353,8674.354050521695,12883.26723945265,8735.528588150719
139.8141746948,11.214287615,4.314839,822,551,1,10.648,9.434,,-16.3,20.6,9.324739999999998,1.0319000000000005,,822-551-1,-8132.216075370656,-13274.317679504273,4.316064136281721,,9.324739999999998,1.0319000000000005,,,-4523.178158101778,-14684.666163280372,-4524.507076766654,-14895.277233580135
137.7368679147,15.8240691653,4.310955,1401,1905,1,12.338,11.098,,-3.5,3.7,10.9864,1.0539999999999987,,1401-1905-1,-15179.119136394538,3465.3581693989167,4.3167198250375485,,10.9864,1.0539999999999987,,,12667.67155964908,-8943.298782349264,12670.911001225255,-9047.783120638302
141.161387429,10.6889882233,4.317462,823,1211,1,13.042,11.211,,-1.3,-3.1,11.04621,1.5563499999999997,,823-1211-1,-3368.86217026157,-15201.586611819412,4.316924740969071,,11.04621,1.5563499999999997,,,-9126.15292653686,-12449.83484803963,-9128.661280370216,-12613.683485292453
142.6919894956,10.6257580875,4.319484,823,744,1,12.121,11.799,,-3.7,4.9,11.77002,0.2737000000000008,,823-744-1,2061.3278671630687,-15433.42416059861,4.3169441302001985,,11.77002,0.2737000000000008,,,-12904.72813917181,-8608.103209050074,-12908.011668952104,-8707.633929552476
142.2971891426,10.5881186614,4.32317,823,876,1,11.196,10.758,,-58.2,13.3,10.71858,0.3723000000000005,,823-876-1,659.0964938536041,-15571.228265357375,4.321003560513178,,10.71858,0.3723000000000005,,,-12076.739167746637,-9730.97719917334,-12079.86801266709,-9847.555365501745
138.1788036908,16.9988810464,4.316004,1401,820,1,13.268,12.177,,52.6,-21.5,12.07881,0.9273500000000008,,1401-820-1,-13564.650101899913,7675.23578371632,4.321104741856683,,12.07881,0.9273500000000008,,,14742.787967085425,-4992.684637400427,14746.405781868452,-5045.046406039637
138.7160108806,17.7461146942,4.317105,1405,1052,1,12.632,11.941,,-11.0,-35.7,11.87881,0.587349999999999,,1405-1052-1,-11667.809740213814,10339.294335644694,4.322254849883368,,11.87881,0.587349999999999,,,15474.855396057623,-1838.946135272222,15478.620151055422,-1857.7162625840226
146.4983552804,14.1004819989,4.328596,834,422,1,12.857,12.317,,-10.2,-60.8,12.2684,0.4589999999999992,,834-422-1,15346.853941052914,-2755.905194155214,4.322982487042867,,12.2684,0.4589999999999992,,,-12248.628017119787,9577.860265704136,-12251.859523745596,9644.318407103228
139.3344669803,18.3134790533,4.318726,1405,329,1,11.057,10.402,,-27.6,-45.6,10.34305,0.556750000000001,,1405-329-1,-9514.15714855109,12354.761543735689,4.323322398766438,,10.34305,0.556750000000001,,,15551.550078518812,1083.3004365977242,15555.359815160664,1090.9170778669231
138.343954633,12.5981768822,4.32182,825,1178,1,12.669,12.086,,-7.8,-42.8,12.03353,0.4955500000000001,,825-1178-1,-13263.639478422137,-8216.719452772499,4.325795141772645,,12.03353,0.4955500000000001,,,2663.7366731978505,-15151.82140862207,2664.5320676523475,-15373.317131952457
145.3797988769,17.8868574256,4.329229,1413,34,1,9.324,8.948,,-10.7,-2.0,8.91416,0.3195999999999995,,1413-34-1,11223.886727611722,10841.822424162196,4.326522069490822,,8.91416,0.3195999999999995,,,652.5329788645153,15494.501487545464,652.7191254922562,15591.494620290398
145.4105226601,17.85881535,4.331673,1413,699,1,10.167,9.798,,-9.3,-4.6,9.76479,0.3136499999999998,,1413-699-1,11331.140376897025,10742.254275357795,4.328910974486497,,9.76479,0.3136499999999998,,,506.90645347135376,15508.508482636842,507.0510868027956,15605.565300647071
145.4291791462,12.0178370011,4.33522,824,1077,1,12.036,11.316,,-31.0,-16.0,11.2512,0.611999999999999,,824-1077-1,11709.638881711448,-10333.569184367772,4.329861888253684,,11.2512,0.611999999999999,,,-15498.305252537803,1878.6514667461438,-15502.116977300127,1892.792659092136
138.3310243192,12.6053287478,4.328651,825,766,1,12.654,11.592,,-4.2,2.0,11.49642,0.9026999999999996,,825-766-1,-13308.730531145973,-8189.0308357080185,4.3323745680267605,,11.49642,0.9026999999999996,,,2714.366627176825,-15166.784122348321,2715.1775877124383,-15388.64337899944
146.5738975238,15.3664314699,4.337501,1410,626,1,12.336,11.614,,79.6,-76.4,11.54902,0.6136999999999996,,1410-626-1,15522.619388958174,1818.469660123379,4.333046248257717,,11.54902,0.6136999999999996,,,-8945.98748737438,12729.897678727699,-8948.44403757724,12813.426314050534
137.6268866036,14.8683237833,4.328344,818,2128,1,12.553,12.162,,-8.4,-2.4,12.12681,0.33235,,818-2128-1,-15631.792128695693,23.16694588619408,4.3338848561348,,12.12681,0.33235,,,10395.090432383344,-11525.341055710549,10397.88365268621,-11672.081108668614
141.4442640943,19.1925364016,4.331657,1406,261,1,12.177,11.754,,-33.0,3.4,11.71593,0.35955,,1406-261-1,-2275.0352910974048,15467.062466632538,4.334347261911861,,11.71593,0.35955,,,13071.672101897508,8510.00897628179,13075.078231819967,8570.18880505196
142.6493240279,10.6017385044,4.33803,823,1350,1,10.002,8.954,46637.0,-197.0,-12.5,8.85968,0.8908,46637.0,823-1350-1,1904.9823969043357,-15521.135924290127,4.335484942711581,8.66,8.66,0.905,82159.0,G5,-12866.485111094818,-8780.689295750177,-12869.76744944234,-8882.775698512416
142.6458347746,10.5999486375,4.339389,823,1352,1,9.829,8.859,46634.0,-192.3,-13.0,8.7717,0.8245000000000006,46634.0,823-1352-1,1892.74059442814,-15527.650925403568,4.336860514463112,8.67,8.67,0.878,,G5,-12863.226981853542,-8793.970713531107,-12866.509157451399,-8896.254960386716
138.3526362674,12.563059055,4.333902,825,1165,1,11.991,11.262,,13.0,-2.7,11.19639,0.6196499999999993,,825-1165-1,-13234.55901714797,-8342.969789942224,4.337463318693451,,11.19639,0.6196499999999993,,,2550.063617360744,-15212.46044177668,2550.826742656551,-15435.41318602178
144.3959594183,11.1805496667,4.343357,824,710,1,12.256,11.833,,-4.1,-13.0,11.79493,0.35955,,824-710-1,8090.627556024098,-13397.304425687871,4.339116474653441,,11.79493,0.35955,,,-15385.775370338019,-2818.9782114249983,-15389.5212666648,-2847.570070732104
137.6775380136,14.2588970333,4.333951,818,93,1,10.142,9.021,45065.0,-7.7,-2.4,8.920110000000001,0.9528499999999988,45065.0,818-93-1,-15498.391623288035,-2180.1326718386385,4.339179131823313,8.99,8.99,0.93,78823.0,G5,8659.54285431013,-12863.549098854166,8661.949579686996,-13035.480461209927
138.7559637879,12.0451532229,4.335491,822,428,1,12.29,11.098,,-134.5,-11.9,10.99072,1.0131999999999983,,822-428-1,-11843.259241716469,-10233.549474305908,4.339489727796848,,10.99072,1.0131999999999983,,,213.3107299466771,-15422.637726116676,213.37505119260206,-15650.648401810797
137.6443875,15.42625194,4.336796,1401,2015,1,12.8,11.951,,0.0,0.0,11.87459,0.7216500000000001,,1401-2015-1,-15529.915591101682,2035.8894944899537,4.342442545381244,,11.87459,0.7216500000000001,,,11832.000259122618,-10136.246735697747,11835.08864189726,-10259.32751884605
137.934766825,13.3382405133,4.338147,825,972,1,11.581,10.384,,21.2,-26.4,10.27627,1.0174499999999993,,825-972-1,-14657.827287683513,-5520.869471775309,4.342519921114144,,10.27627,1.0174499999999993,,,5604.347981877169,-14420.804370179634,5605.980291570927,-14625.487530009474
137.7494167718,15.99369705,4.33681,1401,246,1,13.366,10.932,,3.5,2.4,10.71294,2.0688999999999993,,1401-246-1,-15123.23547830453,4076.7841384589815,4.342524503227397,,10.71294,2.0688999999999993,,,13087.62180300415,-8501.9616489077,13090.947045719238,-8599.972423793766
138.035332197,13.1101500131,4.338534,825,493,1,12.788,11.952,,-4.4,-1.7,11.87676,0.7106000000000002,,825-493-1,-14319.508150313037,-6349.745506487313,4.342834490297515,,11.87676,0.7106000000000002,,,4760.1856038846745,-14711.70257436116,4761.58555614777,-14922.965008855534
143.7652361172,10.8719270517,4.347396,824,498,1,12.505,11.663,,5.6,-1.5,11.58722,0.7157000000000004,,824-498-1,5864.483939395322,-14528.548044486746,4.343745051601418,,11.58722,0.7157000000000004,,,-14753.386701645062,-5208.308770726853,-14757.012098265674,-5263.218985376208
145.3812805256,17.9190253311,4.352295,1413,380,1,12.332,11.413,,-5.1,-28.0,11.33029,0.7811500000000003,,1413-380-1,11227.430818332195,10957.501561647488,4.349480504723901,,11.33029,0.7811500000000003,,,736.6453686540592,15573.61604532313,736.855753285201,15670.963175656883
146.5556721678,14.2359812461,4.358988,834,299,1,10.543,10.141,,-27.0,-9.7,10.10482,0.3416999999999993,,834-299-1,15537.810363919016,-2261.5982879265184,4.353143562939775,,10.10482,0.3416999999999993,,,-12005.902031885782,10046.236817190906,-12009.087624232847,10115.344391297578
137.6082131764,15.0921716233,4.347876,1401,2,1,11.634,10.524,,-11.2,8.0,10.4241,0.943500000000001,,1401-2-1,-15680.84572239658,832.7755300207459,4.353531034713708,,10.4241,0.943500000000001,,,11032.84841306913,-11033.019393309603,11035.780844402385,-11171.12254016242
140.3371027082,10.9093214169,4.353474,822,1117,1,11.86,10.837,,-11.3,-0.7,10.74493,0.8695499999999997,,822-1117-1,-6288.238302945342,-14390.998677167381,4.354061674582491,,10.74493,0.8695499999999997,,,-6582.049345453858,-14061.358616333411,-6583.944449364881,-14258.136602254312
137.8074027514,13.648295175,4.351237,818,332,1,13.322,11.042,,-11.4,0.2,10.8368,1.9379999999999995,,818-332-1,-15085.578562509947,-4392.841227060738,4.3560743002058935,,10.8368,1.9379999999999995,,,6731.497494479779,-14000.751461641179,6733.431952456124,-14196.218818878064
145.7954130894,12.4192797361,4.363874,831,127,1,12.248,11.259,,-44.8,-28.6,11.16999,0.8406499999999991,,831-127-1,12980.858768938791,-8866.310535603592,4.358204320788121,,11.16999,0.8406499999999991,,,-15245.46636885824,3788.789533939492,-15249.263208225131,3817.6076931980238
139.1940816785,11.59637445,4.357695,822,142,1,12.404,11.735,,-6.5,-15.7,11.67479,0.5686500000000004,,822-142-1,-10312.372346335522,-11873.558943627591,4.360068530362743,,11.67479,0.5686500000000004,,,-2028.8167555190703,-15368.398611292334,-2029.4273554306583,-15595.12263517983
137.8323692705,16.3316033033,4.354658,1401,743,1,13.497,12.43,,-7.2,-11.4,12.33397,0.90695,,1401-743-1,-14811.494730841421,5290.401462687007,4.360439911678433,,12.33397,0.90695,,,13787.861532164157,-7477.323461498069,13791.31884399094,-7560.968743588295
145.9008105764,17.3060521425,4.364365,1410,110,1,,12.209,,-10.6,-3.5,12.209,,,1410-110-1,13053.14679825978,8776.36114383905,4.360794880001076,,12.209,,,,-2105.7212034096647,15490.621397455736,-2106.3218964467515,15587.577243836125
137.8409791108,16.3673984175,4.358373,1401,1983,1,11.552,10.321,,5.8,-18.3,10.21021,1.04635,,1401-1983-1,-14778.76902284546,5418.834747010241,4.364012271367779,,10.21021,1.04635,,,13862.141178761523,-7369.028763185201,13865.6128417674,-7451.212275075734
141.6401156024,19.2464384769,4.361987,1406,315,1,11.795,11.825,,-68.5,-19.7,11.8277,-0.0254999999999994,,1406-315-1,-1607.771187482641,15659.437291031636,4.364250176438539,,11.8277,-0.0254999999999994,,,12772.451065017678,9132.98236778311,12775.8033648687,9196.833848953771
141.527154106,19.23421106,4.362141,1406,51,1,12.717,10.996,,1.0,6.5,10.84111,1.46285,,1406-51-1,-1991.096834913301,15617.019595939768,4.364713860488234,,10.84111,1.46285,,,12995.244424862885,8820.054882480403,12998.642845394903,8882.063490193814
141.6257052753,10.5662949567,4.366041,823,746,1,12.02,11.602,,-5.5,-4.9,11.56438,0.3552999999999993,,823-746-1,-1722.6743953335447,-15649.625713411479,4.364912292550645,,11.56438,0.3552999999999993,,,-10553.990700970899,-11533.481233998968,-10556.827431642034,-11680.401817606278
137.6516426204,15.6490401511,4.359836,1401,1901,1,12.16,11.675,,-30.9,-8.8,11.63135,0.4122499999999995,,1401-1901-1,-15489.315187397568,2839.383677254643,4.365811988548631,,11.63135,0.4122499999999995,,,12405.671847578307,-9581.12282596551,12408.877972043962,-9695.397470765914
143.3593235089,19.10510563,4.365683,1406,952,1,11.999,10.2,,-5.8,-2.0,10.03809,1.5291500000000011,,1406-952-1,4257.482202740583,15161.495025014488,4.365953174800619,,10.03809,1.5291500000000011,,,8506.232733599132,13165.738656269188,8508.582365670825,13251.456985056033
138.8103642981,11.9459034856,4.363334,822,538,1,10.553,9.839,,-0.3,-18.5,9.77474,0.6069000000000003,,822-538-1,-11652.623404670128,-10594.853770491252,4.3662817361380615,,9.77474,0.6069000000000003,,,-183.30189720010438,-15517.684872864784,-183.3573673988469,-15748.045551908459
140.0626085736,18.8084849728,4.363517,1405,660,1,11.253,10.798,,0.1,7.7,10.75705,0.38675,,1405-660-1,-7000.10593249707,14113.425147642773,4.367646600045443,,10.75705,0.38675,,,15196.97131417366,4107.338456509432,15200.765464070382,4138.475778667477
138.7655756215,17.8692689933,4.36321,1405,1427,1,11.483,10.343,,-19.4,-13.2,10.2404,0.9690000000000004,,1405-1427-1,-11490.670139863876,10781.97472059952,4.368489938524628,,10.2404,0.9690000000000004,,,15688.149744208109,-1416.5642456176997,15691.967606087865,-1431.3042263245063
143.4324208163,10.7311044514,4.371762,824,506,1,11.424,10.608,,-34.2,-49.7,10.53456,0.6935999999999991,,824-506-1,4686.156488644356,-15045.357833416057,4.368808696250562,,10.53456,0.6935999999999991,,,-14357.36682273239,-6417.680500411448,-14360.927955084055,-6487.4188426898045
143.7850775178,18.9715621796,4.370352,1406,781,1,12.256,11.761,,-164.0,19.2,11.716449999999998,0.4207500000000008,,1406-781-1,5709.935768740131,14690.78603047961,4.369682286141141,,11.716449999999998,0.4207500000000008,,,7190.112071860586,13935.299599082178,7192.119110018448,14024.83452250978
145.8864172254,17.3552056053,4.379739,1410,96,1,11.38,10.736,,-24.8,0.5,10.67804,0.5474000000000001,,1410-96-1,13000.038933835745,8953.080214938786,4.376126254876335,,10.67804,0.5474000000000001,,,-1938.3730854812154,15567.917588632437,-1938.9266594147564,15665.223299582549
146.623569133,15.3306549144,4.382132,1410,734,1,12.237,10.736,,-10.0,8.0,10.60091,1.2758499999999997,,1410-734-1,15696.185924781248,1695.1219144915174,4.376870035700771,,10.60091,1.2758499999999997,,,-9153.412359906199,12777.540357112575,-9155.927654665222,12861.28608160284
137.9541463563,16.6873893805,4.373,1401,2072,1,11.552,11.097,,-21.0,-19.0,11.05605,0.38675,,1401-2072-1,-14365.002487490881,6566.190006395075,4.378832728986636,,11.05605,0.38675,,,14445.110688941246,-6311.525095189673,14448.690305750226,-6379.929162162702
137.94891827,16.6879543311,4.377827,1401,497,1,11.98,11.017,,-18.2,-20.0,10.93033,0.8185500000000008,,1401-497-1,-14383.011742763143,6568.579283731215,4.383630515907918,,10.93033,0.8185500000000008,,,14458.852618698664,-6323.250888746701,14462.436061329081,-6391.807551162319
142.2527808531,19.2884812678,4.383453,1406,1207,1,8.797,8.264,46501.0,25.8,33.2,8.21603,0.453050000000001,46501.0,1406-1207-1,483.00008598091165,15811.165992994911,4.385455206796394,8.14,8.14,0.492,81899.0,F5,11497.75486148402,10787.590783492094,11500.833902421615,10860.804698087753
146.5882709112,15.6682761636,4.390497,1410,662,1,10.633,10.253,,3.5,-5.5,10.2188,0.3229999999999991,,1410-662-1,15548.73568953595,2911.0057990664855,4.385550150284076,,10.2188,0.3229999999999991,,,-8146.667763223209,13471.23522467398,-8148.927484125966,13558.47031061056
137.6496019993,15.7560923972,4.380249,1401,2141,1,12.645,12.36,,9.1,0.7,12.33435,0.2422500000000001,,1401-2141-1,-15487.604529229,3226.234400304635,4.3858761177213355,,12.33435,0.2422500000000001,,,12693.71298727425,-9326.860102393091,12696.979736468656,-9437.223534027595
140.1237189782,10.9696698433,4.385472,822,1081,1,10.025,8.625,,-31.2,-21.0,8.499,1.1900000000000002,,822-1081-1,-7043.7263108782545,-14168.41852730178,4.386606422937546,,8.499,1.1900000000000002,,,-5914.106898915528,-14469.36070239923,-5915.832430089957,-14675.186219140416
142.6018625,19.26699167,4.385507,1406,313,1,12.926,12.391,,0.0,0.0,12.34285,0.4547500000000001,,1406-313-1,1672.158241551985,15734.672311931883,4.386762292655842,,12.34285,0.4547500000000001,,,10651.077834752774,11621.390794110508,10653.960585648885,11699.108931371906
141.4190370339,10.5708067619,4.387653,823,741,1,9.7,9.208,,22.1,-49.9,9.16372,0.4181999999999992,,823-741-1,-2455.4619162508648,-15633.120167182324,4.387178627324881,,9.16372,0.4181999999999992,,,-10055.129301755089,-12060.74913374449,-10057.866436375243,-12217.326308638982
137.6154225616,15.5867490467,4.384847,1401,768,1,8.813,8.529,45043.0,-21.8,-16.8,8.50344,0.2414000000000006,45043.0,1401-768-1,-15619.876633826034,2616.9428543946196,4.390712648137184,8.53,8.53,0.273,78771.0,A5,12326.067266315205,-9822.628790540875,12329.26661327629,-9940.730392574818
144.907736038,18.3860542875,4.394103,1413,280,1,11.052,10.302,,-28.6,-11.3,10.2345,0.6375,,1413-280-1,9577.171498923832,12619.76266342189,4.392034885930661,,10.2345,0.6375,,,3074.689851838187,15444.239918172667,3075.566425968371,15540.962478571015
144.5276789973,18.6417408333,4.395702,1413,579,1,9.831,9.313,47278.0,-7.4,25.0,9.26638,0.4402999999999991,47278.0,1413-579-1,8264.514110589364,13526.801069340705,4.39461318622167,9.26,9.26,0.532,,F5,4624.115926588665,15066.904107988736,4625.427233317017,15161.858842600392
139.4875314873,11.326814485,4.395142,822,333,1,12.014,11.649,,12.8,-18.9,11.61615,0.3102500000000002,,822-333-1,-9284.499975764767,-12858.593501075227,4.396954113032266,,11.61615,0.3102500000000002,,,-3447.4538286058746,-15256.654898972401,-3448.4873379659252,-15480.739701505388
142.3305799199,10.5132912975,4.399386,823,929,1,11.653,11.084,,-9.4,-5.9,11.03279,0.4836500000000007,,823-929-1,779.1698017574589,-15842.603345101143,4.3973878021836015,,11.03279,0.4836500000000007,,,-12359.29664972877,-9819.92530104845,-12362.50453389437,-9937.991144070418
144.3914736344,11.1101314303,4.401892,824,917,1,10.503,10.034,,-16.8,-7.1,9.99179,0.3986499999999995,,824-917-1,8077.000647151569,-13652.055605411311,4.397573865223878,,9.99179,0.3986499999999995,,,-15567.150770312388,-2996.4544186271223,-15570.942605219914,-3026.9304736440185
138.4860615187,12.2728961,4.394724,822,161,1,12.473,11.279,,-5.1,-8.4,11.17154,1.0149000000000006,,822-161-1,-12781.09562779583,-9398.13617163685,4.3981379342216265,,11.17154,1.0149000000000006,,,1460.3345899609037,-15565.498469638982,1460.7773385821984,-15797.072466586367
145.7719489394,17.5570901678,4.405914,1413,562,1,11.343,10.576,,-26.2,-29.6,10.50697,0.6519499999999995,,1413-562-1,12592.825917635892,9674.104501260112,4.402367322415406,,10.50697,0.6519499999999995,,,-1129.096302342903,15741.477289930965,-1129.4195671283935,15839.569878458584
142.3461099377,10.5089499067,4.404428,823,1228,1,12.312,11.972,,-39.5,-40.8,11.9414,0.2889999999999998,,823-1228-1,833.516987529539,-15859.218586488303,4.402732505503266,,11.9414,0.2889999999999998,,,-12407.798637069418,-9790.781235354325,-12411.017487844885,-9908.390871323452
140.574717354,19.0561095894,4.399489,1405,1593,1,12.241,11.495,,6.9,4.1,11.42786,0.6341000000000003,,1405-1593-1,-5243.052411382011,14991.819998983712,4.403034183255487,,11.42786,0.6341000000000003,,,14686.98763185132,5991.282458743894,14690.715558217784,6035.490192019371
137.8659501429,13.3390901667,4.400054,818,388,1,12.617,12.277,,-12.1,-18.8,12.2464,0.2890000000000013,,818-388-1,-14900.991451528535,-5513.479722035378,4.404718110081532,,12.2464,0.2890000000000013,,,5771.291848972743,-14593.734023400268,5772.982781737657,-14802.38746572945
146.5563678727,15.9264508517,4.41006,1410,237,1,12.196,11.183,,-30.7,-24.6,11.09183,0.8610499999999999,,1410-237-1,15417.967315889631,3840.215122626314,4.404917658457336,,11.09183,0.8610499999999999,,,-7365.286414219064,13987.98389008285,-7367.343959548057,14077.755905100894
137.9952200112,16.8398340192,4.400386,1401,2075,1,10.165,9.69,,6.3,-15.9,9.64725,0.4037499999999996,,1401-2075-1,-14211.727108117368,7113.897629270948,4.405958190078091,,9.64725,0.4037499999999996,,,14752.769271372763,-5839.06067351803,14756.4112173725,-5901.614597646066
140.1453878683,18.8904024194,4.402447,1405,499,1,11.413,10.41,,-5.3,-13.0,10.31973,0.85255,,1405-499-1,-6714.593296394146,14406.12665669072,4.406318894769657,,10.31973,0.85255,,,15226.196597641825,4512.301142984868,15230.010803824314,4546.319313464833
138.159101074,17.1417627669,4.401998,1401,690,1,11.814,11.299,,-7.0,1.7,11.25265,0.4377500000000004,,1401-690-1,-13625.23248387878,8193.405899233505,4.407679141794372,,11.25265,0.4377500000000004,,,15170.340685793764,-4697.213682340734,15174.058254322694,-4746.242362517827
146.6317361456,15.5596250883,4.415586,1410,634,1,10.378,9.687,,-6.9,-13.1,9.62481,0.5873500000000006,,1410-634-1,15707.95995048811,2521.7516161112926,4.410460429960706,,9.62481,0.5873500000000006,,,-8543.332485109522,13332.49873535616,-8545.697871077635,13419.026973508911
138.2224494069,17.2495178467,4.405162,1401,595,1,11.594,9.985,,-3.3,-42.6,9.84019,1.36765,,1401-595-1,-13399.360689074356,8577.107889393055,4.410550769064527,,9.84019,1.36765,,,15307.204108201104,-4278.266865576557,15310.947710864493,-4322.560215586568
146.3369787218,13.272819715,4.417438,834,555,1,10.233,9.572,47865.0,-6.7,-12.9,9.51251,0.5618500000000012,47865.0,834-555-1,14837.376820724203,-5753.163655510719,4.4117395084111175,9.5,9.5,0.585,,G5,-14150.864574896797,7220.828145141998,-14154.500990607476,7273.01482702673
145.6971178846,12.1993563733,4.4183,831,301,1,11.975,11.829,,-14.4,16.8,11.81586,0.1240999999999991,,831-301-1,12647.286253208782,-9664.580442024564,4.412705225362989,,11.81586,0.1240999999999991,,,-15620.72396405847,3015.1160483926856,-15624.593282895876,3038.0996420558704
137.5393861742,15.01115494,4.412518,1401,40,1,11.784,10.949,,5.7,-23.4,10.87385,0.7097500000000007,,1401-40-1,-15927.00328984453,544.4110911273656,4.417974569371938,,10.87385,0.7097500000000007,,,10980.700733500298,-11402.024701913757,10983.643798858579,-11546.661254694145
140.6528175597,19.1005832267,4.417356,1405,795,1,10.617,10.347,,-6.5,-1.0,10.3227,0.2295000000000011,,1405-795-1,-4975.749968940059,15150.414460941802,4.420809470408056,,10.3227,0.2295000000000011,,,14628.061502129,6294.458941709128,14631.785503447958,6340.662352846776
140.5141353913,19.0541300378,4.41724,1405,1327,1,12.545,12.4,,-18.0,-4.4,12.38695,0.1232499999999996,,1405-1327-1,-5450.59072564724,14986.276229380948,4.420846425507762,,12.38695,0.1232499999999996,,,14820.633673995499,5833.498248366174,14824.390045414779,5876.638006821783
139.6768724543,18.6651989494,4.418841,1405,905,1,13.188,12.295,,-10.8,-5.3,12.21463,0.7590500000000006,,1405-905-1,-8325.38102199768,13611.18020613333,4.423259393996593,,12.21463,0.7590500000000006,,,15701.438780325981,2792.8078608381197,15705.322472387537,2814.0792106106614
142.0262830092,10.4814790825,4.426373,823,855,1,12.719,12.21,,-26.5,-13.5,12.16419,0.4326499999999987,,823-855-1,-301.59368342082126,-15958.262175756568,4.424824397682604,,12.16419,0.4326499999999987,,,-11728.184165399942,-10690.51800189614,-11731.279778904198,-10822.853836633833
139.8254332848,11.0802363833,4.424852,822,130,1,12.456,11.216,,14.1,-13.2,11.1044,1.054,,822-130-1,-8096.482866110431,-13760.550489478705,4.426110398907108,,11.1044,1.054,,,-4910.321800140638,-14974.01578936083,-4911.779371497825,-15191.45180621144
138.3043978563,17.404046965,4.422758,1401,444,1,12.442,11.123,,-3.0,2.7,11.00429,1.1211500000000008,,1401-444-1,-13106.679258258466,9131.028329027053,4.42831435492134,,11.00429,1.1211500000000008,,,15526.94959695138,-3697.956105311919,15530.738773043404,-3735.8898120591402
138.3895238205,12.3490036731,4.425261,822,143,1,12.765,12.334,,-21.8,-10.7,12.29521,0.3663500000000008,,822-143-1,-13118.183859842595,-9118.477259625348,4.4289422725625505,,12.29521,0.3663500000000008,,,1893.1445673705784,-15630.184383430995,1893.7199755319425,-15863.391817931433
137.5282811428,15.1114470769,4.425695,1401,49,1,12.553,11.648,,4.1,-10.9,11.56655,0.769250000000001,,1401-49-1,-15958.41852939472,907.6047264416192,4.431201441424329,,11.56655,0.769250000000001,,,11273.04848013883,-11188.08052223108,11276.055628895456,-11328.96454901533
146.4980437051,16.239492015,4.435895,1410,665,1,12.703,11.159,,1.9,-3.0,11.020040000000002,1.312399999999999,,1410-665-1,15193.471548040796,4966.793351575481,4.431337438021163,,11.020040000000002,1.312399999999999,,,-6374.156733957199,14565.47912394128,-6375.951776456251,14658.030318657613
137.5952026566,15.7235863,4.425925,1401,2008,1,11.352,10.851,,-2.2,1.2,10.80591,0.4258499999999995,,1401-2008-1,-15679.82560664342,3112.9182929382714,4.431653346012388,,10.80591,0.4258499999999995,,,12736.613953812574,-9542.44978737906,12739.904103509018,-9656.191525992728
137.5885756212,14.21320165,4.426461,818,335,1,10.799,10.24,,-9.7,-18.0,10.18969,0.4751499999999993,,818-335-1,-15813.942784155193,-2339.52433676791,4.431713533741366,,10.18969,0.4751499999999993,,,8749.868527346465,-13198.502205169167,8752.32398479179,-13377.25627205018
142.6346055147,19.3097218525,4.431464,1406,633,1,11.599,11.096,,-20.8,-6.9,11.05073,0.4275500000000001,,1406-633-1,1782.8387782183295,15889.552707245903,4.432596404529558,,11.05073,0.4275500000000001,,,10693.359755228048,11806.043891527655,10696.261114079598,11884.712765771574
145.1621050364,18.2408796326,4.437811,1413,317,1,12.656,11.466,,-120.8,18.1,11.358899999999998,1.011500000000001,,1413-317-1,10454.503337539372,12109.488178851929,4.435012917773782,,11.358899999999998,1.011500000000001,,,2110.8361463347533,15759.90414076045,2111.4406763742504,15858.063004621028
145.7486763935,12.2244227844,4.442656,831,205,1,11.937,10.816,,-19.5,-7.6,10.71511,0.9528499999999988,,831-205-1,12827.964569692773,-9572.197294127527,4.437146457942406,,10.71511,0.9528499999999988,,,-15671.616153939058,3210.0910759372773,-15675.503483638935,3234.536531471061
139.4385744933,18.5322475964,4.434164,1405,1399,1,12.271,11.001,,-2.4,-1.9,10.8867,1.079500000000001,,1405-1399-1,-9146.843952179523,13141.845785058003,4.438778347880531,,10.8867,1.079500000000001,,,15896.010121840573,1874.2020400351284,15899.920588998913,1888.2240829149282
140.7724775348,19.1576788469,4.437483,1405,1574,1,13.519,12.13,,-46.6,-77.9,12.00499,1.180649999999999,,1405-1574-1,-4567.229525582775,15351.818578657889,4.440201261066886,,12.00499,1.180649999999999,,,14507.375308918357,6730.813102725676,14511.084803253782,6779.847862906494
146.6699184183,14.3842980969,4.446867,834,316,1,12.822,12.109,,5.5,7.7,12.04483,0.6060499999999993,,834-316-1,15928.595077417165,-1717.8811015809465,4.441350408616731,,12.04483,0.6060499999999993,,,-11858.900006228772,10695.913583501988,-11862.072441174676,10768.588302085636
139.0646040059,18.2546981275,4.438066,1405,312,1,11.462,11.028,,-8.7,-9.3,10.98894,0.3688999999999994,,1405-312-1,-10442.578478932148,12157.900283492481,4.442993642813899,,10.98894,0.3688999999999994,,,16020.792903688998,265.4999509821986,16024.706276687011,266.0325880481721
137.5578572738,14.3303344311,4.437994,818,565,1,10.983,10.532,,17.1,-34.4,10.49141,0.3833500000000004,,818-565-1,-15912.400056806997,-1914.9879798351853,4.443076938603868,,10.49141,0.3833500000000004,,,9132.572282774132,-12994.294960792648,9135.12052167552,-13168.949372871373
145.0817995195,18.3173895433,4.445311,1413,283,1,12.203,12.004,,-25.9,4.2,11.98609,0.1691499999999998,,1413-283-1,10177.632551555913,12381.316200406445,4.443159119401959,,11.98609,0.1691499999999998,,,2497.8248296940587,15733.533616369403,2498.5399314393344,15831.566360279752
137.5954145489,15.8228346685,4.443921,1401,786,1,13.699,11.868,,-92.7,-91.7,11.70321,1.5563499999999997,,1401-786-1,-15674.287894400113,3468.807561185153,4.450343301199211,,11.70321,1.5563499999999997,,,12998.97059385659,-9305.610809498628,13002.315409307457,-9415.716695502317
144.8600685823,11.34687498,4.45743,824,573,1,11.571,11.206,,6.9,-47.2,11.17315,0.3102500000000002,,824-573-1,9729.002806108065,-12782.309340490345,4.453137259953144,,11.17315,0.3102500000000002,,,-16013.798841275104,-1201.4301063508055,-16017.69764686738,-1214.203348204576
144.1086707475,18.9286412542,4.454544,1413,111,1,9.877,8.955,47148.0,-9.8,0.3,8.87202,0.7837000000000005,47148.0,1413-111-1,6820.892538298543,14546.525683792164,4.453868180213954,8.74,8.74,0.801,83083.0,G5,6344.720146141705,14666.64612434699,6346.509486870064,14759.66807964568
142.7672123578,10.4956726983,4.458462,823,90,1,12.044,11.048,,-24.2,-15.8,10.95836,0.8466000000000004,,823-90-1,2329.1118391544082,-15904.478736324798,4.456026293923314,,10.95836,0.8466000000000004,,,-13434.607543272361,-8718.931385638016,-13438.03293992958,-8820.231093280663
140.1547187625,10.8778855633,4.455269,822,220,1,12.422,11.693,,2.4,-19.4,11.62739,0.6196500000000008,,822-220-1,-6935.799934260396,-14501.29944206572,4.456161991581416,,11.62739,0.6196500000000008,,,-6234.561049856301,-14606.53866407052,-6236.38880999738,-14815.54794285679
138.136932568,12.6780638161,4.451978,825,1059,1,10.952,10.56,,-34.2,-10.3,10.52472,0.3331999999999995,,825-1059-1,-13990.152192623556,-7916.418217914669,4.4561708333481285,,10.52472,0.3331999999999995,,,3370.4933487541143,-15487.353332456347,3371.512481071652,-15717.09067746579
138.3827113409,17.5605922578,4.451242,1404,85,1,13.546,12.222,,13.7,-13.4,12.10284,1.1253999999999995,,1404-85-1,-12826.461458757965,9690.99424091502,4.456509596000148,,12.10284,1.1253999999999995,,,15759.48626530076,-3122.6801737466967,15763.32656057209,-3154.5235258625466
138.323761164,17.482649745,4.451824,1401,2091,1,12.561,12.444,,-2.3,-5.1,12.433470000000002,0.0994499999999992,,1401-2091-1,-13034.99467738474,9413.54571070652,4.457303398755429,,12.433470000000002,0.0994499999999992,,,15690.539273210068,-3459.284393791917,15694.36594223702,-3494.682640549485
144.8332401953,11.3191563211,4.46422,824,1402,1,11.318,10.522,,-65.6,-33.4,10.45036,0.6765999999999994,,824-1402-1,9633.210497570864,-12883.133810087098,4.459431768157301,,10.45036,0.6765999999999994,,,-16025.567636004822,-1338.7028289009859,-16029.468816694987,-1352.7788857472308
145.9007366245,12.3892882967,4.465283,831,1471,1,11.731,11.206,,8.4,-8.4,11.15875,0.4462500000000003,,831-1471-1,13356.213544433063,-8968.906258777359,4.459910931422606,,11.15875,0.4462500000000003,,,-15571.34691226677,3999.831145784707,-15575.232079132362,4030.119775441406
141.0529983726,10.5621029161,4.464667,823,829,1,12.909,11.807,,-1.6,-1.0,11.70782,0.9367000000000002,,823-829-1,-3755.6262798873186,-15659.696891716272,4.4642087870018345,,11.70782,0.9367000000000002,,,-9211.767264306705,-13031.64506544073,-9214.340461112475,-13207.072550770703
142.8833403396,19.3094481561,4.464547,1406,102,1,12.121,11.163,,-3.5,-6.1,11.07678,0.8143000000000001,,1406-102-1,2630.9788427128237,15891.788826403794,4.465410180875534,,11.07678,0.8143000000000001,,,10131.938817394626,12438.377369853215,10134.710897073228,12520.328941627617
144.8126285242,11.2951007789,4.471723,824,102,1,10.797,9.664,,-9.1,-26.8,9.56203,0.9630500000000008,,824-102-1,9562.722332211504,-12970.65457892974,4.467231251200686,,9.56203,0.9630500000000008,,,-16044.191390002687,-1448.473559128367,-16048.096826188215,-1463.6006511945063
137.4880121558,14.9021459167,4.462033,818,2116,1,13.515,11.703,,-5.8,-2.2,11.53992,1.540200000000001,,818-2116-1,-16115.148866509337,155.16680045068975,4.467561571929531,,11.53992,1.540200000000001,,,10814.632159778774,-11794.065494453624,10817.557766366985,-11945.816995795445
146.5760502825,16.1182723154,4.474719,1410,671,1,12.115,11.43,,-90.8,24.4,11.36835,0.5822500000000004,,1410-671-1,15470.91580571593,4535.582604869668,4.469262809899387,,11.36835,0.5822500000000004,,,-6880.66229726191,14486.962697454494,-6882.597980970758,14579.114872497788
146.5416982078,16.23563997,4.474957,1410,203,1,10.17,9.57,,-8.2,-34.8,9.516,0.5099999999999997,,1410-203-1,15345.22278919593,4955.295197869689,4.470205164827043,,9.516,0.5099999999999997,,,-6483.49304088618,14670.822735238808,-6485.321673560399,14763.855043264959
137.7978705604,16.56297842,4.4643,1401,41,1,13.262,12.364,,-21.3,7.2,12.283180000000002,0.7632999999999998,,1401-41-1,-14915.488530397071,6129.00296528064,4.470253639479173,,12.283180000000002,0.7632999999999998,,,14483.763098268515,-7004.406132248822,14487.37724717743,-7081.834221922286
137.5541245035,15.7251679611,4.465168,1401,2145,1,12.914,11.942,,6.1,-19.1,11.85452,0.8261999999999996,,1401-2145-1,-15822.660099561432,3121.14818812588,4.470781481503886,,11.85452,0.8261999999999996,,,12837.58673106076,-9642.178085554056,12840.90909153738,-9757.51978431857
143.1535450917,19.2645627774,4.471133,1406,144,1,11.544,10.908,,58.6,-89.1,10.85076,0.5406000000000009,,1406-144-1,3554.3571568724624,15731.883630652737,4.471016681303199,,10.85076,0.5406000000000009,,,9399.37707354636,13019.607656131413,9401.968768881154,13104.525959987765
141.2267788117,19.2960010067,4.468395,1405,774,1,12.438,10.95,,-5.1,-8.4,10.81608,1.264800000000001,,1405-774-1,-3014.4417917143883,15844.67885264609,4.471145835482725,,10.81608,1.264800000000001,,,13844.830993483309,8209.839862707575,13848.42742168619,8268.117391849968
146.4570639811,16.48766369,4.47718,1410,373,1,9.891,9.228,,50.3,-33.3,9.16833,0.5635500000000002,,1410-373-1,15034.817353723549,5859.186066949353,4.473157452185279,,9.16833,0.5635500000000002,,,-5601.788873784385,15037.248263532238,-5603.376965480665,15132.017737555052
144.0173227814,10.8360154467,4.477331,824,1008,1,11.963,11.559,,-1.9,-8.4,11.52264,0.3433999999999999,,824-1008-1,6759.646248051142,-14653.455116737447,4.473506223894334,,11.52264,0.3433999999999999,,,-15441.066462719353,-4628.572072356785,-15444.849754818959,-4676.877196175089
146.0167818208,12.5351597789,4.478938,834,1032,1,10.496,8.985,,10.0,-26.8,8.84901,1.2843500000000008,,834-1032-1,13757.121881002999,-8436.287021940467,4.473615519675306,,8.84901,1.2843500000000008,,,-15439.364722471822,4648.626342599454,-15443.237298141748,4683.563058038437
137.5220678275,14.3326229781,4.471986,818,314,1,13.196,11.056,,-0.1,-2.5,10.8634,1.8190000000000004,,818-314-1,-16038.231941534574,-1903.3899345505836,4.477193390773732,,10.8634,1.8190000000000004,,,9224.772545856566,-13078.935688426496,9227.352907349132,-13255.32856539775
138.4023829321,12.2494967378,4.474019,822,253,1,11.816,11.176,,-34.3,-15.4,11.1184,0.5440000000000005,,822-253-1,-13079.066138989017,-9478.865289478279,4.477732519754333,,11.1184,0.5440000000000005,,,1597.8013736516918,-15835.089944460926,1598.290854195777,-16073.466477070902
138.2397968754,17.4068867078,4.475708,1401,2107,1,13.325,11.939,,15.6,-2.2,11.81426,1.1780999999999993,,1401-2107-1,-13329.015843204143,9145.613515525753,4.481098825217716,,11.81426,1.1780999999999993,,,15685.459742036366,-3852.7775693589706,15689.290180863392,-3892.439279476632
141.0390295356,10.5468523194,4.482644,823,1026,1,9.992,8.252,46106.0,30.1,-14.6,8.095400000000001,1.479,46106.0,823-1026-1,-3804.6408258303595,-15715.123571104921,4.482255702181728,8.08,8.08,1.475,81123.0,K2,-9220.651475131695,-13103.630132211323,-9223.232522401353,-13280.526439354651
144.1807718983,10.90219838,4.486665,824,1456,1,10.572,10.208,,-6.9,-3.0,10.17524,0.3093999999999991,,824-1456-1,7337.319667482927,-14409.918769440868,4.482610994752116,,10.17524,0.3093999999999991,,,-15642.555637144758,-4041.5100637978867,-15646.378297734305,-4083.241972857755
139.1871968381,11.4409830956,4.481727,822,501,1,13.969,11.777,,2.9,0.5,11.57972,1.8632,,822-501-1,-10343.864191531651,-12434.901294419742,4.483808329253684,,11.57972,1.8632,,,-2427.4736359129083,-15755.05683284038,-2428.215047583289,-15991.437343075428
139.0282973528,11.5725069733,4.482097,822,857,1,11.502,11.012,,-12.6,-14.7,10.9679,0.4165000000000001,,822-857-1,-10900.829290460404,-11953.673906957569,4.484628420034556,,10.9679,0.4165000000000001,,,-1698.031621174552,-15849.548267553584,-1698.5521052232962,-16088.29760538648
139.7446486845,11.0578841147,4.484102,822,888,1,12.722,11.418,,-5.7,-0.5,11.30064,1.1084000000000005,,822-888-1,-8384.344259259133,-13838.862199013998,4.485421349212254,,11.30064,1.1084000000000005,,,-4777.73993572721,-15234.999766535644,-4779.171560449994,-15458.682182413288
139.0295081144,18.2828332917,4.481243,1405,69,1,11.592,10.86,,-3.1,-15.0,10.79412,0.6222000000000009,,1405-69-1,-10561.518115347017,12261.521439126793,4.486097284705521,,10.79412,0.6222000000000009,,,16177.213162957467,245.59224877117137,16181.164920465546,245.91608257186255
142.2886372502,10.4222636272,4.488509,823,831,1,11.473,11.023,,-17.0,2.2,10.9825,0.3825000000000009,,823-831-1,630.3359275172413,-16172.157291630334,4.486484710990699,,10.9825,0.3825000000000009,,,-12506.800798922452,-10144.741242514017,-12510.067337678387,-10268.116188157926
138.2572606568,17.4538438022,4.487871,1401,500,1,12.765,11.694,,-12.0,-13.9,11.59761,0.9103499999999998,,1401-500-1,-13266.533369857292,9313.7995261799,4.493403012089695,,11.59761,0.9103499999999998,,,15769.696609806293,-3696.0640118382908,15773.54571464031,-3734.036000838533
146.6899052973,14.1639480814,4.499424,834,661,1,11.5,10.716,,-30.3,-63.7,10.64544,0.6664000000000005,,834-661-1,16014.186718998671,-2514.001008481442,4.4936295946385645,,10.64544,0.6664000000000005,,,-12510.820178556245,10233.832267818067,-12514.148239703576,10303.905627301208
142.6298504147,10.4403116256,4.496056,823,972,1,12.539,12.027,,-15.9,-13.0,11.98092,0.4352000000000003,,823-972-1,1842.077653794682,-16105.833221525247,4.493772109298999,,11.98092,0.4352000000000003,,,-13261.749170387182,-9209.40304511101,-13265.15672035752,-9318.08623197658
140.8264104581,10.5897193414,4.493922,823,1107,1,13.034,11.956,,-22.3,-38.9,11.85898,0.916300000000001,,823-1107-1,-4560.133515797692,-15557.685642347958,4.49415770892967,,11.85898,0.916300000000001,,,-8601.382976506035,-13554.675679309796,-8603.82245967173,-13740.838377277887
137.4938132575,15.496078,4.488952,1401,1929,1,11.562,11.221,,-19.4,-3.6,11.19031,0.2898499999999994,,1401-1929-1,-16050.716901427526,2298.96725880712,4.49479081641288,,11.19031,0.2898499999999994,,,12374.387250466387,-10347.319706177386,12377.631858162911,-10474.015137024926
138.0733238319,17.1792048097,4.491773,1401,50,1,13.447,12.024,,10.5,-19.3,11.89593,1.20955,,1401-50-1,-13918.899724691446,8334.20613937026,4.497207859834465,,11.89593,1.20955,,,15470.550921469248,-4821.765423831332,15474.345580236148,-4872.3085270700785
145.4356927794,18.080924291,4.502049,1413,688,1,11.856,10.956,,-62.3,-151.7,10.875,0.7650000000000002,,1413-688-1,11404.369071692132,11542.859541164848,4.498079709714827,,10.875,0.7650000000000002,,,1056.7089663081001,16092.327266987502,1057.01307043851,16191.972198572706
137.4761036771,15.3773345794,4.493216,1401,2175,1,10.867,9.676,,-1.4,-3.4,9.56881,1.0123500000000003,,1401-2175-1,-16120.966171723245,1871.5698477265619,4.498854470366305,,9.56881,1.0123500000000003,,,12101.534575681873,-10678.149218175393,12104.728691366421,-10810.359259209272
143.0106226432,10.4928654136,4.501737,824,1316,1,13.399,11.932,,-19.2,-4.9,11.79997,1.246949999999999,,824-1316-1,3193.61740488629,-15912.193446392774,4.498929047480307,,11.79997,1.246949999999999,,,-14014.348699141621,-8086.76110351901,-14017.89091571538,-8178.9868981021
142.02494946,10.4037607408,4.504131,823,763,1,11.845,11.357,,-3.7,-1.5,11.31308,0.4148000000000011,,823-763-1,-305.82372118696867,-16239.429445085812,4.5024615622280475,,11.31308,0.4148000000000011,,,-11935.528495825687,-10877.139417009023,-11938.691863728036,-11012.730516693771
144.5185408453,11.0584589875,4.509931,824,565,1,11.741,11.58,,-15.2,-2.7,11.56551,0.1368499999999996,,824-565-1,8529.624113382195,-13835.367439081145,4.50551382527477,,11.56551,0.1368499999999996,,,-16004.674187272496,-2781.8915605054262,-16008.572327710392,-2810.247625824341
145.469904856,11.80084682,4.512384,824,637,1,11.509,11.275,,-2.9,-10.2,11.25394,0.1989,,824-637-1,11866.27449093128,-11116.167931539932,4.507261069740881,,11.25394,0.1989,,,-16187.28669656371,1479.4489516499398,-16191.261350137069,1490.2065856393388
144.1213864625,10.8462602847,4.511239,824,1958,1,7.811,7.734,47151.0,-23.9,-19.9,7.72707,0.0654499999999999,47151.0,824-1958-1,7128.008881210814,-14614.291259782332,4.507332037367685,7.74,7.74,0.071,83118.0,A0,-15656.354644953197,-4330.4885459749685,-15660.185592723568,-4375.455043515648
143.7538837253,10.6921236933,4.511018,824,1657,1,13.027,12.268,,0.4,-7.5,12.19969,0.6451499999999988,,824-1657-1,5828.891504792068,-15179.827854248939,4.507477453869335,,12.19969,0.6451499999999988,,,-15216.567931356083,-5661.8341993653,-15220.3205132094,-5722.324120010392
146.5115952347,13.4500542867,4.513428,834,376,1,9.328,8.929,47930.0,-26.0,-3.5,8.89309,0.3391499999999992,47930.0,834-376-1,15439.420892727981,-5102.095783334556,4.507510976021335,8.92,8.92,0.364,84498.0,F0,-14063.863995718912,8097.928143327359,-14067.513058274355,8155.499692870445
140.8294982044,10.5742124983,4.508094,823,552,1,13.694,12.236,,8.0,-5.7,12.10478,1.2393,,823-552-1,-4548.678571488099,-15613.001459711824,4.507928535371442,,12.10478,1.2393,,,-8650.331948380232,-13582.251183465,-8652.787444977355,-13769.007253964335
146.5313355562,16.3920088869,4.512815,1410,181,1,11.646,11.06,,1.4,-11.3,11.00726,0.4981000000000002,,1410-181-1,15298.201126269056,5519.8613927802835,4.508331998441159,,11.00726,0.4981000000000002,,,-6030.276360514032,15008.992687866263,-6031.9853457199015,15103.608187592452
137.4744121056,14.4567673346,4.501956,818,4,1,9.122,8.378,44997.0,-182.6,26.1,8.31104,0.6323999999999997,44997.0,818-4-1,-16200.966708519241,-1450.967149877337,4.5089498210161505,8.34,8.34,0.665,78660.0,G5,9670.991656086384,-12903.633350841423,9673.683950874898,-13076.561733848826
140.5086611215,10.6744676717,4.509906,823,1169,1,12.019,11.575,,31.7,-34.7,11.53504,0.3774000000000007,,823-1169-1,-5684.776372437313,-15245.451723737406,4.510340045493347,,11.53504,0.3774000000000007,,,-7621.331691825811,-14174.907944064824,-7623.53508535846,-14374.358888929464
137.6846576578,13.51528564,4.505726,818,371,1,12.714,11.101,,-8.6,4.8,10.95583,1.3710499999999997,,818-371-1,-15526.831725605003,-4865.31880644402,4.5104532944943845,,10.95583,1.3710499999999997,,,6671.23744144784,-14630.270406348309,6673.195132814604,-14839.888720707235
146.7481666405,14.42865997,4.516684,834,434,1,11.982,11.495,,2.9,-29.7,11.45117,0.4139500000000001,,834-434-1,16199.670105554173,-1553.2315828717412,4.511199819726107,,11.45117,0.4139500000000001,,,-11915.780024395628,11006.272234251586,-11918.980545698032,11080.602087887082
138.8627292562,11.6862656539,4.508912,822,322,1,11.539,9.619,,-6.9,-9.8,9.4462,1.632,,822-322-1,-11481.245249188238,-11535.577363518018,4.511595874505925,,9.4462,1.632,,,-1000.2090144526687,-16001.969042142726,-1000.5174269951377,-16244.61456791145
143.1732618839,10.5142826475,4.514664,824,1904,1,11.728,11.207,,-17.3,-1.5,11.16011,0.4428499999999991,,824-1904-1,3770.8817418441836,-15832.713756157003,4.51164537209059,,11.16011,0.4428499999999991,,,-14338.205939141284,-7609.009191620315,-14341.808497642503,-7694.602199745676
146.254603483,17.024887555,4.51613,1410,127,1,10.974,10.142,,-41.7,-27.9,10.06712,0.7072000000000006,,1410-127-1,14293.543245521878,7784.86891458035,4.511774180749171,,10.06712,0.7072000000000006,,,-3670.2891464611866,15758.462327068934,-3671.3403991872246,15856.570316499701
145.5289572022,11.8525103089,4.518953,824,118,1,11.817,11.324,,-27.3,3.5,11.27963,0.4190500000000002,,824-118-1,12071.8187686416,-10926.447652514602,4.5135250997457845,,11.27963,0.4190500000000002,,,-16181.92886437122,1756.8578796732784,-16185.90789949724,1769.8734856099554
138.3590709181,17.6262320111,4.508236,1404,55,1,12.305,11.362,,3.3,-5.6,11.27713,0.8015499999999997,,1404-55-1,-12904.271588464942,9930.064240812446,4.5136127052335695,,11.27713,0.8015499999999997,,,15989.84759824248,-3023.086040599477,15993.743857232706,-3053.941467146692
137.4748648525,15.518647205,4.509861,1401,688,1,12.615,11.118,,-11.6,-0.5,10.98327,1.27245,,1401-688-1,-16114.931609292662,2381.957331501441,4.515632661705318,,10.98327,1.27245,,,12479.05233836975,-10340.31237846281,12482.324165926446,-10466.915730911478
139.6389223182,18.75196905,4.511444,1405,1291,1,10.905,10.544,,-17.0,4.9,10.51151,0.306849999999999,,1405-1291-1,-8451.986541426073,13927.228723110962,4.515963398428479,,10.51151,0.306849999999999,,,16021.731172225129,2907.216999627458,16025.697934969732,2929.2972022990803
139.0743911048,18.3612134967,4.512344,1405,379,1,12.999,12.337,,-16.8,-3.2,12.27742,0.5627000000000006,,1405-379-1,-10403.943575455047,12542.770334878762,4.517313318188811,,12.27742,0.5627000000000006,,,16282.824866980036,547.5820730019861,16286.806962069535,550.4984786975155
146.1694739513,17.1853885286,4.521209,1410,104,1,11.633,10.934,,-7.7,-1.7,10.87109,0.5941499999999998,,1410-104-1,13989.262068713022,8359.30224890003,4.517434078832281,,10.87109,0.5941499999999998,,,-3038.9167184049757,15911.721285060332,-3039.7890429814315,16010.529969047475
141.627677558,10.4115675125,4.519726,823,1149,1,11.253,10.758,,-10.2,-3.1,10.713449999999998,0.4207500000000008,,823-1149-1,-1717.005112038172,-16209.94561290425,4.518560884060702,,10.713449999999998,0.4207500000000008,,,-10976.551052002626,-11894.598936551205,-10979.528155915721,-12048.253184654519
140.5231264186,19.1626955311,4.516293,1405,1460,1,12.006,11.521,,-2.6,-7.1,11.47735,0.4122499999999995,,1405-1460-1,-5416.692187444285,15378.990492162282,4.51977547272184,,11.47735,0.4122499999999995,,,15091.664643202688,6117.804963564271,15095.500899569557,6162.771730531008
146.5888956438,13.6400327767,4.525795,834,432,1,11.811,10.738,,19.0,-11.1,10.64143,0.9120500000000004,,834-432-1,15699.014983970379,-4411.206382827619,4.520316458433194,,10.64143,0.9120500000000004,,,-13719.755838480649,8746.916380551073,-13723.341810941038,8808.388204371437
143.2150964517,10.5133260206,4.525177,824,1143,1,10.752,10.789,,-9.7,0.2,10.79233,-0.0314499999999991,,824-1143-1,3919.664102305215,-15835.615265459426,4.522116135073033,,10.79233,-0.0314499999999991,,,-14439.155954370604,-7501.156949464843,-14442.779381047278,-7585.288475789962
138.5246238817,12.0200616922,4.523283,822,481,1,11.973,11.495,,19.7,-10.0,11.45198,0.4063000000000012,,822-481-1,-12658.855580080191,-10313.923080104616,4.526286683310409,,11.45198,0.4063000000000012,,,694.6779964081447,-16069.431041061349,694.8927710208329,-16313.821070994658
140.344944344,19.1060197408,4.52359,1405,295,1,12.573,12.12,,-5.5,-9.5,12.07923,0.385050000000001,,1405-295-1,-6026.436980531397,15179.535961446945,4.527238552235936,,12.07923,0.385050000000001,,,15347.40580490398,5533.3950146318175,15351.28576821618,5574.430907970636
139.058145395,18.3621673925,4.523049,1405,401,1,12.031,11.662,,-33.2,10.5,11.62879,0.3136499999999998,,1405-401-1,-10460.075725722461,12547.527332208416,4.528230358947642,,11.62879,0.3136499999999998,,,16323.647541955874,509.1127731197359,16327.63916628157,511.6889641883698
146.7641434295,15.4943773617,4.533725,1411,404,1,10.82,10.353,,4.5,-4.2,10.31097,0.3969500000000004,,1411-404-1,16175.075871888166,2296.3266284815795,4.5286745035523825,,10.31097,0.3969500000000004,,,-9021.933271364023,13531.132493240182,-9024.438418492744,13618.579466186888
138.2267409438,17.4766048989,4.524915,1401,251,1,9.492,8.782,45217.0,21.7,-105.2,8.7181,0.6035000000000007,45217.0,1401-251-1,-13369.578971466743,9395.735989937853,4.529682288601048,8.71,8.71,0.654,79160.0,G5,15899.35515561714,-3718.42220493482,15903.236595349863,-3756.6690643742886
137.4492644239,15.4465239811,4.52591,1401,1963,1,8.539,8.37,44985.0,-26.6,-0.7,8.35479,0.1436500000000004,44985.0,1401-1963-1,-16210.1218470058,2123.4833081535344,4.531808046910011,8.36,8.36,0.17,78634.0,A2,12349.029650953176,-10579.146301191613,12352.282899983846,-10709.7310336697
139.8854472514,18.9101466028,4.531288,1405,212,1,12.084,11.607,,-38.9,-9.8,11.56407,0.4054500000000002,,1405-212-1,-7603.347901844712,14488.208580314333,4.535536815260565,,11.56407,0.4054500000000002,,,15877.614679651278,3906.77693298476,15881.574116015265,3936.3296077301598
137.5880547772,13.7331184256,4.531605,818,331,1,9.977,9.695,,-16.8,-12.4,9.66962,0.2397,,818-331-1,-15851.19026396938,-4072.830988843461,4.53662566918973,,9.66962,0.2397,,,7478.937755875166,-14352.726690323747,7481.112611076228,-14556.137507891273
146.6123335597,13.6572580211,4.54273,834,66,1,11.153,9.375,,-5.0,-7.7,9.21498,1.5113000000000003,,834-66-1,15779.586103884145,-4347.391929990775,4.537021756596704,,9.21498,1.5113000000000003,,,-13725.54231874872,8848.940275422676,-13729.13412934682,8911.006130692691
137.49811583,14.09409444,4.533992,818,573,1,12.994,11.485,,0.0,0.0,11.34919,1.2826500000000003,,818-573-1,-16140.118653287813,-2762.9221678103017,4.539062092833831,,11.34919,1.2826500000000003,,,8649.898395880735,-13712.754495141722,8652.363686591469,-13902.293756159204
139.3566630941,11.2429392656,4.537972,822,1195,1,13.134,11.413,,-0.1,-6.8,11.25811,1.46285,,822-1195-1,-9752.385465717587,-13157.463805689318,4.539826569451349,,11.25811,1.46285,,,-3360.2091574994843,-15791.663571001238,-3361.237065362629,-16029.034951000729
137.5608783737,13.7986941014,4.539958,818,555,1,12.277,11.81,,-23.0,-14.9,11.76797,0.3969499999999989,,818-555-1,-15942.115748953283,-3834.2795674726694,4.545089476020801,,11.76797,0.3969499999999989,,,7717.613760703247,-14264.244778126147,7719.851659560156,-14465.705814406374
138.6747162807,18.0366852711,4.540242,1405,1449,1,12.203,11.657,,-15.7,-12.2,11.60786,0.4640999999999994,,1405-1449-1,-11793.928277797359,11392.9921389765,4.545462009498567,,11.60786,0.4640999999999994,,,16346.211960176668,-1239.0786634704057,16350.19251953788,-1252.2853806774046
145.7978010465,17.7665872717,4.552761,1413,335,1,8.702,8.577,47667.0,-27.3,-21.4,8.56575,0.10625,47667.0,1413-335-1,12669.364637156032,10433.314990844357,4.5494147983692885,8.56,8.56,0.118,84110.0,B9,-612.4286224165432,16300.4028300329,-612.6054102820315,16400.962673535025
137.4030520461,15.094451975,4.545891,1401,35,1,11.202,10.725,,-29.4,13.1,10.68207,0.4054500000000002,,1401-35-1,-16398.416977199184,856.1379146387978,4.5517199173901925,,10.68207,0.4054500000000002,,,11526.663017137114,-11544.779134419477,11529.763885998564,-11692.116840850456
137.6845403002,16.5094339842,4.547201,1401,83,1,13.134,12.166,,-11.9,-15.7,12.07888,0.8228,,1401-83-1,-15312.348209168173,5943.5137832967175,4.552999898530107,,12.07888,0.8228,,,14608.570778102916,-7418.688430104157,14612.233578931302,-7501.732706902068
146.7857936426,15.52839367,4.558615,1411,84,1,9.207,8.791,48006.0,-7.2,-7.1,8.75356,0.3536000000000003,48006.0,1411-84-1,16247.737514820694,2420.712453016174,4.55346586944674,8.73,8.73,0.363,84661.0,F5,-8977.193279644338,13667.40003023327,-8979.690745657997,13755.507160517469
146.4999771109,16.6129559975,4.560052,1410,463,1,12.173,10.827,,4.6,-0.9,10.70586,1.1441,,1410-463-1,15173.588622238141,6315.8114677308495,4.555804622315393,,10.70586,1.1441,,,-5352.597698417785,15442.384285573797,-5354.124046236763,15539.003245715132
137.5913274511,13.6518915822,4.55099,818,386,1,10.254,8.973,,-30.6,-19.6,8.85771,1.088849999999999,,818-386-1,-15846.009299570258,-4366.58047045838,4.556104976413392,,8.85771,1.088849999999999,,,7255.92044488769,-14539.707577688156,7258.043609561728,-14747.333273807859
144.1808362956,19.0101458992,4.557694,1413,232,1,11.454,10.801,,1.1,-3.7,10.74223,0.5550500000000004,,1413-232-1,7065.057780130162,14844.332154362011,4.556996634404301,,10.74223,0.5550500000000004,,,6405.212809586116,15045.229671537922,6407.029120851551,15139.98733124191
146.7512136826,14.1317497308,4.563667,834,790,1,9.717,9.005,47994.0,-47.0,-93.5,8.94092,0.6051999999999997,47994.0,834-790-1,16231.464784434871,-2626.834019304344,4.557764435108404,8.97,8.97,0.669,,G0,-12739.40476364239,10320.91076522918,-12742.797674225767,10391.429807638287
144.9924303708,11.3130361603,4.562936,824,542,1,12.424,12.123,,12.4,-4.3,12.09591,0.2558500000000001,,824-542-1,10199.863436708181,-12899.04079427166,4.558282802360113,,12.09591,0.2558500000000001,,,-16413.658973874502,-929.3530233613833,-16417.6577363769,-939.6712142921791
142.2673827521,10.349068315,4.56081,823,1279,1,11.048,10.159,,-25.5,-30.3,10.07899,0.7556499999999994,,823-1279-1,554.8141192374026,-16438.218726975116,4.559125219363041,,10.07899,0.7556499999999994,,,-12655.52191482429,-10374.056319355077,-12658.842666350522,-10501.264493925019
143.6520133673,10.6007626983,4.562799,824,1102,1,12.94,11.802,,-4.6,-15.8,11.69958,0.9673,,824-1102-1,5469.448134949104,-15512.759679258705,4.559441734041489,,11.69958,0.9673,,,-15226.779982419306,-6145.66216075993,-15230.549980783157,-6212.15929047241
138.5195588266,17.8916382603,4.553625,1404,159,1,11.495,10.474,,-131.2,-39.1,10.38211,0.8678499999999991,,1404-159-1,-12339.159813284467,10877.935273771354,4.559641126814611,,10.38211,0.8678499999999991,,,16323.195267749816,-1981.6039808757605,16327.168966216597,-2001.9725939051377
144.1308216185,19.0361553033,4.560571,1413,306,1,12.525,11.257,,-13.2,-7.8,11.14288,1.0778000000000003,,1413-306-1,6892.957454673948,14936.38980203852,4.559844681390999,,11.14288,1.0778000000000003,,,6588.277852831768,14978.006501087468,6590.144320934825,15072.44507767868
138.5941825015,17.97711082,4.556567,1404,463,1,12.831,12.221,,-5.6,-21.6,12.1661,0.5184999999999995,,1404-463-1,-12074.045061510273,11182.498170906709,4.561708695073567,,12.1661,0.5184999999999995,,,16374.841709891634,-1584.9872593520802,16378.828311457059,-1601.5032418079732
146.0065993767,12.3587110555,4.567907,831,1175,1,12.013,10.992,,-53.5,-8.2,10.900110000000002,0.8678499999999991,,831-1175-1,13730.628621477841,-9074.050527904963,4.5620250584151085,,10.900110000000002,0.8678499999999991,,,-15898.508164330187,4208.510966570135,-15902.482405450566,4240.2368646401055
137.3931149894,15.1838869944,4.559145,1401,227,1,10.735,8.989,,-0.6,-12.8,8.83186,1.4840999999999989,,1401-227-1,-16425.562439103578,1179.091438884293,4.564714362405035,,8.83186,1.4840999999999989,,,11786.096835298178,-11353.995407806166,11789.253860401297,-11497.949881485478
146.3526828668,16.9569715594,4.569227,1410,129,1,11.613,11.22,,13.6,10.1,11.18463,0.334049999999999,,1410-129-1,14639.147873077549,7547.8015710841,4.565423307532989,,11.18463,0.334049999999999,,,-4076.924444005027,15859.00192222761,-4078.093939553252,15957.540813874595
141.1346936061,10.4400263589,4.566412,823,1093,1,10.375,9.916,,-16.2,-4.6,9.87469,0.3901499999999996,,823-1093-1,-3467.9067393871337,-16102.873559851689,4.565883763714156,,9.87469,0.3901499999999996,,,-9734.030797045338,-13109.141264724709,-9736.756738962518,-13286.251625042005
145.2978838658,11.5570808888,4.568627,824,957,1,9.603,8.851,47515.0,117.7,-220.0,8.783320000000002,0.639199999999999,47515.0,824-957-1,11273.307323751842,-12010.453612212907,4.5659636920504605,8.8,8.8,0.67,83789.0,G0,-16462.09926774083,450.9522465950381,-16466.12429405693,452.99527540926795
139.7976742399,18.8993634528,4.56178,1405,1577,1,12.184,11.721,,-27.0,19.3,11.67933,0.3935499999999993,,1405-1577-1,-7903.498230862784,14453.798592331223,4.56629146925983,,11.67933,0.3935499999999993,,,16051.171118170467,3661.341978045055,16055.166730133444,3689.064827370568
145.1898855468,18.3920366,4.568741,1413,357,1,10.309,9.584,,-2.6,-26.1,9.51875,0.6162499999999996,,1413-357-1,10545.478568229604,12656.721678053465,4.566476977420977,,9.51875,0.6162499999999996,,,2459.4697339555064,16189.435673471096,2460.178591608633,16289.482593566092
141.2593060037,10.4151624855,4.567178,823,1232,1,9.169,8.94,46189.0,-46.9,-19.7,8.91939,0.1946500000000008,46189.0,823-1232-1,-3026.4413841666556,-16194.620428850712,4.566689389310095,8.91,8.91,0.21,81285.0,A2,-10095.70951476347,-12845.263163264972,-10098.516092601814,-13017.106092131775
146.4344152603,16.7926889672,4.571022,1410,449,1,12.978,10.733,,-3.4,3.7,10.53095,1.9082499999999991,,1410-449-1,14933.285400759129,6960.2382584272,4.5668808061689266,,10.53095,1.9082499999999991,,,-4711.377917515021,15689.519965322783,-4712.726157275124,15787.277841386665
137.5993981423,13.5878275678,4.562265,818,504,1,12.61,11.865,,5.7,-0.7,11.79795,0.6332499999999993,,818-504-1,-15821.31789181251,-4597.997956213825,4.566945770117763,,11.79795,0.6332499999999993,,,7066.54529666442,-14671.908382966441,7068.622296948223,-14882.548970597207
144.7536266753,11.1315872392,4.572606,824,1712,1,10.384,9.945,,-0.7,-27.3,9.90549,0.37315,,824-1712-1,9360.850677626926,-13564.25367191295,4.56827589185822,,9.90549,0.37315,,,-16353.877075329521,-1988.282519681177,-16357.858342567259,-2008.7243537482077
140.568231929,10.591911325,4.568186,823,949,1,12.724,11.842,,-8.4,-12.6,11.76262,0.7496999999999997,,823-949-1,-5476.439283230865,-15544.88803998376,4.568446953048389,,11.76262,0.7496999999999997,,,-7983.453670191128,-14216.98714545998,-7985.765322366153,-14417.436790728223
137.5908490895,13.6091511778,4.563872,818,490,1,11.486,10.792,,-3.1,-0.7,10.72954,0.5899000000000006,,818-490-1,-15850.081603122653,-4520.421737959347,4.568650996562157,,10.72954,0.5899000000000006,,,7143.627369378076,-14642.564978940396,7145.724964705521,-14852.538983064478
139.5866480362,11.054865125,4.567495,822,1120,1,12.641,11.762,,-16.6,-6.3,11.68289,0.7471499999999996,,822-1120-1,-8945.20967209497,-13845.351265244626,4.569079919742679,,11.68289,0.7471499999999996,,,-4410.228858840082,-15648.487254281486,-4411.570865204695,-15882.335163225693
146.8027377497,14.3715699267,4.576116,834,948,1,12.487,11.439,,-4.9,-18.3,11.34468,0.8908,,834-948-1,16395.222544043627,-1755.1920492006648,4.570532241809284,,11.34468,0.8908,,,-12196.564073281697,11018.338624368631,-12199.840873964771,11092.695977454467
142.4998271619,19.4619183128,4.570284,1406,181,1,9.819,9.369,,-10.7,-13.0,9.3285,0.3825000000000009,,1406-181-1,1322.83716675847,16439.441412260898,4.571545786148486,,9.3285,0.3825000000000009,,,11409.772605142474,11827.251480220993,11412.869971217977,11905.945201326402
139.5159845929,11.095811435,4.570505,822,484,1,11.806,10.823,,-11.3,-27.0,10.73453,0.8355499999999989,,822-484-1,-9194.046164776093,-13695.553511341739,4.57232843137278,,10.73453,0.8355499999999989,,,-4133.065308368661,-15732.958133810525,-4134.326978050478,-15968.907642685761
146.804744012,14.3684218206,4.57844,834,77,1,12.292,11.985,,-3.1,-21.5,11.95737,0.2609500000000003,,834-77-1,16402.552356100045,-1766.5008876212312,4.572877048517989,,11.95737,0.2609500000000003,,,-12209.88336338465,11016.321593805847,-12213.163673329318,11090.66644837186
138.414898311,17.7951631594,4.569214,1404,346,1,11.747,11.359,,3.6,-7.9,11.32408,0.3297999999999999,,1404-346-1,-12701.655147894979,10536.899380958956,4.574499986569086,,11.32408,0.3297999999999999,,,16308.935532749005,-2474.185210836046,16312.907017791218,-2499.471281971623
139.5704882356,18.7809931333,4.570564,1405,99,1,8.337,7.923,45648.0,-8.2,-13.8,7.88574,0.3518999999999997,45648.0,1405-99-1,-8684.764631791524,14035.065063115484,4.574917212453208,7.89,7.89,0.408,80082.0,F0,16256.881677819782,2805.6123462110013,16260.904554783137,2826.8659493743544
145.5407409491,11.7738403708,4.581252,831,1319,1,10.446,9.791,,-61.8,-21.5,9.73205,0.5567499999999994,,831-1319-1,12117.009765683591,-11211.109936843799,4.57577605695646,,9.73205,0.5567499999999994,,,-16424.71586262257,1602.9127684069028,-16428.75200621329,1614.6266429160346
144.1291325848,10.7730837794,4.580597,824,677,1,11.086,10.522,,-18.4,-10.7,10.47124,0.4794,,824-677-1,7158.047059748433,-14878.796233965786,4.576656300004382,,10.47124,0.4794,,,-15874.008405566345,-4481.909145732749,-15877.896135644938,-4528.645425193365
146.7120033667,16.0426842072,4.582229,1411,835,1,12.15,10.958,,13.1,-9.5,10.85072,1.0132,,1411-835-1,15952.31053233432,4272.142570185947,4.577585632934989,,10.85072,1.0132,,,-7397.1567279280935,14671.128849048184,-7399.243432365154,14764.09868866443
139.7463185809,10.9498890208,4.576555,822,839,1,8.162,8.024,45700.0,-13.0,-0.3,8.011579999999999,0.1173000000000014,45700.0,822-839-1,-8382.75998191161,-14229.791463258285,4.577838132488623,7.96,7.96,0.1,80236.0,A2,-5070.976870505705,-15487.204268426656,-5072.510798127765,-15717.101011479077
145.7302002376,17.8914466103,4.581794,1413,412,1,13.28,11.283,,14.4,5.3,11.10327,1.69745,,1413-412-1,12430.22652652415,10880.937338930968,4.579072149988223,,11.10327,1.69745,,,-119.09212077814713,16418.34176572854,-119.12655862776005,16519.416991452123
140.9178254031,10.474266045,4.581759,823,888,1,13.948,12.016,,-1.8,-7.8,11.84212,1.6422000000000003,,823-888-1,-4237.261663920596,-15976.28753397023,4.581500957540857,,11.84212,1.6422000000000003,,,-9128.615808576842,-13590.396641320822,-9131.20834730557,-13777.415719020904
140.0698055279,10.7777421839,4.581457,822,985,1,12.175,11.673,,9.6,-6.7,11.62782,0.4267000000000006,,822-985-1,-7240.199605518056,-14861.531064944085,4.582247708898786,,11.62782,0.4267000000000006,,,-6301.704932847124,-15062.63616545508,-6303.582314997905,-15282.357341722149
139.852781601,10.8863438325,4.58114,822,728,1,10.058,9.542,,43.5,-28.7,9.49556,0.4386,,822-728-1,-8005.828745401383,-14463.493970311947,4.582250679154536,,9.49556,0.4386,,,-5495.896514864929,-15363.573191383366,-5497.55151922486,-15590.47398328283
144.112232046,19.0699427144,4.583703,1413,214,1,11.697,11.089,,-25.2,-33.2,11.03428,0.5167999999999989,,1413-214-1,6828.042961025114,15057.311994462863,4.582742039510021,,11.03428,0.5167999999999989,,,6721.756946393637,15009.636437281417,6723.66214708506,15104.210754225336
140.157888008,19.0906342594,4.579076,1405,1155,1,8.411,7.341,45826.0,-29.5,-10.6,7.2447,0.9094999999999994,45826.0,1405-1155-1,-6666.175495734659,15130.58154030115,4.582972229972382,7.24,7.24,0.924,80495.0,G5,15735.552724829982,5026.10205010309,15739.513323353298,5063.6068006533
137.5705201812,13.61959752,4.579706,818,375,1,12.295,12.112,,-9.9,1.7,12.09553,0.1555499999999998,,818-375-1,-15921.045241796848,-4481.295043140508,4.5845519053042185,,12.09553,0.1555499999999998,,,7219.981543968333,-14669.016023457767,7222.103563089273,-14879.613804767741
145.864635982,12.1265176778,4.592157,831,1290,1,12.64,11.644,,-3.2,-18.4,11.55436,0.8466000000000004,,831-1290-1,13244.386685878195,-9920.805840055298,4.586841493065205,,11.55436,0.8466000000000004,,,-16208.656724573015,3289.4542474739496,-16212.680925338584,3314.3844698979706
144.7971234876,18.70492385,4.588993,1413,440,1,10.747,9.917,,29.6,-31.2,9.8423,0.7055,,1413-440-1,9185.427609299322,13767.149258357687,4.587427815044334,,9.8423,0.7055,,,4192.376917961859,15911.242628403465,4193.580470522204,16010.008179411761
138.1217604617,17.4289531089,4.582101,1401,637,1,12.389,11.665,,15.9,-2.8,11.59984,0.6154000000000002,,1401-637-1,-13735.127175435115,9233.705208795198,4.58749911842097,,11.59984,0.6154000000000002,,,16020.922052591652,-4095.1574411420297,16024.83920767818,-4137.578854399624
146.7948659975,15.7137981511,4.594149,1411,765,1,11.391,10.196,,10.0,-1.9,10.08845,1.0157500000000002,,1411-765-1,16265.724956738477,3091.048893630384,4.589277816823375,,10.08845,1.0157500000000002,,,-8488.066930589586,14123.780541136079,-8490.44330612533,14214.104407121573
144.2864704893,10.8340431636,4.594455,824,1792,1,12.206,11.896,,-14.6,-13.1,11.8681,0.2634999999999989,,824-1792-1,7714.572445547143,-14654.290018637903,4.590398326577705,,11.8681,0.2634999999999989,,,-16075.681299316528,-3922.930285721527,-16079.609272197116,-3963.4592998315766
143.0241033907,19.4137152272,4.591408,1406,711,1,12.512,11.341,,-123.8,-98.7,11.23561,0.995350000000001,,1406-711-1,3105.965671988489,16269.32443151237,4.591024048666611,,11.23561,0.995350000000001,,,10098.774829125878,13041.219092051693,10101.56076120123,13126.172724794347
139.9675104842,10.81642366,4.590917,822,523,1,13.113,11.178,,-9.9,-11.7,11.003850000000002,1.6447499999999988,,822-523-1,-7602.533512948617,-14719.120004547267,4.591966008937435,,11.003850000000002,1.6447499999999988,,,-5954.706399267336,-15234.87251375756,-5956.49133311516,-15458.694010889083
143.9976370449,10.6959794081,4.597485,824,1718,1,11.526,11.123,,8.3,-9.5,11.08673,0.3425500000000004,,824-1718-1,6694.369425086326,-15160.939695623478,4.593778783532421,,11.08673,0.3425500000000004,,,-15777.058851384989,-5009.86957077957,-15780.933957021422,-5062.686825984205
143.5610153616,19.2851137075,4.59346,1406,1024,1,11.45,10.91,,-8.2,23.1,10.8614,0.4589999999999992,,1406-1024-1,4941.428265672722,15819.34978586668,4.593785998521071,,10.8614,0.4589999999999992,,,8543.864691961437,14109.433420913832,8546.256234055136,14199.684691367755
137.5224653976,16.15628569,4.58877,1401,863,1,12.699,11.561,,8.5,-13.2,11.45858,0.9673,,1401-863-1,-15900.831581613495,4680.5066005372055,4.5944025081502655,,11.45858,0.9673,,,14055.126953723453,-8679.579622885778,14058.710061914808,-8780.447506791597
137.7039686993,13.22054191,4.590429,818,381,1,12.665,11.985,,-3.9,-2.1,11.9238,0.5779999999999997,,818-381-1,-15479.808915809186,-5931.344940252564,4.594916574719381,,11.9238,0.5779999999999997,,,5843.17526152982,-15287.55676027807,5844.930095416792,-15512.644166934288
137.856334639,12.89110467,4.590756,818,587,1,9.977,8.555,45107.0,-36.1,8.4,8.427019999999999,1.2087000000000006,45107.0,818-587-1,-14966.412425304652,-7130.43340927813,4.595176663424883,8.43,8.43,1.2,78968.0,K2,4606.070538450294,-15690.150877375829,4607.474449745501,-15925.06705428295
146.0204098051,17.5633910733,4.602231,1413,514,1,11.11,10.704,,-11.6,-4.8,10.66746,0.3450999999999989,,1413-514-1,13449.813852591897,9714.659889201776,4.598800558647699,,10.66746,0.3450999999999989,,,-1667.7129080612394,16406.23880516495,-1668.1950914641886,16507.247940497364
139.1785493314,18.5475709111,4.594126,1405,1012,1,13.711,12.135,,-10.4,-6.4,11.99316,1.3396000000000003,,1405-1012-1,-10037.527694612523,13211.023149840456,4.598891927699017,,11.99316,1.3396000000000003,,,16539.058903045057,1259.3563041369548,16543.11659060276,1268.2225181157344
142.7664482853,19.4615449089,4.597876,1406,700,1,11.512,9.745,,-9.8,-0.4,9.58597,1.501950000000001,,1406-700-1,2230.799004041904,16441.218771916338,4.598950513760259,,9.58597,1.501950000000001,,,10808.290675891334,12503.778139748163,10811.251067684967,12585.983841318428
142.6852498597,19.4734778922,4.599712,1406,694,1,12.921,11.899,,-22.5,2.8,11.80702,0.8687000000000001,,1406-694-1,1953.8310542853947,16483.537056824713,4.600898876554472,,11.80702,0.8687000000000001,,,11023.80432843373,12325.720697549103,11026.816662567626,12407.004633775352
146.4783474689,16.7862783336,4.607001,1410,321,1,11.662,10.483,,-4.7,-1.1,10.37689,1.00215,,1410-321-1,15085.979694085128,6940.288161488145,4.602810024505677,,10.37689,1.00215,,,-4827.658020970705,15789.995308677482,-4829.041592426756,15888.195001114973
139.46075008,18.7469886989,4.598822,1405,1083,1,12.229,11.808,,-15.5,-6.4,11.77011,0.3578499999999994,,1405-1083-1,-9061.973686210978,13917.659521181226,4.603360366200285,,11.77011,0.3578499999999994,,,16419.561543180953,2448.4163989505078,16423.615833638607,2466.8718219970006
138.755674217,18.200877545,4.599417,1405,177,1,11.689,11.929,,-11.0,-3.4,11.9506,-0.2040000000000001,,1405-177-1,-11506.457740747986,11981.926964389955,4.604561102754327,,11.9506,-0.2040000000000001,,,16595.577578246754,-638.5808461013268,16599.623269244683,-646.2591111504227
146.0937512438,12.4086033244,4.61085,831,125,1,11.255,10.886,47771.0,-42.0,-7.9,10.85279,0.3136500000000013,47771.0,831-125-1,14035.81798173091,-8889.144692674192,4.605025728897772,10.75,10.75,0.474,,F5,-15962.897584637942,4557.018888128374,-15966.899626647562,4591.20856595996
138.6676975641,11.7443111728,4.603367,822,369,1,11.975,10.459,,-9.1,8.5,10.32256,1.2886,,822-369-1,-12168.866682337348,-11316.963281219454,4.6061377093712155,,10.32256,1.2886,,,-380.31972310018057,-16361.47307789823,-380.4387031548765,-16613.555929845825
139.9080523487,10.830147185,4.60528,822,240,1,10.925,9.737,,-6.8,-37.8,9.63008,1.0098000000000005,,822-240-1,-7813.032066416321,-14668.626435445385,4.606611814129147,,9.63008,1.0098000000000005,,,-5777.214080451049,-15355.800773843637,-5778.95345482679,-15582.546920848568
137.8257377624,12.9216774644,4.603967,818,269,1,12.338,12.185,,-11.3,-22.7,12.17123,0.1300499999999989,,818-269-1,-15071.623251035415,-7019.012108135011,4.608340892371516,,12.17123,0.1300499999999989,,,4759.197299042222,-15694.692021825113,4760.648195458729,-15929.739079921406
146.7775760774,13.9908806722,4.616018,834,876,1,10.087,9.65,,4.2,-17.2,9.61067,0.3714499999999994,,834-876-1,16336.079453637367,-3131.654095784548,4.610451805446978,,9.61067,0.3714499999999994,,,-13186.207793949077,10065.364029577471,-13189.709088960273,10134.412831525939
145.5015385851,11.6841474111,4.616094,824,1811,1,10.708,10.216,,-42.2,-5.5,10.17172,0.4182000000000007,,824-1811-1,11983.656410635087,-11536.766687468045,4.6107028122318665,,10.17172,0.4182000000000007,,,-16579.6127554257,1289.5567741013215,-16583.68108963335,1298.6639621442241
146.8349299453,15.608266485,4.616248,1411,476,1,11.163,10.695,,-39.6,-4.2,10.65288,0.3978,,1411-476-1,16412.205340650464,2712.9658281323,4.6108327278174075,,10.65288,0.3978,,,-8867.92055907708,13982.927717573411,-8870.39856028628,14072.551194078476
137.7214565253,16.7605684299,4.606509,1401,750,1,11.706,10.87,,-71.4,-1.2,10.794759999999998,0.7106000000000002,,1401-750-1,-15167.897542758923,6848.315640286717,4.61285529037578,,10.794759999999998,0.7106000000000002,,,15189.023429843479,-6719.037543451554,15192.804333799008,-6792.881527858769
138.4289582984,17.8727992947,4.607769,1404,196,1,13.095,11.496,,-10.1,-13.1,11.35209,1.35915,,1404-196-1,-12648.951146170864,10816.523530371838,4.613092451631623,,11.35209,1.35915,,,16482.961785382722,-2251.291740810491,16486.97537835618,-2274.3766739001258
138.9144862402,18.3570887528,4.609345,1405,729,1,12.467,11.972,,-7.0,1.4,11.92745,0.4207500000000008,,1405-729-1,-10952.662184489229,12537.364349127012,4.614362207136191,,11.92745,0.4207500000000008,,,16643.08564227302,137.37716229422003,16647.151151622656,136.64657083962067
138.2266053141,12.2489241458,4.612999,822,209,1,10.152,8.941,45216.0,8.6,-4.1,8.83201,1.0293499999999989,45216.0,822-209-1,-13699.506197800021,-9471.914561020985,4.616411751312281,8.83,8.83,1.062,,G5,2014.873311772876,-16282.703389874221,2015.5016938263836,-16532.736870737084
145.9304134044,12.1597962056,4.623165,831,1526,1,9.914,7.979,47720.0,3.2,-3.2,7.80485,1.6447499999999995,47720.0,831-1526-1,13475.20432724732,-9796.83711813932,4.617782838606763,7.79,7.79,1.62,84195.0,K5,-16269.224483543352,3542.4831715025107,-16273.271339330366,3569.284115470482
145.6345057055,18.0545868092,4.621002,1413,46,1,11.715,9.73,,-4.8,6.1,9.55135,1.6872499999999997,,1413-46-1,12090.9335996346,11464.559222112513,4.618343073271937,,9.55135,1.6872499999999997,,,542.3878315497318,16551.649208811992,542.5449846362785,16653.30112643565
143.5792903559,10.5143601875,4.621945,824,1342,1,12.164,11.933,,7.2,-22.5,11.91221,0.1963499999999998,,824-1342-1,5213.601613777521,-15827.134394304903,4.618782235097796,,11.91221,0.1963499999999998,,,-15291.899975996106,-6540.661667304446,-15295.70008431314,-6612.214746460704
142.9375729365,10.3566028611,4.622435,823,62,1,10.267,9.966,,-18.9,-2.0,9.93891,0.2558500000000001,,823-62-1,2936.0570613023647,-16406.43788590407,4.619708014198777,,9.93891,0.2558500000000001,,,-14212.767244367313,-8600.039780499326,-14216.38662320877,-8699.769338936587
137.5070035146,13.7023363033,4.615732,818,497,1,12.078,11.848,,-16.9,-2.1,11.8273,0.1954999999999988,,818-497-1,-16138.62715651876,-4178.350845210228,4.620720159207642,,11.8273,0.1954999999999988,,,7590.8672577713005,-14631.331384183948,7593.095734292024,-14841.118537787892
138.2547388153,12.2033087961,4.617504,822,818,1,12.437,11.444,,-6.6,2.6,11.35463,0.8440499999999987,,822-818-1,-13603.26801629212,-9638.062183140999,4.62094563417568,,11.35463,0.8440499999999987,,,1826.7984227160111,-16320.097471542043,1827.369007250301,-16571.11540846045
143.4705187057,10.47902059,4.623888,824,1753,1,11.08,10.606,,5.0,-39.6,10.56334,0.4029000000000001,,824-1753-1,4827.969796149226,-15957.357146634324,4.620990296371182,,10.56334,0.4029000000000001,,,-15133.204281468214,-6910.669164563747,-15136.97860300253,-6987.017835244609
137.3429169825,15.3111024244,4.615562,1401,294,1,11.89,10.16,,9.4,-7.3,10.0043,1.4705000000000004,,1401-294-1,-16590.92851477473,1642.395921004537,4.62107168807419,,10.0043,1.4705000000000004,,,12242.201570519695,-11173.083357529013,12245.468219054996,-11313.92422812763
137.4077936867,14.1189709811,4.615319,818,170,1,12.375,11.269,,-59.4,-68.0,11.16946,0.9400999999999998,,818-170-1,-16457.144356304165,-2668.5974548438535,4.6210935332063565,,11.16946,0.9400999999999998,,,8930.854704522659,-13883.411611066616,8933.414117247963,-14076.68728607675
137.4639606321,16.043904265,4.6152,1401,365,1,12.073,11.461,,-21.8,-16.5,11.40592,0.5202000000000001,,1401-365-1,-16113.645484637624,4279.100343560082,4.621103943551443,,11.40592,0.5202000000000001,,,13896.346526645713,-9098.97680676129,13899.91228769191,-9206.123448515536
142.7344751553,19.4880222278,4.620037,1406,690,1,12.298,11.303,,0.4,-5.5,11.213450000000002,0.8457499999999993,,1406-690-1,2121.9167832529183,16536.604950132503,4.621116884350007,,11.213450000000002,0.8457499999999993,,,10951.874716052575,12485.819339851316,10954.873841906514,12567.918412358871
140.3215615707,10.6244605122,4.622433,822,208,1,13.473,12.325,,-7.8,-18.8,12.22168,0.9758000000000012,,822-208-1,-6351.535392150369,-15422.47943472132,4.623045227761591,,12.22168,0.9758000000000012,,,-7310.964060096349,-14777.3042030025,-7313.12100912714,-14990.43477881841
143.4206854711,10.4616626836,4.626911,824,1152,1,10.482,9.134,,-40.9,-10.1,9.01268,1.145799999999999,,824-1152-1,4650.08352265633,-16020.207451132395,4.623669380157106,,9.01268,1.145799999999999,,,-15062.078228564334,-7083.131413883698,-15065.841603567891,-7161.755393840796
145.7582402498,17.92937196,4.626682,1413,284,1,12.087,11.174,,24.7,-28.8,11.09183,0.7760500000000002,,1413-284-1,12524.79829992782,11019.057739647034,4.623833841278205,,11.09183,0.7760500000000002,,,-78.63692466763054,16580.070759189923,-78.65971869541973,16681.846977244673
140.5500815566,10.5373684083,4.625617,823,707,1,12.274,12.369,,-4.6,8.7,12.37755,-0.0807500000000005,,823-707-1,-5542.169267623997,-15741.548632231881,4.6256679990881,,12.37755,-0.0807500000000005,,,-8086.798548146473,-14392.758468201064,-8089.153959833372,-14597.177184169454
139.079762664,18.5078951241,4.621553,1405,1268,1,13.422,11.67,,-66.0,0.3,11.51232,1.4892000000000003,,1405-1268-1,-10379.609139469247,13073.259155169731,4.626779089172903,,11.51232,1.4892000000000003,,,16663.197100221725,915.0139229092368,16667.27931079058,920.9729651160782
137.8526330263,12.8247353375,4.624074,818,539,1,11.778,11.483,,3.2,-5.1,11.45645,0.2507499999999999,,818-539-1,-14983.018736304197,-7370.416000297735,4.628163397191208,,11.45645,0.2507499999999999,,,4437.712362167391,-15857.69657302992,4439.073706599628,-16096.847737904009
142.3296773542,10.2801531233,4.632219,823,869,1,11.811,10.252,,-5.8,-2.4,10.11169,1.3251499999999994,,823-869-1,776.904574248596,-16687.032069064826,4.630201900399073,,10.11169,1.3251499999999994,,,-12988.947657371898,-10373.167828895523,-12992.356644215846,-10500.442315492823
140.8747168949,10.4340524408,4.631417,823,1345,1,13.335,12.292,,-15.0,-5.1,12.19813,0.8865500000000008,,823-1345-1,-4391.546712024418,-16121.300386427733,4.631204457874367,,12.19813,0.8865500000000008,,,-9134.563867682198,-13797.612123225774,-9137.174851314257,-13989.068747055475
140.2618652967,19.1865483942,4.627944,1405,1344,1,13.158,12.141,,-20.5,-16.5,12.04947,0.8644499999999995,,1405-1344-1,-6308.042213838349,15473.900150472638,4.63162538787981,,12.04947,0.8644499999999995,,,15754.39544896588,5518.501910986529,15758.378694088866,5559.359978634867
137.5893568996,16.4921644292,4.627331,1401,730,1,12.745,12.202,,4.7,-23.5,12.15313,0.4615499999999993,,1401-730-1,-15643.625250232279,5888.231823039095,4.632957131904613,,12.15313,0.4615499999999993,,,14787.170184781447,-7699.172609836541,14790.891019810066,-7786.1304774363325
146.1607346966,12.4582162111,4.638958,831,339,1,11.005,10.319,,-39.0,-5.2,10.25726,0.5831,,831-339-1,14269.42556955201,-8706.158145179212,4.633117364550885,,10.25726,0.5831,,,-15981.19990893658,4851.140982941664,-15985.216731028588,4887.3859880212185
137.5465330854,16.3703995242,4.627367,1401,2023,1,11.887,10.741,,-5.8,-3.3,10.63786,0.9741000000000006,,1401-2023-1,-15801.627882529114,5452.263572419179,4.63315802752714,,10.63786,0.9741000000000006,,,14566.169837763751,-8101.205782456566,14569.853809781785,-8193.77701445632
137.6567922203,13.227217995,4.630543,818,395,1,11.778,11.466,,1.9,-5.4,11.437919999999998,0.265200000000001,,818-395-1,-15645.48189616469,-5904.37942103336,4.635008157610702,,11.437919999999998,0.265200000000001,,,5973.308605375833,-15390.971145343185,5975.109492823074,-15618.606425014954
137.5991357826,13.3749458203,4.630447,818,487,1,11.116,9.832,,3.8,-9.7,9.71644,1.091399999999999,,818-487-1,-15837.886906126107,-5367.165431530684,4.6350273525669925,,9.71644,1.091399999999999,,,6502.593797863654,-15183.071767644484,6504.5396512536545,-15405.716158164412
145.4717052532,11.6199655328,4.640829,824,647,1,10.918,10.518,,-12.3,-13.4,10.482,0.3399999999999988,,824-647-1,11882.28988702368,-11770.394069546914,4.635735773512595,,10.482,0.3399999999999988,,,-16686.953045432987,1060.553878736096,-16691.04372851142,1067.7306610826176
139.3309184722,11.1406355072,4.635869,822,1127,1,13.016,12.175,,-16.8,14.3,12.09931,0.7148499999999994,,822-1127-1,-9848.725792986721,-13526.270966989934,4.637603314711613,,12.09931,0.7148499999999994,,,-3571.9015830063204,-16100.632933300685,-3573.007678696148,-16345.978776012811
145.5855555867,11.726426995,4.645605,831,299,1,12.879,11.941,,7.8,-20.7,11.85658,0.797299999999999,,831-299-1,12280.25734307555,-11380.59866528627,4.640615122989366,,11.85658,0.797299999999999,,,-16659.786714631955,1612.3917567589683,-16663.88149721375,1624.130487151988
146.5438601423,13.1577424967,4.64757,834,261,1,12.301,11.495,,-37.0,-20.0,11.42246,0.6851000000000008,,834-261-1,15573.830573264979,-6156.4467312374745,4.641631046676762,,11.42246,0.6851000000000008,,,-14941.226850970937,7502.03784823143,-14945.079642284356,7555.834140921083
138.5507080371,18.05055229,4.636376,1404,1787,1,11.873,11.225,,-22.5,-1.8,11.16668,0.5507999999999997,,1404-1787-1,-12219.82621308875,11451.48353535464,4.641751278986677,,11.16668,0.5507999999999997,,,16672.689666931554,-1515.9517996603547,16676.7498465373,-1531.8754500983853
141.5635550152,10.2942317155,4.642817,823,770,1,12.994,11.274,,-59.5,-150.4,11.1192,1.4620000000000004,,823-770-1,-1947.1278229134316,-16638.62413482009,4.643188704006586,,11.1192,1.4620000000000004,,,-11144.16460192371,-12342.789235375614,-11147.22244665801,-12504.981070889817
146.8076366762,13.9597000944,4.651011,834,657,1,12.414,11.301,,47.3,-23.6,11.20083,0.9460499999999996,,834-657-1,16445.279375874215,-3242.325810931797,4.645862883959552,,11.20083,0.9460499999999996,,,-13341.428311279722,10073.494182797878,-13344.971418265337,10142.565171615777
137.3120788657,15.2420771592,4.640465,1401,2212,1,10.501,9.91,44942.0,2.6,-7.9,9.85681,0.5023499999999994,44942.0,1401-2212-1,-16704.239538636924,1395.4982278633279,4.6460204634035795,8.23,8.23,0.478,78533.0,F5+...,12132.860214820568,-11417.42520998139,12136.11568208689,-11562.600486877387
138.9214132461,18.4069297389,4.642146,1405,137,1,11.946,11.425,,-41.1,-37.4,11.37811,0.4428499999999991,,1405-137-1,-10927.232070788841,12716.24802139354,4.647076677082206,,11.37811,0.4428499999999991,,,16759.914082227086,274.01251889019443,16764.010297119596,274.4507761458869
140.3810406505,10.5752361011,4.646851,822,443,1,13.281,11.65,,-13.9,-8.9,11.50321,1.3863500000000002,,822-443-1,-6141.849008070626,-15601.695300243866,4.647305787801409,,11.50321,1.3863500000000002,,,-7584.126793947422,-14740.355597416501,-7586.361709832308,-14952.669376642485
141.6293584299,19.53002465,4.645133,1406,1176,1,11.88,11.523,,-0.3,-7.2,11.49087,0.3034500000000009,,1406-1176-1,-1640.4287933978244,16687.074678616595,4.647423152881346,,11.49087,0.3034500000000009,,,13562.237412313349,9787.390826850771,13565.826719060726,9854.837055190354
141.4692660165,19.5123604589,4.645069,1406,332,1,12.012,12.16,,-2.5,-8.0,12.17332,-0.1257999999999997,,1406-332-1,-2185.6659973758638,16624.819212939216,4.647524216338314,,12.17332,-0.1257999999999997,,,13877.70089273658,9340.96016633535,13881.354212422411,9405.83621717182
137.310052782,15.2410461944,4.642359,1401,301,1,8.932,8.455,44942.0,5.1,-5.0,8.41207,0.4054500000000002,44942.0,1401-301-1,-16711.333195596308,1392.0069442394604,4.64789112377445,8.23,8.23,0.478,78533.0,F5+...,12134.959404693947,-11424.912043738499,12138.216010134134,-11570.222668487215
146.0040685359,17.6734029406,4.653101,1413,199,1,9.677,8.528,47745.0,-4.4,-21.4,8.42459,0.9766499999999992,47745.0,1413-199-1,13386.660742083803,10110.768964166587,4.649733776013887,8.43,8.43,0.996,84220.0,G5,-1329.7115203502537,16621.128169621887,-1330.0972000529177,16723.073171783217
145.2640607984,11.4126532108,4.654908,824,282,1,12.201,11.255,,-29.6,-4.9,11.169860000000002,0.8040999999999997,,824-282-1,11156.860768917488,-12528.589090047502,4.64982220631311,,11.169860000000002,0.8040999999999997,,,-16772.09574971633,23.617658184851663,-16776.191736637014,21.85451582418432
142.4581087457,19.54357803,4.648581,1406,523,1,12.427,11.687,,-6.9,-1.2,11.6204,0.6290000000000001,,1406-523-1,1180.4074575555237,16735.326478193692,4.650014880380985,,11.6204,0.6290000000000001,,,11725.490854661244,11916.826294488248,11728.67809759482,11995.941988046652
144.5703474279,10.9153762706,4.658818,824,1323,1,11.528,11.101,,-24.4,7.3,11.06257,0.3629499999999996,,824-1323-1,8718.866935987633,-14351.543906974346,4.654297164410183,,11.06257,0.3629499999999996,,,-16516.14759571107,-2980.9859295942874,-16520.173398523355,-3011.531843430167
137.5843581357,13.3572890366,4.649821,818,581,1,10.867,10.012,,-47.3,-79.1,9.93505,0.7267500000000003,,818-581-1,-15892.659263263842,-5431.830664817871,4.65508546388337,,9.93505,0.7267500000000003,,,6490.615649705537,-15264.982116501651,6492.563748931102,-15489.610027225679
137.5989580408,16.58258923,4.649472,1401,98,1,12.043,11.652,,-20.4,-6.0,11.61681,0.33235,,1401-98-1,-15604.325331158909,6214.626125399238,4.65537416531048,,11.61681,0.33235,,,15005.06429384514,-7456.338303204914,15008.8293640667,-7539.999206861243
143.7824298242,10.5446722967,4.658954,824,1842,1,11.079,10.298,,-18.7,-9.2,10.22771,0.6638500000000005,,824-1842-1,5933.732552065761,-15713.342790080056,4.655388760204567,,10.22771,0.6638500000000005,,,-15684.958734455739,-5934.2590050703375,-15688.836623565574,-5998.22715784272
146.6765066937,13.46083374,4.661633,834,473,1,12.674,11.331,,-51.2,0.9,11.21013,1.1415499999999998,,834-473-1,16018.760134480595,-5052.469770981106,4.655469289557158,,11.21013,1.1415499999999998,,,-14411.369479981802,8561.339018909684,-14415.129299092503,8621.61088910588
144.3235205209,10.7788649167,4.660181,824,484,1,12.758,11.997,,-14.9,-16.4,11.92851,0.6468499999999994,,824-484-1,7848.067732870896,-14853.223409715796,4.65614516479159,,11.92851,0.6468499999999994,,,-16313.00900108184,-3954.813282734776,-16316.99621241894,-3995.753671407178
137.6461445229,13.1842221511,4.65624,818,281,1,12.232,11.605,,-17.7,-0.4,11.54857,0.532949999999999,,818-281-1,-15686.657695880956,-6058.906032791582,4.660833778297407,,11.54857,0.532949999999999,,,5885.134714029255,-15521.167744098224,5886.917654102612,-15752.00852322507
140.8529103627,19.4092842589,4.658386,1405,278,1,11.681,11.128,,4.1,-19.6,11.07823,0.4700499999999992,,1405-278-1,-4286.343057781211,16262.595772213761,4.661352174401345,,11.07823,0.4700499999999992,,,15001.650468491058,7540.652730310161,15005.52059720214,7594.676403004452
138.3498860624,12.0142030317,4.658973,822,461,1,12.411,11.525,,-18.2,9.7,11.44526,0.7530999999999993,,822-461-1,-13278.595551864553,-10326.31291030899,4.662246959686877,,11.44526,0.7530999999999993,,,1096.832767967572,-16528.81682905975,1097.1782964189972,-16785.411461667634
137.3676175328,15.8153224053,4.657873,1401,874,1,10.243,8.98,,13.4,-2.9,8.86633,1.0735499999999998,,1401-874-1,-16465.69499886736,3461.4388649169887,4.6634511538355685,,8.86633,1.0735499999999998,,,13518.837133048188,-9892.804406959538,13522.353633192957,-10012.323558003902
146.8966498024,15.5676653249,4.669703,1411,20,1,10.822,10.194,,-71.1,11.7,10.137480000000002,0.5337999999999986,,1411-20-1,16629.854902457544,2571.5537822231277,4.663978322451365,,10.137480000000002,0.5337999999999986,,,-9118.111909317347,14051.449376994633,-9120.662460101114,14141.374728807827
142.6981513462,10.2744765166,4.668744,823,976,1,11.14,10.289,,-64.2,20.2,10.21241,0.7233500000000007,,823-976-1,2084.9508183677103,-16705.327853688552,4.666027934677211,,10.21241,0.7233500000000007,,,-13871.088001504291,-9422.461984996056,-13874.666672544872,-9534.601372894878
140.0421012546,10.6939554628,4.668819,822,739,1,11.565,11.214,,-2.4,-3.5,11.18241,0.2983499999999992,,822-739-1,-7341.6808621869195,-15164.195985537317,4.669617111915338,,11.18241,0.2983499999999992,,,-6460.542328146833,-15332.940985425563,-6462.486251937925,-15559.221998978843
146.8259004316,13.9147908075,4.678229,834,1095,1,12.065,11.475,,-11.5,-17.1,11.4219,0.5014999999999998,,834-1095-1,16511.354409926975,-3403.113019003622,4.672505989473413,,11.4219,0.5014999999999998,,,-13505.481532129523,10016.463360224576,-13509.065908559367,10085.194145306792
146.9457330592,14.8106827116,4.679444,834,1357,1,11.541,10.61,,-67.0,-11.3,10.52621,0.7913500000000008,,834-1357-1,16860.839410791996,-158.88887880150298,4.673382797661888,,10.52621,0.7913500000000008,,,-11312.433959358397,12419.15637614255,-11315.529386821181,12500.877809510519
146.6650404067,16.5318624206,4.680219,1410,262,1,11.642,10.405,47972.0,-200.5,35.8,10.29367,1.05145,47972.0,1410-262-1,15746.865114199893,6036.481469236387,4.67411684152524,10.53,10.53,1.637,,K8,-5941.965101514618,15684.461980660692,-5943.665669066162,15782.132551325481
145.4771602793,18.2887841056,4.676695,1413,588,1,12.957,11.168,,8.4,-7.1,11.006989999999998,1.5206500000000012,,1413-588-1,11537.35539229966,12301.192699125328,4.674338065621583,,11.006989999999998,1.5206500000000012,,,1535.2404925176158,16692.735873077505,1535.6862629457464,16794.986721371402
146.9031193492,14.3130229669,4.680108,834,252,1,10.051,9.456,,54.5,-70.1,9.40245,0.5057500000000005,,834-252-1,16753.666288715223,-1960.7397201812437,4.675155425560488,,9.40245,0.5057500000000005,,,-12588.165759500356,11149.197630042769,-12591.554051206373,11224.197117811384
138.6853152093,18.237878555,4.672887,1405,558,1,12.738,12.21,,-2.0,-47.4,12.16248,0.4487999999999988,,1405-558-1,-11745.937503084991,12119.06174761103,4.677681038142285,,12.16248,0.4487999999999988,,,16857.07633068685,-725.7046325959168,16861.18589899631,-734.2448830425776
137.6943479178,16.8649137006,4.67224,1401,347,1,12.093,11.932,,-12.9,-5.8,11.91751,0.1368499999999996,,1401-347-1,-15252.837368267186,7227.249206714504,4.678036405079139,,11.91751,0.1368499999999996,,,15528.669009509695,-6533.232820795653,15532.528410461353,-6604.751324385475
142.8158762214,10.2782162432,4.68049,823,136,1,9.42,8.627,,117.2,-27.4,8.55563,0.6740499999999994,,823-136-1,2508.1884188193458,-16692.188590509508,4.6783469278893985,,8.55563,0.6740499999999994,,,-14142.27132816495,-9102.174472820228,-14145.901063545944,-9209.432783065915
137.4916640295,13.5497733775,4.673534,818,198,1,12.612,11.808,,-3.5,-37.1,11.73564,0.6834000000000002,,818-198-1,-16203.70697078151,-4729.338035978673,4.67840078075997,,11.73564,0.6834000000000002,,,7222.204633852744,-15036.435111792925,7224.354986164776,-15255.669532583266
144.8155570116,11.03914235,4.683318,824,1462,1,11.542,10.721,,-17.2,7.2,10.64711,0.6978499999999997,,824-1462-1,9584.143529073037,-13895.968925436091,4.678621470895188,,10.64711,0.6978499999999997,,,-16750.075261368725,-2040.9964143031514,-16754.15429543241,-2062.055626652271
144.8381028947,11.0549554083,4.682425,824,920,1,10.597,9.939,,5.7,-106.9,9.87978,0.5592999999999996,,824-920-1,9664.102942308,-13841.042510116768,4.678748836137898,,9.87978,0.5592999999999996,,,-16762.10384268021,-1945.675187807595,-16766.185743165533,-1965.7973120496124
146.9119514229,14.3261121572,4.686951,834,802,1,12.679,11.584,,2.8,5.0,11.48545,0.9307500000000004,,834-802-1,16782.222288428224,-1910.850033003577,4.681404131942586,,11.48545,0.9307500000000004,,,-12569.830269590257,11203.38911880226,-12573.21599625756,11278.677772607165
139.9529867803,10.72027626,4.683293,822,846,1,12.492,11.845,,-12.7,-7.2,11.78677,0.5499500000000002,,822-846-1,-7657.5294756192525,-15066.798892735615,4.684277193817305,,11.78677,0.5499500000000002,,,-6178.049954269268,-15500.331514172496,-6179.92035322981,-15730.695183998016
141.0286857414,19.4752764428,4.682709,1405,72,1,9.453,8.8,46104.0,4.8,-142.1,8.741230000000002,0.5550499999999988,46104.0,1405-72-1,-3686.2879655017464,16494.358227461275,4.684329320139319,8.74,8.74,0.616,81066.0,G0,14776.488963617488,8139.524486687125,14780.326098074884,8197.227136964362
142.2001806279,19.5897298728,4.683457,1406,1193,1,11.875,11.421,,-12.7,-27.8,11.38014,0.3859000000000005,,1406-1193-1,302.2443020869482,16900.71473125289,4.684924662141588,,11.38014,0.3859000000000005,,,12432.13793786209,11372.99179487367,12435.493849096663,11449.192232398318
137.4072265473,16.0923965211,4.679737,1401,813,1,8.986,8.792,,-14.0,4.4,8.77454,0.1649000000000007,,1401-813-1,-16307.218163083928,4459.2491796224695,4.685616383513537,,8.77454,0.1649000000000007,,,14159.5144686507,-9123.630494249428,14163.149959708127,-9231.221516310852
146.2917861689,12.561661781,4.694379,834,1295,1,12.164,11.721,,-118.2,-62.6,11.68113,0.3765499999999996,,834-1295-1,14723.5836521375,-8326.589741693602,4.688110761716495,,11.68113,0.3765499999999996,,,-15998.972638418747,5438.734844074492,-16003.015308818342,5479.006599165684
142.02952084,10.2179367514,4.68984,823,312,1,9.911,8.429,46431.0,-25.7,-7.7,8.29562,1.2596999999999994,46431.0,823-312-1,-290.4094480479972,-16912.884959207844,4.688224970989263,8.3,8.3,1.242,81794.0,K2,-12449.119973575598,-11305.186762668038,-12452.452337142438,-11448.42548484795
142.317268926,19.5951826178,4.692344,1406,1173,1,11.511,10.124,,-4.4,-5.6,9.99917,1.1789499999999988,,1406-1173-1,700.9009894575332,16921.429445857983,4.693898195832725,,9.99917,1.1789499999999988,,,12182.944958995153,11683.161525721694,12186.246798098808,11761.012952292629
141.8778624655,19.5949603208,4.692813,1406,737,1,12.734,11.485,,-19.4,-13.1,11.37259,1.0616500000000004,,1406-737-1,-794.7692354093872,16920.494186792424,4.694783938681252,,11.37259,1.0616500000000004,,,13175.252491004194,10570.304390941017,13178.773253165678,10642.119958188394
141.0004508324,10.337029495,4.695563,823,768,1,10.031,9.653,,-20.7,-10.5,9.61898,0.3213000000000001,,823-768-1,-3946.7523698992277,-16474.624086804743,4.6952343924848705,,9.61898,0.3213000000000001,,,-9693.955345333363,-13701.634080186206,-9696.718753799147,-13891.138847501274
138.4712393442,11.8158708072,4.696205,822,136,1,12.048,11.38,,3.5,-51.4,11.31988,0.5677999999999993,,822-136-1,-12860.270213927715,-11050.963360388583,4.699469120429247,,11.31988,0.5677999999999993,,,277.49267231613163,-16692.802882094,277.58069043279903,-16953.85767688846
137.2507180308,14.7655296344,4.694943,818,48,1,12.858,11.552,,-8.8,-10.0,11.43446,1.1101000000000008,,818-48-1,-16956.645801213304,-320.7551884607621,4.700448435495059,,11.43446,1.1101000000000008,,,11017.480511368085,-12721.451825810349,11020.534465561264,-12891.025591942253
142.6550618908,19.5781259425,4.700342,1406,469,1,12.189,11.473,,-2.5,-21.1,11.40856,0.6085999999999994,,1406-469-1,1850.6323288054643,16861.764980592423,4.7013694592765365,,11.40856,0.6085999999999994,,,11375.022289468221,12498.899493063112,11378.138288250015,12581.014560464195
137.4759973732,13.5207029358,4.696829,818,216,1,11.436,11.04,,-21.0,5.7,11.004359999999998,0.3366000000000007,,818-216-1,-16261.511045042447,-4832.1593068066195,4.701715468149445,,11.004359999999998,0.3366000000000007,,,7183.716822964791,-15145.3295553689,7185.8641173497945,-15367.168311741218
141.74877098,10.2166100092,4.703491,823,947,1,12.22,11.923,,-2.8,-2.3,11.89627,0.2524500000000005,,823-947-1,-1287.8376300888017,-16916.877103845793,4.702144431884214,,11.89627,0.2524500000000005,,,-11789.86658276729,-12040.255365590947,-11793.077691969094,-12196.82644212323
138.3500710184,11.9465438978,4.701556,822,316,1,10.957,10.202,,13.4,-11.2,10.13405,0.6417500000000006,,822-316-1,-13281.236409276102,-10571.570897232401,4.704665244471385,,10.13405,0.6417500000000006,,,915.2690039546577,-16689.286535685813,915.5592819540213,-16950.25377377947
137.2443494463,15.1068551867,4.69947,1401,65,1,12.892,12.02,,-9.7,-2.0,11.94152,0.7411999999999999,,1401-65-1,-16952.010607155833,912.5699544105148,4.705104856657977,,11.94152,0.7411999999999999,,,11936.339006431619,-11914.307231544266,11939.580026270842,-12068.549057077968
139.8824683422,10.7317624292,4.704268,822,1108,1,12.574,12.116,,13.6,-24.1,12.07478,0.3893000000000001,,822-1108-1,-7906.859448726464,-15023.872335110762,4.705362601317232,,12.07478,0.3893000000000001,,,-5980.432372773473,-15654.42277832337,-5982.253446568377,-15888.60629459514
142.5891121652,19.5885352278,4.704023,1406,615,1,11.874,10.36,,6.4,6.2,10.22374,1.2869000000000008,,1406-615-1,1626.3308356803548,16899.542185154096,4.7053976374166995,,10.22374,1.2869000000000008,,,11552.175945662118,12357.017935589945,11555.334568068562,12438.397046038022
142.4973309552,19.5974767917,4.705192,1406,708,1,13.096,12.103,,-13.6,-12.3,12.01363,0.8440500000000003,,1406-708-1,1313.3913735302065,16930.649369003906,4.706473405054125,,12.01363,0.8440500000000003,,,11783.192616523533,12144.803537924234,11786.405433776454,12225.077991851911
137.7967651044,17.1355825944,4.70247,1401,650,1,12.317,11.99,,-4.9,-5.5,11.96057,0.27795,,1401-650-1,-14878.790387463883,8197.484257148606,4.708140641795978,,11.96057,0.27795,,,16005.605956197183,-5620.597098929866,16009.554373209781,-5680.785184419842
144.6775427504,10.91346133,4.715117,824,889,1,11.833,10.959,,-61.0,-33.6,10.88034,0.7429000000000004,,824-889-1,9098.504617983755,-14356.404456686547,4.710673516295914,,10.88034,0.7429000000000004,,,-16771.825553668692,-2703.1787235860747,-16775.912478571714,-2730.914813528244
137.2353364494,15.0534321467,4.706791,1401,146,1,12.652,12.394,,-10.9,-5.2,12.37078,0.2192999999999992,,1401-146-1,-16987.803469993687,720.253289696693,4.71241899285696,,12.37078,0.2192999999999992,,,11816.33847963544,-12065.95906322193,11819.55896101185,-12223.021619207604
141.6222744854,10.2168188842,4.714048,823,1122,1,10.741,10.139,,-0.1,7.7,10.08482,0.5117000000000003,,823-1122-1,-1737.4618190676574,-16915.264918880413,4.712749431404236,,10.08482,0.5117000000000003,,,-11490.135900923857,-12369.147326181188,-11493.29157346926,-12531.927611339375
146.2607020467,12.4568193933,4.722359,831,39,1,12.795,11.469,,8.9,-4.2,11.34966,1.1271000000000004,,831-39-1,14624.18838019965,-8705.695472079771,4.716893667116646,,11.34966,1.1271000000000004,,,-16216.371136945741,5114.918768795603,-16220.4571930293,5152.939731965072
144.413046202,10.7561255744,4.721337,824,1880,1,10.905,9.12,47234.0,-11.5,-9.8,8.959349999999999,1.51725,47234.0,824-1880-1,8166.898908071225,-14933.04124270489,4.717201172043756,8.99,8.99,1.45,,K5,-16584.347577758585,-3771.380141416873,-16588.399198834075,-3810.3766941212166
145.5353195371,11.5638378275,4.724579,831,961,1,11.936,11.977,,-15.4,3.9,11.98069,-0.0348500000000003,,831-961-1,12110.745090350667,-11970.298483343482,4.71934228136338,,11.98069,-0.0348500000000003,,,-16988.05034901567,1098.366423377242,-16992.216453235553,1105.7904096982868
138.2779216005,17.8643192936,4.714275,1404,23,1,11.967,11.021,,-33.3,-18.7,10.935860000000002,0.8040999999999997,,1404-23-1,-13170.254905148844,10796.179890534937,4.719787195363212,,10.935860000000002,0.8040999999999997,,,16813.84880258442,-2650.444649986224,16817.945784415337,-2677.6508524926194
145.6144895883,18.2234342394,4.722835,1413,19,1,9.691,9.342,,5.0,-0.2,9.31059,0.2966500000000001,,1413-19-1,12012.715950418911,12073.836218633909,4.720352174709027,,9.31059,0.2966500000000001,,,1049.720881381194,16896.290528394507,1050.0265970498897,16999.4208632333
146.9713501908,14.4796495081,4.725972,834,59,1,12.167,11.543,,15.5,3.5,11.48684,0.5304000000000004,,834-59-1,16978.95565731472,-1352.007365003402,4.720595099837253,,11.48684,0.5304000000000004,,,-12282.698166446718,11718.855791029317,-12286.028745234495,11796.87911268732
140.6362823531,10.4093770914,4.72059,823,1060,1,11.294,10.102,,4.7,-12.1,9.99472,1.0132,,823-1060-1,-5238.806489798006,-16207.264582313279,4.720657134299547,,9.99472,1.0132,,,-8636.287448352672,-14473.279644107037,-8638.810408076777,-14679.627836289528
145.9063523931,17.9122156406,4.724347,1413,204,1,12.071,10.366,,9.7,-14.3,10.21255,1.44925,,1413-204-1,13035.363517534224,10967.605618326383,4.721374289203894,,10.21255,1.44925,,,-456.0458726414096,16926.152750499117,-456.17874686464404,17029.415021788558
137.7670714783,17.11265443,4.717207,1401,341,1,10.603,9.333,,28.0,-72.6,9.2187,1.0794999999999997,,1401-341-1,-14982.309434794717,8115.0892608642625,4.722307002998182,,9.2187,1.0794999999999997,,,16012.739334653192,-5751.110761234558,16016.693493727196,-5812.899383244998
140.3999307962,10.4873248833,4.722527,822,681,1,12.95,11.868,,0.1,3.3,11.77062,0.9196999999999992,,822-681-1,-6076.815857278781,-15920.200012963684,4.722761894436762,,11.77062,0.9196999999999992,,,-7865.354332466689,-14899.462452642552,-7867.685405088682,-15115.554431862736
140.7496735351,19.4477752467,4.721602,1405,1378,1,12.589,11.72,,-30.1,-10.0,11.64179,0.7386499999999998,,1405-1378-1,-4638.184069721728,16404.994482741684,4.72483491377701,,11.64179,0.7386499999999998,,,15341.68299007879,7373.248205580888,15345.6343564022,7426.176785063404
137.389693742,16.1859802333,4.71961,1401,2105,1,12.209,11.012,,4.0,-13.7,10.90427,1.0174499999999993,,1401-2105-1,-16360.597323364866,4798.183486447654,4.725280854927267,,10.90427,1.0174499999999993,,,14448.309758350651,-8941.166870612982,14452.009272154755,-9046.05646370063
137.2911556368,15.7598408833,4.720407,1401,90,1,12.963,11.581,,-26.9,-40.4,11.45662,1.1746999999999996,,1401-90-1,-16737.668841493945,3266.122831253044,4.726295393160656,,11.45662,1.1746999999999996,,,13553.382288764558,-10220.493799352693,13556.930092475039,-10345.373993437956
143.2931300689,19.4969884392,4.727809,1406,837,1,11.755,11.027,,0.7,5.5,10.96148,0.6188000000000012,,1406-837-1,4024.2040854515894,16579.48062071649,4.728367995855224,,10.96148,0.6188000000000012,,,9720.969046417487,13929.3911181244,9723.683976865193,14018.67918500653
146.9821788236,15.4065709478,4.733289,1411,657,1,12.142,10.96,,27.0,-24.1,10.85362,1.0046999999999988,,1411-657-1,16943.799960292017,1995.590924105586,4.728378863169021,,10.85362,1.0046999999999988,,,-9757.050791909447,13904.45898182765,-9759.77486722676,13993.624790304304
140.1465635528,19.2458711319,4.725279,1405,404,1,13.107,11.628,,-9.2,-2.3,11.49489,1.257149999999999,,1405-404-1,-6699.35393044921,15693.457385864425,4.729116258788746,,11.49489,1.257149999999999,,,16178.307047996139,5372.7981776370925,16182.392987488047,5412.587644174148
139.8355936767,10.7252332867,4.731245,822,543,1,12.022,11.225,,-10.6,-25.5,11.15327,0.6774500000000004,,822-543-1,-8074.224945114754,-15046.332700133407,4.732504619179003,,11.15327,0.6774500000000004,,,-5886.102739164733,-15791.032391099065,-5887.904492981599,-16028.656115499767
139.5127379912,10.9045741133,4.733387,822,588,1,12.14,11.332,,5.0,-8.0,11.25928,0.6867999999999999,,822-588-1,-9213.187064237989,-14387.250701180166,4.734851268916166,,11.25928,0.6867999999999999,,,-4637.337474743309,-16194.640863457187,-4638.779294933629,-16442.55227366332
138.1878129204,12.0971139233,4.733318,822,1115,1,9.965,9.583,,-10.0,4.2,9.54862,0.3246999999999997,,822-1115-1,-13846.873452724401,-10018.610343524757,4.73672942374501,,9.54862,0.3246999999999997,,,1704.0721923259334,-16743.478164982113,1704.6139153220226,-17005.962161278596
145.6874602615,11.6915065375,4.742219,831,1672,1,12.094,10.451,,-18.2,-0.9,10.30313,1.396549999999999,,831-1672-1,12642.600855114752,-11501.875997671534,4.736891244916248,,10.30313,1.396549999999999,,,-16990.996405160175,1801.3138955154996,-16995.17774397085,1814.5085556160216
147.0076146445,14.6755623167,4.74521,834,1369,1,11.146,10.802,,10.4,-15.6,10.77104,0.292400000000001,,834-1369-1,17090.46057331405,-642.2433284202516,4.739858775698899,,10.77104,0.292400000000001,,,-11826.17419278726,12270.670942773822,-11829.404264004219,12351.579407495341
137.4429329212,13.4939278772,4.735667,818,307,1,12.127,10.161,,-2.8,-0.2,9.98406,1.671100000000001,,818-307-1,-16379.519063320562,-4926.848576892986,4.740392379686897,,9.98406,1.671100000000001,,,7191.271589435436,-15292.864808654642,7193.432796116314,-15518.27974528991
140.4329774947,10.4550724103,4.741544,823,700,1,12.581,11.893,,-6.8,-8.5,11.83108,0.584799999999999,,823-700-1,-5960.455405964144,-16037.99956846722,4.741859718541453,,11.83108,0.584799999999999,,,-8030.652583445097,-14890.863407200113,-8033.032100006262,-15106.781724937808
137.8234952096,17.25480692,4.73673,1401,1979,1,12.062,11.817,,10.7,-11.0,11.79495,0.2082499999999993,,1401-1979-1,-14777.588086020736,8626.199859570832,4.742214232196742,,11.79495,0.2082499999999993,,,16258.88665563131,-5264.465977197223,16262.8882192518,-5320.422955506693
146.838499639,13.6782871058,4.7481,834,656,1,11.296,10.444,,7.7,-1.5,10.36732,0.7241999999999987,,834-656-1,16574.35647758552,-4256.101867850433,4.74249848642953,,10.36732,0.7241999999999987,,,-14184.918115150582,9500.124819907314,-14188.660069275667,9565.857054866903
146.5432182825,12.9066328003,4.749162,834,1236,1,12.345,11.892,,35.1,-14.5,11.85123,0.385050000000001,,834-1236-1,15591.603084411729,-7063.678425304228,4.743868191965951,,11.85123,0.385050000000001,,,-15631.187192443003,6916.6449492520005,-15635.19423150261,6966.659241065844
145.5016390342,18.3646210633,4.747413,1413,197,1,13.678,11.546,,-5.4,0.8,11.35412,1.8122000000000011,,1413-197-1,11616.866328673703,12577.349076426262,4.745057915280313,,11.35412,1.8122000000000011,,,1688.8681057819158,16934.535986278646,1689.3602553460087,17037.821310725485
137.2755781454,14.1186263167,4.741688,818,429,1,12.573,11.781,,-3.3,-5.2,11.70972,0.6731999999999998,,818-429-1,-16920.179331235842,-2658.7796616709943,4.7468323040383105,,11.70972,0.6731999999999998,,,9245.56235709708,-14215.709411564074,9248.24101040194,-14416.366258666492
140.680187295,19.4524278933,4.744683,1405,1430,1,13.207,11.515,,-7.8,-3.2,11.36272,1.4382,,1405-1430-1,-4874.223574408253,16423.950057191436,4.747980688558843,,11.36272,1.4382,,,15512.564288796757,7210.400588719127,15516.553045577639,7262.2842493398175
144.0904573623,10.5671463306,4.752137,824,1595,1,9.333,8.895,47142.0,-0.3,8.6,8.85558,0.3723000000000005,47142.0,824-1595-1,7027.877434836488,-15625.022051513028,4.748207608701271,8.91,8.91,0.413,83099.0,F2,-16345.369486724841,-5067.8669729904495,-16349.387474824607,-5121.513892142269
141.5525109841,10.1880729267,4.749862,823,879,1,12.174,11.575,,11.7,-12.0,11.52109,0.5091500000000001,,823-879-1,-1985.4246948312386,-17019.583657408566,4.74881754778177,,11.52109,0.5091500000000001,,,-11403.470990515418,-12618.961939489958,-11406.62381180471,-12786.597370150914
137.2126267299,15.3424366217,4.743249,1401,1596,1,11.874,10.877,,-11.1,-15.9,10.78727,0.8474499999999999,,1401-1596-1,-17044.296888015822,1765.4666501693143,4.748952704026499,,10.78727,0.8474499999999999,,,12635.159892429356,-11425.721179310469,12638.551975708076,-11571.168171667849
138.6070057785,11.6002573867,4.74629,822,1123,1,8.765,8.521,45345.0,-23.8,-27.6,8.49904,0.2073999999999998,45345.0,822-1123-1,-12392.439896324238,-11836.390732225425,4.749337332858838,8.49,8.49,0.233,79453.0,A2,-620.1346948035546,-16859.964697778934,-620.3328051102902,-17125.65033395315
141.2902498475,19.5903004875,4.747347,1405,19,1,12.787,11.512,,-4.9,-10.9,11.39725,1.0837500000000002,,1405-19-1,-2794.2019162221927,16909.78690548357,4.749946976498307,,11.39725,1.0837500000000002,,,14494.720854705973,9076.825325178095,14498.525618884056,9140.088206141667
137.21778139,14.46959028,4.748078,818,16,1,12.506,12.084,,0.0,0.0,12.04602,0.3587000000000005,,818-16-1,-17095.324331298685,-1386.7939186622325,4.753364975305434,,12.04602,0.3587000000000005,,,10312.654046527867,-13516.926369618728,10315.578201897306,-13702.633240573803
137.1978442732,14.7054981592,4.748845,818,81,1,12.078,11.554,,-12.9,-17.3,11.50684,0.4453999999999992,,818-81-1,-17146.81977771955,-533.7355785022767,4.7543700644683184,,11.50684,0.4453999999999992,,,10984.514465031501,-12999.500223673258,10987.583148211219,-13174.646815702517
138.0843431991,12.2052524256,4.751612,822,192,1,11.445,11.21,,-13.8,-4.0,11.18885,0.1997499999999995,,822-192-1,-14206.180203708374,-9622.44497643956,4.755243987726261,,11.18885,0.1997499999999995,,,2238.7079609130424,-16748.867651196106,2239.419850145423,-17011.525564734653
139.031152466,11.2153337589,4.75341,822,218,1,12.193,11.214,,-8.2,-3.2,11.12589,0.8321499999999993,,822-218-1,-10908.45055972732,-13245.818659906752,4.75555751400169,,11.12589,0.8321499999999993,,,-2658.7490984839496,-16690.979088771,-2659.5925325090748,-16952.06692843607
138.5413586296,11.65630146,4.753587,822,345,1,11.261,9.549,,-15.3,-11.2,9.39492,1.4551999999999998,,822-345-1,-12621.660938413706,-11630.293620321589,4.756554562095309,,9.39492,1.4551999999999998,,,-313.92096951803745,-16893.550137907958,-314.0214000621627,-17160.17031091123
137.3927559112,16.3172219542,4.752558,1401,343,1,10.707,10.155,,-16.1,18.3,10.10532,0.4692000000000011,,1401-343-1,-16340.40844255986,5272.911618764517,4.7585029738363565,,10.10532,0.4692000000000011,,,14789.774900244704,-8615.600698750715,14793.543799862393,-8715.710346870299
143.4673577782,10.3330743289,4.763166,824,431,1,10.966,10.451,,-27.3,-9.5,10.40465,0.437749999999999,,824-431-1,4819.101366099441,-16485.398152820995,4.7599450969677575,,10.40465,0.437749999999999,,,-15522.00366775904,-7263.137085849299,-15525.891256904835,-7344.303296606682
146.8527932713,13.66079311,4.766202,834,413,1,12.038,10.956,,15.7,40.0,10.85862,0.9197000000000006,,834-413-1,16626.217848228367,-4317.2038452343895,4.760565669716886,,10.85862,0.9197000000000006,,,-14265.020651248886,9498.347165428999,-14268.783796325766,9564.056563601656
137.6831112408,17.0372240461,4.754993,1401,2070,1,10.439,9.195,,-25.0,-20.2,9.08304,1.0573999999999997,,1401-2070-1,-15279.7193909166,7850.428958140476,4.760804072024009,,9.08304,1.0573999999999997,,,16012.347462565669,-6144.33260052521,16016.314422197373,-6211.016971581752
144.6424054316,19.00555279,4.762601,1413,634,1,12.178,11.629,,-26.5,-21.9,11.57959,0.466650000000001,,1413-634-1,8641.81571766523,14847.922466349719,4.761147082089725,,11.57959,0.466650000000001,,,5361.093735669567,16221.195470053935,5362.640076284644,16321.270535011832
137.4177501794,13.4988785394,4.757353,818,171,1,12.338,11.582,,-44.6,-20.3,11.51396,0.6425999999999986,,818-171-1,-16468.991417847377,-4907.7893885296035,4.762530193191971,,11.51396,0.6425999999999986,,,7264.910814225886,-15345.798769225717,7267.098499500094,-15572.519205377861
144.1923332815,19.23455949,4.76483,1413,591,1,11.454,10.69,,-25.1,-12.6,10.62124,0.649400000000001,,1413-591-1,7096.010376837333,15657.276236685268,4.764051651956844,,10.62124,0.649400000000001,,,6992.291446222934,15605.72773298263,6994.290677066401,15702.97934612276
141.5775104733,10.169831295,4.765296,823,1031,1,10.591,10.1,,-26.6,-4.5,10.05581,0.4173499999999997,,823-1031-1,-1897.7158639116606,-17085.65114607988,4.764189163132039,,10.05581,0.4173499999999997,,,-11511.084298239617,-12597.651978929716,-11514.265243490841,-12764.89312482577
138.7616949525,18.4281314056,4.759606,1405,680,1,11.768,11.364,,-10.7,-19.0,11.32764,0.3433999999999999,,1405-680-1,-11473.411146625134,12803.321318516939,4.764537369113388,,11.32764,0.3433999999999999,,,17187.614714250558,-73.36828764020248,17191.81230843492,-76.08992201646342
144.1884838192,19.2370753967,4.765572,1413,400,1,11.911,11.303,,-24.6,-13.2,11.24828,0.5167999999999989,,1413-400-1,7082.801443209743,15666.216628106176,4.7647958587082,,11.24828,0.5167999999999989,,,7007.743245684656,15601.80741004533,7009.746785596966,15699.040407760534
139.7621135386,19.1083701825,4.761146,1405,505,1,12.67,11.09,,-2.8,-8.1,10.9478,1.343,,1405-505-1,-8016.480534850974,15211.469455139704,4.765247853296,,10.9478,1.343,,,16692.514040722268,4077.1178347476034,16696.68446874026,4107.7354955769015
141.394770427,10.19118972,4.766502,823,1261,1,10.032,9.177,,-25.1,-100.0,9.10005,0.7267500000000003,,823-1261-1,-2547.260033247447,-17009.54313259977,4.766533788180131,,9.10005,0.7267500000000003,,,-11022.938609770026,-13024.339029945973,-11026.02029534486,-13199.998776643793
138.2771648311,17.9392660956,4.761797,1404,397,1,12.055,11.003,,8.4,-77.2,10.90832,0.8941999999999997,,1404-397-1,-13167.106507754626,11065.703016103176,4.766609057168258,,10.90832,0.8941999999999997,,,17013.224864407548,-2470.887050363769,17017.37014189705,-2496.3153808794063
140.77356965,19.4986300567,4.764341,1405,775,1,13.215,12.0,,-4.8,-6.0,11.89065,1.0327499999999998,,1405-775-1,-4554.993297736655,16588.74445563557,4.767506580393285,,11.89065,1.0327499999999998,,,15423.794320308018,7556.353370660865,15427.77493668993,7610.398613715517
141.5298232626,10.17143069,4.768884,823,875,1,11.526,10.625,,9.6,-43.3,10.54391,0.7658499999999998,,823-875-1,-2066.308547032505,-17080.60522218521,4.768166398821816,,10.54391,0.7658499999999998,,,-11395.376491555726,-12718.00213294907,-11398.53565171767,-12887.59445219347
140.6285015998,10.3610855797,4.768912,823,1177,1,12.313,11.917,,-39.1,-15.5,11.88136,0.3366000000000007,,823-1177-1,-5268.790662608077,-16382.209675962224,4.769130258446252,,11.88136,0.3366000000000007,,,-8747.133265929991,-14608.747409345906,-8749.700583695358,-14818.221506282796
145.2408202808,11.2367532531,4.774536,824,63,1,11.675,10.557,,-13.5,9.1,10.45638,0.9503000000000004,,824-63-1,11083.855223999937,-13165.684169603952,4.769532097037721,,10.45638,0.9503000000000004,,,-17199.853185157088,-449.70116544413963,-17204.049790851055,-455.803767290435
142.9166582259,19.6147029291,4.770797,1406,646,1,12.904,11.611,,-32.5,-12.3,11.49463,1.0990499999999994,,1406-646-1,2739.7183767414294,16998.12352458483,4.771576718284204,,11.49463,1.0990499999999994,,,10886.664128461272,13250.41855942311,10889.676868225022,13336.311253361555
138.5659823551,18.2576632211,4.767453,1404,1641,1,9.381,8.788,45327.0,-23.8,-13.1,8.734630000000001,0.50405,45327.0,1404-1641-1,-12155.406224496375,12199.37448665248,4.772669104591809,8.71,8.71,0.571,79374.0,G0,17188.95850984312,-976.1195005936542,17193.148345902595,-987.0604357893811
141.94420886,10.13590692,4.77376,823,364,1,12.649,11.115,,-47.5,-58.8,10.97694,1.303899999999999,,823-364-1,-594.4808494671845,-17211.470034163598,4.772744948570901,,10.97694,1.303899999999999,,,-12470.401052128613,-11723.225174763347,-12473.772389383335,-11874.051987218096
137.549256822,16.7836353383,4.767575,1401,2122,1,12.147,10.986,,0.9,-7.8,10.88151,0.9868499999999996,,1401-2122-1,-15761.378230422995,6944.88014125817,4.773259858846473,,10.88151,0.9868499999999996,,,15655.200221072218,-7093.56614947532,15659.11411466261,-7172.485555430871
138.5880694181,11.5836097339,4.771234,822,957,1,12.232,12.361,,-16.3,-6.5,12.372610000000002,-0.1096500000000011,,822-957-1,-12460.304953872233,-11895.235305919443,4.774087965540773,,12.372610000000002,-0.1096500000000011,,,-619.0638087547316,-16947.336395258328,-619.2623241606536,-17215.467948927908
137.6190504603,12.957123595,4.770879,818,488,1,13.046,12.432,,-8.9,8.1,12.37674,0.5218999999999991,,818-488-1,-15798.522328528747,-6877.6028266964195,4.7752000000678985,,12.37674,0.5218999999999991,,,5347.427179871926,-16132.941848436933,5349.085991143918,-16379.316452958505
139.3939456685,10.9301871089,4.774711,822,899,1,10.699,10.16,,-27.2,-9.5,10.11149,0.4581499999999997,,822-899-1,-9634.715590533946,-14290.830200811428,4.776487333917375,,10.11149,0.4581499999999997,,,-4285.419327279472,-16439.3060572301,-4286.764990942103,-16693.687976338253
141.2883970615,19.6176956675,4.77468,1405,287,1,12.833,11.876,,11.3,-20.5,11.78987,0.8134500000000006,,1405-287-1,-2799.712552267575,17008.854243706362,4.7771590232938195,,11.78987,0.8134500000000006,,,14572.426892649333,9138.152123663504,14576.255004662351,9201.755435678071
138.6707931416,11.4968015633,4.775815,822,58,1,9.646,8.01,45363.0,-12.3,-4.6,7.86276,1.3906000000000007,45363.0,822-58-1,-12171.819289529798,-12212.86120511461,4.77850026681263,7.88,7.88,1.415,79479.0,K2,-1047.9804715537703,-16942.690449791487,-1048.316467028858,-17210.70005018167
137.2074514574,14.3203430267,4.775658,818,554,1,12.487,11.627,,1.7,-15.9,11.5496,0.7309999999999995,,818-554-1,-17143.41958439114,-1925.4995439934487,4.7808771530402465,,11.5496,0.7309999999999995,,,9941.88872382572,-13902.435602073396,9944.741153902589,-14096.329554968761
137.9033412992,12.4227258908,4.779265,822,97,1,13.179,12.335,,-20.1,3.1,12.25904,0.7173999999999995,,822-97-1,-14832.0973047342,-8826.130339402493,4.783173595036668,,12.25904,0.7173999999999995,,,3249.4228684745794,-16689.608530946058,3250.4537246787545,-16950.70021588926
142.4708460873,10.1340497617,4.786411,823,1056,1,12.366,12.124,,8.4,-20.2,12.10222,0.2056999999999992,,823-1056-1,1279.848074542442,-17216.579571574253,4.7844275233468325,,12.10222,0.2056999999999992,,,-13718.672544449319,-10349.00422155261,-13722.27324304893,-10476.060341624976
140.309572816,10.4547125586,4.784612,822,768,1,11.729,11.313,,7.1,-18.1,11.27556,0.3535999999999988,,822-768-1,-6398.676880292381,-16037.144605911491,4.785102143007326,,11.27556,0.3535999999999988,,,-7739.064969017202,-15210.35802876709,-7741.384306289177,-15433.860241418814
142.2789001173,10.1231199,4.787084,823,1341,1,11.788,12.018,,3.5,0.8,12.0387,-0.1955000000000003,,823-1341-1,597.1363585378936,-17256.20626563853,4.785103369809853,,12.0387,-0.1955000000000003,,,-13295.007471078634,-10876.902107036989,-13298.534501816912,-11012.820102813748
145.7998445846,18.1310436383,4.788895,1413,108,1,12.714,11.135,,-3.8,-3.0,10.99289,1.3421500000000004,,1413-108-1,12655.118361883582,11752.016954555538,4.786131266963871,,10.99289,1.3421500000000004,,,382.7007452039507,17161.75305469149,382.81264244670535,17266.018004572583
138.0089244516,17.626799325,4.78089,1404,480,1,13.863,12.474,,-10.0,-0.3,12.34899,1.180649999999999,,1404-480-1,-14112.287531830978,9957.303945144346,4.786471765720033,,12.34899,1.180649999999999,,,16812.204164779178,-3898.6031334712507,16816.31415682577,-3939.053111599513
137.1631604331,15.1869881172,4.780938,1401,155,1,11.924,11.286,,-9.0,4.6,11.22858,0.5422999999999999,,1401-155-1,-17229.597520969717,1208.4904630949013,4.786590897744455,,11.22858,0.5422999999999999,,,12341.815189997604,-11925.041233689495,12345.168135323622,-12079.582097266239
137.9081757752,12.4037248161,4.785266,822,119,1,13.273,11.602,,-22.1,-23.3,11.45161,1.4203499999999991,,822-119-1,-14816.364325372118,-8895.802475032217,4.789308900746208,,11.45161,1.4203499999999991,,,3186.9015576267866,-16723.193122776913,3187.9140076585795,-16985.204084047018
137.5395777481,13.0988871525,4.784758,818,312,1,12.318,11.592,,-26.0,4.5,11.52666,0.6170999999999992,,818-312-1,-16069.033029525472,-6360.383067711223,4.789375473478781,,11.52666,0.6170999999999992,,,5913.609707495302,-15995.236420849084,5915.43444478732,-16238.101200615785
137.4536362493,16.5919268194,4.783336,1401,509,1,12.23,11.829,,-36.8,5.9,11.79291,0.3408499999999998,,1401-509-1,-16108.530291346682,6260.195584956529,4.789427360072969,,11.79291,0.3408499999999998,,,15373.85128644332,-7798.222686113265,15377.726447025587,-7886.718343493169
142.7552366848,10.1553876275,4.793945,823,160,1,8.223,7.999,46681.0,-40.9,-2.7,7.97884,0.1904000000000009,46681.0,823-160-1,2289.727371976749,-17137.176625185064,4.791429059265495,7.99,7.99,0.2,82215.0,A5,-14329.826825265169,-9553.95079594712,-14333.533663098326,-9668.27217498554
139.7196289651,10.7174679956,4.791961,822,1214,1,9.864,8.536,45691.0,-22.3,-20.0,8.41648,1.128800000000001,45691.0,822-1214-1,-8486.746840605483,-15071.185024860923,4.7933417061736385,8.42,8.42,1.176,80237.0,K0,-5630.798474887005,-16107.836853752584,-5632.543588814593,-16353.591125811683
140.7177902585,19.5122245922,4.79185,1405,1288,1,11.099,10.551,,-0.8,11.0,10.50168,0.4658,,1405-1288-1,-4744.5702726132195,16639.977354533807,4.795209638245621,,10.50168,0.4658,,,15587.953605770988,7449.324036354975,15591.972255049888,7502.679163399914
142.59723778,19.67948972,4.795304,1406,307,1,12.515,12.002,,0.0,0.0,11.95583,0.4360499999999999,,1406-307-1,1653.0829848810195,17229.1387849366,4.796613173684892,,11.95583,0.4360499999999999,,,11780.767927262365,12594.727081500834,11783.999746903684,12677.273231672583
137.1470800419,14.915120485,4.791339,818,68,1,11.292,10.748,,-3.8,13.3,10.69904,0.4624000000000004,,818-68-1,-17307.613791153108,228.07065513441904,4.79684906782617,,10.69904,0.4624000000000004,,,11660.718298208414,-12621.23648249842,11663.942984948055,-12788.977496709027
141.7693692317,10.1202881158,4.798101,823,641,1,11.391,10.554,,-61.1,-16.1,10.47867,0.7114499999999998,,823-641-1,-1216.6985642717816,-17266.46862237762,4.796895143825768,,10.47867,0.7114499999999998,,,-12098.388161308168,-12215.811773753925,-12101.698884481204,-12375.790002791897
138.6834803653,11.459056675,4.794456,822,72,1,11.193,10.551,,12.8,-8.6,10.49322,0.5456999999999995,,822-72-1,-12128.264966075383,-12350.101608965759,4.796963083179471,,10.49322,0.5456999999999995,,,-1179.4712917322026,-16999.655088973614,-1179.8503846795813,-17269.272535601664
146.0871235051,12.0633975683,4.803633,831,609,1,12.162,11.468,,-7.9,9.5,11.40554,0.5899000000000006,,831-609-1,14035.630087630156,-10137.150256201465,4.798085653459758,,11.40554,0.5899000000000006,,,-16895.664161985733,3734.2280375822124,-16899.87464489911,3762.3083685794886
143.4494957727,19.5325487183,4.800111,1406,800,1,11.748,10.986,,-24.2,-12.9,10.91742,0.6476999999999988,,1406-800-1,4555.336458207549,16711.797914621755,4.800272184151937,,10.91742,0.6476999999999988,,,9467.244286731599,14412.07115006938,9469.906363095615,14503.65999535398
139.66947694,19.10277778,4.798565,1405,133,1,13.144,12.305,,0.0,0.0,12.22949,0.7131500000000003,,1405-133-1,-8333.073646290124,15195.759363464122,4.802787062960449,,12.22949,0.7131500000000003,,,16890.965152548495,3831.7996655251814,16895.177600878353,3860.5948844157083
144.8093531099,10.8862165122,4.80748,824,1872,1,10.917,9.164,47384.0,-10.0,2.0,9.00623,1.49005,47384.0,824-1872-1,9569.041705959742,-14450.010521818424,4.802931450392079,9.0,9.0,1.498,,K2,-17154.187634145732,-2416.355119094847,-17158.36749031302,-2441.2677686884363
142.0910445951,19.7097905828,4.802617,1406,355,1,10.953,10.213,,-4.4,-7.4,10.1464,0.6290000000000001,,1406-355-1,-68.89966966174894,17336.366555458346,4.804403298717033,,10.1464,0.6290000000000001,,,13004.171780767321,11384.815963919635,13007.683444705492,11461.000127040676
137.5224122744,16.8150282933,4.803348,1401,309,1,10.168,9.194,,-4.6,18.3,9.10634,0.8278999999999986,,1401-309-1,-15852.270423325732,7061.171474560073,4.809176106981738,,9.10634,0.8278999999999986,,,15802.469723024558,-7084.381793190319,15806.420514696196,-7163.217899797245
146.3555368506,12.4297182289,4.81548,831,1336,1,12.308,11.98,,-7.2,2.6,11.95048,0.2787999999999995,,831-1336-1,14960.947679295507,-8798.196461998112,4.809840409374031,,11.95048,0.2787999999999995,,,-16509.08081249987,5304.043104869384,-16513.24851192747,5343.2986094603
146.7070077229,13.1017594217,4.815571,834,283,1,9.831,9.204,,6.4,-136.7,9.14757,0.532949999999999,,834-283-1,16154.677808767256,-6351.520758888644,4.810453916442296,,9.14757,0.532949999999999,,,-15472.648551255188,7805.016750011233,-15476.652852327717,7860.575522454561
137.6024699054,16.9913756056,4.804808,1401,1951,1,12.143,11.816,,-14.6,9.8,11.78657,0.27795,,1401-1951-1,-15562.044034619508,7691.883208387368,4.810667240005891,,11.78657,0.27795,,,16081.261029343437,-6456.709241487849,16085.256650738842,-6527.388475245516
138.389156661,11.7373702539,4.808431,822,646,1,12.982,12.013,,-6.8,-29.0,11.92579,0.8236499999999994,,822-646-1,-13156.041234387747,-11330.517773741947,4.811618686486736,,11.92579,0.8236499999999994,,,264.89186722915997,-17088.519993322472,264.9773341436096,-17360.64056981734
143.0365818988,10.1769903006,4.816662,824,1656,1,12.848,11.872,,-5.5,-12.7,11.78416,0.8296000000000007,,824-1656-1,3290.94405262476,-17056.685506753412,4.813991295106505,,11.78416,0.8296000000000007,,,-14934.413104440211,-8763.884864915963,-14938.227925786437,-8866.23819164918
146.388476983,12.4745612608,4.819797,831,511,1,10.949,10.297,,-0.1,-16.5,10.23832,0.5541999999999994,,831-511-1,15074.528917197566,-8634.701106679884,4.814298144287667,,10.23832,0.5541999999999994,,,-16462.26993679635,5496.223998887261,-16466.433073282646,5536.792132655481
143.7106339289,10.3513834867,4.817285,824,1684,1,11.096,10.49,,40.1,-40.8,10.43546,0.5150999999999999,,824-1684-1,5685.3163919643885,-16415.839520480917,4.81432294696631,,10.43546,0.5150999999999999,,,-16045.118062104733,-6578.228562173069,-16049.109254354054,-6650.466282955536
141.8960707604,19.7185470875,4.815488,1406,386,1,13.902,12.02,,9.6,-0.3,11.85062,1.5996999999999997,,1406-386-1,-731.6141452692833,17368.74168062826,4.817543570675286,,11.85062,1.5996999999999997,,,13468.361043514455,10913.385625545905,13471.97647258394,10987.005813600981
139.7899146268,19.1818872794,4.813665,1405,1424,1,11.641,11.139,,9.6,-8.6,11.09382,0.4267000000000006,,1405-1424-1,-7918.417720683448,15476.480193440577,4.817657262226357,,11.09382,0.4267000000000006,,,16825.49302459287,4324.674422570196,16829.705474384882,4357.039364368754
139.5843719351,19.0785604911,4.817675,1405,247,1,12.097,12.264,,1.6,-1.0,12.27903,-0.1419499999999998,,1405-247-1,-8624.78634644672,15112.138338580735,4.8219460922456125,,12.27903,-0.1419499999999998,,,17022.13649669903,3560.188090322418,17026.37330848154,3586.9592479541234
139.0361341566,18.7263506742,4.818253,1405,1299,1,11.578,10.936,,31.3,-65.1,10.87822,0.5456999999999995,,1405-1299-1,-10515.73085529943,13864.690153469193,4.822315127081029,,10.87822,0.5456999999999995,,,17345.145239584057,1335.4513263306212,17349.40471113158,1344.7619276899086
142.239796272,19.7269576455,4.821514,1406,324,1,11.954,11.13,,-47.4,-26.0,11.055840000000002,0.7003999999999998,,1406-324-1,435.8264367400317,17398.284975307488,4.822949376389612,,11.055840000000002,0.7003999999999998,,,12715.353800551575,11801.097333659754,12718.806047484177,11879.488098880754
137.7137158774,12.6626750422,4.819447,818,484,1,11.905,11.676,,-12.4,3.2,11.65539,0.1946499999999993,,818-484-1,-15485.503433380378,-7947.747401424746,4.823561390418021,,11.65539,0.1946499999999993,,,4339.730671738519,-16597.265786167587,4341.102399146071,-16855.928787884175
140.2020041623,10.4518861636,4.826655,822,1021,1,13.415,11.766,,5.9,-1.9,11.61759,1.4016499999999992,,822-1021-1,-6781.137348967257,-16044.704153161256,4.827116277066428,,11.61759,1.4016499999999992,,,-7490.788385943264,-15494.414735555363,-7493.05687430468,-15724.835572636965
143.457432314,19.5593400511,4.827902,1406,1061,1,13.874,11.361,,0.6,-8.8,11.13483,2.13605,,1406-1061-1,4582.436139915335,16809.23210705631,4.828166352652786,,11.13483,2.13605,,,9522.07847175068,14496.64628490804,9524.759243794553,14588.624553159449
146.0027410151,17.97288547,4.833836,1413,89,1,11.457,9.955,,-17.5,6.0,9.81982,1.2767000000000006,,1413-89-1,13362.728508783677,11194.449116119951,4.8307713358709075,,9.81982,1.2767000000000006,,,-503.81877099857206,17319.883501328735,-503.9664311093857,17424.81627016987
145.2635691102,11.1759076047,4.835725,824,809,1,12.235,11.901,,-5.2,-2.9,11.87094,0.2838999999999996,,824-809-1,11167.921002200455,-13385.398252811117,4.830875297505615,,11.87094,0.2838999999999996,,,-17419.899111607785,-531.9509134191895,-17424.14936716788,-538.8550161019533
144.6903789657,10.7777238477,4.837421,824,1224,1,6.886,6.703,47336.0,-76.0,-63.2,6.68653,0.1555499999999998,47336.0,824-1224-1,9149.386136924039,-14848.379572684316,4.833202831913857,6.66,6.66,0.184,83452.0,A3,-17173.349351680004,-2988.7813630478718,-17177.537636689085,-3019.576685097633
142.8466511686,19.6888214575,4.833688,1406,630,1,12.726,11.676,,0.7,-16.1,11.5815,0.8925000000000006,,1406-630-1,2501.465428265417,17265.621975000977,4.834573595445375,,11.5815,0.8925000000000006,,,11244.781992282438,13249.96358124833,11247.89417680277,13335.812988336673
139.9218204922,10.56576001,4.835539,822,901,1,11.394,10.869,,4.1,4.8,10.82175,0.4462500000000003,,822-901-1,-7773.252765561462,-15625.415022991394,4.836296651997179,,10.82175,0.4462500000000003,,,-6518.72635614622,-15946.48404680323,-6520.734374434621,-16188.177056608538
137.2264056479,16.01279778,4.830555,1401,729,1,11.357,11.042,,-12.3,-15.8,11.01365,0.2677499999999995,,1401-729-1,-16943.00305986552,4185.717061717494,4.836364027866678,,11.01365,0.2677499999999995,,,14377.107669411369,-9770.449386320322,14380.84141456042,-9888.224320707817
143.5038067128,10.2635668517,4.839874,824,1451,1,12.256,11.763,,-27.0,-22.7,11.71863,0.4190500000000002,,824-1451-1,4950.2615461547175,-16737.109332107015,4.836761762960619,,11.71863,0.4190500000000002,,,-15797.227506480338,-7331.227554453542,-15801.188044470853,-7413.391568878455
139.2988161807,10.919218075,4.835737,822,563,1,12.751,11.684,,-2.2,-7.4,11.58797,0.90695,,822-563-1,-9972.340564175509,-14327.409654834415,4.8374437665075485,,11.58797,0.90695,,,-4088.610379615531,-16708.72167774969,-4089.908740587263,-16970.412200032635
144.4910414337,19.1752485922,4.838955,1413,92,1,11.36,10.81,,-7.1,-15.2,10.7605,0.4674999999999991,,1413-92-1,8118.377902433642,15455.472959178058,4.837897670430342,,10.7605,0.4674999999999991,,,6162.708901728703,16233.281926162676,6164.486992817339,16333.36475665657
140.3439152799,19.4400947744,4.835068,1405,647,1,9.483,8.754,45886.0,-33.1,-20.0,8.68839,0.6196500000000008,45886.0,1405-647-1,-6021.11828829311,16389.453681924624,4.838595525377916,8.7,8.7,0.656,80612.0,G0,16248.234384821517,6335.703526739801,16252.37634748004,6381.874371486786
139.0855732094,11.0681358697,4.836699,822,948,1,12.662,11.978,,-13.1,-3.1,11.91644,0.5814000000000009,,822-948-1,-10722.735473937066,-13780.689331200216,4.838725025591492,,11.91644,0.5814000000000009,,,-3181.809523662386,-16901.441776054096,-3182.828095655584,-17168.402948457155
147.0458688948,15.8022882994,4.847205,1411,645,1,10.448,10.15,,12.0,-14.3,10.12318,0.2533,,1411-645-1,17134.117377785304,3430.285982253045,4.842359607244222,,10.12318,0.2533,,,-8810.978069424253,14994.312218864008,-8813.475998705377,15088.654050511366
137.3792771086,13.3569509367,4.83805,818,144,1,9.232,8.568,44956.0,7.7,-0.2,8.508239999999999,0.5643999999999997,44956.0,818-144-1,-16614.034735143014,-5417.498388213004,4.8426010748141834,8.45,8.45,0.4,78609.0,G0,6980.184722100099,-15781.89210920263,6982.321480791932,-16019.44523713933
145.8471287336,11.7052386072,4.848356,831,331,1,12.879,10.808,,-0.3,-4.1,10.62161,1.7603499999999996,,831-331-1,13208.13891796416,-11444.929650402924,4.843121152274776,,10.62161,1.7603499999999996,,,-17323.880509693576,2258.3988307688073,-17328.15585767905,2275.162181228356
139.3917628196,10.8507093789,4.842463,822,861,1,11.937,10.792,,-29.0,-21.2,10.68895,0.9732499999999996,,822-861-1,-9646.028217926822,-14578.894172766142,4.8442940461087725,,10.68895,0.9732499999999996,,,-4493.207762236737,-16633.76452099168,-4494.630236274509,-16893.43999074578
139.1129496903,18.8102563073,4.840417,1405,832,1,7.384,7.057,45510.0,-167.4,-12.4,7.027570000000001,0.27795,45510.0,1405-832-1,-10253.813047631034,14165.496150070503,4.8459656817491945,7.03,7.03,0.317,79765.0,A3,17396.09750540347,1727.8385980122482,17400.37811021066,1740.3461768093775
138.6874105636,11.3877241867,4.843654,822,118,1,12.916,11.538,,-7.5,-15.9,11.41398,1.1713,,822-118-1,-12118.840138668746,-12608.616743051092,4.846293234331705,,11.41398,1.1713,,,-1378.9474984483413,-17159.72172159521,-1379.39383427594,-17433.897301800363
137.2795602537,16.2579726611,4.840576,1401,463,1,13.287,12.292,,-14.4,-11.6,12.20245,0.8457500000000008,,1401-463-1,-16738.667099834198,5067.240687925233,4.846422563844596,,12.20245,0.8457500000000008,,,14900.416859382265,-9043.493726336306,14904.239803198372,-9150.0568499431
140.4762024753,10.3289485578,4.846313,823,1055,1,11.778,9.891,,5.0,-5.0,9.72117,1.6039500000000004,,823-1055-1,-5809.87654797926,-16495.755808110694,4.846459785983151,,9.72117,1.6039500000000004,,,-8472.750613647651,-15077.73759384274,-8475.278480699417,-15298.178971961754
138.8559740002,18.61756771,4.841899,1405,1379,1,12.073,11.375,,16.3,-26.6,11.31218,0.5933000000000003,,1405-1379-1,-11139.12719983413,13482.82925991148,4.846477246432906,,11.31218,0.5933000000000003,,,17473.596604911363,621.8081301957236,17477.874856107883,625.0841065380965
137.1202494448,14.4700883842,4.841925,818,36,1,12.069,11.463,,-21.2,-0.1,11.40846,0.5151000000000013,,818-36-1,-17438.131623467492,-1377.6222393674952,4.847418896389948,,11.40846,0.5151000000000013,,,10547.06899997283,-13761.867733786696,10550.082737807636,-13952.85031014091
137.1137144135,14.52359215,4.843154,818,30,1,10.005,9.716,,2.5,-7.2,9.68999,0.2456500000000012,,818-30-1,-17456.0955403858,-1184.0639388895513,4.8484514983848195,,9.68999,0.2456500000000012,,,10703.6821862341,-13649.144505562099,10706.730261176739,-13837.745699385354
138.2548904153,18.0420294175,4.843247,1404,1826,1,12.354,11.435,,-18.4,-21.5,11.35229,0.7811499999999989,,1404-1826-1,-13238.061088128705,11440.51951146345,4.848565535821955,,11.35229,0.7811499999999989,,,17340.50348449336,-2276.9054928303767,17344.72885227535,-2300.462802622803
137.1370509932,15.5999179231,4.843028,1401,93,1,11.467,10.881,,-14.3,2.9,10.82826,0.4981000000000002,,1401-93-1,-17287.708741566617,2702.024266687464,4.8488339711535655,,10.82826,0.4981000000000002,,,13496.84223928427,-10993.229806761768,13500.432473121178,-11131.223280021848
138.6948032834,11.3769598447,4.846627,822,236,1,12.238,11.865,,-0.6,-3.5,11.83143,0.3170499999999994,,822-236-1,-12093.02258187364,-12647.556926450885,4.849118326329472,,11.83143,0.3170499999999994,,,-1425.1915097312817,-17166.093417934084,-1425.65294539546,-17440.453120627684
139.6244181233,10.7038918042,4.849529,822,788,1,13.532,12.329,,-16.8,-0.3,12.22073,1.0225499999999994,,822-788-1,-8825.39335642561,-15117.157177588793,4.850805363265402,,12.22073,1.0225499999999994,,,-5440.326637659265,-16384.278215137707,-5442.031630857936,-16637.316513077258
147.0918092458,14.3182655116,4.860812,834,1239,1,11.672,10.992,,-42.9,-10.2,10.9308,0.5779999999999997,,834-1239-1,17413.18336465086,-1926.2824571170897,4.854848883094708,,10.9308,0.5779999999999997,,,-13000.231540590523,11662.547676539974,-13003.755032753203,11740.182027707277
137.12287722,14.37736194,4.849705,818,31,1,12.669,12.344,,0.0,0.0,12.31475,0.2762500000000009,,818-31-1,-17435.852596978453,-1712.7765213763175,4.854951520558575,,12.31475,0.2762500000000009,,,10295.02208045825,-13978.088342929488,10297.983576103059,-14173.711351020704
146.74187194,13.0619073808,4.862394,834,52,1,11.318,9.539,,0.0,-24.9,9.37889,1.51215,,834-52-1,16280.47998334129,-6490.318904336508,4.85680636790897,,9.37889,1.51215,,,-15659.91629751995,7806.9265570141815,-15663.96956131565,7862.463071464724
147.1372448533,14.8458531739,4.86338,834,1426,1,11.053,10.629,,0.4,5.9,10.59084,0.360400000000001,,834-1426-1,17530.76500426547,-16.586933997114578,4.857984243847752,,10.59084,0.360400000000001,,,-11650.795424607206,13011.628722006599,-11654.009791446499,13096.261013817306
137.3441798775,13.4067259569,4.85417,818,566,1,11.982,11.486,,-14.0,2.9,11.44136,0.4215999999999988,,818-566-1,-16734.509078774397,-5235.173533133165,4.858950369847085,,11.44136,0.4215999999999988,,,7196.443314709214,-15751.624457463278,7198.643887461342,-15988.444646403721
137.326948526,13.457821365,4.85401,818,91,1,12.58,11.371,,-41.7,-4.7,11.26219,1.0276499999999995,,818-91-1,-16792.03090384683,-5049.558715935565,4.859103789910881,,11.26219,1.0276499999999995,,,7373.373344556901,-15673.319838047164,7375.621398766262,-15908.191414598024
140.6174333231,19.551685095,4.85695,1405,371,1,11.504,10.418,,-51.3,-25.5,10.32026,0.9231000000000004,,1405-371-1,-5086.7998558088375,16784.911938809688,4.860192474858575,,10.32026,0.9231000000000004,,,15923.500492057294,7290.740892157643,15927.599382271696,7343.049740027051
137.1733303122,14.0216252303,4.857097,818,92,1,11.836,10.191,,4.2,-8.9,10.04295,1.3982499999999995,,818-92-1,-17287.12540767497,-3001.835237445594,4.862133378277705,,10.04295,1.3982499999999995,,,9232.704895776404,-14706.69691885921,9235.424592208874,-14918.533850720003
140.6356250235,19.5597124564,4.859551,1405,327,1,11.427,10.419,,5.1,1.9,10.32828,0.8567999999999992,,1405-327-1,-5023.142566542565,16814.19365322034,4.862866950122843,,10.32828,0.8567999999999992,,,15903.123260321136,7357.362585701074,15907.219797475636,7410.089592347107
143.9254288493,10.3760092933,4.866555,824,812,1,13.188,11.561,,-60.9,-26.4,11.41457,1.3829500000000006,,824-812-1,6445.611085124482,-16322.098218941648,4.862927635425242,,11.41457,1.3829500000000006,,,-16479.830501394452,-5955.3224758307315,-16483.9082964031,-6019.7640988028015
146.8640789661,16.55959009,4.868978,1411,206,1,11.496,11.075,,-3.7,-3.0,11.037109999999998,0.3578500000000009,,1411-206-1,16441.257241843472,6151.74700730552,4.864515695468524,,11.037109999999998,0.3578500000000009,,,-6316.784100721217,16277.587482306255,-6318.607885008573,16377.854723066463
143.2246210331,10.16207108,4.869231,824,1863,1,12.59,11.825,,3.2,18.6,11.75615,0.6502500000000004,,824-1863-1,3960.2134932340996,-17107.810164093094,4.8660984387455395,,11.75615,0.6502500000000004,,,-15416.979546240795,-8304.077033207706,-15420.892406620515,-8399.793860927402
145.6740741336,11.4915905389,4.871565,831,1404,1,12.996,12.053,,-12.5,-60.2,11.96813,0.8015499999999997,,831-1404-1,12606.941360208491,-12227.431369787104,4.866762617038768,,11.96813,0.8015499999999997,,,-17509.675827309067,1297.0748701122998,-17513.975442754236,1306.0293079374565
137.4626269256,16.8296465022,4.861769,1401,564,1,11.551,10.97,,-12.8,14.9,10.91771,0.4938499999999995,,1401-564-1,-16058.719649848203,7118.745344733892,4.867657296163922,,10.91771,0.4938499999999995,,,15982.56157858993,-7198.918029014686,15986.56311568442,-7279.341441630086
139.6841130418,10.651583105,4.866538,822,1242,1,12.207,11.605,,-9.4,-13.0,11.55082,0.5117000000000003,,822-1242-1,-8615.167591467478,-15308.682972123437,4.86779760891393,,11.55082,0.5117000000000003,,,-5723.042710066953,-16355.028730546865,-5724.834315659142,-16607.32245210853
138.1107680106,11.9792835875,4.864542,822,300,1,11.15,11.148,,-8.2,1.9,11.14782,0.0017000000000005,,822-300-1,-14127.20645348807,-10440.900810685333,4.867903459126121,,11.14782,0.0017000000000005,,,1574.5277980356493,-17220.072943113697,1575.0388120652956,-17495.988816255467
146.8469705585,16.6172191725,4.872865,1411,110,1,12.584,11.723,,-22.3,-42.3,11.645510000000002,0.731849999999999,,1411-110-1,16376.914268213555,6357.534447343992,4.8681483020453085,,11.645510000000002,0.731849999999999,,,-6120.248864184649,16365.740063234598,-6122.018150784081,16466.403947403196
138.1640799298,17.9669308822,4.862926,1404,395,1,12.289,10.263,,0.9,1.0,10.08066,1.7220999999999995,,1404-395-1,-13554.931289299953,11176.011171970797,4.868288191304233,,10.08066,1.7220999999999995,,,17353.155848559865,-2685.327076491634,17357.386312358725,-2713.0293727126386
142.6055446447,10.0608505589,4.870888,823,1203,1,12.869,11.818,,3.5,6.7,11.72341,0.8933500000000001,,823-1203-1,1759.348118183549,-17480.609607281374,4.868505048968809,,11.72341,0.8933500000000001,,,-14234.377397096549,-10168.680925190218,-14238.101625097206,-10292.884928752797
142.1844046459,10.0321666117,4.875632,823,971,1,11.856,11.538,,-3.0,-8.7,11.50938,0.2702999999999996,,823-971-1,261.0148294036254,-17586.3585653399,4.873847771800844,,11.50938,0.2702999999999996,,,-13318.602915608566,-11339.303954130937,-13322.173066303276,-11483.37237580245
138.9061111981,11.16075351,4.873117,822,346,1,10.507,10.045,,17.1,-8.5,10.00342,0.3926999999999997,,822-346-1,-11354.319811759538,-13438.827728625602,4.875215854247797,,10.00342,0.3926999999999997,,,-2507.002103360055,-17139.939721942064,-2507.8129592632476,-17413.60224849378
146.5865188467,17.2032871128,4.879791,1410,82,1,12.896,11.652,,-25.9,7.0,11.54004,1.0574000000000012,,1410-82-1,15430.017395471132,8456.010030445383,4.875739940116932,,11.54004,1.0574000000000012,,,-3923.096451775268,17048.254287673244,-3924.2418002555896,17151.963991119475
137.6746220796,17.2765852878,4.87181,1401,165,1,13.237,11.723,,2.9,-19.6,11.58674,1.2868999999999997,,1401-165-1,-15291.118958688352,8716.32189814993,4.877330842251859,,11.58674,1.2868999999999997,,,16667.176311656363,-5584.602731941288,16671.289086685123,-5644.528911175645
146.8722725994,16.5804727683,4.883268,1411,631,1,10.889,10.345,,13.1,-27.5,10.29604,0.4623999999999988,,1411-631-1,16468.561809158527,6227.241145271805,4.878893256953604,,10.29604,0.4623999999999988,,,-6278.480448037029,16347.826559442303,-6280.295043725006,16448.402795019585
137.9975941151,17.7752613519,4.874433,1404,542,1,13.075,12.247,,-1.9,-4.7,12.17248,0.7037999999999994,,1404-542-1,-14141.247511100408,10494.931162005343,4.879883050633653,,12.17248,0.7037999999999994,,,17233.30526906182,-3566.739976549671,17237.51477006185,-3603.6850330372536
137.9855417824,12.1254931992,4.876515,822,598,1,12.238,11.576,,-1.6,-14.5,11.51642,0.5626999999999992,,822-598-1,-14560.856361692026,-9905.930560163286,4.880098654285815,,11.51642,0.5626999999999992,,,2262.2609512625904,-17189.881207216684,2262.9942417718,-17464.96078754015
138.2639237275,18.1020600703,4.875366,1404,1753,1,12.336,11.857,,13.1,-13.7,11.81389,0.4071500000000008,,1404-1753-1,-13202.372161913927,11657.245295751645,4.880474454676765,,11.81389,0.4071500000000008,,,17478.809870893943,-2107.951262243876,17483.06897280608,-2129.8586523766717
138.2618207193,11.77474104,4.877986,822,557,1,10.702,9.342,,-16.6,-10.9,9.2196,1.1559999999999997,,822-557-1,-13605.280739863683,-11188.749217296343,4.881239851480063,,9.2196,1.1559999999999997,,,669.0809583036288,-17323.49742128501,669.2991011858056,-17602.380855191455
137.8026746924,12.3909295442,4.879692,815,348,1,10.678,9.368,,14.2,-3.9,9.2501,1.1135000000000004,,815-348-1,-15189.452955910452,-8935.61718278047,4.883376005425821,,9.2501,1.1135000000000004,,,3404.8059642305807,-17020.26905167895,3405.90160256887,-17290.591945061915
137.1424159453,15.8675149133,4.880421,1401,252,1,12.097,12.045,,7.1,-2.4,12.04032,0.0441999999999996,,1401-252-1,-17246.812738197175,3668.1087784432075,4.886057628626909,,12.04032,0.0441999999999996,,,14191.864867017008,-10332.200087197376,14195.589868916391,-10459.10129554452
137.3005350254,16.4646790475,4.880883,1401,625,1,13.051,12.16,,-13.2,-24.9,12.07981,0.75735,,1401-625-1,-16649.52210733372,5812.040483461703,4.88667401027865,,12.07981,0.75735,,,15397.98953944644,-8490.379600680739,15401.908062369339,-8588.808358690772
137.7009147884,12.5542898942,4.882574,818,454,1,9.866,9.315,,-13.3,-16.9,9.26541,0.4683500000000001,,818-454-1,-15538.543947724944,-8339.365997399535,4.886712886745499,,9.26541,0.4683500000000001,,,4082.215952608257,-16888.956609650555,4083.522306101293,-17155.64684963938
137.2373507289,13.65111821,4.881883,818,380,1,11.58,11.177,,-6.3,-8.1,11.14073,0.3425500000000004,,818-380-1,-17091.61058006832,-4345.006436121289,4.886797795442086,,11.14073,0.3425500000000004,,,8098.889172799364,-15435.24431374688,8101.337036129144,-15664.30883817353
137.668649863,17.2861150261,4.88135,1401,780,1,11.788,11.435,,-1.6,-9.8,11.40323,0.3000499999999997,,1401-780-1,-15311.203411820452,8751.514960839118,4.88695205853761,,11.40323,0.3000499999999997,,,16706.816969003503,-5576.338566885586,16710.939410831877,-5636.174947199315
144.4737830502,19.2409765,4.889214,1413,521,1,12.386,12.432,,-41.4,-16.8,12.43614,-0.0391000000000009,,1413-521-1,8055.990608236293,15692.740201428453,4.888039574114425,,12.43614,-0.0391000000000009,,,6381.47033389523,16343.728888556878,6383.314615556594,16444.28089727071
137.8193394926,17.5359556756,4.882967,1404,471,1,12.381,11.622,,-10.0,-12.8,11.55369,0.6451500000000002,,1404-471-1,-14772.914426612102,9642.940828375326,4.888541589453189,,11.55369,0.6451500000000002,,,17015.800481384267,-4593.435902870649,17019.97414425186,-4641.744133894836
143.0467533685,10.1004098,4.893794,824,1845,1,11.967,11.441,,-13.3,-1.9,11.39366,0.4470999999999998,,824-1845-1,3328.078588513546,-17333.932091513034,4.891010699608901,,11.39366,0.4470999999999998,,,-15166.293332367073,-8917.854306924592,-15170.177483175572,-9022.584107308965
138.8134284045,11.2150534392,4.889936,822,140,1,9.774,9.37,,-18.5,-9.7,9.33364,0.3433999999999999,,822-140-1,-11681.390203612877,-13238.635828791868,4.89237790427312,,9.33364,0.3433999999999999,,,-2140.2426287608923,-17248.443509416466,-2140.938164769034,-17525.202979454316
142.7775301028,19.7567560467,4.891791,1406,624,1,11.556,10.372,,7.1,-13.6,10.26544,1.0063999999999993,,1406-624-1,2265.752270170692,17511.023359324874,4.892793476822737,,10.26544,1.0063999999999993,,,11584.697479961837,13236.794830834608,11587.9035186839,13322.539715920442
143.8950524183,10.3310127156,4.897922,824,1246,1,12.71,11.451,,-8.6,8.8,11.33769,1.0701500000000002,,824-1246-1,6340.305986067597,-16484.848421635455,4.894199894509655,,11.33769,1.0701500000000002,,,-16531.565304381307,-6139.807174652374,-16535.66251808198,-6206.57494672834
145.3706031464,18.6771682936,4.896918,1413,557,1,12.304,11.385,,-53.4,0.7,11.30229,0.7811500000000003,,1413-557-1,11149.116330505456,13700.272201952725,4.894594461172121,,11.30229,0.7811500000000003,,,2838.7246293036587,17328.860672990384,2839.5568027080644,17433.793922234385
146.7814955369,13.05389333,4.901085,834,99,1,12.679,11.819,,7.0,-4.2,11.7416,0.7309999999999995,,834-99-1,16421.131468366453,-6516.159665205432,4.895481445672191,,11.7416,0.7309999999999995,,,-15772.605384430308,7894.4166096792005,-15776.692050086243,7950.464353769968
137.1116269627,14.1648768433,4.890515,818,365,1,12.802,12.015,,-12.4,8.4,11.944170000000002,0.6689499999999992,,818-365-1,-17492.939041945287,-2479.2813177744943,4.895761275601162,,11.944170000000002,0.6689499999999992,,,9759.940826600658,-14517.81255274643,9762.798044687766,-14725.404120652467
146.8491186645,16.6954057916,4.901963,1411,586,1,11.996,11.293,,-43.4,-18.2,11.22973,0.597550000000001,,1411-586-1,16377.760535154628,6640.901972411877,4.897188137784015,,11.22973,0.597550000000001,,,-5909.0010217885065,16553.71908303617,-5910.713942994761,16655.21179205304
139.4780857991,10.7341342117,4.896314,822,1022,1,12.357,11.807,,-38.0,-7.5,11.7575,0.4674999999999991,,822-1022-1,-9344.65750211676,-15003.465626604664,4.89792131656084,,11.7575,0.4674999999999991,,,-5010.611013775987,-16688.814484584793,-5012.201201225331,-16950.057337927043
137.4637349582,16.9099071342,4.892232,1401,2161,1,12.368,11.66,,-27.1,7.5,11.59628,0.6018000000000001,,1401-2161-1,-16049.204835412518,7408.554926050102,4.89821036901863,,11.59628,0.6018000000000001,,,16192.881297563226,-7001.93200989587,16196.927374463827,-7079.774400902844
138.3939839076,18.2710028308,4.89512,1404,1619,1,11.971,11.154,,-25.9,-5.7,11.08047,0.6944500000000001,,1404-1619-1,-12745.764979829999,12259.577567553977,4.900457038847568,,11.08047,0.6944500000000001,,,17625.902560078997,-1373.676539313092,17630.198509390768,-1388.4767104267014
140.0678353504,19.4009540175,4.897189,1405,490,1,12.217,11.627,,-36.1,-35.7,11.5739,0.5014999999999998,,1405-490-1,-6963.57730291615,16257.590031195614,4.900838069630549,,11.5739,0.5014999999999998,,,16775.396486880967,5548.79811083741,16779.641719985342,5589.657075800461
139.6775934089,10.6153052078,4.901473,822,1155,1,12.106,12.231,,-11.9,6.1,12.24225,-0.10625,,822-1155-1,-8639.831604625544,-15439.424966981851,4.902567543057376,,12.24225,-0.10625,,,-5804.383175205987,-16457.53169948203,-5806.207981578333,-16712.584550033218
146.2169588542,17.8271081667,4.907456,1413,158,1,11.701,11.46,,6.1,-24.8,11.43831,0.2048499999999997,,1413-158-1,14110.900864605424,10682.182724502458,4.904157157358773,,11.43831,0.2048499999999997,,,-1383.404094019815,17538.183309024,-1383.8108833668425,17644.02500591796
140.6983795285,10.1988610833,4.904437,823,756,1,11.505,10.882,,-7.5,-9.2,10.82593,0.529550000000001,,823-756-1,-5023.2761887152865,-16971.164996502663,4.904369001604612,,10.82593,0.529550000000001,,,-9350.319979165433,-14811.45711024307,-9353.084586643383,-15025.76299965259
147.0714459486,13.9183033311,4.910127,834,467,1,13.96,11.759,,-7.3,-10.7,11.56091,1.8708500000000003,,834-467-1,17374.909212917086,-3372.702448298582,4.904437918254211,,11.56091,1.8708500000000003,,,-14056.024505099274,10678.773977670859,-14059.787279107113,10751.045234214693
142.2724810655,19.8103549278,4.905796,1406,340,1,12.083,11.502,,-4.7,-27.7,11.44971,0.4938499999999995,,1406-340-1,547.8918966516444,17700.74144060469,4.90719348624729,,11.44971,0.4938499999999995,,,12867.018606456997,12084.303568505948,12870.525504555977,12164.127848478738
138.3180966959,11.6711714975,4.904437,822,996,1,12.339,10.957,,-2.6,-22.5,10.83262,1.1746999999999996,,822-996-1,-13411.851227782325,-11566.515784328347,4.907548545092533,,10.83262,1.1746999999999996,,,258.3184902081595,-17426.727967025672,258.4031024374501,-17708.621306638757
145.905125965,11.6692414356,4.914739,831,149,1,11.347,11.056,,-9.5,4.6,11.02981,0.2473500000000003,,831-149-1,13415.69866375549,-11572.207603218163,4.909376988674384,,11.02981,0.2473500000000003,,,-17556.816379204585,2328.5659223063094,-17561.1517636642,2345.8278245083275
137.034968004,14.7113961933,4.905838,818,39,1,8.896,7.478,44838.0,-22.9,-9.4,7.35038,1.205300000000001,44838.0,818-39-1,-17717.647257253135,-499.60075114321245,4.911459466885873,7.35,7.35,1.213,78347.0,K0,11388.953067389437,-13395.37335162061,11392.172705989937,-13578.771162365585
144.0844722168,19.441791161,4.912815,1413,288,1,10.428,9.71,47140.0,-75.1,-9.2,9.64538,0.6103,47140.0,1413-288-1,6719.9137113115075,16403.924440922416,4.912092219557796,9.63,9.63,0.638,,F5,7800.055191735837,15819.46110096298,7802.292723662003,15917.60678008026
143.9096865415,10.3174338656,4.915674,824,1828,1,12.497,11.872,,0.9,-9.2,11.81575,0.53125,,824-1828-1,6393.00420421082,-16534.255297114185,4.9121398455187935,,11.81575,0.53125,,,-16603.482803102925,-6133.278123910881,-16607.5978588257,-6199.983414875963
146.9618002541,13.477744133,4.919931,834,142,1,8.951,7.635,48060.0,64.9,-18.5,7.51656,1.1186000000000005,48060.0,834-142-1,17025.877566305706,-4972.572577157126,4.914899116572247,7.52,7.52,1.118,84780.0,K0,-15020.228813856043,9362.847009092768,-15024.186119084508,9427.662297570729
147.0024907866,13.5958687189,4.923873,834,375,1,11.933,10.995,,1.5,-55.0,10.91058,0.7973000000000005,,834-375-1,17158.232278053263,-4543.872839045195,4.9183547271376025,,10.91058,0.7973000000000005,,,-14787.637672895398,9744.294556727455,-14791.551432082106,9811.305800815799
143.5479944586,19.6292846058,4.918839,1406,887,1,12.84,12.175,,-26.4,-33.5,12.115150000000002,0.5652499999999993,,1406-887-1,4888.46052936906,17064.64798171557,4.91872398643986,,12.115150000000002,0.5652499999999993,,,9509.813346954967,14893.22974939217,9512.505944383545,14987.043996236793
146.8026778244,16.8656342475,4.923756,1411,327,1,10.877,10.073,,-33.9,-22.5,10.00064,0.6834000000000002,,1411-327-1,16203.822627649552,7252.22041331334,4.919184622542289,,10.00064,0.6834000000000002,,,-5336.588119389947,16828.41227907923,-5338.141302469403,16931.11975347403
141.9864499629,19.8236806933,4.917785,1406,164,1,9.168,8.87,46419.0,-10.2,-1.4,8.843179999999998,0.2533,46419.0,1406-164-1,-424.56863538772086,17749.635800603315,4.9197380034329115,8.85,8.85,0.317,81726.0,F0,13549.201671966035,11393.363596868672,13552.861749314703,11469.514723133318
138.9618571864,18.7945012758,4.91507,1405,940,1,8.756,8.427,45456.0,-22.0,10.3,8.39739,0.2796500000000005,45456.0,1405-940-1,-10768.103651782762,14117.934985662936,4.920035514136517,8.42,8.42,0.296,79661.0,A3,17701.99366551358,1315.1829166422913,17706.34150698065,1324.2412745124745
138.2362735117,18.1359117056,4.917278,1404,1887,1,11.744,11.219,,-8.0,-8.6,11.17175,0.4462500000000003,,1404-1887-1,-13295.943677923124,11781.868744197327,4.922569263984088,,11.17175,0.4462500000000003,,,17634.086857478553,-2095.2395738840723,17638.384319479133,-2117.0611683047155
138.2052989245,18.1016205667,4.917652,1404,1722,1,13.5,12.024,,11.0,-3.4,11.89116,1.2546000000000006,,1404-1722-1,-13404.17734833304,11660.169726816732,4.922856233633997,,11.89116,1.2546000000000006,,,17614.974572846215,-2255.387746555195,17619.267720298518,-2278.800878572714
139.2062067066,10.877610275,4.921483,822,602,1,12.128,12.01,,-11.6,-0.6,11.99938,0.1003000000000002,,822-602-1,-10303.463457866244,-14474.811424000809,4.923244196202207,,11.99938,0.1003000000000002,,,-3978.9472181932842,-17044.7996959718,-3980.2291378166515,-17315.86847369916
147.127685431,14.0952370706,4.929402,834,844,1,11.877,10.684,,-8.3,-11.8,10.57663,1.0140500000000012,,834-844-1,17558.339057706915,-2729.3153239656813,4.923732301651765,,10.57663,1.0140500000000012,,,-13696.86123046385,11240.12031886177,-13700.554003512974,11315.443102232313
139.1600980825,10.9077824789,4.922775,822,670,1,11.769,10.841,,-18.9,3.1,10.75748,0.7888000000000007,,822-670-1,-10466.01902779426,-14363.844459975217,4.9246101128155,,10.75748,0.7888000000000007,,,-3788.091446408751,-17091.343895511145,-3789.3143168141028,-17363.717314241847
143.7925749957,10.2616356425,4.928544,824,995,1,10.246,9.931,,-1.3,-11.7,9.90265,0.2677500000000011,,824-995-1,5977.99675999441,-16738.86623024774,4.925141503699798,,9.90265,0.2677500000000011,,,-16480.88607883403,-6573.848302560938,-16484.987001941423,-6646.1486202505375
140.5015346845,10.2363321319,4.926075,823,1178,1,10.757,10.413,,-11.4,-1.1,10.38204,0.2923999999999995,,823-1178-1,-5722.661334344992,-16831.824621303815,4.926173656762875,,10.38204,0.2923999999999995,,,-8781.829534873268,-15231.924066268479,-8784.464758930846,-15456.142847717376
137.3415064703,13.1962975433,4.927691,818,102,1,13.31,12.034,,-3.7,-0.6,11.919160000000002,1.0845999999999998,,818-102-1,-16759.963138580013,-5995.5479287642165,4.932247922388879,,11.919160000000002,1.0845999999999998,,,6644.962811578865,-16262.449664624017,6647.0358565023225,-16512.415743768262
139.3381947029,10.7796173175,4.93081,822,790,1,12.627,11.816,,-4.0,4.7,11.74301,0.6893499999999999,,822-790-1,-9838.831674744088,-14833.999877226865,4.932303699527124,,11.74301,0.6893499999999999,,,-4555.870107659423,-16938.863128493864,-4557.331352728758,-17207.00125015845
137.3192636591,13.2520533258,4.928379,818,389,1,11.969,11.453,,-0.1,-47.1,11.40656,0.4386,,818-389-1,-16834.04369801673,-5793.78428063175,4.9330998328935305,,11.40656,0.4386,,,6844.95453397911,-16185.843471029444,6847.083523577807,-16433.81911602976
138.4773802653,18.403452255,4.929531,1404,616,1,12.552,11.697,,-21.5,-9.0,11.62005,0.7267500000000003,,1404-616-1,-12451.213037193154,12733.062200566254,4.934730495028182,,11.62005,0.7267500000000003,,,17784.269891827822,-843.9607755050941,17788.607762421187,-853.8225669242422
142.5343125751,9.9849095467,4.940085,820,218,1,12.665,12.243,,-15.2,6.4,12.20502,0.3586999999999989,,820-218-1,1505.961491661982,-17756.367617001208,4.937771247781289,,12.20502,0.3586999999999989,,,-14272.250784589607,-10535.12847772862,-14276.012604750951,-10665.45709632083
140.693679266,10.1651975939,4.938008,823,833,1,10.649,10.107,,-13.0,-32.2,10.05822,0.4606999999999998,,823-833-1,-5040.921053329328,-17093.75710272045,4.938165050467362,,10.05822,0.4606999999999998,,,-9430.228531260318,-14903.86817300327,-9433.025989829133,-15120.364996517741
140.7954171041,19.6825646391,4.93643,1405,103,1,12.873,11.872,,-35.6,-50.7,11.78191,0.8508499999999996,,1405-103-1,-4477.489756482807,17253.730255134647,4.939183758321633,,11.78191,0.8508499999999996,,,15869.379868285396,8052.952596853212,15873.499150709422,8109.9412420058325
138.680327305,18.5946720222,4.934541,1405,25,1,12.504,11.354,,-11.7,-15.5,11.2505,0.9775000000000004,,1405-25-1,-11743.439547765327,13411.464198347,4.939466983299085,,11.2505,0.9775000000000004,,,17821.464106531857,126.97072452789968,17825.82122528304,125.86500629062932
146.6715670236,12.7116118425,4.947568,834,487,1,12.546,11.413,,-17.1,-32.3,11.31103,0.9630499999999992,,834-487-1,16057.897399094018,-7761.2258799832025,4.941917505192936,,11.31103,0.9630499999999992,,,-16462.16521625906,6802.942161067934,-16466.38229548711,6852.076337784461
142.3333315265,19.8431603116,4.940817,1406,337,1,13.38,11.485,,-32.9,-34.9,11.31445,1.610750000000001,,1406-337-1,753.8740232316887,17819.764361696416,4.9420692491594975,,11.31445,1.610750000000001,,,12819.224953856252,12316.164736448136,12822.729703728777,12397.174310882541
146.6876713416,12.7424690222,4.947733,834,361,1,11.79,11.085,,2.2,-11.2,11.02155,0.5992499999999985,,834-361-1,16113.030465465305,-7648.089425476334,4.942151911302772,,11.02155,0.5992499999999985,,,-16414.19557439302,6918.550469148082,-16418.405315526335,6968.428053456143
140.1980250553,10.3281708275,4.942701,822,1096,1,12.585,11.176,,-7.5,4.3,11.04919,1.1976500000000003,,822-1096-1,-6799.481805913678,-16492.828033308437,4.943104880232546,,11.04919,1.1976500000000003,,,-7813.530745613347,-15798.03047201481,-7815.924948373729,-16036.13564942096
137.1061356592,13.9331673108,4.938764,818,572,1,11.063,10.436,,46.0,-66.3,10.37957,0.5329500000000006,,818-572-1,-17529.55950931668,-3318.03128367349,4.943479340190432,,10.37957,0.5329500000000006,,,9157.271836014022,-15088.926103048621,9160.005979388825,-15309.77069219749
146.9182769141,13.2601395933,4.949928,834,138,1,11.583,10.774,,-16.1,-27.6,10.70119,0.6876500000000009,,834-138-1,16887.334051686907,-5762.261689133861,4.944181858762931,,10.70119,0.6876500000000009,,,-15518.553612181735,8738.546945554812,-15522.612954034736,8799.670347607163
144.66750968,10.6355687525,4.948279,824,257,1,12.074,11.291,,-14.9,-72.1,11.22053,0.6655499999999995,,824-257-1,9075.704298471308,-15364.27113988434,4.944518119966423,,11.22053,0.6655499999999995,,,-17510.050296554975,-3382.2152497455813,-17514.32601910103,-3417.2533224528242
143.7735909852,10.2343718033,4.948158,824,1101,1,12.024,10.127,,8.0,-6.8,9.95627,1.6124499999999986,,824-1101-1,5911.458727669284,-16837.92633520289,4.944764333872894,,9.95627,1.6124499999999986,,,-16510.752702838177,-6687.888463030323,-16514.865813248005,-6761.679874785079
136.9934554277,14.9138135036,4.939806,818,85,1,12.029,11.412,,1.6,-4.7,11.356470000000002,0.5244499999999992,,818-85-1,-17845.740846461496,235.02719214686147,4.945263319221847,,11.356470000000002,0.5244499999999992,,,12023.134562320776,-13011.071317135002,12026.496791565773,-13186.7008407173
138.3838168667,11.5445733642,4.942502,822,706,1,12.961,11.791,,8.2,-21.3,11.6857,0.9945,,822-706-1,-13186.234543070255,-12027.714531369624,4.945394584251825,,11.6857,0.9945,,,-236.16948661204808,-17560.36315414569,-236.2473160850941,-17846.200869614404
145.9328964532,11.6452043614,4.950982,831,475,1,12.459,11.504,,-8.5,-29.3,11.41805,0.8117500000000001,,831-475-1,13515.70201109455,-11658.772829875463,4.945846314733605,,11.41805,0.8117500000000001,,,-17687.914555229272,2345.7461373643823,-17692.2831827609,2363.1124671388866
137.3106221113,16.6741198014,4.940373,1401,822,1,10.921,9.72,,0.9,-5.9,9.61191,1.020849999999999,,1401-822-1,-16597.743553356082,6568.593563172723,4.946080539504443,,9.61191,1.020849999999999,,,15929.15243712009,-7956.810257488226,15933.177763037686,-8047.692764548597
145.2334836243,11.0053384747,4.951077,824,1890,1,12.242,11.015,,-19.7,4.1,10.90457,1.0429500000000005,,824-1890-1,11069.429621749425,-14003.961722520895,4.9461709249950045,,10.90457,1.0429500000000005,,,-17816.88268128712,-1011.8295982674484,-17821.227530493,-1023.2621282430317
140.8021529733,10.1257422655,4.947659,823,1130,1,10.955,9.798,,-60.4,-25.1,9.69387,0.98345,,823-1130-1,-4657.123724548219,-17238.239893031343,4.94773453870391,,9.69387,0.98345,,,-9793.032423448822,-14717.158667623054,-9795.919104547631,-14929.356479520791
141.8991165186,9.96213882,4.949046,820,266,1,11.517,10.42,,-18.5,-54.5,10.32127,0.9324499999999996,,820-266-1,-754.6526753804084,-17841.348460197114,4.948024038083091,,10.32127,0.9324499999999996,,,-12834.833153679921,-12251.247728833965,-12838.350469269986,-12412.089782419316
140.5032371083,19.6099415677,4.945365,1405,683,1,13.76,11.544,,-62.2,-86.0,11.34456,1.8835999999999993,,1405-683-1,-5474.511797901343,16998.00763073038,4.9481732395988995,,11.34456,1.8835999999999993,,,16340.191530974254,7143.369284907434,16344.392062853822,7194.6779591202485
145.4493461703,11.1756411866,4.952707,824,423,1,10.03,9.03,,61.1,-112.1,8.94,0.85,,824-423-1,11829.221549743503,-13381.9968774471,4.9489897516768275,,8.94,0.85,,,-17856.390726402537,-39.573852361705654,-17860.754335909118,-42.15985324514387
146.4421237577,12.3016976928,4.954918,831,629,1,11.912,11.302,,-43.1,-10.6,11.2471,0.518500000000001,,831-629-1,15275.282947227422,-9256.584327101997,4.9490692467058475,,11.2471,0.518500000000001,,,-17060.406732372798,5235.245988995273,-17064.71242261832,5273.918131327633
137.04901917,15.71623833,4.943474,1401,3,1,12.93,11.861,,0.0,0.0,11.76479,0.9086499999999992,,1401-3-1,-17585.128749928666,3129.3989283962724,4.94915621660314,,11.76479,0.9086499999999992,,,14013.751524375588,-10932.71431594203,14017.47578458147,-11069.790577661895
142.9123205784,19.7952537108,4.948313,1406,850,1,12.493,11.525,,-5.4,-8.7,11.43788,0.8228,,1406-850-1,2723.302505759253,17652.76760952067,4.949207850125017,,11.43788,0.8228,,,11386.86744132477,13670.893515088635,11390.037676431022,13758.765298641369
139.0431881173,18.8922339556,4.945823,1405,289,1,13.125,10.927,,-1.0,-6.7,10.72918,1.8683000000000003,,1405-289-1,-10484.14235828398,14466.526478679625,4.9504506577180445,,10.72918,1.8683000000000003,,,17774.028997669437,1755.3981301147285,17778.404462507675,1768.0396247232286
146.2984166658,12.0870324744,4.957096,831,779,1,11.353,10.744,,-48.3,-8.0,10.68919,0.5176499999999999,,831-779-1,14781.209862319361,-10040.970060302114,4.951280945774844,,10.68919,0.5176499999999999,,,-17318.740189018303,4351.180339990277,-17323.07849549329,4383.628198740649
137.3310601944,13.1661069583,4.947942,818,261,1,12.68,12.094,,-36.4,-9.3,12.04126,0.4981000000000002,,818-261-1,-16800.05134143141,-6104.182749637685,4.952804564705874,,12.04126,0.4981000000000002,,,6590.369486627131,-16361.926165094757,6592.433823239936,-16614.529436668166
137.1005451821,13.9148364314,4.947821,818,285,1,11.924,11.214,,-5.8,-9.5,11.1501,0.6034999999999991,,818-285-1,-17552.077998785004,-3382.3039245156197,4.952902122090806,,11.1501,0.6034999999999991,,,9124.17490794531,-15147.053301461225,9126.904868182002,-15369.288514449443
146.5386101567,12.4490231933,4.959103,831,1333,1,11.325,10.573,,-12.2,-0.3,10.50532,0.639199999999999,,831-1333-1,15607.03944433906,-8717.895242334142,4.953410752357183,,10.50532,0.639199999999999,,,-16877.974762118007,5836.923071512723,-16882.25790460169,5879.6892533523705
141.573596753,9.9783999394,4.956071,820,196,1,11.189,10.584,,-37.1,-1.1,10.52955,0.5142500000000003,,820-196-1,-1913.5757820450585,-17779.639140699193,4.954921640479296,,10.52955,0.5142500000000003,,,-12019.243166667417,-13060.961951326255,-12022.609125247938,-13237.60590396243
137.6389753135,17.37597053,4.949616,1401,397,1,12.225,11.25,,-3.9,-42.3,11.16225,0.8287499999999997,,1401-397-1,-15407.392635685914,9077.913478869075,4.9550674959104715,,11.16225,0.8287499999999997,,,17014.659683523958,-5433.156646230134,17018.85481952236,-5491.342421670795
142.7761858761,19.8208925642,4.955206,1406,736,1,11.124,9.763,,11.4,-16.7,9.64051,1.1568500000000006,,1406-736-1,2260.59363077245,17743.510811531207,4.956194359134009,,9.64051,1.1568500000000006,,,11761.891678794742,13386.616707510755,11765.153742889528,13473.070061741182
141.1888980318,19.7866339026,4.957395,1405,60,1,7.703,6.633,46155.0,-91.6,-112.1,6.5367,0.9095000000000002,46155.0,1405-60-1,-3138.57201513139,17620.65946173422,4.959243893215997,6.53,6.53,0.933,81192.0,G7III,15254.694577202534,9290.317995156107,15258.710611022965,9354.679291649974
137.2053235766,16.4176541591,4.953777,1401,1473,1,10.412,9.537,44894.0,-45.8,-68.1,9.45825,0.74375,44894.0,1401-1473-1,-16985.10849790282,5648.90440782696,4.959750333531807,9.37,9.37,0.78,78451.0,G5,15498.821814733918,-8844.336343701401,15502.787614862395,-8948.050506270138
144.4964021192,19.310553405,4.960614,1413,2,1,11.339,10.606,,-4.1,6.6,10.54003,0.6230500000000004,,1413-2-1,8131.486713911718,15946.560586503085,4.9598261055299195,,10.54003,0.6230500000000004,,,6521.06378229599,16567.76454550442,6522.9547123691045,16669.28110441238
137.1043566238,13.865314035,4.954922,818,436,1,13.007,12.404,,2.5,-2.9,12.34973,0.5125499999999997,,818-436-1,-17542.46659436555,-3561.3484590970734,4.959883604332064,,12.34973,0.5125499999999997,,,8983.956968720011,-15256.152176607644,8986.655523166963,-15480.999953797666
139.9204742136,10.4275874325,4.960603,822,549,1,12.787,12.002,,-47.1,-47.1,11.93135,0.6672500000000001,,822-549-1,-7784.336019530389,-16127.470324564973,4.961961275009721,,11.93135,0.6672500000000001,,,-6886.5973210665015,-16279.408454381331,-6888.747432065343,-16529.86222422619
147.2232525943,15.4441543558,4.968336,1411,502,1,12.393,11.941,,-27.5,-57.9,11.90032,0.3841999999999999,,1411-502-1,17781.67190776891,2149.9357368402943,4.962876396535999,,11.90032,0.3841999999999999,,,-10197.901770463302,14630.043014227262,-10200.778833040431,14722.574187535207
143.8946700879,10.2573236233,4.96676,824,1030,1,10.475,9.428,47072.0,-9.9,-6.2,9.33377,0.889949999999999,47072.0,824-1030-1,6341.058345131044,-16752.382570709782,4.96319395960301,9.3,9.3,0.894,,G5,-16732.03602972794,-6314.633788931359,-16736.190136873654,-6383.67311460944
146.1270131598,11.8413206961,4.970125,831,1746,1,12.059,11.396,,7.0,-9.7,11.33633,0.5635499999999987,,831-1746-1,14191.79559609163,-10938.969013382104,4.964861830967007,,11.33633,0.5635499999999987,,,-17598.702665321754,3321.7386770281914,-17603.077117551817,3346.607432983837
139.3762504104,19.1265965861,4.960858,1405,508,1,12.762,11.667,,-0.4,-8.2,11.56845,0.9307500000000004,,1405-508-1,-9333.98113550107,15296.646567346135,4.965188738007065,,11.56845,0.9307500000000004,,,17630.900762394773,3155.6263580702825,17635.27817461338,3179.239492110828
141.6391801904,9.9599427167,4.968146,820,256,1,12.989,11.605,,-6.4,-7.8,11.48044,1.1764000000000003,,820-256-1,-1679.48680410313,-17847.1176508079,4.966955293128714,,11.48044,1.1764000000000003,,,-12225.100211148258,-12933.28923311355,-12228.511811681075,-13107.394220001073
144.0346080235,19.52140619,4.968262,1413,685,1,11.877,11.089,,-34.4,29.7,11.01808,0.6698000000000002,,1413-685-1,6548.5093812397245,16691.628803226635,4.968132947867165,,11.01808,0.6698000000000002,,,8128.891290678615,15882.109543267019,8131.225459517002,15980.507493424444
146.9639786498,13.3091515749,4.97549,834,1115,1,11.735,10.697,,-92.3,-27.4,10.60358,0.8823000000000002,,834-1115-1,17042.668322131965,-5582.029145665547,4.969041164500454,,10.60358,0.8823000000000002,,,-15486.948177737662,8973.001742774652,-15491.010399911793,9035.49609656742
143.4871541045,10.12036203,4.973081,824,184,1,12.157,11.128,,31.0,-15.6,11.03539,0.8746499999999999,,824-184-1,4895.808719631916,-17256.348129362876,4.970108714899317,,11.03539,0.8746499999999999,,,-16149.179689013046,-7711.418321879707,-16153.248418176041,-7798.913983477918
145.2778803278,11.00609303,4.977241,824,977,1,11.941,11.557,,-26.5,7.2,11.52244,0.3264000000000003,,824-977-1,11226.901350624206,-13999.488646196369,4.972248497368363,,11.52244,0.3264000000000003,,,-17918.084314416334,-892.2107012976833,-17922.454962564352,-902.554378687077
138.6068525487,11.2886076361,4.970024,822,1197,1,11.997,10.844,,-12.5,-7.7,10.74023,0.9800500000000004,,822-1197-1,-12410.41376293894,-12963.790877770545,4.972626775826502,,10.74023,0.9800500000000004,,,-1450.844313446577,-17600.695607478076,-1451.323351722966,-17887.758501798377
143.6067692627,10.1513642583,4.976444,824,921,1,11.055,10.616,,-3.5,25.1,10.57649,0.37315,,824-921-1,5319.773414989103,-17140.95171984907,4.972887699067876,,10.57649,0.37315,,,-16344.411529492192,-7323.091231810876,-16348.510763987279,-7405.296135119633
146.8943445408,16.7974480058,4.979165,1411,449,1,12.177,10.738,,-8.2,-31.9,10.60849,1.22315,,1411-449-1,16527.748331974155,7013.137291190965,4.974717955349345,,10.60849,1.22315,,,-5730.335781130457,16911.50063585637,-5732.005721127334,17014.542897272655
144.1086918079,10.3264419233,4.980199,824,1049,1,12.873,12.205,,-2.1,-3.3,12.14488,0.5677999999999993,,824-1049-1,7100.459997630068,-16497.214126418236,4.976437790470747,,12.14488,0.5677999999999993,,,-17045.493908806613,-5586.387947264949,-17049.701458766398,-5646.440142052227
141.3958363539,19.8351937044,4.974242,1406,35,1,11.36,10.932,,-7.3,11.6,10.89348,0.3637999999999992,,1406-35-1,-2432.074066615154,17796.683863642178,4.976916178829332,,10.89348,0.3637999999999992,,,14917.19960586214,9931.762957313418,14921.1570638203,9999.800632248684
136.9612006836,15.104232915,4.972635,1401,303,1,13.206,12.423,,-10.4,-8.7,12.35253,0.6655499999999995,,1401-303-1,-17943.152168068114,925.4469231193817,4.978268334681326,,12.35253,0.6655499999999995,,,12603.903625455243,-12632.843118928076,12607.392508697065,-12801.047451892702
139.4047010546,19.1601643033,4.975176,1405,138,1,13.319,11.938,,-4.1,-25.6,11.81371,1.17385,,1405-138-1,-9235.38755417631,15416.288158917068,4.979351211730303,,11.81371,1.17385,,,17654.87001470083,3307.6547640076806,17659.25816066928,3332.4053008960964
146.6749031101,17.266677675,4.983899,1411,191,1,11.711,11.419,,5.6,-9.9,11.39272,0.2481999999999998,,1411-191-1,15732.032630665402,8691.92374867186,4.980057329519135,,11.39272,0.2481999999999998,,,-3947.254991755207,17429.116002827763,-3948.4139828987145,17534.435153853672
141.9867362455,19.8844798628,4.978626,1406,1280,1,11.618,10.777,,1.4,-28.7,10.70131,0.7148500000000009,,1406-1280-1,-423.1700661916735,17969.41953748412,4.980308276641984,,10.70131,0.7148500000000009,,,13712.547722905283,11539.619027688681,13716.259323371673,11616.511593118428
147.216086523,14.2735776533,4.986093,834,65,1,11.571,10.196,,-7.4,-3.3,10.07225,1.16875,,834-65-1,17854.421677409002,-2078.02795043502,4.980457525973213,,10.07225,1.16875,,,-13406.57768506046,11890.559038828482,-13410.222953318376,11969.314681292899
137.6037251882,12.530383515,4.97708,818,479,1,12.454,11.51,,-4.1,-16.2,11.42504,0.8024000000000007,,818-479-1,-15883.75371933753,-8419.989148886665,4.981157431191528,,11.42504,0.8024000000000007,,,4251.106505703262,-17191.9927018006,4252.485099096676,-17467.29000062413
137.3219886318,13.1102504189,4.976645,818,496,1,12.894,11.664,,-9.9,-11.6,11.5533,1.0455000000000003,,818-496-1,-16835.70571925479,-6305.546484748356,4.981242187065435,,11.5533,1.0455000000000003,,,6463.5189304273445,-16518.12190919675,6465.556546308441,-16774.906321144175
146.8957265058,16.81373963,4.986468,1411,431,1,12.465,11.602,,-37.5,-9.0,11.52433,0.7335499999999996,,1411-431-1,16530.475246931044,7072.735638900809,4.981850151876881,,11.52433,0.7335499999999996,,,-5687.598015195636,16952.937352584253,-5689.2565137637785,17056.159052605657
142.6512757052,9.9509215761,4.984839,820,268,1,10.979,9.884,,-19.8,-4.6,9.78545,0.930749999999999,,820-268-1,1922.394790269452,-17879.3210843244,4.982505758733263,,9.78545,0.930749999999999,,,-14640.638917097029,-10309.111265888681,-14644.481311767087,-10435.75063305611
147.2312867155,15.566056505,4.989132,1411,808,1,9.387,8.747,48151.0,15.5,-12.9,8.6894,0.5440000000000005,48151.0,1411-808-1,17800.71327571318,2592.24982249579,4.98418746290176,8.68,8.68,0.588,,G0,-9879.91796616497,14936.560052622259,-9882.717380007181,15030.537231027063
147.2698271424,14.9190412194,4.990325,834,1402,1,10.188,9.74,,-15.2,-12.2,9.69968,0.3808000000000003,,834-1402-1,17988.87560528717,257.91325690179195,4.984808199248028,,9.69968,0.3808000000000003,,,-11749.724368051458,13533.896054823603,-11752.98975045912,13621.06444872014
147.2099416395,15.7337348289,4.991841,1411,452,1,11.299,10.701,,-19.1,-16.3,10.64718,0.5082999999999991,,1411-452-1,17711.306083680145,3196.1682260419907,4.98664429468234,,10.64718,0.5082999999999991,,,-9369.144498911694,15269.189405812891,-9371.811631966764,15364.732384714705
142.9611647584,19.8261790325,4.986276,1406,738,1,13.018,11.552,,-14.1,-9.9,11.42006,1.2461000000000009,,1406-738-1,2888.7217102108393,17765.713542148336,4.987099487615026,,11.42006,1.2461000000000009,,,11361.462843275733,13868.626765669063,11364.634787852467,13957.448438717316
142.429065677,9.9271267203,4.990075,820,182,1,11.375,9.557,,-7.4,-7.9,9.39338,1.5452999999999997,,820-182-1,1131.9248692246067,-17966.75967424952,4.988021566752681,,9.39338,1.5452999999999997,,,-14181.161059566008,-10947.450213485356,-14184.93152097443,-11084.828588980565
137.0547398395,13.9546756317,4.983094,818,143,1,13.045,12.437,,-5.2,-17.8,12.38228,0.5168000000000005,,818-143-1,-17710.002397910353,-3235.173477043213,4.9882116427271335,,12.38228,0.5168000000000005,,,9338.986164147365,-15166.901331920608,9341.782732288544,-15389.659766975774
146.8559837983,12.9830589017,4.99563,834,746,1,10.501,8.781,,-22.4,0.6,8.6262,1.461999999999999,,834-746-1,16688.796272339277,-6767.219751183641,4.989747673392702,,8.6262,1.461999999999999,,,-16137.966559677336,7927.687367341916,-16142.150293134508,7983.869243312561
140.3210958078,19.5949338333,4.987731,1405,830,1,12.937,11.473,,-11.9,-40.8,11.34124,1.2443999999999988,,1405-830-1,-6093.835428322406,16950.96373238012,4.990963111860237,,11.34124,1.2443999999999988,,,16716.215049320974,6652.264699800519,16720.49120599236,6700.386221276646
136.957347353,15.3158483394,4.986796,1401,143,1,12.577,12.028,,12.2,-16.1,11.97859,0.4666499999999995,,1401-143-1,-17938.32182906155,1690.0600071843714,4.992261433548911,,11.97859,0.4666499999999995,,,13172.265777664707,-12131.044837656518,13175.865230701143,-12289.681374766267
138.0629771171,11.8357837733,4.989604,822,426,1,12.044,11.34,,-32.2,-10.4,11.27664,0.5984000000000005,,822-426-1,-14306.580439865698,-10957.925798365462,4.993138732339579,,11.27664,0.5984000000000005,,,1307.156453050034,-17683.893973134298,1307.5897037782888,-17973.44126347003
138.7063143726,11.17184913,4.991401,822,398,1,13.303,11.996,,7.4,-27.9,11.87837,1.1109500000000003,,822-398-1,-12063.329336923975,-13391.241100346067,4.993864319856101,,11.87837,1.1109500000000003,,,-2000.7423176835673,-17624.317499420307,-2001.4036748823828,-17912.10864830987
146.6888236389,12.6299717578,4.999932,834,263,1,12.499,12.457,,-8.2,-0.2,12.45322,0.0356999999999998,,834-263-1,16125.203564263968,-8054.482283161177,4.994228498168461,,12.45322,0.0356999999999998,,,-16726.058933887656,6659.491460133939,-16730.33795146185,6707.657330885655
137.3576409531,16.9196133458,4.989363,1401,740,1,12.739,11.607,,1.0,-10.9,11.50512,0.9622000000000012,,1401-740-1,-16415.550661807014,7451.897636404011,4.995025304355662,,11.50512,0.9622000000000012,,,16468.48481892053,-7243.73477549373,16472.611831674196,-7324.898726725586
137.0266499939,14.0424786167,4.992893,818,147,1,9.437,7.477,44831.0,-9.3,-15.6,7.3006,1.6659999999999993,44831.0,818-147-1,-17801.709076348325,-2915.744193439615,4.998092799742908,7.3,7.3,1.619,78348.0,K5,9638.638560432551,-15026.647904450565,9641.510722137966,-15246.103805084782
136.9460762267,14.66824196,4.994193,818,20,1,9.784,9.1,,28.4,-14.4,9.03844,0.5814000000000009,,818-20-1,-18031.655234316102,-648.611566394499,4.999306624268689,,9.03844,0.5814000000000009,,,11486.003917503827,-13722.150730600904,11489.28381192288,-13912.499593617096
139.3524344648,10.6886657505,4.999909,822,971,1,12.701,11.903,,-28.0,-13.1,11.83118,0.6783,,822-971-1,-9792.95781112636,-15164.43932952619,5.001605104658684,,11.83118,0.6783,,,-4833.292699105875,-17118.869578187863,-4834.855271387369,-17392.13665350313
139.056485296,18.9664014925,4.997972,1405,57,1,11.883,11.242,,-10.5,-3.9,11.184310000000002,0.5448499999999985,,1405-57-1,-10435.200324921096,14734.458563997101,5.002639085990701,,11.184310000000002,0.5448499999999985,,,17941.806735503582,1968.2433507417816,17946.229185234253,1982.5571937332575
138.6366554008,18.64388361,4.998782,1404,1612,1,10.758,8.854,,-5.7,0.0,8.68264,1.6183999999999998,,1404-1612-1,-11890.290891404213,13592.934365544084,5.003777982877092,,8.68264,1.6183999999999998,,,18054.605629451456,137.64689526115473,18059.0207088775,136.57666173504205
137.1147480291,13.6426415592,4.998968,818,163,1,12.0,10.934,,-19.4,-25.7,10.83806,0.9061000000000006,,818-163-1,-17524.566212896872,-4367.3367214962645,5.004061651163168,,10.83806,0.9061000000000006,,,8369.590964773854,-15765.465957898197,8372.152977737238,-16002.846793821012
