fitxer,exposicio_s,temp_C,hora,vis_mediana,vis_mitjana,vis_std,vis_p99,vis_p99.9,vis_max,n_gt1000,ped_R,ped_G1,ped_B,ped_G2,files0-5_mitjana,std_stride4_metrica_antiga
572A3293.CR3,0.003125,35.0,2026:08:14 13:41:52+02:00,512.0,512.2658,2.826,521.0,523.0,533.0,0,512.0,512.0,512.0,512.0,512.35,2.7021
572A3294.CR3,0.003125,38.0,2026:08:14 13:46:22+02:00,512.0,512.2704,2.8281,521.0,523.0,538.0,0,512.0,512.0,512.0,512.0,512.29,2.7183
572A3295.CR3,0.003125,39.0,2026:08:14 13:46:52+02:00,512.0,512.2628,2.8278,521.0,523.0,534.0,0,512.0,512.0,512.0,512.0,512.59,2.7211
572A3296.CR3,0.0003125,39.0,2026:08:14 13:47:07+02:00,512.0,512.2534,2.8311,521.0,523.0,535.0,0,512.0,512.0,512.0,512.0,512.63,2.7204
572A3297.CR3,0.0003125,39.0,2026:08:14 13:47:08+02:00,512.0,512.2677,2.8276,521.0,523.0,539.0,0,512.0,512.0,512.0,512.0,512.34,2.7214
572A3298.CR3,0.0003125,39.0,2026:08:14 13:47:08+02:00,512.0,512.2696,2.8288,521.0,523.0,539.0,0,512.0,512.0,512.0,512.0,512.38,2.7241
572A3299.CR3,0.0003125,39.0,2026:08:14 13:47:09+02:00,512.0,512.2641,2.8292,521.0,523.0,534.0,0,512.0,512.0,512.0,512.0,512.49,2.7227
572A3300.CR3,0.0003125,39.0,2026:08:14 13:47:10+02:00,512.0,512.2656,2.8291,521.0,523.0,534.0,0,512.0,512.0,512.0,512.0,512.5,2.7306
572A3301.CR3,0.0003125,39.0,2026:08:14 13:47:10+02:00,512.0,512.2657,2.8262,521.0,523.0,535.0,0,512.0,512.0,512.0,512.0,512.39,2.7134
572A3302.CR3,0.0003125,39.0,2026:08:14 13:47:11+02:00,512.0,512.2603,2.8296,521.0,523.0,535.0,0,512.0,512.0,512.0,512.0,512.54,2.732
572A3303.CR3,0.0003125,39.0,2026:08:14 13:47:12+02:00,512.0,512.264,2.8274,521.0,523.0,539.0,0,512.0,512.0,512.0,512.0,512.5,2.7153
572A3304.CR3,0.0003125,39.0,2026:08:14 13:47:12+02:00,512.0,512.2647,2.8326,521.0,523.0,538.0,0,512.0,512.0,512.0,512.0,512.38,2.7339
572A3305.CR3,0.0003125,40.0,2026:08:14 13:47:13+02:00,512.0,512.2686,2.8291,521.0,523.0,534.0,0,512.0,512.0,512.0,512.0,512.49,2.7265
572A3306.CR3,0.0003125,40.0,2026:08:14 13:47:14+02:00,512.0,512.2592,2.8302,521.0,523.0,544.0,0,512.0,512.0,512.0,512.0,512.5,2.7291
572A3307.CR3,0.0003125,40.0,2026:08:14 13:47:14+02:00,512.0,512.2631,2.8361,521.0,523.0,534.0,0,512.0,512.0,512.0,512.0,512.5,2.7318
572A3308.CR3,0.0003125,40.0,2026:08:14 13:47:15+02:00,512.0,512.2611,2.8312,521.0,523.0,539.0,0,512.0,512.0,512.0,512.0,512.5,2.7304
572A3309.CR3,0.0003125,40.0,2026:08:14 13:47:16+02:00,512.0,512.2638,2.8324,521.0,523.0,532.0,0,512.0,512.0,512.0,512.0,512.47,2.7315
572A3310.CR3,0.0003125,40.0,2026:08:14 13:47:16+02:00,512.0,512.2632,2.8357,521.0,523.0,534.0,0,512.0,512.0,512.0,512.0,512.68,2.7321
572A3311.CR3,0.0003125,40.0,2026:08:14 13:47:17+02:00,512.0,512.2666,2.8299,521.0,523.0,538.0,0,512.0,512.0,512.0,512.0,512.55,2.7221
572A3312.CR3,0.0003125,40.0,2026:08:14 13:47:17+02:00,512.0,512.256,2.8348,521.0,523.0,533.0,0,512.0,512.0,512.0,512.0,512.51,2.7352
572A3313.CR3,0.0003125,40.0,2026:08:14 13:47:18+02:00,512.0,512.2648,2.835,521.0,523.0,535.0,0,512.0,512.0,512.0,512.0,512.57,2.7198
572A3314.CR3,0.0003125,40.0,2026:08:14 13:47:19+02:00,512.0,512.2556,2.8298,521.0,523.0,534.0,0,512.0,512.0,512.0,512.0,512.48,2.7299
572A3315.CR3,0.0003125,40.0,2026:08:14 13:47:19+02:00,512.0,512.2614,2.8332,521.0,523.0,534.0,0,512.0,512.0,512.0,512.0,512.46,2.7372
572A3316.CR3,0.0003125,40.0,2026:08:14 13:47:20+02:00,512.0,512.2584,2.8339,521.0,523.0,534.0,0,512.0,512.0,512.0,512.0,512.45,2.7322
572A3317.CR3,0.0003125,40.0,2026:08:14 13:47:21+02:00,512.0,512.2593,2.8335,521.0,523.0,539.0,0,512.0,512.0,512.0,512.0,512.57,2.7237
572A3318.CR3,0.0003125,40.0,2026:08:14 13:47:21+02:00,512.0,512.2692,2.8348,521.0,523.0,539.0,0,512.0,512.0,512.0,512.0,512.41,2.7423
572A3319.CR3,0.0003125,40.0,2026:08:14 13:47:22+02:00,512.0,512.2714,2.8334,521.0,523.0,534.0,0,512.0,512.0,512.0,512.0,512.39,2.7359
572A3320.CR3,0.0003125,40.0,2026:08:14 13:47:23+02:00,512.0,512.2627,2.8357,521.0,523.0,534.0,0,512.0,512.0,512.0,512.0,512.64,2.7354
572A3321.CR3,0.0003125,40.0,2026:08:14 13:47:23+02:00,512.0,512.2604,2.84,521.0,523.0,538.0,0,512.0,512.0,512.0,512.0,512.47,2.74
572A3322.CR3,0.0003125,40.0,2026:08:14 13:47:24+02:00,512.0,512.2612,2.8406,521.0,523.0,533.0,0,512.0,512.0,512.0,512.0,512.45,2.7492
572A3323.CR3,0.0003125,40.0,2026:08:14 13:47:25+02:00,512.0,512.2607,2.8428,521.0,523.0,534.0,0,512.0,512.0,512.0,512.0,512.57,2.7537
572A3324.CR3,0.0003125,40.0,2026:08:14 13:47:25+02:00,512.0,512.2626,2.8381,521.0,523.0,534.0,0,512.0,512.0,512.0,512.0,512.55,2.7402
572A3325.CR3,0.0003125,40.0,2026:08:14 13:47:26+02:00,512.0,512.2661,2.8347,521.0,523.0,534.0,0,512.0,512.0,512.0,512.0,512.59,2.7329
572A3326.CR3,0.0003125,40.0,2026:08:14 13:47:27+02:00,512.0,512.2617,2.8347,521.0,523.0,538.0,0,512.0,512.0,512.0,512.0,512.62,2.7387
572A3327.CR3,0.0005,41.0,2026:08:14 13:47:27+02:00,512.0,512.2647,2.8307,521.0,523.0,533.0,0,512.0,512.0,512.0,512.0,512.56,2.7346
572A3328.CR3,0.002,41.0,2026:08:14 13:47:28+02:00,512.0,512.2704,2.8302,521.0,523.0,536.0,0,512.0,512.0,512.0,512.0,512.58,2.7281
572A3329.CR3,0.008,41.0,2026:08:14 13:47:29+02:00,512.0,512.2671,2.8329,521.0,523.0,534.0,0,512.0,512.0,512.0,512.0,512.49,2.7275
572A3330.CR3,0.03333333333,41.0,2026:08:14 13:47:30+02:00,512.0,512.2699,2.8348,521.0,523.0,544.0,0,512.0,512.0,512.0,512.0,512.86,2.7323
572A3331.CR3,0.125,41.0,2026:08:14 13:47:31+02:00,512.0,512.2542,2.8517,521.0,523.0,623.0,0,512.0,512.0,512.0,512.0,513.1,2.7549
572A3332.CR3,0.5,41.0,2026:08:14 13:47:32+02:00,512.0,512.2359,2.9546,521.0,523.0,892.0,0,512.0,512.0,512.0,512.0,630.74,15.4288
572A3333.CR3,0.001,41.0,2026:08:14 13:47:34+02:00,512.0,512.2661,2.8322,521.0,523.0,534.0,0,512.0,512.0,512.0,512.0,512.39,2.7385
572A3334.CR3,0.004,41.0,2026:08:14 13:47:34+02:00,512.0,512.2696,2.8339,521.0,523.0,538.0,0,512.0,512.0,512.0,512.0,512.42,2.7407
572A3335.CR3,0.01666666667,41.0,2026:08:14 13:47:35+02:00,512.0,512.2655,2.8329,521.0,523.0,538.0,0,512.0,512.0,512.0,512.0,512.6,2.7272
572A3336.CR3,0.06666666667,41.0,2026:08:14 13:47:36+02:00,512.0,512.2649,2.839,521.0,523.0,587.0,0,512.0,512.0,512.0,512.0,513.03,2.7285
572A3337.CR3,0.25,41.0,2026:08:14 13:47:37+02:00,512.0,512.2453,2.8827,521.0,523.0,693.0,0,512.0,512.0,512.0,512.0,513.35,2.7974
572A3338.CR3,1.0,41.0,2026:08:14 13:47:38+02:00,512.0,511.9174,1.1391,515.0,517.0,1267.0,3,512.0,512.0,512.0,512.0,513.41,1.172
572A3339.CR3,2.0,41.0,2026:08:14 13:47:40+02:00,512.0,511.8965,1.2571,515.0,518.0,2017.0,4,512.0,512.0,512.0,512.0,513.76,1.4649
572A3340.CR3,2.0,41.0,2026:08:14 13:47:43+02:00,512.0,511.8583,1.2555,515.0,518.0,2107.0,4,512.0,512.0,512.0,512.0,513.7,1.4429
572A3341.CR3,2.0,40.0,2026:08:14 13:47:46+02:00,512.0,511.8816,1.2579,515.0,518.0,2240.0,4,512.0,512.0,512.0,512.0,513.77,1.4478
572A3342.CR3,10.0,40.0,2026:08:14 13:47:49+02:00,512.0,511.5947,3.0149,516.0,528.0,8939.0,14,511.0,512.0,512.0,512.0,516.61,4.8884
572A3343.CR3,10.0,40.0,2026:08:14 13:48:02+02:00,512.0,511.5954,2.8868,516.0,528.0,8212.0,14,512.0,511.0,512.0,512.0,516.47,4.6654
572A3344.CR3,10.0,40.0,2026:08:14 13:48:16+02:00,511.0,511.5649,2.888,516.0,528.0,8103.0,14,511.0,511.0,512.0,511.0,516.5,4.7254
572A3345.CR3,0.0005,40.0,2026:08:14 13:48:29+02:00,512.0,512.2573,2.8305,521.0,523.0,534.0,0,512.0,512.0,512.0,512.0,512.5,2.727
572A3346.CR3,0.002,40.0,2026:08:14 13:48:30+02:00,512.0,512.2658,2.8284,521.0,523.0,532.0,0,512.0,512.0,512.0,512.0,512.62,2.727
572A3347.CR3,0.008,40.0,2026:08:14 13:48:31+02:00,512.0,512.2681,2.8335,521.0,523.0,536.0,0,512.0,512.0,512.0,512.0,512.37,2.7293
572A3348.CR3,0.03333333333,40.0,2026:08:14 13:48:32+02:00,512.0,512.2566,2.8381,521.0,523.0,540.0,0,512.0,512.0,512.0,512.0,512.93,2.731
572A3349.CR3,0.125,40.0,2026:08:14 13:48:33+02:00,512.0,512.2591,2.8495,521.0,523.0,619.0,0,512.0,512.0,512.0,512.0,513.07,2.7507
572A3350.CR3,0.5,40.0,2026:08:14 13:48:34+02:00,512.0,512.2299,2.9551,521.0,523.0,888.0,0,512.0,512.0,512.0,512.0,623.48,14.7336
572A3351.CR3,0.001,40.0,2026:08:14 13:48:35+02:00,512.0,512.2643,2.8347,521.0,523.0,534.0,0,512.0,512.0,512.0,512.0,512.6,2.7301
572A3352.CR3,0.004,40.0,2026:08:14 13:48:36+02:00,512.0,512.264,2.8381,521.0,523.0,534.0,0,512.0,512.0,512.0,512.0,512.69,2.7296
572A3353.CR3,0.01666666667,41.0,2026:08:14 13:48:37+02:00,512.0,512.2654,2.8351,521.0,523.0,538.0,0,512.0,512.0,512.0,512.0,512.62,2.7175
572A3354.CR3,0.06666666667,41.0,2026:08:14 13:48:38+02:00,512.0,512.2579,2.84,521.0,523.0,581.0,0,512.0,512.0,512.0,512.0,512.9,2.7438
572A3355.CR3,0.25,41.0,2026:08:14 13:48:39+02:00,512.0,512.244,2.881,521.0,523.0,713.0,0,512.0,512.0,512.0,512.0,513.41,2.803
572A3356.CR3,1.0,41.0,2026:08:14 13:48:40+02:00,512.0,511.9365,1.1406,515.0,517.0,1292.0,3,512.0,512.0,512.0,512.0,513.37,1.1747
572A3357.CR3,0.0003125,41.0,2026:08:14 13:48:42+02:00,512.0,512.2613,2.834,521.0,523.0,534.0,0,512.0,512.0,512.0,512.0,512.51,2.7353
572A3358.CR3,0.0003125,41.0,2026:08:14 13:48:43+02:00,512.0,512.2609,2.8388,521.0,523.0,538.0,0,512.0,512.0,512.0,512.0,512.63,2.7478
572A3359.CR3,0.0003125,41.0,2026:08:14 13:48:43+02:00,512.0,512.2554,2.8481,521.0,523.0,535.0,0,512.0,512.0,512.0,512.0,512.56,2.7491
572A3360.CR3,0.0003125,41.0,2026:08:14 13:48:44+02:00,512.0,512.2623,2.836,521.0,523.0,534.0,0,512.0,512.0,512.0,512.0,512.58,2.7519
572A3361.CR3,0.0003125,41.0,2026:08:14 13:48:45+02:00,512.0,512.272,2.8335,521.0,523.0,534.0,0,512.0,512.0,512.0,512.0,512.51,2.741
572A3362.CR3,0.0003125,41.0,2026:08:14 13:48:45+02:00,512.0,512.2597,2.8417,521.0,523.0,539.0,0,512.0,512.0,512.0,512.0,512.5,2.734
572A3363.CR3,0.0003125,41.0,2026:08:14 13:48:46+02:00,512.0,512.2691,2.8383,521.0,523.0,534.0,0,512.0,512.0,512.0,512.0,512.56,2.7371
572A3364.CR3,0.0003125,41.0,2026:08:14 13:48:47+02:00,512.0,512.2631,2.8408,521.0,523.0,534.0,0,512.0,512.0,512.0,512.0,512.68,2.7405
572A3365.CR3,0.0003125,41.0,2026:08:14 13:48:47+02:00,512.0,512.2591,2.8386,521.0,523.0,534.0,0,512.0,512.0,512.0,512.0,512.5,2.7337
572A3366.CR3,0.0003125,41.0,2026:08:14 13:48:48+02:00,512.0,512.2694,2.8392,521.0,523.0,535.0,0,512.0,512.0,512.0,512.0,512.47,2.7313
572A3367.CR3,0.0003125,41.0,2026:08:14 13:48:48+02:00,512.0,512.2597,2.8439,521.0,523.0,534.0,0,512.0,512.0,512.0,512.0,512.45,2.7587
572A3368.CR3,0.0003125,41.0,2026:08:14 13:48:49+02:00,512.0,512.263,2.8414,521.0,523.0,534.0,0,512.0,512.0,512.0,512.0,512.39,2.7376
572A3369.CR3,0.0003125,41.0,2026:08:14 13:48:50+02:00,512.0,512.2616,2.846,521.0,523.0,534.0,0,512.0,512.0,512.0,512.0,512.52,2.743
572A3370.CR3,0.0003125,41.0,2026:08:14 13:48:50+02:00,512.0,512.2714,2.8451,521.0,523.0,534.0,0,512.0,512.0,512.0,512.0,512.51,2.7511
572A3371.CR3,0.0003125,41.0,2026:08:14 13:48:51+02:00,512.0,512.2788,2.837,521.0,523.0,532.0,0,512.0,512.0,512.0,512.0,512.62,2.7382
572A3372.CR3,0.0003125,41.0,2026:08:14 13:48:52+02:00,512.0,512.2577,2.846,521.0,523.0,534.0,0,512.0,512.0,512.0,512.0,512.61,2.74
572A3373.CR3,0.0003125,41.0,2026:08:14 13:48:52+02:00,512.0,512.2677,2.8401,521.0,523.0,538.0,0,512.0,512.0,512.0,512.0,512.5,2.7323
572A3374.CR3,0.0003125,41.0,2026:08:14 13:48:53+02:00,512.0,512.275,2.8391,521.0,523.0,534.0,0,512.0,512.0,512.0,512.0,512.64,2.7461
572A3375.CR3,0.0003125,41.0,2026:08:14 13:48:54+02:00,512.0,512.2617,2.8444,521.0,523.0,535.0,0,512.0,512.0,512.0,512.0,512.58,2.7379
572A3376.CR3,0.0003125,42.0,2026:08:14 13:48:54+02:00,512.0,512.268,2.8422,521.0,523.0,534.0,0,512.0,512.0,512.0,512.0,512.4,2.7486
572A3377.CR3,0.0003125,42.0,2026:08:14 13:48:55+02:00,512.0,512.2708,2.8406,521.0,523.0,539.0,0,512.0,512.0,512.0,512.0,512.67,2.744
572A3378.CR3,0.0003125,42.0,2026:08:14 13:48:56+02:00,512.0,512.2683,2.8439,521.0,523.0,532.0,0,512.0,512.0,512.0,512.0,512.45,2.7467
572A3379.CR3,0.0003125,42.0,2026:08:14 13:48:56+02:00,512.0,512.2678,2.8443,521.0,523.0,534.0,0,512.0,512.0,512.0,512.0,512.51,2.7398
572A3380.CR3,0.0003125,42.0,2026:08:14 13:48:57+02:00,512.0,512.2599,2.8469,521.0,523.0,538.0,0,512.0,512.0,512.0,512.0,512.43,2.7485
572A3381.CR3,0.0003125,42.0,2026:08:14 13:48:58+02:00,512.0,512.2694,2.8433,521.0,523.0,539.0,0,512.0,512.0,512.0,512.0,512.47,2.7511
572A3382.CR3,0.0003125,42.0,2026:08:14 13:48:58+02:00,512.0,512.2603,2.8497,521.0,523.0,535.0,0,512.0,512.0,512.0,512.0,512.58,2.7537
572A3383.CR3,0.0003125,42.0,2026:08:14 13:48:59+02:00,512.0,512.2622,2.8434,521.0,523.0,534.0,0,512.0,512.0,512.0,512.0,512.44,2.7378
572A3384.CR3,0.0003125,42.0,2026:08:14 13:49:00+02:00,512.0,512.2498,2.8458,521.0,523.0,535.0,0,512.0,512.0,512.0,512.0,512.39,2.7494
572A3385.CR3,0.0003125,42.0,2026:08:14 13:49:00+02:00,512.0,512.2708,2.845,521.0,523.0,535.0,0,512.0,512.0,512.0,512.0,512.47,2.746
572A3386.CR3,0.0003125,42.0,2026:08:14 13:49:01+02:00,512.0,512.2737,2.8414,521.0,523.0,535.0,0,512.0,512.0,512.0,512.0,512.6,2.7518
572A3387.CR3,0.0003125,42.0,2026:08:14 13:49:02+02:00,512.0,512.2627,2.8475,521.0,523.0,534.0,0,512.0,512.0,512.0,512.0,512.66,2.7444
572A3388.CR3,0.0003125,42.0,2026:08:14 13:49:02+02:00,512.0,512.2732,2.8444,521.0,523.0,538.0,0,512.0,512.0,512.0,512.0,512.48,2.7333
572A3389.CR3,0.0003125,42.0,2026:08:14 13:49:03+02:00,512.0,512.2655,2.8472,521.0,523.0,534.0,0,512.0,512.0,512.0,512.0,512.6,2.7401
572A3390.CR3,0.0003125,42.0,2026:08:14 13:49:03+02:00,512.0,512.2662,2.8485,521.0,523.0,539.0,0,512.0,512.0,512.0,512.0,512.63,2.7429
572A3391.CR3,0.0003125,42.0,2026:08:14 13:49:04+02:00,512.0,512.262,2.8446,521.0,523.0,534.0,0,512.0,512.0,512.0,512.0,512.49,2.7424
572A3392.CR3,0.0003125,42.0,2026:08:14 13:49:05+02:00,512.0,512.2647,2.8492,521.0,523.0,539.0,0,512.0,512.0,512.0,512.0,512.37,2.7403
572A3393.CR3,0.0003125,42.0,2026:08:14 13:49:05+02:00,512.0,512.267,2.8427,521.0,523.0,534.0,0,512.0,512.0,512.0,512.0,512.64,2.7581
572A3394.CR3,0.0003125,42.0,2026:08:14 13:49:06+02:00,512.0,512.2663,2.8494,521.0,523.0,535.0,0,512.0,512.0,512.0,512.0,512.48,2.7507
572A3395.CR3,0.0003125,42.0,2026:08:14 13:49:07+02:00,512.0,512.2632,2.8476,521.0,523.0,538.0,0,512.0,512.0,512.0,512.0,512.52,2.7605
572A3396.CR3,0.0003125,42.0,2026:08:14 13:49:07+02:00,512.0,512.2735,2.8471,521.0,523.0,534.0,0,512.0,512.0,512.0,512.0,512.58,2.749
572A3397.CR3,0.0003125,42.0,2026:08:14 13:49:08+02:00,512.0,512.2791,2.8474,521.0,523.0,539.0,0,512.0,512.0,512.0,512.0,512.39,2.7518
572A3398.CR3,0.0003125,42.0,2026:08:14 13:49:09+02:00,512.0,512.2683,2.8476,521.0,523.0,538.0,0,512.0,512.0,512.0,512.0,512.48,2.7449
572A3399.CR3,0.0003125,42.0,2026:08:14 13:49:09+02:00,512.0,512.2658,2.85,521.0,523.0,539.0,0,512.0,512.0,512.0,512.0,512.49,2.7507
572A3400.CR3,0.0003125,42.0,2026:08:14 13:49:10+02:00,512.0,512.263,2.8514,521.0,523.0,535.0,0,512.0,512.0,512.0,512.0,512.55,2.7458
572A3401.CR3,0.0003125,42.0,2026:08:14 13:49:11+02:00,512.0,512.2658,2.8509,521.0,523.0,540.0,0,512.0,512.0,512.0,512.0,512.49,2.7514
572A3402.CR3,0.0003125,42.0,2026:08:14 13:49:11+02:00,512.0,512.2677,2.8456,521.0,523.0,534.0,0,512.0,512.0,512.0,512.0,512.51,2.7436
572A3403.CR3,0.0003125,42.0,2026:08:14 13:49:12+02:00,512.0,512.2714,2.8454,521.0,523.0,539.0,0,512.0,512.0,512.0,512.0,512.39,2.7388
572A3404.CR3,0.0003125,43.0,2026:08:14 13:49:13+02:00,512.0,512.2659,2.85,521.0,523.0,533.0,0,512.0,512.0,512.0,512.0,512.64,2.7503
572A3405.CR3,0.003125,42.0,2026:08:14 13:49:23+02:00,512.0,512.2668,2.8431,521.0,523.0,538.0,0,512.0,512.0,512.0,512.0,512.32,2.7437
572A3406.CR3,0.003125,43.0,2026:08:14 13:55:10+02:00,512.0,512.2578,2.8492,521.0,523.0,538.0,0,512.0,512.0,512.0,512.0,512.59,2.7579
572A3407.CR3,0.003125,43.0,2026:08:14 13:55:40+02:00,512.0,512.2708,2.8492,521.0,523.0,539.0,0,512.0,512.0,512.0,512.0,512.6,2.7373
572A3408.CR3,0.0003125,43.0,2026:08:14 13:55:56+02:00,512.0,512.2743,2.8509,521.0,523.0,535.0,0,512.0,512.0,512.0,512.0,512.61,2.7513
572A3409.CR3,0.0003125,43.0,2026:08:14 13:55:56+02:00,512.0,512.2695,2.854,521.0,523.0,538.0,0,512.0,512.0,512.0,512.0,512.7,2.7569
572A3410.CR3,0.0003125,43.0,2026:08:14 13:55:57+02:00,512.0,512.2673,2.8541,521.0,523.0,538.0,0,512.0,512.0,512.0,512.0,512.6,2.7603
572A3411.CR3,0.0003125,43.0,2026:08:14 13:55:58+02:00,512.0,512.2631,2.856,521.0,523.0,534.0,0,512.0,512.0,512.0,512.0,512.61,2.7654
572A3412.CR3,0.0003125,43.0,2026:08:14 13:55:58+02:00,512.0,512.2641,2.8565,521.0,523.0,538.0,0,512.0,512.0,512.0,512.0,512.58,2.7591
572A3413.CR3,0.0003125,43.0,2026:08:14 13:55:59+02:00,512.0,512.269,2.8561,521.0,523.0,535.0,0,512.0,512.0,512.0,512.0,512.61,2.7605
572A3414.CR3,0.0003125,43.0,2026:08:14 13:56:00+02:00,512.0,512.2636,2.8615,521.0,523.0,538.0,0,512.0,512.0,512.0,512.0,512.63,2.7664
572A3415.CR3,0.0003125,43.0,2026:08:14 13:56:00+02:00,512.0,512.2697,2.858,521.0,523.0,534.0,0,512.0,512.0,512.0,512.0,512.45,2.7651
572A3416.CR3,0.0003125,43.0,2026:08:14 13:56:01+02:00,512.0,512.272,2.8505,521.0,523.0,536.0,0,512.0,512.0,512.0,512.0,512.71,2.7487
572A3417.CR3,0.0003125,43.0,2026:08:14 13:56:02+02:00,512.0,512.254,2.8611,521.0,523.0,534.0,0,512.0,512.0,512.0,512.0,512.58,2.7611
572A3418.CR3,0.0003125,44.0,2026:08:14 13:56:02+02:00,512.0,512.2633,2.8605,521.0,523.0,534.0,0,512.0,512.0,512.0,512.0,512.78,2.7737
572A3419.CR3,0.0003125,44.0,2026:08:14 13:56:03+02:00,512.0,512.2689,2.8551,521.0,523.0,539.0,0,512.0,512.0,512.0,512.0,512.65,2.7457
572A3420.CR3,0.0003125,44.0,2026:08:14 13:56:04+02:00,512.0,512.2608,2.8598,521.0,523.0,535.0,0,512.0,512.0,512.0,512.0,512.51,2.7647
572A3421.CR3,0.0003125,44.0,2026:08:14 13:56:04+02:00,512.0,512.2706,2.8571,521.0,523.0,539.0,0,512.0,512.0,512.0,512.0,512.55,2.7479
572A3422.CR3,0.0003125,44.0,2026:08:14 13:56:05+02:00,512.0,512.2749,2.8484,521.0,523.0,539.0,0,512.0,512.0,512.0,512.0,512.42,2.7456
572A3423.CR3,0.0003125,44.0,2026:08:14 13:56:06+02:00,512.0,512.2731,2.855,521.0,523.0,535.0,0,512.0,512.0,512.0,512.0,512.61,2.7494
572A3424.CR3,0.0003125,44.0,2026:08:14 13:56:06+02:00,512.0,512.2598,2.862,521.0,523.0,534.0,0,512.0,512.0,512.0,512.0,512.56,2.7657
572A3425.CR3,0.0003125,44.0,2026:08:14 13:56:07+02:00,512.0,512.2689,2.8574,521.0,523.0,532.0,0,512.0,512.0,512.0,512.0,512.63,2.7478
572A3426.CR3,0.0003125,44.0,2026:08:14 13:56:07+02:00,512.0,512.2684,2.8571,521.0,523.0,539.0,0,512.0,512.0,512.0,512.0,512.61,2.768
572A3427.CR3,0.0003125,44.0,2026:08:14 13:56:08+02:00,512.0,512.2687,2.8626,521.0,523.0,535.0,0,512.0,512.0,512.0,512.0,512.63,2.7542
572A3428.CR3,0.0003125,44.0,2026:08:14 13:56:09+02:00,512.0,512.2743,2.8562,521.0,523.0,539.0,0,512.0,512.0,512.0,512.0,512.64,2.7621
572A3429.CR3,0.0003125,44.0,2026:08:14 13:56:09+02:00,512.0,512.2624,2.8619,521.0,523.0,533.0,0,512.0,512.0,512.0,512.0,512.58,2.7616
572A3430.CR3,0.0003125,44.0,2026:08:14 13:56:10+02:00,512.0,512.2656,2.8611,521.0,523.0,533.0,0,512.0,512.0,512.0,512.0,512.57,2.758
572A3431.CR3,0.0003125,44.0,2026:08:14 13:56:11+02:00,512.0,512.2705,2.8594,521.0,523.0,539.0,0,512.0,512.0,512.0,512.0,512.5,2.7541
572A3432.CR3,0.0003125,44.0,2026:08:14 13:56:11+02:00,512.0,512.2647,2.8603,521.0,523.0,534.0,0,512.0,512.0,512.0,512.0,512.65,2.7516
572A3433.CR3,0.0003125,44.0,2026:08:14 13:56:12+02:00,512.0,512.2683,2.8604,521.0,523.0,535.0,0,512.0,512.0,512.0,512.0,512.53,2.7599
572A3434.CR3,0.0003125,44.0,2026:08:14 13:56:13+02:00,512.0,512.2604,2.8645,521.0,523.0,534.0,0,512.0,512.0,512.0,512.0,512.61,2.7574
572A3435.CR3,0.0003125,44.0,2026:08:14 13:56:13+02:00,512.0,512.2787,2.858,521.0,523.0,538.0,0,512.0,512.0,512.0,512.0,512.73,2.7589
572A3436.CR3,0.0003125,44.0,2026:08:14 13:56:14+02:00,512.0,512.2709,2.8599,521.0,523.0,534.0,0,512.0,512.0,512.0,512.0,512.68,2.759
572A3437.CR3,0.0003125,44.0,2026:08:14 13:56:15+02:00,512.0,512.2659,2.8687,521.0,523.0,538.0,0,512.0,512.0,512.0,512.0,512.52,2.7492
572A3438.CR3,0.0003125,44.0,2026:08:14 13:56:15+02:00,512.0,512.2687,2.8615,521.0,523.0,533.0,0,512.0,512.0,512.0,512.0,512.75,2.7449
572A3439.CR3,0.0005,44.0,2026:08:14 13:56:16+02:00,512.0,512.2726,2.8584,521.0,523.0,534.0,0,512.0,512.0,512.0,512.0,512.57,2.7634
572A3440.CR3,0.002,44.0,2026:08:14 13:56:17+02:00,512.0,512.2734,2.8587,521.0,523.0,539.0,0,512.0,512.0,512.0,512.0,512.69,2.7597
572A3441.CR3,0.008,44.0,2026:08:14 13:56:18+02:00,512.0,512.2701,2.8658,521.0,523.0,536.0,0,512.0,512.0,512.0,512.0,512.43,2.7629
572A3442.CR3,0.03333333333,44.0,2026:08:14 13:56:19+02:00,512.0,512.2661,2.8687,521.0,523.0,555.0,0,512.0,512.0,512.0,512.0,512.81,2.7686
572A3443.CR3,0.125,44.0,2026:08:14 13:56:20+02:00,512.0,512.2529,2.9107,521.0,523.0,661.0,0,512.0,512.0,512.0,512.0,513.43,2.7991
572A3444.CR3,0.5,44.0,2026:08:14 13:56:21+02:00,512.0,512.2377,3.0883,521.0,523.0,1119.0,3,512.0,512.0,512.0,512.0,1203.22,55.0986
572A3445.CR3,0.001,44.0,2026:08:14 13:56:22+02:00,512.0,512.272,2.8551,521.0,523.0,538.0,0,512.0,512.0,512.0,512.0,512.53,2.756
572A3446.CR3,0.004,44.0,2026:08:14 13:56:23+02:00,512.0,512.2695,2.8561,521.0,523.0,535.0,0,512.0,512.0,512.0,512.0,512.49,2.7508
572A3447.CR3,0.01666666667,44.0,2026:08:14 13:56:24+02:00,512.0,512.2638,2.8674,521.0,523.0,539.0,0,512.0,512.0,512.0,512.0,512.58,2.7581
572A3448.CR3,0.06666666667,44.0,2026:08:14 13:56:25+02:00,512.0,512.2652,2.8804,521.0,523.0,592.0,0,512.0,512.0,512.0,512.0,513.09,2.7787
572A3449.CR3,0.25,44.0,2026:08:14 13:56:26+02:00,512.0,512.2466,2.9697,521.0,523.0,814.0,0,512.0,512.0,512.0,512.0,513.3,2.8621
572A3450.CR3,1.0,44.0,2026:08:14 13:56:27+02:00,512.0,511.8798,1.2072,515.0,518.0,1770.0,3,512.0,512.0,512.0,512.0,513.71,1.3126
572A3451.CR3,2.0,44.0,2026:08:14 13:56:29+02:00,512.0,511.8425,1.4406,515.0,519.0,2990.0,5,512.0,512.0,512.0,512.0,514.34,1.8571
572A3452.CR3,2.0,44.0,2026:08:14 13:56:32+02:00,512.0,511.8256,1.4279,515.0,519.0,2918.0,5,512.0,512.0,512.0,512.0,514.47,1.8204
572A3453.CR3,2.0,44.0,2026:08:14 13:56:35+02:00,512.0,511.8114,1.4309,515.0,519.0,2941.0,5,512.0,512.0,512.0,512.0,514.22,1.8352
572A3454.CR3,10.0,44.0,2026:08:14 13:56:38+02:00,511.0,511.3342,4.1927,517.0,535.0,12006.0,38,511.0,511.0,511.0,511.0,518.95,7.1146
572A3455.CR3,10.0,44.0,2026:08:14 13:56:51+02:00,511.0,511.3501,4.0443,517.0,534.0,11769.0,37,511.0,511.0,511.0,511.0,518.71,6.936
572A3456.CR3,10.0,44.0,2026:08:14 13:57:04+02:00,511.0,511.369,3.9751,517.0,534.0,11577.0,35,511.0,511.0,511.0,511.0,518.72,6.7974
572A3457.CR3,0.0005,43.0,2026:08:14 13:57:18+02:00,512.0,512.2713,2.8573,521.0,523.0,534.0,0,512.0,512.0,512.0,512.0,512.59,2.7536
572A3458.CR3,0.002,44.0,2026:08:14 13:57:19+02:00,512.0,512.2768,2.8498,521.0,523.0,534.0,0,512.0,512.0,512.0,512.0,512.71,2.7448
572A3459.CR3,0.008,44.0,2026:08:14 13:57:20+02:00,512.0,512.2698,2.8542,521.0,523.0,535.0,0,512.0,512.0,512.0,512.0,512.47,2.7527
572A3460.CR3,0.03333333333,44.0,2026:08:14 13:57:21+02:00,512.0,512.2654,2.8617,521.0,523.0,549.0,0,512.0,512.0,512.0,512.0,512.99,2.767
572A3461.CR3,0.125,44.0,2026:08:14 13:57:22+02:00,512.0,512.2622,2.8923,521.0,523.0,664.0,0,512.0,512.0,512.0,512.0,513.29,2.7942
572A3462.CR3,0.5,44.0,2026:08:14 13:57:23+02:00,512.0,512.2275,3.0729,521.0,523.0,1100.0,3,512.0,512.0,512.0,512.0,1136.95,51.365
572A3463.CR3,0.001,44.0,2026:08:14 13:57:24+02:00,512.0,512.2787,2.8516,521.0,523.0,538.0,0,512.0,512.0,512.0,512.0,512.52,2.7545
572A3464.CR3,0.004,44.0,2026:08:14 13:57:25+02:00,512.0,512.2691,2.8529,521.0,523.0,535.0,0,512.0,512.0,512.0,512.0,512.53,2.7574
572A3465.CR3,0.01666666667,44.0,2026:08:14 13:57:26+02:00,512.0,512.2575,2.8678,521.0,523.0,540.0,0,512.0,512.0,512.0,512.0,512.61,2.7723
572A3466.CR3,0.06666666667,44.0,2026:08:14 13:57:27+02:00,512.0,512.2552,2.8742,521.0,523.0,591.0,0,512.0,512.0,512.0,512.0,512.95,2.7606
572A3467.CR3,0.25,44.0,2026:08:14 13:57:28+02:00,512.0,512.2444,2.9623,521.0,523.0,809.0,0,512.0,512.0,512.0,512.0,513.37,2.8656
572A3468.CR3,1.0,44.0,2026:08:14 13:57:29+02:00,512.0,511.9099,1.2027,515.0,518.0,1752.0,3,512.0,512.0,512.0,512.0,513.69,1.3144
572A3469.CR3,0.0003125,44.0,2026:08:14 13:57:31+02:00,512.0,512.2567,2.8659,521.0,523.0,538.0,0,512.0,512.0,512.0,512.0,512.58,2.7552
572A3470.CR3,0.0003125,44.0,2026:08:14 13:57:31+02:00,512.0,512.2728,2.8583,521.0,523.0,534.0,0,512.0,512.0,512.0,512.0,512.52,2.7591
572A3471.CR3,0.0003125,44.0,2026:08:14 13:57:32+02:00,512.0,512.2735,2.8578,521.0,523.0,538.0,0,512.0,512.0,512.0,512.0,512.5,2.7518
572A3472.CR3,0.0003125,44.0,2026:08:14 13:57:33+02:00,512.0,512.2594,2.8688,521.0,523.0,539.0,0,512.0,512.0,512.0,512.0,512.56,2.7784
572A3473.CR3,0.0003125,44.0,2026:08:14 13:57:33+02:00,512.0,512.259,2.8676,521.0,523.0,539.0,0,512.0,512.0,512.0,512.0,512.74,2.752
572A3474.CR3,0.0003125,44.0,2026:08:14 13:57:34+02:00,512.0,512.2747,2.8591,521.0,523.0,535.0,0,512.0,512.0,512.0,512.0,512.58,2.7651
572A3475.CR3,0.0003125,44.0,2026:08:14 13:57:35+02:00,512.0,512.2682,2.8627,521.0,523.0,535.0,0,512.0,512.0,512.0,512.0,512.67,2.7638
572A3476.CR3,0.0003125,44.0,2026:08:14 13:57:35+02:00,512.0,512.2715,2.8646,521.0,523.0,534.0,0,512.0,512.0,512.0,512.0,512.56,2.7636
572A3520.CR3,0.003125,42.0,2026:08:14 14:09:46+02:00,512.0,512.2704,2.845,521.0,523.0,535.0,0,512.0,512.0,512.0,512.0,512.59,2.733
572A3521.CR3,0.003125,43.0,2026:08:14 14:10:16+02:00,512.0,512.2649,2.8535,521.0,523.0,535.0,0,512.0,512.0,512.0,512.0,512.48,2.7422
572A3522.CR3,0.0003125,43.0,2026:08:14 14:10:32+02:00,512.0,512.2659,2.8506,521.0,523.0,534.0,0,512.0,512.0,512.0,512.0,512.83,2.7488
572A3523.CR3,0.0003125,43.0,2026:08:14 14:10:32+02:00,512.0,512.2697,2.85,521.0,523.0,535.0,0,512.0,512.0,512.0,512.0,512.47,2.7528
572A3524.CR3,0.0003125,43.0,2026:08:14 14:10:33+02:00,512.0,512.2607,2.8534,521.0,523.0,535.0,0,512.0,512.0,512.0,512.0,512.43,2.7598
572A3525.CR3,0.0003125,43.0,2026:08:14 14:10:34+02:00,512.0,512.2649,2.8598,521.0,523.0,535.0,0,512.0,512.0,512.0,512.0,512.68,2.7672
572A3526.CR3,0.0003125,43.0,2026:08:14 14:10:34+02:00,512.0,512.2744,2.8543,521.0,523.0,534.0,0,512.0,512.0,512.0,512.0,512.75,2.7575
572A3527.CR3,0.0003125,43.0,2026:08:14 14:10:35+02:00,512.0,512.2757,2.8492,521.0,523.0,532.0,0,512.0,512.0,512.0,512.0,512.56,2.7593
572A3528.CR3,0.0003125,43.0,2026:08:14 14:10:36+02:00,512.0,512.2573,2.8617,521.0,523.0,539.0,0,512.0,512.0,512.0,512.0,512.77,2.7631
572A3529.CR3,0.0003125,43.0,2026:08:14 14:10:36+02:00,512.0,512.2658,2.8568,521.0,523.0,534.0,0,512.0,512.0,512.0,512.0,512.64,2.7647
572A3530.CR3,0.0003125,43.0,2026:08:14 14:10:37+02:00,512.0,512.2658,2.8594,521.0,523.0,533.0,0,512.0,512.0,512.0,512.0,512.5,2.7546
572A3531.CR3,0.0003125,43.0,2026:08:14 14:10:38+02:00,512.0,512.2625,2.8586,521.0,523.0,539.0,0,512.0,512.0,512.0,512.0,512.34,2.7566
572A3532.CR3,0.0003125,43.0,2026:08:14 14:10:38+02:00,512.0,512.2618,2.8544,521.0,523.0,536.0,0,512.0,512.0,512.0,512.0,512.68,2.7548
572A3533.CR3,0.0003125,43.0,2026:08:14 14:10:39+02:00,512.0,512.2631,2.8629,521.0,523.0,540.0,0,512.0,512.0,512.0,512.0,512.76,2.747
572A3534.CR3,0.0003125,43.0,2026:08:14 14:10:40+02:00,512.0,512.2779,2.8625,521.0,523.0,539.0,0,512.0,512.0,512.0,512.0,512.53,2.7557
572A3535.CR3,0.0003125,43.0,2026:08:14 14:10:40+02:00,512.0,512.2661,2.858,521.0,523.0,538.0,0,512.0,512.0,512.0,512.0,512.43,2.7556
572A3536.CR3,0.0003125,44.0,2026:08:14 14:10:41+02:00,512.0,512.2649,2.856,521.0,523.0,539.0,0,512.0,512.0,512.0,512.0,512.46,2.7545
572A3537.CR3,0.0003125,44.0,2026:08:14 14:10:42+02:00,512.0,512.2684,2.8564,521.0,523.0,534.0,0,512.0,512.0,512.0,512.0,512.79,2.7479
572A3538.CR3,0.0003125,44.0,2026:08:14 14:10:42+02:00,512.0,512.2738,2.8526,521.0,523.0,538.0,0,512.0,512.0,512.0,512.0,512.65,2.738
572A3539.CR3,0.0003125,44.0,2026:08:14 14:10:43+02:00,512.0,512.2742,2.852,521.0,523.0,538.0,0,512.0,512.0,512.0,512.0,512.63,2.7484
572A3540.CR3,0.0003125,44.0,2026:08:14 14:10:44+02:00,512.0,512.2593,2.868,521.0,523.0,536.0,0,512.0,512.0,512.0,512.0,512.56,2.7751
572A3541.CR3,0.0003125,44.0,2026:08:14 14:10:44+02:00,512.0,512.2601,2.8647,521.0,523.0,534.0,0,512.0,512.0,512.0,512.0,512.48,2.7711
572A3542.CR3,0.0003125,44.0,2026:08:14 14:10:45+02:00,512.0,512.2744,2.8564,521.0,523.0,539.0,0,512.0,512.0,512.0,512.0,512.7,2.7549
572A3543.CR3,0.0003125,44.0,2026:08:14 14:10:45+02:00,512.0,512.2644,2.8607,521.0,523.0,539.0,0,512.0,512.0,512.0,512.0,512.53,2.7707
572A3544.CR3,0.0003125,44.0,2026:08:14 14:10:46+02:00,512.0,512.2686,2.8596,521.0,523.0,534.0,0,512.0,512.0,512.0,512.0,512.67,2.7624
572A3545.CR3,0.0003125,44.0,2026:08:14 14:10:47+02:00,512.0,512.2643,2.86,521.0,523.0,538.0,0,512.0,512.0,512.0,512.0,512.49,2.7505
572A3546.CR3,0.0003125,44.0,2026:08:14 14:10:47+02:00,512.0,512.2699,2.8562,521.0,523.0,539.0,0,512.0,512.0,512.0,512.0,512.76,2.7603
572A3547.CR3,0.0003125,44.0,2026:08:14 14:10:48+02:00,512.0,512.2666,2.8616,521.0,523.0,536.0,0,512.0,512.0,512.0,512.0,512.63,2.7558
572A3548.CR3,0.0003125,44.0,2026:08:14 14:10:49+02:00,512.0,512.2723,2.8573,521.0,523.0,538.0,0,512.0,512.0,512.0,512.0,512.64,2.7585
572A3549.CR3,0.0003125,44.0,2026:08:14 14:10:49+02:00,512.0,512.2739,2.8622,521.0,523.0,538.0,0,512.0,512.0,512.0,512.0,512.4,2.7507
572A3550.CR3,0.0003125,44.0,2026:08:14 14:10:50+02:00,512.0,512.263,2.8625,521.0,523.0,535.0,0,512.0,512.0,512.0,512.0,512.65,2.7651
572A3551.CR3,0.0003125,44.0,2026:08:14 14:10:51+02:00,512.0,512.2652,2.8634,521.0,523.0,534.0,0,512.0,512.0,512.0,512.0,512.59,2.7627
572A3552.CR3,0.0003125,44.0,2026:08:14 14:10:51+02:00,512.0,512.2758,2.858,521.0,523.0,536.0,0,512.0,512.0,512.0,512.0,512.58,2.7503
572A3553.CR3,0.0005,44.0,2026:08:14 14:10:52+02:00,512.0,512.2716,2.8579,521.0,523.0,538.0,0,512.0,512.0,512.0,512.0,512.52,2.7557
572A3554.CR3,0.002,44.0,2026:08:14 14:10:53+02:00,512.0,512.2616,2.8621,521.0,523.0,534.0,0,512.0,512.0,512.0,512.0,512.63,2.7683
572A3555.CR3,0.008,44.0,2026:08:14 14:10:54+02:00,512.0,512.2574,2.8628,521.0,523.0,538.0,0,512.0,512.0,512.0,512.0,512.55,2.757
572A3556.CR3,0.03333333333,44.0,2026:08:14 14:10:55+02:00,512.0,512.2667,2.8658,521.0,523.0,558.0,0,512.0,512.0,512.0,512.0,512.91,2.7656
572A3557.CR3,0.125,44.0,2026:08:14 14:10:56+02:00,512.0,512.2595,2.8969,521.0,523.0,660.0,0,512.0,512.0,512.0,512.0,513.11,2.8136
572A3558.CR3,0.5,44.0,2026:08:14 14:10:57+02:00,512.0,512.2339,3.0736,521.0,523.0,1115.0,2,512.0,512.0,512.0,512.0,1155.21,52.2474
572A3559.CR3,0.001,44.0,2026:08:14 14:10:58+02:00,512.0,512.2618,2.868,521.0,523.0,534.0,0,512.0,512.0,512.0,512.0,512.43,2.7635
572A3560.CR3,0.004,44.0,2026:08:14 14:10:59+02:00,512.0,512.2788,2.856,521.0,523.0,536.0,0,512.0,512.0,512.0,512.0,512.52,2.75
572A3561.CR3,0.01666666667,44.0,2026:08:14 14:11:00+02:00,512.0,512.262,2.866,521.0,523.0,534.0,0,512.0,512.0,512.0,512.0,512.55,2.7737
572A3562.CR3,0.06666666667,44.0,2026:08:14 14:11:01+02:00,512.0,512.2662,2.8729,521.0,523.0,591.0,0,512.0,512.0,512.0,512.0,513.11,2.797
572A3563.CR3,0.25,44.0,2026:08:14 14:11:02+02:00,512.0,512.2543,2.9522,521.0,523.0,813.0,0,512.0,512.0,512.0,512.0,513.41,2.8606
572A3564.CR3,1.0,44.0,2026:08:14 14:11:03+02:00,512.0,511.9123,1.1988,515.0,518.0,1736.0,3,512.0,512.0,512.0,512.0,513.75,1.2986
572A3565.CR3,2.0,44.0,2026:08:14 14:11:05+02:00,512.0,511.8545,1.4193,515.0,519.0,2874.0,5,512.0,512.0,512.0,512.0,514.29,1.8134
572A3566.CR3,2.0,44.0,2026:08:14 14:11:08+02:00,512.0,511.8123,1.4144,515.0,519.0,2870.0,5,512.0,512.0,512.0,512.0,514.31,1.7863
572A3567.CR3,2.0,44.0,2026:08:14 14:11:11+02:00,512.0,511.8153,1.4034,515.0,519.0,2827.0,5,512.0,512.0,512.0,512.0,514.25,1.7525
572A3568.CR3,10.0,44.0,2026:08:14 14:11:14+02:00,511.0,511.3719,4.0815,517.0,534.0,11829.0,36,511.0,511.0,511.0,511.0,518.78,6.8516
572A3569.CR3,10.0,43.0,2026:08:14 14:11:27+02:00,511.0,511.3231,3.9547,517.0,533.0,11325.0,34,511.0,511.0,511.0,511.0,518.52,6.5978
572A3570.CR3,10.0,43.0,2026:08:14 14:11:40+02:00,511.0,511.4108,3.8644,517.0,533.0,11135.0,31,511.0,511.0,511.0,511.0,518.4,6.5152
572A3571.CR3,0.0005,43.0,2026:08:14 14:11:54+02:00,512.0,512.2704,2.8527,521.0,523.0,536.0,0,512.0,512.0,512.0,512.0,512.71,2.75
572A3572.CR3,0.002,43.0,2026:08:14 14:11:55+02:00,512.0,512.2678,2.856,521.0,523.0,535.0,0,512.0,512.0,512.0,512.0,512.58,2.7714
572A3573.CR3,0.008,43.0,2026:08:14 14:11:56+02:00,512.0,512.2654,2.8534,521.0,523.0,534.0,0,512.0,512.0,512.0,512.0,512.65,2.7443
572A3574.CR3,0.03333333333,43.0,2026:08:14 14:11:57+02:00,512.0,512.2773,2.8513,521.0,523.0,558.0,0,512.0,512.0,512.0,512.0,513.05,2.7641
572A3575.CR3,0.125,44.0,2026:08:14 14:11:58+02:00,512.0,512.2515,2.8953,521.0,523.0,655.0,0,512.0,512.0,512.0,512.0,513.19,2.7991
572A3576.CR3,0.5,44.0,2026:08:14 14:11:59+02:00,512.0,512.239,3.0478,521.0,523.0,1077.0,2,512.0,512.0,512.0,512.0,1073.38,47.5225
572A3577.CR3,0.001,44.0,2026:08:14 14:12:00+02:00,512.0,512.2662,2.8534,521.0,523.0,534.0,0,512.0,512.0,512.0,512.0,512.51,2.7474
572A3578.CR3,0.004,44.0,2026:08:14 14:12:01+02:00,512.0,512.2719,2.8504,521.0,523.0,536.0,0,512.0,512.0,512.0,512.0,512.51,2.741
572A3579.CR3,0.01666666667,44.0,2026:08:14 14:12:02+02:00,512.0,512.2687,2.8567,521.0,523.0,535.0,0,512.0,512.0,512.0,512.0,512.68,2.759
572A3580.CR3,0.06666666667,44.0,2026:08:14 14:12:03+02:00,512.0,512.2573,2.8676,521.0,523.0,595.0,0,512.0,512.0,512.0,512.0,512.99,2.777
572A3581.CR3,0.25,44.0,2026:08:14 14:12:04+02:00,512.0,512.2607,2.9406,521.0,523.0,794.0,0,512.0,512.0,512.0,512.0,513.49,2.8236
572A3582.CR3,1.0,44.0,2026:08:14 14:12:05+02:00,512.0,511.8562,1.195,515.0,518.0,1680.0,3,512.0,512.0,512.0,512.0,513.66,1.2926
572A3583.CR3,0.0003125,44.0,2026:08:14 14:12:07+02:00,512.0,512.2732,2.8532,521.0,523.0,534.0,0,512.0,512.0,512.0,512.0,512.76,2.757
572A3584.CR3,0.0003125,44.0,2026:08:14 14:12:07+02:00,512.0,512.2645,2.8574,521.0,523.0,534.0,0,512.0,512.0,512.0,512.0,512.57,2.7564
572A3585.CR3,0.0003125,44.0,2026:08:14 14:12:08+02:00,512.0,512.2698,2.8604,521.0,523.0,535.0,0,512.0,512.0,512.0,512.0,512.53,2.7427
572A3586.CR3,0.0003125,44.0,2026:08:14 14:12:09+02:00,512.0,512.261,2.8616,521.0,523.0,534.0,0,512.0,512.0,512.0,512.0,512.7,2.7616
572A3587.CR3,0.0003125,44.0,2026:08:14 14:12:09+02:00,512.0,512.2757,2.8575,521.0,523.0,534.0,0,512.0,512.0,512.0,512.0,512.62,2.7551
572A3588.CR3,0.0003125,44.0,2026:08:14 14:12:10+02:00,512.0,512.2637,2.8608,521.0,523.0,539.0,0,512.0,512.0,512.0,512.0,512.51,2.7663
572A3589.CR3,0.0003125,44.0,2026:08:14 14:12:11+02:00,512.0,512.2628,2.8611,521.0,523.0,534.0,0,512.0,512.0,512.0,512.0,512.41,2.7704
572A3590.CR3,0.0003125,44.0,2026:08:14 14:12:11+02:00,512.0,512.2628,2.8655,521.0,523.0,538.0,0,512.0,512.0,512.0,512.0,512.49,2.7612
572A3591.CR3,0.0003125,44.0,2026:08:14 14:12:12+02:00,512.0,512.2642,2.8639,521.0,523.0,532.0,0,512.0,512.0,512.0,512.0,512.33,2.7732
572A3592.CR3,0.0003125,44.0,2026:08:14 14:12:13+02:00,512.0,512.2709,2.8598,521.0,523.0,538.0,0,512.0,512.0,512.0,512.0,512.68,2.7549
572A3593.CR3,0.0003125,44.0,2026:08:14 14:12:13+02:00,512.0,512.2734,2.8578,521.0,523.0,534.0,0,512.0,512.0,512.0,512.0,512.67,2.7609
572A3594.CR3,0.0003125,44.0,2026:08:14 14:12:14+02:00,512.0,512.2684,2.8607,521.0,523.0,539.0,0,512.0,512.0,512.0,512.0,512.62,2.7593
572A3595.CR3,0.0003125,44.0,2026:08:14 14:12:15+02:00,512.0,512.2719,2.8621,521.0,523.0,534.0,0,512.0,512.0,512.0,512.0,512.56,2.7563
572A3596.CR3,0.0003125,44.0,2026:08:14 14:12:15+02:00,512.0,512.268,2.8621,521.0,523.0,534.0,0,512.0,512.0,512.0,512.0,512.58,2.7713
572A3597.CR3,0.0003125,44.0,2026:08:14 14:12:16+02:00,512.0,512.2698,2.8633,521.0,523.0,536.0,0,512.0,512.0,512.0,512.0,512.47,2.7704
572A3598.CR3,0.0003125,44.0,2026:08:14 14:12:16+02:00,512.0,512.2744,2.8609,521.0,523.0,539.0,0,512.0,512.0,512.0,512.0,512.65,2.7644
572A3599.CR3,0.0003125,44.0,2026:08:14 14:12:17+02:00,512.0,512.2743,2.8625,521.0,523.0,535.0,0,512.0,512.0,512.0,512.0,512.55,2.7721
572A3974.CR3,0.003125,37.0,2026:08:14 14:59:35+02:00,512.0,512.2593,2.8264,521.0,523.0,535.0,0,512.0,512.0,512.0,512.0,512.54,2.7273
572A3975.CR3,0.003125,38.0,2026:08:14 15:00:05+02:00,512.0,512.2496,2.8216,521.0,523.0,534.0,0,512.0,512.0,512.0,512.0,512.51,2.7156
572A3976.CR3,0.0003125,38.0,2026:08:14 15:00:21+02:00,512.0,512.251,2.8272,521.0,523.0,536.0,0,512.0,512.0,512.0,512.0,512.38,2.7144
572A3977.CR3,0.0003125,38.0,2026:08:14 15:00:21+02:00,512.0,512.2597,2.8251,521.0,523.0,534.0,0,512.0,512.0,512.0,512.0,512.45,2.719
572A3978.CR3,0.0003125,38.0,2026:08:14 15:00:22+02:00,512.0,512.2645,2.8191,521.0,523.0,539.0,0,512.0,512.0,512.0,512.0,512.55,2.7166
572A3979.CR3,0.0003125,38.0,2026:08:14 15:00:23+02:00,512.0,512.2555,2.8281,521.0,523.0,534.0,0,512.0,512.0,512.0,512.0,512.53,2.7331
572A3980.CR3,0.0003125,38.0,2026:08:14 15:00:23+02:00,512.0,512.2695,2.828,521.0,523.0,534.0,0,512.0,512.0,512.0,512.0,512.46,2.7179
572A3981.CR3,0.0003125,38.0,2026:08:14 15:00:24+02:00,512.0,512.2598,2.8242,521.0,523.0,534.0,0,512.0,512.0,512.0,512.0,512.49,2.7179
572A3982.CR3,0.0003125,38.0,2026:08:14 15:00:25+02:00,512.0,512.2546,2.8293,521.0,523.0,534.0,0,512.0,512.0,512.0,512.0,512.29,2.7171
572A3983.CR3,0.0003125,38.0,2026:08:14 15:00:25+02:00,512.0,512.2597,2.8219,521.0,523.0,534.0,0,512.0,512.0,512.0,512.0,512.56,2.7228
572A3984.CR3,0.0003125,38.0,2026:08:14 15:00:26+02:00,512.0,512.2605,2.8249,521.0,523.0,534.0,0,512.0,512.0,512.0,512.0,512.56,2.718
572A3985.CR3,0.0003125,38.0,2026:08:14 15:00:26+02:00,512.0,512.2644,2.8262,521.0,523.0,534.0,0,512.0,512.0,512.0,512.0,512.61,2.7195
572A3986.CR3,0.0003125,38.0,2026:08:14 15:00:27+02:00,512.0,512.2586,2.8287,521.0,523.0,538.0,0,512.0,512.0,512.0,512.0,512.67,2.7303
572A3987.CR3,0.0003125,38.0,2026:08:14 15:00:28+02:00,512.0,512.2521,2.8324,521.0,523.0,538.0,0,512.0,512.0,512.0,512.0,512.48,2.7194
572A3988.CR3,0.0003125,38.0,2026:08:14 15:00:28+02:00,512.0,512.2662,2.8272,521.0,523.0,539.0,0,512.0,512.0,512.0,512.0,512.68,2.7312
572A3989.CR3,0.0003125,38.0,2026:08:14 15:00:29+02:00,512.0,512.258,2.8288,521.0,523.0,535.0,0,512.0,512.0,512.0,512.0,512.58,2.7307
572A3990.CR3,0.0003125,38.0,2026:08:14 15:00:30+02:00,512.0,512.2585,2.8292,521.0,523.0,535.0,0,512.0,512.0,512.0,512.0,512.37,2.7207
572A3991.CR3,0.0003125,39.0,2026:08:14 15:00:30+02:00,512.0,512.2556,2.8296,521.0,523.0,534.0,0,512.0,512.0,512.0,512.0,512.58,2.7349
572A3992.CR3,0.0003125,39.0,2026:08:14 15:00:31+02:00,512.0,512.257,2.8315,521.0,523.0,534.0,0,512.0,512.0,512.0,512.0,512.55,2.7354
572A3993.CR3,0.0003125,39.0,2026:08:14 15:00:32+02:00,512.0,512.2546,2.8287,521.0,523.0,535.0,0,512.0,512.0,512.0,512.0,512.62,2.7263
572A3994.CR3,0.0003125,39.0,2026:08:14 15:00:32+02:00,512.0,512.2567,2.8238,521.0,523.0,534.0,0,512.0,512.0,512.0,512.0,512.37,2.7263
572A3995.CR3,0.0003125,39.0,2026:08:14 15:00:33+02:00,512.0,512.2664,2.8293,521.0,523.0,532.0,0,512.0,512.0,512.0,512.0,512.51,2.7301
572A3996.CR3,0.0003125,39.0,2026:08:14 15:00:34+02:00,512.0,512.2667,2.8291,521.0,523.0,539.0,0,512.0,512.0,512.0,512.0,512.4,2.7307
572A3997.CR3,0.0003125,39.0,2026:08:14 15:00:34+02:00,512.0,512.2636,2.8277,521.0,523.0,534.0,0,512.0,512.0,512.0,512.0,512.55,2.7326
572A3998.CR3,0.0003125,39.0,2026:08:14 15:00:35+02:00,512.0,512.2604,2.8252,521.0,523.0,534.0,0,512.0,512.0,512.0,512.0,512.72,2.7336
572A3999.CR3,0.0003125,39.0,2026:08:14 15:00:36+02:00,512.0,512.2495,2.831,521.0,523.0,534.0,0,512.0,512.0,512.0,512.0,512.48,2.7253
572A4000.CR3,0.0003125,39.0,2026:08:14 15:00:36+02:00,512.0,512.2581,2.8309,521.0,523.0,534.0,0,512.0,512.0,512.0,512.0,512.49,2.7201
572A4001.CR3,0.0003125,39.0,2026:08:14 15:00:37+02:00,512.0,512.2595,2.8346,521.0,523.0,539.0,0,512.0,512.0,512.0,512.0,512.5,2.7391
572A4002.CR3,0.0003125,39.0,2026:08:14 15:00:38+02:00,512.0,512.2665,2.8321,521.0,523.0,534.0,0,512.0,512.0,512.0,512.0,512.41,2.7279
572A4003.CR3,0.0003125,39.0,2026:08:14 15:00:38+02:00,512.0,512.2597,2.8302,521.0,523.0,534.0,0,512.0,512.0,512.0,512.0,512.53,2.7143
572A4004.CR3,0.0003125,39.0,2026:08:14 15:00:39+02:00,512.0,512.257,2.8325,521.0,523.0,538.0,0,512.0,512.0,512.0,512.0,512.43,2.7264
572A4005.CR3,0.0003125,39.0,2026:08:14 15:00:39+02:00,512.0,512.2659,2.8309,521.0,523.0,534.0,0,512.0,512.0,512.0,512.0,512.46,2.7322
572A4006.CR3,0.0003125,39.0,2026:08:14 15:00:40+02:00,512.0,512.2646,2.8305,521.0,523.0,534.0,0,512.0,512.0,512.0,512.0,512.58,2.7329
572A4007.CR3,0.0005,39.0,2026:08:14 15:00:41+02:00,512.0,512.2601,2.8327,521.0,523.0,533.0,0,512.0,512.0,512.0,512.0,512.57,2.7326
572A4008.CR3,0.002,39.0,2026:08:14 15:00:42+02:00,512.0,512.2595,2.8305,521.0,523.0,534.0,0,512.0,512.0,512.0,512.0,512.45,2.7303
572A4009.CR3,0.008,39.0,2026:08:14 15:00:43+02:00,512.0,512.2627,2.8263,521.0,523.0,534.0,0,512.0,512.0,512.0,512.0,512.66,2.7176
572A4010.CR3,0.03333333333,39.0,2026:08:14 15:00:44+02:00,512.0,512.2549,2.8276,521.0,523.0,540.0,0,512.0,512.0,512.0,512.0,512.89,2.7277
572A4011.CR3,0.125,39.0,2026:08:14 15:00:45+02:00,512.0,512.2581,2.8373,521.0,523.0,609.0,0,512.0,512.0,512.0,512.0,513.14,2.734
572A4012.CR3,0.5,39.0,2026:08:14 15:00:46+02:00,512.0,512.2368,2.9261,521.0,523.0,924.0,0,512.0,512.0,512.0,512.0,534.96,5.4277
572A4013.CR3,0.001,39.0,2026:08:14 15:00:47+02:00,512.0,512.2615,2.8294,521.0,523.0,534.0,0,512.0,512.0,512.0,512.0,512.55,2.7256
572A4014.CR3,0.004,39.0,2026:08:14 15:00:48+02:00,512.0,512.2659,2.8289,521.0,523.0,534.0,0,512.0,512.0,512.0,512.0,512.56,2.7246
572A4015.CR3,0.01666666667,39.0,2026:08:14 15:00:49+02:00,512.0,512.2451,2.8314,521.0,523.0,533.0,0,512.0,512.0,512.0,512.0,512.5,2.7284
572A4016.CR3,0.06666666667,39.0,2026:08:14 15:00:50+02:00,512.0,512.2674,2.8267,521.0,523.0,568.0,0,512.0,512.0,512.0,512.0,512.82,2.7178
572A4017.CR3,0.25,39.0,2026:08:14 15:00:51+02:00,512.0,512.2585,2.8545,521.0,523.0,729.0,0,512.0,512.0,512.0,512.0,513.24,2.7586
572A4018.CR3,1.0,39.0,2026:08:14 15:00:52+02:00,512.0,511.918,1.1261,515.0,517.0,1323.0,3,512.0,512.0,512.0,512.0,513.33,1.1383
572A4019.CR3,2.0,39.0,2026:08:14 15:00:54+02:00,512.0,511.8848,1.2284,515.0,518.0,2205.0,4,512.0,512.0,512.0,512.0,513.69,1.364
572A4020.CR3,2.0,39.0,2026:08:14 15:00:57+02:00,512.0,511.9159,1.2215,515.0,518.0,2114.0,4,512.0,512.0,512.0,512.0,513.76,1.3527
572A4021.CR3,2.0,39.0,2026:08:14 15:01:00+02:00,512.0,511.9121,1.2193,515.0,518.0,2109.0,4,512.0,512.0,512.0,512.0,513.6,1.3495
572A4022.CR3,10.0,39.0,2026:08:14 15:01:03+02:00,512.0,511.6436,2.6288,515.0,526.0,7245.0,13,512.0,512.0,512.0,512.0,515.94,4.1567
572A4023.CR3,10.0,38.0,2026:08:14 15:01:16+02:00,512.0,511.6409,2.5575,515.0,526.0,6947.0,13,512.0,512.0,512.0,512.0,515.86,4.0862
572A4024.CR3,10.0,38.0,2026:08:14 15:01:29+02:00,512.0,511.6541,2.5046,515.0,526.0,6956.0,13,512.0,512.0,512.0,512.0,515.87,3.9874
572A4025.CR3,0.0005,38.0,2026:08:14 15:01:43+02:00,512.0,512.2598,2.828,521.0,523.0,534.0,0,512.0,512.0,512.0,512.0,512.49,2.7211
572A4026.CR3,0.002,38.0,2026:08:14 15:01:44+02:00,512.0,512.2641,2.8285,521.0,523.0,534.0,0,512.0,512.0,512.0,512.0,512.62,2.7214
572A4027.CR3,0.008,39.0,2026:08:14 15:01:45+02:00,512.0,512.2517,2.8321,521.0,523.0,534.0,0,512.0,512.0,512.0,512.0,512.47,2.7283
572A4028.CR3,0.03333333333,39.0,2026:08:14 15:01:45+02:00,512.0,512.2567,2.8257,521.0,523.0,544.0,0,512.0,512.0,512.0,512.0,512.98,2.7238
572A4029.CR3,0.125,39.0,2026:08:14 15:01:46+02:00,512.0,512.2476,2.8395,521.0,523.0,614.0,0,512.0,512.0,512.0,512.0,513.03,2.7418
572A4030.CR3,0.5,39.0,2026:08:14 15:01:47+02:00,512.0,512.2361,2.909,521.0,523.0,864.0,0,512.0,512.0,512.0,512.0,525.28,4.2956
572A4031.CR3,0.001,39.0,2026:08:14 15:01:49+02:00,512.0,512.266,2.8239,521.0,523.0,533.0,0,512.0,512.0,512.0,512.0,512.28,2.7195
572A4032.CR3,0.004,39.0,2026:08:14 15:01:50+02:00,512.0,512.2631,2.8282,521.0,523.0,533.0,0,512.0,512.0,512.0,512.0,512.48,2.715
572A4033.CR3,0.01666666667,39.0,2026:08:14 15:01:51+02:00,512.0,512.2585,2.8334,521.0,523.0,533.0,0,512.0,512.0,512.0,512.0,512.44,2.7431
572A4034.CR3,0.06666666667,39.0,2026:08:14 15:01:52+02:00,512.0,512.2571,2.8297,521.0,523.0,565.0,0,512.0,512.0,512.0,512.0,513.02,2.7281
572A4035.CR3,0.25,39.0,2026:08:14 15:01:52+02:00,512.0,512.247,2.8601,521.0,523.0,683.0,0,512.0,512.0,512.0,512.0,513.14,2.768
572A4036.CR3,1.0,39.0,2026:08:14 15:01:54+02:00,512.0,511.9431,1.124,515.0,517.0,1190.0,3,512.0,512.0,512.0,512.0,513.27,1.1333
572A4037.CR3,0.0003125,39.0,2026:08:14 15:01:56+02:00,512.0,512.2624,2.8297,521.0,523.0,539.0,0,512.0,512.0,512.0,512.0,512.6,2.7247
572A4038.CR3,0.0003125,39.0,2026:08:14 15:01:56+02:00,512.0,512.265,2.8294,521.0,523.0,534.0,0,512.0,512.0,512.0,512.0,512.51,2.7244
572A4039.CR3,0.0003125,39.0,2026:08:14 15:01:57+02:00,512.0,512.2605,2.8284,521.0,523.0,534.0,0,512.0,512.0,512.0,512.0,512.56,2.7287
572A4040.CR3,0.0003125,39.0,2026:08:14 15:01:57+02:00,512.0,512.2671,2.8279,521.0,523.0,534.0,0,512.0,512.0,512.0,512.0,512.53,2.7229
572A4041.CR3,0.0003125,39.0,2026:08:14 15:01:58+02:00,512.0,512.2641,2.83,521.0,523.0,539.0,0,512.0,512.0,512.0,512.0,512.66,2.7237
572A4042.CR3,0.0003125,39.0,2026:08:14 15:01:59+02:00,512.0,512.2601,2.8302,521.0,523.0,534.0,0,512.0,512.0,512.0,512.0,512.5,2.7271
572A4043.CR3,0.0003125,39.0,2026:08:14 15:01:59+02:00,512.0,512.2645,2.8323,521.0,523.0,535.0,0,512.0,512.0,512.0,512.0,512.7,2.7308
572A4044.CR3,0.0003125,39.0,2026:08:14 15:02:00+02:00,512.0,512.2689,2.8301,521.0,523.0,534.0,0,512.0,512.0,512.0,512.0,512.56,2.7211
572A4045.CR3,0.0003125,39.0,2026:08:14 15:02:01+02:00,512.0,512.2628,2.8279,521.0,523.0,534.0,0,512.0,512.0,512.0,512.0,512.39,2.7278
572A4046.CR3,0.0003125,39.0,2026:08:14 15:02:01+02:00,512.0,512.266,2.8313,521.0,523.0,534.0,0,512.0,512.0,512.0,512.0,512.63,2.7315
572A4047.CR3,0.0003125,39.0,2026:08:14 15:02:02+02:00,512.0,512.2593,2.8367,521.0,523.0,534.0,0,512.0,512.0,512.0,512.0,512.57,2.7274
572A4048.CR3,0.0003125,40.0,2026:08:14 15:02:03+02:00,512.0,512.2548,2.8308,521.0,523.0,534.0,0,512.0,512.0,512.0,512.0,512.52,2.7244
572A4049.CR3,0.0003125,40.0,2026:08:14 15:02:03+02:00,512.0,512.2623,2.8359,521.0,523.0,538.0,0,512.0,512.0,512.0,512.0,512.53,2.7357
572A4050.CR3,0.0003125,40.0,2026:08:14 15:02:04+02:00,512.0,512.2657,2.8338,521.0,523.0,539.0,0,512.0,512.0,512.0,512.0,512.51,2.7395
572A4051.CR3,0.0003125,40.0,2026:08:14 15:02:05+02:00,512.0,512.2542,2.8334,521.0,523.0,535.0,0,512.0,512.0,512.0,512.0,512.36,2.7353
572A4052.CR3,0.0003125,40.0,2026:08:14 15:02:05+02:00,512.0,512.2661,2.8319,521.0,523.0,534.0,0,512.0,512.0,512.0,512.0,512.48,2.744
572A4053.CR3,0.0003125,40.0,2026:08:14 15:02:06+02:00,512.0,512.2596,2.8335,521.0,523.0,533.0,0,512.0,512.0,512.0,512.0,512.65,2.7334
572A4054.CR3,0.0003125,40.0,2026:08:14 15:02:07+02:00,512.0,512.259,2.8375,521.0,523.0,539.0,0,512.0,512.0,512.0,512.0,512.45,2.7332
572A4055.CR3,0.0003125,40.0,2026:08:14 15:02:07+02:00,512.0,512.2503,2.8415,521.0,523.0,534.0,0,512.0,512.0,512.0,512.0,512.53,2.7351
572A4056.CR3,0.0003125,40.0,2026:08:14 15:02:08+02:00,512.0,512.2681,2.8349,521.0,523.0,534.0,0,512.0,512.0,512.0,512.0,512.52,2.7215
572A4057.CR3,0.0003125,40.0,2026:08:14 15:02:09+02:00,512.0,512.2662,2.835,521.0,523.0,534.0,0,512.0,512.0,512.0,512.0,512.45,2.7405
572A4058.CR3,0.0003125,40.0,2026:08:14 15:02:09+02:00,512.0,512.2696,2.832,521.0,523.0,539.0,0,512.0,512.0,512.0,512.0,512.52,2.7328
572A4059.CR3,0.0003125,40.0,2026:08:14 15:02:10+02:00,512.0,512.2629,2.8335,521.0,523.0,535.0,0,512.0,512.0,512.0,512.0,512.52,2.7299
572A4060.CR3,0.0003125,40.0,2026:08:14 15:02:10+02:00,512.0,512.2671,2.8378,521.0,523.0,539.0,0,512.0,512.0,512.0,512.0,512.52,2.7332
572A4061.CR3,0.0003125,40.0,2026:08:14 15:02:11+02:00,512.0,512.2644,2.8341,521.0,523.0,533.0,0,512.0,512.0,512.0,512.0,512.33,2.738
572A4062.CR3,0.0003125,40.0,2026:08:14 15:02:12+02:00,512.0,512.2584,2.8368,521.0,523.0,534.0,0,512.0,512.0,512.0,512.0,512.53,2.7331
572A4063.CR3,0.0003125,40.0,2026:08:14 15:02:12+02:00,512.0,512.2537,2.8368,521.0,523.0,534.0,0,512.0,512.0,512.0,512.0,512.61,2.7308
572A4064.CR3,0.0003125,40.0,2026:08:14 15:02:13+02:00,512.0,512.2625,2.8338,521.0,523.0,539.0,0,512.0,512.0,512.0,512.0,512.65,2.7345
572A4065.CR3,0.0003125,40.0,2026:08:14 15:02:14+02:00,512.0,512.2629,2.8355,521.0,523.0,534.0,0,512.0,512.0,512.0,512.0,512.42,2.7359
572A4066.CR3,0.0003125,40.0,2026:08:14 15:02:14+02:00,512.0,512.2698,2.835,521.0,523.0,535.0,0,512.0,512.0,512.0,512.0,512.58,2.7311
572A4067.CR3,0.0003125,40.0,2026:08:14 15:02:15+02:00,512.0,512.259,2.8393,521.0,523.0,536.0,0,512.0,512.0,512.0,512.0,512.55,2.7404
572A4068.CR3,0.0003125,40.0,2026:08:14 15:02:16+02:00,512.0,512.2627,2.8329,521.0,523.0,535.0,0,512.0,512.0,512.0,512.0,512.55,2.737
572A4069.CR3,0.0003125,40.0,2026:08:14 15:02:16+02:00,512.0,512.2684,2.84,521.0,523.0,539.0,0,512.0,512.0,512.0,512.0,512.6,2.7401
572A4070.CR3,0.0003125,40.0,2026:08:14 15:02:17+02:00,512.0,512.2682,2.8369,521.0,523.0,535.0,0,512.0,512.0,512.0,512.0,512.61,2.7361
572A4071.CR3,0.0003125,40.0,2026:08:14 15:02:18+02:00,512.0,512.2631,2.8391,521.0,523.0,534.0,0,512.0,512.0,512.0,512.0,512.37,2.7321
572A4072.CR3,0.0003125,40.0,2026:08:14 15:02:18+02:00,512.0,512.2563,2.8393,521.0,523.0,534.0,0,512.0,512.0,512.0,512.0,512.55,2.7391
572A4073.CR3,0.0003125,40.0,2026:08:14 15:02:19+02:00,512.0,512.2556,2.8424,521.0,523.0,532.0,0,512.0,512.0,512.0,512.0,512.47,2.7381
572A4074.CR3,0.0003125,40.0,2026:08:14 15:02:20+02:00,512.0,512.2645,2.8392,521.0,523.0,538.0,0,512.0,512.0,512.0,512.0,512.49,2.7308
572A4075.CR3,0.0003125,40.0,2026:08:14 15:02:20+02:00,512.0,512.2616,2.8374,521.0,523.0,532.0,0,512.0,512.0,512.0,512.0,512.67,2.7405
572A4076.CR3,0.0003125,41.0,2026:08:14 15:02:21+02:00,512.0,512.2625,2.8355,521.0,523.0,535.0,0,512.0,512.0,512.0,512.0,512.4,2.7409
572A4077.CR3,0.0003125,41.0,2026:08:14 15:02:22+02:00,512.0,512.2648,2.8365,521.0,523.0,535.0,0,512.0,512.0,512.0,512.0,512.68,2.7291
572A4078.CR3,0.0003125,41.0,2026:08:14 15:02:22+02:00,512.0,512.2691,2.8357,521.0,523.0,534.0,0,512.0,512.0,512.0,512.0,512.4,2.7286
572A4079.CR3,0.0003125,41.0,2026:08:14 15:02:23+02:00,512.0,512.2587,2.8381,521.0,523.0,535.0,0,512.0,512.0,512.0,512.0,512.37,2.7438
572A4080.CR3,0.0003125,41.0,2026:08:14 15:02:23+02:00,512.0,512.262,2.8404,521.0,523.0,534.0,0,512.0,512.0,512.0,512.0,512.71,2.7531
572A4081.CR3,0.0003125,41.0,2026:08:14 15:02:24+02:00,512.0,512.2578,2.841,521.0,523.0,534.0,0,512.0,512.0,512.0,512.0,512.64,2.7414
572A4082.CR3,0.0003125,41.0,2026:08:14 15:02:25+02:00,512.0,512.2688,2.8358,521.0,523.0,538.0,0,512.0,512.0,512.0,512.0,512.59,2.7307
572A4083.CR3,0.0003125,41.0,2026:08:14 15:02:25+02:00,512.0,512.2576,2.8405,521.0,523.0,534.0,0,512.0,512.0,512.0,512.0,512.58,2.744
572A4084.CR3,0.0003125,41.0,2026:08:14 15:02:26+02:00,512.0,512.2592,2.8431,521.0,523.0,539.0,0,512.0,512.0,512.0,512.0,512.51,2.7387
572A4085.CR3,0.003125,40.0,2026:08:14 15:02:36+02:00,512.0,512.2649,2.8389,521.0,523.0,534.0,0,512.0,512.0,512.0,512.0,512.37,2.7354
572A4086.CR3,0.003125,40.0,2026:08:14 15:02:58+02:00,512.0,512.249,2.8369,521.0,523.0,534.0,0,512.0,512.0,512.0,512.0,512.57,2.7369
572A4087.CR3,0.003125,40.0,2026:08:14 15:03:51+02:00,512.0,512.2484,2.8417,521.0,523.0,532.0,0,512.0,512.0,512.0,512.0,512.52,2.7329
572A4088.CR3,0.003125,40.0,2026:08:14 15:04:21+02:00,512.0,512.2465,2.8443,521.0,523.0,534.0,0,512.0,512.0,512.0,512.0,512.61,2.7465
572A4089.CR3,0.0003125,40.0,2026:08:14 15:04:36+02:00,512.0,512.2598,2.8439,521.0,523.0,534.0,0,512.0,512.0,512.0,512.0,512.51,2.7403
572A4090.CR3,0.0003125,40.0,2026:08:14 15:04:36+02:00,512.0,512.2682,2.8418,521.0,523.0,535.0,0,512.0,512.0,512.0,512.0,512.61,2.7541
572A4091.CR3,0.0003125,40.0,2026:08:14 15:04:37+02:00,512.0,512.2558,2.8449,521.0,523.0,535.0,0,512.0,512.0,512.0,512.0,512.33,2.7274
572A4092.CR3,0.0003125,40.0,2026:08:14 15:04:38+02:00,512.0,512.2711,2.8363,521.0,523.0,534.0,0,512.0,512.0,512.0,512.0,512.63,2.7329
572A4093.CR3,0.0003125,40.0,2026:08:14 15:04:38+02:00,512.0,512.2601,2.8382,521.0,523.0,534.0,0,512.0,512.0,512.0,512.0,512.59,2.7448
572A4094.CR3,0.0003125,41.0,2026:08:14 15:04:39+02:00,512.0,512.2679,2.8385,521.0,523.0,534.0,0,512.0,512.0,512.0,512.0,512.55,2.7438
572A4095.CR3,0.0003125,41.0,2026:08:14 15:04:40+02:00,512.0,512.2563,2.8438,521.0,523.0,534.0,0,512.0,512.0,512.0,512.0,512.46,2.7462
572A4096.CR3,0.0003125,41.0,2026:08:14 15:04:40+02:00,512.0,512.2628,2.842,521.0,523.0,534.0,0,512.0,512.0,512.0,512.0,512.57,2.7541
572A4097.CR3,0.0003125,41.0,2026:08:14 15:04:41+02:00,512.0,512.2576,2.8381,521.0,523.0,535.0,0,512.0,512.0,512.0,512.0,512.58,2.7353
572A4098.CR3,0.0003125,41.0,2026:08:14 15:04:42+02:00,512.0,512.2714,2.8351,521.0,523.0,534.0,0,512.0,512.0,512.0,512.0,512.45,2.7367
572A4099.CR3,0.0003125,41.0,2026:08:14 15:04:42+02:00,512.0,512.2627,2.8391,521.0,523.0,534.0,0,512.0,512.0,512.0,512.0,512.63,2.7339
572A4100.CR3,0.0003125,41.0,2026:08:14 15:04:43+02:00,512.0,512.2639,2.846,521.0,523.0,534.0,0,512.0,512.0,512.0,512.0,512.43,2.7458
572A4101.CR3,0.0003125,41.0,2026:08:14 15:04:44+02:00,512.0,512.2634,2.8401,521.0,523.0,539.0,0,512.0,512.0,512.0,512.0,512.48,2.7514
572A4102.CR3,0.0003125,41.0,2026:08:14 15:04:44+02:00,512.0,512.2669,2.8428,521.0,523.0,535.0,0,512.0,512.0,512.0,512.0,512.39,2.7543
572A4103.CR3,0.0003125,41.0,2026:08:14 15:04:45+02:00,512.0,512.2622,2.8451,521.0,523.0,534.0,0,512.0,512.0,512.0,512.0,512.66,2.7354
572A4104.CR3,0.0003125,41.0,2026:08:14 15:04:46+02:00,512.0,512.2608,2.8495,521.0,523.0,538.0,0,512.0,512.0,512.0,512.0,512.39,2.7459
572A4105.CR3,0.0003125,41.0,2026:08:14 15:04:46+02:00,512.0,512.2613,2.8431,521.0,523.0,538.0,0,512.0,512.0,512.0,512.0,512.45,2.7352
572A4106.CR3,0.0003125,41.0,2026:08:14 15:04:47+02:00,512.0,512.2663,2.8399,521.0,523.0,534.0,0,512.0,512.0,512.0,512.0,512.63,2.7454
572A4107.CR3,0.0003125,41.0,2026:08:14 15:04:48+02:00,512.0,512.2546,2.8418,521.0,523.0,532.0,0,512.0,512.0,512.0,512.0,512.52,2.7357
572A4108.CR3,0.0003125,41.0,2026:08:14 15:04:48+02:00,512.0,512.2683,2.8388,521.0,523.0,532.0,0,512.0,512.0,512.0,512.0,512.48,2.7462
572A4109.CR3,0.0003125,41.0,2026:08:14 15:04:49+02:00,512.0,512.254,2.8434,521.0,523.0,538.0,0,512.0,512.0,512.0,512.0,512.54,2.746
572A4110.CR3,0.0003125,41.0,2026:08:14 15:04:49+02:00,512.0,512.265,2.8422,521.0,523.0,534.0,0,512.0,512.0,512.0,512.0,512.44,2.7394
572A4111.CR3,0.0003125,41.0,2026:08:14 15:04:50+02:00,512.0,512.2591,2.848,521.0,523.0,538.0,0,512.0,512.0,512.0,512.0,512.52,2.7472
572A4112.CR3,0.0003125,41.0,2026:08:14 15:04:51+02:00,512.0,512.2717,2.843,521.0,523.0,534.0,0,512.0,512.0,512.0,512.0,512.42,2.7402
572A4113.CR3,0.0003125,41.0,2026:08:14 15:04:51+02:00,512.0,512.2582,2.8449,521.0,523.0,534.0,0,512.0,512.0,512.0,512.0,512.54,2.7438
572A4114.CR3,0.0003125,41.0,2026:08:14 15:04:52+02:00,512.0,512.2633,2.8482,521.0,523.0,534.0,0,512.0,512.0,512.0,512.0,512.53,2.7498
572A4115.CR3,0.0003125,41.0,2026:08:14 15:04:53+02:00,512.0,512.2557,2.8426,521.0,523.0,534.0,0,512.0,512.0,512.0,512.0,512.48,2.7441
572A4116.CR3,0.0003125,41.0,2026:08:14 15:04:53+02:00,512.0,512.2652,2.8413,521.0,523.0,534.0,0,512.0,512.0,512.0,512.0,512.6,2.7402
572A4117.CR3,0.0003125,41.0,2026:08:14 15:04:54+02:00,512.0,512.2575,2.8474,521.0,523.0,536.0,0,512.0,512.0,512.0,512.0,512.52,2.7449
572A4118.CR3,0.0003125,42.0,2026:08:14 15:04:55+02:00,512.0,512.2699,2.8459,521.0,523.0,535.0,0,512.0,512.0,512.0,512.0,512.55,2.7436
572A4119.CR3,0.0003125,42.0,2026:08:14 15:04:55+02:00,512.0,512.2641,2.8439,521.0,523.0,534.0,0,512.0,512.0,512.0,512.0,512.77,2.7511
572A4120.CR3,0.0005,42.0,2026:08:14 15:04:56+02:00,512.0,512.2636,2.8447,521.0,523.0,534.0,0,512.0,512.0,512.0,512.0,512.36,2.7394
572A4121.CR3,0.002,42.0,2026:08:14 15:04:57+02:00,512.0,512.2675,2.8409,521.0,523.0,536.0,0,512.0,512.0,512.0,512.0,512.57,2.7431
572A4122.CR3,0.008,42.0,2026:08:14 15:04:58+02:00,512.0,512.2654,2.8407,521.0,523.0,534.0,0,512.0,512.0,512.0,512.0,512.49,2.7263
572A4123.CR3,0.03333333333,42.0,2026:08:14 15:04:59+02:00,512.0,512.2619,2.8485,521.0,523.0,554.0,0,512.0,512.0,512.0,512.0,512.8,2.7489
572A4124.CR3,0.125,42.0,2026:08:14 15:05:00+02:00,512.0,512.2713,2.8582,521.0,523.0,627.0,0,512.0,512.0,512.0,512.0,513.08,2.7389
572A4125.CR3,0.5,42.0,2026:08:14 15:05:01+02:00,512.0,512.2425,2.9849,521.0,523.0,957.0,0,512.0,512.0,512.0,512.0,735.97,25.1467
572A4126.CR3,0.001,42.0,2026:08:14 15:05:02+02:00,512.0,512.2622,2.847,521.0,523.0,532.0,0,512.0,512.0,512.0,512.0,512.46,2.7441
572A4127.CR3,0.004,42.0,2026:08:14 15:05:03+02:00,512.0,512.2628,2.8434,521.0,523.0,534.0,0,512.0,512.0,512.0,512.0,512.45,2.74
572A4128.CR3,0.01666666667,42.0,2026:08:14 15:05:04+02:00,512.0,512.2627,2.8453,521.0,523.0,534.0,0,512.0,512.0,512.0,512.0,512.44,2.7374
572A4129.CR3,0.06666666667,42.0,2026:08:14 15:05:05+02:00,512.0,512.2587,2.8483,521.0,523.0,585.0,0,512.0,512.0,512.0,512.0,512.93,2.7468
572A4130.CR3,0.25,42.0,2026:08:14 15:05:06+02:00,512.0,512.2452,2.9088,521.0,523.0,739.0,0,512.0,512.0,512.0,512.0,513.33,2.8189
572A4131.CR3,1.0,42.0,2026:08:14 15:05:07+02:00,512.0,511.9526,1.1608,515.0,518.0,1413.0,4,512.0,512.0,512.0,512.0,513.45,1.2113
572A4132.CR3,2.0,42.0,2026:08:14 15:05:09+02:00,512.0,511.8627,1.2896,515.0,518.0,2275.0,4,512.0,512.0,512.0,512.0,513.92,1.5389
572A4133.CR3,2.0,41.0,2026:08:14 15:05:12+02:00,512.0,511.8684,1.2785,515.0,518.0,2222.0,4,512.0,512.0,512.0,512.0,513.95,1.5257
572A4134.CR3,2.0,41.0,2026:08:14 15:05:15+02:00,512.0,511.8516,1.2834,515.0,518.0,2205.0,4,512.0,512.0,512.0,512.0,513.92,1.5123
572A4135.CR3,10.0,41.0,2026:08:14 15:05:18+02:00,511.0,511.539,3.2184,516.0,529.0,8989.0,17,511.0,511.0,511.0,511.0,517.0,5.2669
572A4136.CR3,10.0,41.0,2026:08:14 15:05:31+02:00,511.0,511.5604,3.1095,516.0,529.0,8648.0,16,511.0,511.0,511.0,511.0,516.89,5.0279
572A4137.CR3,10.0,41.0,2026:08:14 15:05:44+02:00,511.0,511.5398,3.0886,516.0,529.0,8524.0,18,511.0,511.0,511.0,511.0,516.84,4.9588
572A4138.CR3,0.0005,40.0,2026:08:14 15:05:58+02:00,512.0,512.254,2.8409,521.0,523.0,534.0,0,512.0,512.0,512.0,512.0,512.65,2.7471
572A4139.CR3,0.002,40.0,2026:08:14 15:05:59+02:00,512.0,512.2668,2.8343,521.0,523.0,535.0,0,512.0,512.0,512.0,512.0,512.49,2.7322
572A4140.CR3,0.008,41.0,2026:08:14 15:06:00+02:00,512.0,512.2641,2.835,521.0,523.0,535.0,0,512.0,512.0,512.0,512.0,512.52,2.7406
572A4141.CR3,0.03333333333,41.0,2026:08:14 15:06:01+02:00,512.0,512.2647,2.838,521.0,523.0,554.0,0,512.0,512.0,512.0,512.0,512.97,2.7276
572A4142.CR3,0.125,41.0,2026:08:14 15:06:02+02:00,512.0,512.2496,2.8572,521.0,523.0,623.0,0,512.0,512.0,512.0,512.0,513.11,2.766
572A4143.CR3,0.5,41.0,2026:08:14 15:06:03+02:00,512.0,512.2389,2.968,521.0,523.0,952.0,0,512.0,512.0,512.0,512.0,667.9,19.1822
572A4144.CR3,0.001,41.0,2026:08:14 15:06:04+02:00,512.0,512.2635,2.8408,521.0,523.0,534.0,0,512.0,512.0,512.0,512.0,512.46,2.7374
572A4145.CR3,0.004,41.0,2026:08:14 15:06:05+02:00,512.0,512.2701,2.833,521.0,523.0,534.0,0,512.0,512.0,512.0,512.0,512.49,2.7275
572A4146.CR3,0.01666666667,41.0,2026:08:14 15:06:06+02:00,512.0,512.2613,2.8459,521.0,523.0,539.0,0,512.0,512.0,512.0,512.0,512.37,2.7273
572A4147.CR3,0.06666666667,41.0,2026:08:14 15:06:07+02:00,512.0,512.256,2.8458,521.0,523.0,572.0,0,512.0,512.0,512.0,512.0,513.08,2.7535
572A4148.CR3,0.25,41.0,2026:08:14 15:06:08+02:00,512.0,512.2543,2.8892,521.0,523.0,734.0,0,512.0,512.0,512.0,512.0,513.38,2.8011
572A4149.CR3,1.0,41.0,2026:08:14 15:06:09+02:00,512.0,511.9627,1.1496,515.0,518.0,1382.0,3,512.0,512.0,512.0,512.0,513.44,1.1891
572A4150.CR3,0.0003125,41.0,2026:08:14 15:06:11+02:00,512.0,512.2659,2.8414,521.0,523.0,534.0,0,512.0,512.0,512.0,512.0,512.68,2.7453
572A4151.CR3,0.0003125,41.0,2026:08:14 15:06:11+02:00,512.0,512.2641,2.8433,521.0,523.0,538.0,0,512.0,512.0,512.0,512.0,512.65,2.7404
572A4152.CR3,0.0003125,41.0,2026:08:14 15:06:12+02:00,512.0,512.2752,2.8409,521.0,523.0,534.0,0,512.0,512.0,512.0,512.0,512.41,2.7401
572A4153.CR3,0.0003125,41.0,2026:08:14 15:06:13+02:00,512.0,512.2627,2.844,521.0,523.0,535.0,0,512.0,512.0,512.0,512.0,512.65,2.7573
572A4154.CR3,0.0003125,41.0,2026:08:14 15:06:13+02:00,512.0,512.2568,2.8454,521.0,523.0,536.0,0,512.0,512.0,512.0,512.0,512.46,2.7546
572A4155.CR3,0.0003125,41.0,2026:08:14 15:06:14+02:00,512.0,512.2593,2.8414,521.0,523.0,534.0,0,512.0,512.0,512.0,512.0,512.49,2.7386
572A4156.CR3,0.0003125,41.0,2026:08:14 15:06:15+02:00,512.0,512.2634,2.8421,521.0,523.0,532.0,0,512.0,512.0,512.0,512.0,512.65,2.7434
572A4157.CR3,0.0003125,41.0,2026:08:14 15:06:15+02:00,512.0,512.2681,2.8462,521.0,523.0,533.0,0,512.0,512.0,512.0,512.0,512.45,2.7475
572A4158.CR3,0.0003125,41.0,2026:08:14 15:06:16+02:00,512.0,512.2666,2.8387,521.0,523.0,532.0,0,512.0,512.0,512.0,512.0,512.64,2.7383
572A4159.CR3,0.0003125,41.0,2026:08:14 15:06:17+02:00,512.0,512.2548,2.8436,521.0,523.0,536.0,0,512.0,512.0,512.0,512.0,512.46,2.7468
572A4160.CR3,0.0003125,41.0,2026:08:14 15:06:17+02:00,512.0,512.2709,2.8444,521.0,523.0,539.0,0,512.0,512.0,512.0,512.0,512.57,2.7435
572A4161.CR3,0.0003125,42.0,2026:08:14 15:06:18+02:00,512.0,512.2694,2.8412,521.0,523.0,539.0,0,512.0,512.0,512.0,512.0,512.48,2.7485
572A4162.CR3,0.0003125,42.0,2026:08:14 15:06:19+02:00,512.0,512.268,2.8455,521.0,523.0,538.0,0,512.0,512.0,512.0,512.0,512.62,2.7568
572A4163.CR3,0.0003125,42.0,2026:08:14 15:06:19+02:00,512.0,512.2584,2.849,521.0,523.0,538.0,0,512.0,512.0,512.0,512.0,512.58,2.7435
572A4164.CR3,0.0003125,42.0,2026:08:14 15:06:20+02:00,512.0,512.2675,2.8464,521.0,523.0,534.0,0,512.0,512.0,512.0,512.0,512.42,2.75
572A4165.CR3,0.0003125,42.0,2026:08:14 15:06:20+02:00,512.0,512.2683,2.8396,521.0,523.0,534.0,0,512.0,512.0,512.0,512.0,512.51,2.7454
572A4166.CR3,0.0003125,42.0,2026:08:14 15:06:21+02:00,512.0,512.2627,2.8455,521.0,523.0,538.0,0,512.0,512.0,512.0,512.0,512.58,2.73
572A4167.CR3,0.0003125,42.0,2026:08:14 15:06:22+02:00,512.0,512.2631,2.8517,521.0,523.0,540.0,0,512.0,512.0,512.0,512.0,512.54,2.7565
572A4168.CR3,0.0003125,42.0,2026:08:14 15:06:22+02:00,512.0,512.2666,2.8453,521.0,523.0,534.0,0,512.0,512.0,512.0,512.0,512.46,2.7496
572A4169.CR3,0.0003125,42.0,2026:08:14 15:06:23+02:00,512.0,512.2574,2.8515,521.0,523.0,538.0,0,512.0,512.0,512.0,512.0,512.51,2.7489
572A4170.CR3,0.0003125,42.0,2026:08:14 15:06:24+02:00,512.0,512.2724,2.8444,521.0,523.0,539.0,0,512.0,512.0,512.0,512.0,512.4,2.7392
572A4171.CR3,0.0003125,42.0,2026:08:14 15:06:24+02:00,512.0,512.2683,2.8485,521.0,523.0,539.0,0,512.0,512.0,512.0,512.0,512.44,2.743
572A4172.CR3,0.0003125,42.0,2026:08:14 15:06:25+02:00,512.0,512.2706,2.8474,521.0,523.0,534.0,0,512.0,512.0,512.0,512.0,512.64,2.7402
572A4173.CR3,0.0003125,42.0,2026:08:14 15:06:26+02:00,512.0,512.2627,2.8451,521.0,523.0,532.0,0,512.0,512.0,512.0,512.0,512.51,2.7557
572A4174.CR3,0.0003125,42.0,2026:08:14 15:06:26+02:00,512.0,512.2648,2.8552,521.0,523.0,534.0,0,512.0,512.0,512.0,512.0,512.43,2.7591
572A4175.CR3,0.0003125,42.0,2026:08:14 15:06:27+02:00,512.0,512.2647,2.8502,521.0,523.0,534.0,0,512.0,512.0,512.0,512.0,512.5,2.7548
572A4176.CR3,0.0003125,42.0,2026:08:14 15:06:28+02:00,512.0,512.2705,2.8477,521.0,523.0,540.0,0,512.0,512.0,512.0,512.0,512.38,2.7565
572A4177.CR3,0.0003125,42.0,2026:08:14 15:06:28+02:00,512.0,512.2659,2.8499,521.0,523.0,539.0,0,512.0,512.0,512.0,512.0,512.53,2.754
572A4178.CR3,0.0003125,42.0,2026:08:14 15:06:29+02:00,512.0,512.2682,2.8458,521.0,523.0,534.0,0,512.0,512.0,512.0,512.0,512.56,2.7479
572A4179.CR3,0.0003125,42.0,2026:08:14 15:06:30+02:00,512.0,512.2621,2.8511,521.0,523.0,534.0,0,512.0,512.0,512.0,512.0,512.62,2.755
572A4180.CR3,0.0003125,42.0,2026:08:14 15:06:30+02:00,512.0,512.2604,2.8498,521.0,523.0,533.0,0,512.0,512.0,512.0,512.0,512.55,2.753
572A4181.CR3,0.0003125,42.0,2026:08:14 15:06:31+02:00,512.0,512.2658,2.8506,521.0,523.0,539.0,0,512.0,512.0,512.0,512.0,512.63,2.7496
572A4182.CR3,0.0003125,42.0,2026:08:14 15:06:32+02:00,512.0,512.2608,2.8526,521.0,523.0,534.0,0,512.0,512.0,512.0,512.0,512.62,2.7596
572A4183.CR3,0.0003125,42.0,2026:08:14 15:06:32+02:00,512.0,512.2627,2.8507,521.0,523.0,534.0,0,512.0,512.0,512.0,512.0,512.6,2.7432
572A4184.CR3,0.0003125,42.0,2026:08:14 15:06:33+02:00,512.0,512.2662,2.8512,521.0,523.0,539.0,0,512.0,512.0,512.0,512.0,512.66,2.7563
572A4185.CR3,0.0003125,42.0,2026:08:14 15:06:33+02:00,512.0,512.2657,2.8506,521.0,523.0,534.0,0,512.0,512.0,512.0,512.0,512.66,2.7419
572A4186.CR3,0.0003125,42.0,2026:08:14 15:06:34+02:00,512.0,512.2682,2.8503,521.0,523.0,538.0,0,512.0,512.0,512.0,512.0,512.65,2.7487
572A4187.CR3,0.0003125,42.0,2026:08:14 15:06:35+02:00,512.0,512.2736,2.8504,521.0,523.0,539.0,0,512.0,512.0,512.0,512.0,512.46,2.7552
572A4188.CR3,0.0003125,42.0,2026:08:14 15:06:35+02:00,512.0,512.2639,2.8515,521.0,523.0,534.0,0,512.0,512.0,512.0,512.0,512.63,2.7482
572A4189.CR3,0.0003125,42.0,2026:08:14 15:06:36+02:00,512.0,512.256,2.8541,521.0,523.0,538.0,0,512.0,512.0,512.0,512.0,512.51,2.7445
572A4190.CR3,0.0003125,42.0,2026:08:14 15:06:37+02:00,512.0,512.2676,2.8513,521.0,523.0,538.0,0,512.0,512.0,512.0,512.0,512.61,2.7441
572A4191.CR3,0.0003125,42.0,2026:08:14 15:06:37+02:00,512.0,512.2787,2.8474,521.0,523.0,534.0,0,512.0,512.0,512.0,512.0,512.44,2.7644
572A4192.CR3,0.0003125,42.0,2026:08:14 15:06:38+02:00,512.0,512.2643,2.8495,521.0,523.0,538.0,0,512.0,512.0,512.0,512.0,512.49,2.7605
572A4193.CR3,0.0003125,42.0,2026:08:14 15:06:39+02:00,512.0,512.264,2.8553,521.0,523.0,534.0,0,512.0,512.0,512.0,512.0,512.51,2.7692
572A4194.CR3,0.0003125,42.0,2026:08:14 15:06:39+02:00,512.0,512.2568,2.8521,521.0,523.0,538.0,0,512.0,512.0,512.0,512.0,512.68,2.7511
572A4195.CR3,0.0003125,42.0,2026:08:14 15:06:40+02:00,512.0,512.2663,2.8499,521.0,523.0,533.0,0,512.0,512.0,512.0,512.0,512.6,2.7546
572A4196.CR3,0.0003125,43.0,2026:08:14 15:06:41+02:00,512.0,512.2763,2.8496,521.0,523.0,534.0,0,512.0,512.0,512.0,512.0,512.64,2.7388
572A4197.CR3,0.0003125,43.0,2026:08:14 15:06:41+02:00,512.0,512.2619,2.8559,521.0,523.0,538.0,0,512.0,512.0,512.0,512.0,512.37,2.7556
572A4198.CR3,0.003125,42.0,2026:08:14 15:06:52+02:00,512.0,512.2548,2.8514,521.0,523.0,534.0,0,512.0,512.0,512.0,512.0,512.61,2.7564
572A4199.CR3,0.003125,42.0,2026:08:14 15:07:14+02:00,512.0,512.2667,2.8499,521.0,523.0,535.0,0,512.0,512.0,512.0,512.0,512.54,2.7499
572A4200.CR3,0.003125,42.0,2026:08:14 15:07:36+02:00,512.0,512.2716,2.8469,521.0,523.0,534.0,0,512.0,512.0,512.0,512.0,512.57,2.7482
572A4201.CR3,0.003125,40.0,2026:08:14 15:10:06+02:00,512.0,512.2651,2.8332,521.0,523.0,533.0,0,512.0,512.0,512.0,512.0,512.49,2.7233
572A4202.CR3,0.003125,39.0,2026:08:14 16:31:56+02:00,512.0,512.2612,2.8303,521.0,523.0,532.0,0,512.0,512.0,512.0,512.0,512.5,2.7286
572A4203.CR3,0.003125,40.0,2026:08:14 16:32:26+02:00,512.0,512.2715,2.8321,521.0,523.0,534.0,0,512.0,512.0,512.0,512.0,512.41,2.729
572A4204.CR3,0.0003125,41.0,2026:08:14 16:32:42+02:00,512.0,512.2749,2.8365,521.0,523.0,534.0,0,512.0,512.0,512.0,512.0,512.66,2.7423
572A4205.CR3,0.0003125,41.0,2026:08:14 16:32:42+02:00,512.0,512.2742,2.8408,521.0,523.0,535.0,0,512.0,512.0,512.0,512.0,512.46,2.738
572A4206.CR3,0.0003125,41.0,2026:08:14 16:32:43+02:00,512.0,512.2617,2.8432,521.0,523.0,534.0,0,512.0,512.0,512.0,512.0,512.57,2.7363
572A4207.CR3,0.0003125,41.0,2026:08:14 16:32:43+02:00,512.0,512.2669,2.8414,521.0,523.0,535.0,0,512.0,512.0,512.0,512.0,512.55,2.736
572A4208.CR3,0.0003125,41.0,2026:08:14 16:32:44+02:00,512.0,512.2595,2.8447,521.0,523.0,534.0,0,512.0,512.0,512.0,512.0,512.67,2.7564
572A4209.CR3,0.0003125,41.0,2026:08:14 16:32:45+02:00,512.0,512.2679,2.845,521.0,523.0,534.0,0,512.0,512.0,512.0,512.0,512.49,2.7445
572A4210.CR3,0.0003125,41.0,2026:08:14 16:32:45+02:00,512.0,512.265,2.8374,521.0,523.0,539.0,0,512.0,512.0,512.0,512.0,512.56,2.7419
572A4211.CR3,0.0003125,41.0,2026:08:14 16:32:46+02:00,512.0,512.2593,2.8424,521.0,523.0,538.0,0,512.0,512.0,512.0,512.0,512.42,2.7485
572A4212.CR3,0.0003125,41.0,2026:08:14 16:32:47+02:00,512.0,512.2715,2.8363,521.0,523.0,533.0,0,512.0,512.0,512.0,512.0,512.47,2.7306
572A4213.CR3,0.0003125,41.0,2026:08:14 16:32:47+02:00,512.0,512.2595,2.8456,521.0,523.0,534.0,0,512.0,512.0,512.0,512.0,512.52,2.7387
572A4214.CR3,0.0003125,41.0,2026:08:14 16:32:48+02:00,512.0,512.2533,2.8471,521.0,523.0,538.0,0,512.0,512.0,512.0,512.0,512.63,2.7528
572A4215.CR3,0.0003125,41.0,2026:08:14 16:32:49+02:00,512.0,512.264,2.8437,521.0,523.0,534.0,0,512.0,512.0,512.0,512.0,512.5,2.7455
572A4216.CR3,0.0003125,41.0,2026:08:14 16:32:49+02:00,512.0,512.2532,2.8471,521.0,523.0,538.0,0,512.0,512.0,512.0,512.0,512.66,2.7505
572A4217.CR3,0.0003125,41.0,2026:08:14 16:32:50+02:00,512.0,512.2595,2.8431,521.0,523.0,535.0,0,512.0,512.0,512.0,512.0,512.42,2.7387
572A4218.CR3,0.0003125,41.0,2026:08:14 16:32:51+02:00,512.0,512.2604,2.8461,521.0,523.0,534.0,0,512.0,512.0,512.0,512.0,512.46,2.7457
572A4219.CR3,0.0003125,41.0,2026:08:14 16:32:51+02:00,512.0,512.2699,2.8412,521.0,523.0,539.0,0,512.0,512.0,512.0,512.0,512.52,2.732
572A4220.CR3,0.0003125,41.0,2026:08:14 16:32:52+02:00,512.0,512.2635,2.8464,521.0,523.0,534.0,0,512.0,512.0,512.0,512.0,512.66,2.7471
572A4221.CR3,0.0003125,41.0,2026:08:14 16:32:53+02:00,512.0,512.2657,2.8459,521.0,523.0,536.0,0,512.0,512.0,512.0,512.0,512.58,2.7502
572A4222.CR3,0.0003125,41.0,2026:08:14 16:32:53+02:00,512.0,512.259,2.8457,521.0,523.0,535.0,0,512.0,512.0,512.0,512.0,512.64,2.758
572A4223.CR3,0.0003125,41.0,2026:08:14 16:32:54+02:00,512.0,512.2606,2.8521,521.0,523.0,539.0,0,512.0,512.0,512.0,512.0,512.6,2.7481
572A4224.CR3,0.0003125,41.0,2026:08:14 16:32:54+02:00,512.0,512.2523,2.8466,521.0,523.0,534.0,0,512.0,512.0,512.0,512.0,512.71,2.7601
572A4225.CR3,0.0003125,41.0,2026:08:14 16:32:55+02:00,512.0,512.2575,2.8492,521.0,523.0,534.0,0,512.0,512.0,512.0,512.0,512.39,2.7472
572A4226.CR3,0.0003125,41.0,2026:08:14 16:32:56+02:00,512.0,512.2621,2.8451,521.0,523.0,534.0,0,512.0,512.0,512.0,512.0,512.59,2.7462
572A4227.CR3,0.0003125,41.0,2026:08:14 16:32:56+02:00,512.0,512.2572,2.8488,521.0,523.0,532.0,0,512.0,512.0,512.0,512.0,512.67,2.7496
572A4228.CR3,0.0003125,41.0,2026:08:14 16:32:57+02:00,512.0,512.2663,2.849,521.0,523.0,539.0,0,512.0,512.0,512.0,512.0,512.59,2.7504
572A4229.CR3,0.0003125,41.0,2026:08:14 16:32:58+02:00,512.0,512.2646,2.8504,521.0,523.0,534.0,0,512.0,512.0,512.0,512.0,512.68,2.7528
572A4230.CR3,0.0003125,42.0,2026:08:14 16:32:58+02:00,512.0,512.2593,2.8477,521.0,523.0,535.0,0,512.0,512.0,512.0,512.0,512.59,2.7568
572A4231.CR3,0.0003125,42.0,2026:08:14 16:32:59+02:00,512.0,512.2688,2.843,521.0,523.0,539.0,0,512.0,512.0,512.0,512.0,512.41,2.7504
572A4232.CR3,0.0003125,42.0,2026:08:14 16:33:00+02:00,512.0,512.2594,2.8517,521.0,523.0,536.0,0,512.0,512.0,512.0,512.0,512.64,2.7465
572A4233.CR3,0.0003125,42.0,2026:08:14 16:33:00+02:00,512.0,512.2666,2.8433,521.0,523.0,534.0,0,512.0,512.0,512.0,512.0,512.44,2.7496
572A4234.CR3,0.0003125,42.0,2026:08:14 16:33:01+02:00,512.0,512.2639,2.8449,521.0,523.0,539.0,0,512.0,512.0,512.0,512.0,512.65,2.7475
572A4235.CR3,0.0005,42.0,2026:08:14 16:33:02+02:00,512.0,512.271,2.8404,521.0,523.0,539.0,0,512.0,512.0,512.0,512.0,512.59,2.7355
572A4236.CR3,0.002,42.0,2026:08:14 16:33:03+02:00,512.0,512.2737,2.8402,521.0,523.0,534.0,0,512.0,512.0,512.0,512.0,512.56,2.7385
572A4237.CR3,0.008,42.0,2026:08:14 16:33:04+02:00,512.0,512.256,2.8463,521.0,523.0,534.0,0,512.0,512.0,512.0,512.0,512.64,2.7529
572A4238.CR3,0.03333333333,42.0,2026:08:14 16:33:05+02:00,512.0,512.2697,2.849,521.0,523.0,554.0,0,512.0,512.0,512.0,512.0,512.94,2.7427
572A4239.CR3,0.125,42.0,2026:08:14 16:33:06+02:00,512.0,512.247,2.8764,521.0,523.0,641.0,0,512.0,512.0,512.0,512.0,513.04,2.7801
572A4240.CR3,0.5,42.0,2026:08:14 16:33:07+02:00,512.0,512.2352,3.0013,521.0,523.0,985.0,0,512.0,512.0,512.0,512.0,786.27,28.5431
572A4241.CR3,0.001,42.0,2026:08:14 16:33:08+02:00,512.0,512.2718,2.8448,521.0,523.0,535.0,0,512.0,512.0,512.0,512.0,512.45,2.7503
572A4242.CR3,0.004,42.0,2026:08:14 16:33:09+02:00,512.0,512.263,2.8456,521.0,523.0,535.0,0,512.0,512.0,512.0,512.0,512.52,2.7355
572A4243.CR3,0.01666666667,42.0,2026:08:14 16:33:10+02:00,512.0,512.256,2.8517,521.0,523.0,538.0,0,512.0,512.0,512.0,512.0,512.58,2.7496
572A4244.CR3,0.06666666667,42.0,2026:08:14 16:33:11+02:00,512.0,512.2678,2.8521,521.0,523.0,585.0,0,512.0,512.0,512.0,512.0,513.1,2.7617
572A4245.CR3,0.25,42.0,2026:08:14 16:33:12+02:00,512.0,512.2452,2.9166,521.0,523.0,734.0,0,512.0,512.0,512.0,512.0,513.5,2.8288
572A4246.CR3,1.0,42.0,2026:08:14 16:33:13+02:00,512.0,511.915,1.1597,515.0,518.0,1492.0,3,512.0,512.0,512.0,512.0,513.51,1.2193
572A4247.CR3,2.0,42.0,2026:08:14 16:33:15+02:00,512.0,511.8545,1.2974,515.0,518.0,2386.0,4,512.0,512.0,512.0,512.0,514.0,1.5598
572A4248.CR3,2.0,42.0,2026:08:14 16:33:18+02:00,512.0,511.8909,1.2857,515.0,518.0,2283.0,4,512.0,512.0,512.0,512.0,513.92,1.5561
572A4249.CR3,2.0,41.0,2026:08:14 16:33:20+02:00,512.0,511.8675,1.2809,515.0,518.0,2278.0,4,512.0,512.0,512.0,512.0,513.89,1.5509
572A4250.CR3,10.0,41.0,2026:08:14 16:33:23+02:00,511.0,511.5897,3.0277,516.0,529.0,8597.0,16,511.0,511.0,511.0,512.0,516.89,5.1219
572A4251.CR3,10.0,41.0,2026:08:14 16:33:37+02:00,512.0,511.592,2.9731,516.0,529.0,8513.0,16,512.0,511.0,511.0,512.0,516.84,5.0005
572A4252.CR3,10.0,41.0,2026:08:14 16:33:50+02:00,511.0,511.5693,2.9674,516.0,528.0,8331.0,15,511.0,511.0,511.0,511.0,516.62,4.9169
572A4253.CR3,0.0005,40.0,2026:08:14 16:34:04+02:00,512.0,512.2664,2.8375,521.0,523.0,534.0,0,512.0,512.0,512.0,512.0,512.59,2.7367
572A4254.CR3,0.002,40.0,2026:08:14 16:34:05+02:00,512.0,512.2624,2.8444,521.0,523.0,534.0,0,512.0,512.0,512.0,512.0,512.55,2.7452
572A4255.CR3,0.008,41.0,2026:08:14 16:34:05+02:00,512.0,512.2583,2.8412,521.0,523.0,534.0,0,512.0,512.0,512.0,512.0,512.5,2.7434
572A4256.CR3,0.03333333333,41.0,2026:08:14 16:34:06+02:00,512.0,512.2625,2.8368,521.0,523.0,544.0,0,512.0,512.0,512.0,512.0,512.95,2.7402
572A4257.CR3,0.125,41.0,2026:08:14 16:34:07+02:00,512.0,512.2632,2.8572,521.0,523.0,623.0,0,512.0,512.0,512.0,512.0,513.08,2.7704
572A4258.CR3,0.5,41.0,2026:08:14 16:34:08+02:00,512.0,512.2334,2.9823,521.0,523.0,957.0,0,512.0,512.0,512.0,512.0,704.1,22.3456
572A4259.CR3,0.001,41.0,2026:08:14 16:34:10+02:00,512.0,512.2722,2.8393,521.0,523.0,536.0,0,512.0,512.0,512.0,512.0,512.71,2.7455
572A4260.CR3,0.004,41.0,2026:08:14 16:34:11+02:00,512.0,512.2683,2.8374,521.0,523.0,534.0,0,512.0,512.0,512.0,512.0,512.48,2.7415
572A4261.CR3,0.01666666667,41.0,2026:08:14 16:34:11+02:00,512.0,512.2691,2.84,521.0,523.0,535.0,0,512.0,512.0,512.0,512.0,512.65,2.7388
572A4262.CR3,0.06666666667,41.0,2026:08:14 16:34:12+02:00,512.0,512.2671,2.8492,521.0,523.0,585.0,0,512.0,512.0,512.0,512.0,513.03,2.7575
572A4263.CR3,0.25,41.0,2026:08:14 16:34:13+02:00,512.0,512.2456,2.9093,521.0,523.0,753.0,0,512.0,512.0,512.0,512.0,513.35,2.8253
572A4264.CR3,1.0,42.0,2026:08:14 16:34:15+02:00,512.0,511.9429,1.1582,515.0,518.0,1470.0,3,512.0,512.0,512.0,512.0,513.43,1.2054
572A4265.CR3,0.0003125,42.0,2026:08:14 16:34:16+02:00,512.0,512.2605,2.8478,521.0,523.0,539.0,0,512.0,512.0,512.0,512.0,512.61,2.7501
572A4266.CR3,0.0003125,42.0,2026:08:14 16:34:17+02:00,512.0,512.2752,2.8397,521.0,523.0,534.0,0,512.0,512.0,512.0,512.0,512.52,2.7393
572A4267.CR3,0.0003125,42.0,2026:08:14 16:34:18+02:00,512.0,512.2733,2.8425,521.0,523.0,534.0,0,512.0,512.0,512.0,512.0,512.62,2.7514
572A4268.CR3,0.0003125,42.0,2026:08:14 16:34:18+02:00,512.0,512.2631,2.8497,521.0,523.0,536.0,0,512.0,512.0,512.0,512.0,512.7,2.7469
572A4269.CR3,0.0003125,42.0,2026:08:14 16:34:19+02:00,512.0,512.2605,2.8423,521.0,523.0,534.0,0,512.0,512.0,512.0,512.0,512.57,2.7539
572A4270.CR3,0.0003125,42.0,2026:08:14 16:34:20+02:00,512.0,512.2667,2.8467,521.0,523.0,534.0,0,512.0,512.0,512.0,512.0,512.61,2.7426
572A4271.CR3,0.0003125,42.0,2026:08:14 16:34:20+02:00,512.0,512.2645,2.8504,521.0,523.0,534.0,0,512.0,512.0,512.0,512.0,512.71,2.7386
572A4272.CR3,0.0003125,42.0,2026:08:14 16:34:21+02:00,512.0,512.2621,2.8474,521.0,523.0,534.0,0,512.0,512.0,512.0,512.0,512.71,2.7429
572A4273.CR3,0.0003125,42.0,2026:08:14 16:34:22+02:00,512.0,512.2666,2.8465,521.0,523.0,535.0,0,512.0,512.0,512.0,512.0,512.55,2.7526
572A4274.CR3,0.0003125,42.0,2026:08:14 16:34:22+02:00,512.0,512.2654,2.8486,521.0,523.0,534.0,0,512.0,512.0,512.0,512.0,512.67,2.7468
572A4275.CR3,0.0003125,42.0,2026:08:14 16:34:23+02:00,512.0,512.2608,2.8525,521.0,523.0,535.0,0,512.0,512.0,512.0,512.0,512.68,2.7592
572A4276.CR3,0.0003125,42.0,2026:08:14 16:34:24+02:00,512.0,512.2498,2.857,521.0,523.0,534.0,0,512.0,512.0,512.0,512.0,512.64,2.7572
572A4277.CR3,0.0003125,42.0,2026:08:14 16:34:24+02:00,512.0,512.2608,2.8556,521.0,523.0,535.0,0,512.0,512.0,512.0,512.0,512.47,2.7576
572A4278.CR3,0.0003125,42.0,2026:08:14 16:34:25+02:00,512.0,512.2669,2.848,521.0,523.0,533.0,0,512.0,512.0,512.0,512.0,512.53,2.743
572A4279.CR3,0.0003125,42.0,2026:08:14 16:34:26+02:00,512.0,512.2643,2.8524,521.0,523.0,534.0,0,512.0,512.0,512.0,512.0,512.59,2.7472
572A4280.CR3,0.0003125,42.0,2026:08:14 16:34:26+02:00,512.0,512.2722,2.8469,521.0,523.0,536.0,0,512.0,512.0,512.0,512.0,512.71,2.7449
572A4281.CR3,0.0003125,42.0,2026:08:14 16:34:27+02:00,512.0,512.2693,2.8493,521.0,523.0,535.0,0,512.0,512.0,512.0,512.0,512.57,2.7621
572A4282.CR3,0.0003125,42.0,2026:08:14 16:34:27+02:00,512.0,512.2641,2.853,521.0,523.0,538.0,0,512.0,512.0,512.0,512.0,512.49,2.7515
572A4283.CR3,0.0003125,42.0,2026:08:14 16:34:28+02:00,512.0,512.2701,2.851,521.0,523.0,534.0,0,512.0,512.0,512.0,512.0,512.52,2.7551
572A4284.CR3,0.0003125,42.0,2026:08:14 16:34:29+02:00,512.0,512.257,2.8578,521.0,523.0,535.0,0,512.0,512.0,512.0,512.0,512.5,2.7567
572A4285.CR3,0.0003125,42.0,2026:08:14 16:34:29+02:00,512.0,512.2645,2.8587,521.0,523.0,534.0,0,512.0,512.0,512.0,512.0,512.56,2.762
572A4286.CR3,0.0003125,42.0,2026:08:14 16:34:30+02:00,512.0,512.2709,2.8473,521.0,523.0,539.0,0,512.0,512.0,512.0,512.0,512.58,2.7506
572A4287.CR3,0.0003125,42.0,2026:08:14 16:34:31+02:00,512.0,512.2676,2.8533,521.0,523.0,534.0,0,512.0,512.0,512.0,512.0,512.76,2.7561
572A4288.CR3,0.0003125,43.0,2026:08:14 16:34:31+02:00,512.0,512.2626,2.8557,521.0,523.0,534.0,0,512.0,512.0,512.0,512.0,512.6,2.7551
572A4289.CR3,0.0003125,43.0,2026:08:14 16:34:32+02:00,512.0,512.2657,2.8532,521.0,523.0,533.0,0,512.0,512.0,512.0,512.0,512.71,2.7472
572A4290.CR3,0.0003125,43.0,2026:08:14 16:34:33+02:00,512.0,512.2589,2.8597,521.0,523.0,536.0,0,512.0,512.0,512.0,512.0,512.55,2.7606
572A4291.CR3,0.0003125,43.0,2026:08:14 16:34:33+02:00,512.0,512.259,2.8557,521.0,523.0,533.0,0,512.0,512.0,512.0,512.0,512.43,2.7624
572A4292.CR3,0.0003125,43.0,2026:08:14 16:34:34+02:00,512.0,512.267,2.8516,521.0,523.0,538.0,0,512.0,512.0,512.0,512.0,512.56,2.7462
572A4293.CR3,0.0003125,43.0,2026:08:14 16:34:35+02:00,512.0,512.2627,2.8548,521.0,523.0,536.0,0,512.0,512.0,512.0,512.0,512.41,2.743
572A4294.CR3,0.0003125,43.0,2026:08:14 16:34:35+02:00,512.0,512.2701,2.8512,521.0,523.0,534.0,0,512.0,512.0,512.0,512.0,512.48,2.7483
572A4295.CR3,0.0003125,43.0,2026:08:14 16:34:36+02:00,512.0,512.2704,2.8563,521.0,523.0,534.0,0,512.0,512.0,512.0,512.0,512.57,2.7577
572A4296.CR3,0.0003125,43.0,2026:08:14 16:34:37+02:00,512.0,512.2698,2.8554,521.0,523.0,535.0,0,512.0,512.0,512.0,512.0,512.45,2.7575
572A4297.CR3,0.0003125,43.0,2026:08:14 16:34:37+02:00,512.0,512.2662,2.8544,521.0,523.0,534.0,0,512.0,512.0,512.0,512.0,512.56,2.7476
572A4298.CR3,0.0003125,43.0,2026:08:14 16:34:38+02:00,512.0,512.2689,2.8581,521.0,523.0,535.0,0,512.0,512.0,512.0,512.0,512.69,2.7677
572A4299.CR3,0.0003125,43.0,2026:08:14 16:34:39+02:00,512.0,512.2759,2.8495,521.0,523.0,536.0,0,512.0,512.0,512.0,512.0,512.77,2.7514
572A4300.CR3,0.0003125,43.0,2026:08:14 16:34:39+02:00,512.0,512.26,2.8584,521.0,523.0,533.0,0,512.0,512.0,512.0,512.0,512.47,2.7439
572A4301.CR3,0.0003125,43.0,2026:08:14 16:34:40+02:00,512.0,512.265,2.8577,521.0,523.0,538.0,0,512.0,512.0,512.0,512.0,512.52,2.7578
572A4302.CR3,0.0003125,43.0,2026:08:14 16:34:40+02:00,512.0,512.2602,2.8596,521.0,523.0,535.0,0,512.0,512.0,512.0,512.0,512.65,2.7649
572A4303.CR3,0.0003125,43.0,2026:08:14 16:34:41+02:00,512.0,512.2533,2.8676,521.0,523.0,535.0,0,512.0,512.0,512.0,512.0,512.6,2.7714
572A4304.CR3,0.0003125,43.0,2026:08:14 16:34:42+02:00,512.0,512.2714,2.8549,521.0,523.0,534.0,0,512.0,512.0,512.0,512.0,512.6,2.7467
572A4305.CR3,0.0003125,43.0,2026:08:14 16:34:42+02:00,512.0,512.2787,2.8526,521.0,523.0,534.0,0,512.0,512.0,512.0,512.0,512.52,2.7529
572A4306.CR3,0.0003125,43.0,2026:08:14 16:34:43+02:00,512.0,512.2779,2.851,521.0,523.0,532.0,0,512.0,512.0,512.0,512.0,512.55,2.7511
572A4307.CR3,0.0003125,43.0,2026:08:14 16:34:44+02:00,512.0,512.2719,2.8541,521.0,523.0,534.0,0,512.0,512.0,512.0,512.0,512.62,2.7607
572A4308.CR3,0.0003125,43.0,2026:08:14 16:34:44+02:00,512.0,512.265,2.8593,521.0,523.0,535.0,0,512.0,512.0,512.0,512.0,512.72,2.7592
572A4309.CR3,0.0003125,43.0,2026:08:14 16:34:45+02:00,512.0,512.2652,2.8608,521.0,523.0,539.0,0,512.0,512.0,512.0,512.0,512.7,2.7667
572A4310.CR3,0.0003125,43.0,2026:08:14 16:34:46+02:00,512.0,512.2691,2.8605,521.0,523.0,534.0,0,512.0,512.0,512.0,512.0,512.45,2.7727
572A4311.CR3,0.0003125,43.0,2026:08:14 16:34:46+02:00,512.0,512.2655,2.8571,521.0,523.0,534.0,0,512.0,512.0,512.0,512.0,512.62,2.7628
572A4312.CR3,0.0003125,43.0,2026:08:14 16:34:47+02:00,512.0,512.258,2.8646,521.0,523.0,536.0,0,512.0,512.0,512.0,512.0,512.62,2.7622
572A4313.CR3,0.003125,44.0,2026:08:14 16:34:57+02:00,512.0,512.2664,2.8602,521.0,523.0,535.0,0,512.0,512.0,512.0,512.0,512.55,2.7621
572A4314.CR3,0.003125,44.0,2026:08:14 16:35:19+02:00,512.0,512.2757,2.8646,521.0,523.0,536.0,0,512.0,512.0,512.0,512.0,512.67,2.7551
572A4767.CR3,0.003125,43.0,2026:08:14 17:11:19+02:00,512.0,512.2553,2.8868,521.0,523.0,533.0,0,512.0,512.0,512.0,512.0,512.47,2.7874
572A4817.CR3,10.0,44.0,2026:08:14 17:13:13+02:00,511.0,511.3421,4.1909,517.0,535.0,12088.0,43,511.0,511.0,511.0,511.0,519.14,7.2189
572A4818.CR3,0.0005,44.0,2026:08:14 17:13:26+02:00,512.0,512.2664,2.8864,521.0,523.0,534.0,0,512.0,512.0,512.0,512.0,512.72,2.7885
572A4819.CR3,0.002,44.0,2026:08:14 17:13:27+02:00,512.0,512.2674,2.8843,521.0,523.0,534.0,0,512.0,512.0,512.0,512.0,512.57,2.7819
572A4820.CR3,0.008,44.0,2026:08:14 17:13:28+02:00,512.0,512.2553,2.8954,521.0,523.0,539.0,0,512.0,512.0,512.0,512.0,512.68,2.7949
572A4821.CR3,0.03333333333,44.0,2026:08:14 17:13:29+02:00,512.0,512.254,2.9105,521.0,523.0,558.0,0,512.0,512.0,512.0,512.0,512.97,2.8
572A5213.CR3,0.003125,41.0,2026:08:14 17:46:12+02:00,512.0,512.2669,2.85,521.0,523.0,538.0,0,512.0,512.0,512.0,512.0,512.43,2.7501
572A5214.CR3,0.0005,42.0,2026:08:14 17:46:26+02:00,512.0,512.2553,2.8673,521.0,523.0,534.0,0,512.0,512.0,512.0,512.0,512.55,2.7618
572A5215.CR3,0.002,42.0,2026:08:14 17:46:26+02:00,512.0,512.259,2.8701,521.0,523.0,534.0,0,512.0,512.0,512.0,512.0,512.62,2.7638
572A5216.CR3,0.008,42.0,2026:08:14 17:46:27+02:00,512.0,512.2523,2.8728,521.0,523.0,538.0,0,512.0,512.0,512.0,512.0,512.51,2.7675
572A5217.CR3,0.03333333333,42.0,2026:08:14 17:46:28+02:00,512.0,512.253,2.8774,521.0,523.0,554.0,0,512.0,512.0,512.0,512.0,512.99,2.7829
572A5218.CR3,0.125,42.0,2026:08:14 17:46:29+02:00,512.0,512.2463,2.9125,521.0,523.0,646.0,0,512.0,512.0,512.0,512.0,513.22,2.8112
572A5219.CR3,0.5,42.0,2026:08:14 17:46:30+02:00,512.0,512.2411,3.0415,521.0,523.0,1013.0,1,512.0,512.0,512.0,512.0,892.37,35.5975
572A5220.CR3,0.001,42.0,2026:08:14 17:46:32+02:00,512.0,512.265,2.862,521.0,523.0,534.0,0,512.0,512.0,512.0,512.0,512.53,2.7614
572A5221.CR3,0.004,42.0,2026:08:14 17:46:33+02:00,512.0,512.2653,2.8648,521.0,523.0,544.0,0,512.0,512.0,512.0,512.0,512.68,2.7572
572A5222.CR3,0.01666666667,42.0,2026:08:14 17:46:33+02:00,512.0,512.2455,2.8851,521.0,523.0,535.0,0,512.0,512.0,512.0,512.0,512.43,2.7942
572A5223.CR3,0.06666666667,43.0,2026:08:14 17:46:34+02:00,512.0,512.2647,2.8849,521.0,523.0,587.0,0,512.0,512.0,512.0,512.0,513.04,2.7788
572A5224.CR3,0.25,43.0,2026:08:14 17:46:35+02:00,512.0,512.25,2.9529,521.0,523.0,772.0,0,512.0,512.0,512.0,512.0,513.37,2.8684
572A5225.CR3,1.0,43.0,2026:08:14 17:46:36+02:00,512.0,511.9482,1.17,515.0,518.0,1495.0,3,512.0,512.0,512.0,512.0,513.52,1.2438
572A5226.CR3,0.0003125,43.0,2026:08:14 17:46:38+02:00,512.0,512.2577,2.8714,521.0,523.0,534.0,0,512.0,512.0,512.0,512.0,512.37,2.7578
572A5227.CR3,0.0003125,43.0,2026:08:14 17:46:39+02:00,512.0,512.26,2.8732,521.0,523.0,536.0,0,512.0,512.0,512.0,512.0,512.56,2.7731
572A5228.CR3,0.0003125,43.0,2026:08:14 17:46:40+02:00,512.0,512.2614,2.8715,521.0,523.0,534.0,0,512.0,512.0,512.0,512.0,512.63,2.7818
572A5229.CR3,0.0003125,43.0,2026:08:14 17:46:40+02:00,512.0,512.2585,2.8766,521.0,523.0,535.0,0,512.0,512.0,512.0,512.0,512.65,2.7672
572A5230.CR3,0.0003125,43.0,2026:08:14 17:46:41+02:00,512.0,512.2601,2.8747,521.0,523.0,534.0,0,512.0,512.0,512.0,512.0,512.56,2.7722
572A5231.CR3,0.0003125,43.0,2026:08:14 17:46:42+02:00,512.0,512.2582,2.8751,521.0,523.0,534.0,0,512.0,512.0,512.0,512.0,512.7,2.7758
572A5232.CR3,0.0003125,43.0,2026:08:14 17:46:42+02:00,512.0,512.26,2.8799,521.0,523.0,534.0,0,512.0,512.0,512.0,512.0,512.57,2.7691
572A5233.CR3,0.0003125,43.0,2026:08:14 17:46:43+02:00,512.0,512.2614,2.8743,521.0,523.0,539.0,0,512.0,512.0,512.0,512.0,512.52,2.7859
572A5234.CR3,0.0003125,43.0,2026:08:14 17:46:44+02:00,512.0,512.2631,2.8711,521.0,523.0,534.0,0,512.0,512.0,512.0,512.0,512.5,2.7684
572A5235.CR3,0.0003125,43.0,2026:08:14 17:46:44+02:00,512.0,512.261,2.8797,521.0,523.0,533.0,0,512.0,512.0,512.0,512.0,512.47,2.7699
572A5236.CR3,0.0003125,43.0,2026:08:14 17:46:45+02:00,512.0,512.2515,2.8898,521.0,523.0,538.0,0,512.0,512.0,512.0,512.0,512.63,2.7901
572A5237.CR3,0.0003125,43.0,2026:08:14 17:46:46+02:00,512.0,512.2609,2.8762,521.0,523.0,536.0,0,512.0,512.0,512.0,512.0,512.68,2.7771
572A5238.CR3,0.003125,44.0,2026:08:14 17:48:58+02:00,512.0,512.2562,2.8909,521.0,523.0,534.0,0,512.0,512.0,512.0,512.0,512.62,2.7843
572A5288.CR3,10.0,44.0,2026:08:14 17:50:51+02:00,511.0,511.3873,4.1486,517.0,535.0,12215.0,42,511.0,511.0,511.0,511.0,519.19,7.1785
572A5289.CR3,0.0005,44.0,2026:08:14 17:51:05+02:00,512.0,512.2557,2.8892,521.0,523.0,540.0,0,512.0,512.0,512.0,512.0,512.65,2.7721
572A5290.CR3,0.002,44.0,2026:08:14 17:51:06+02:00,512.0,512.2566,2.889,521.0,523.0,534.0,0,512.0,512.0,512.0,512.0,512.48,2.782
572A5291.CR3,0.008,44.0,2026:08:14 17:51:07+02:00,512.0,512.2706,2.8915,521.0,523.0,534.0,0,512.0,512.0,512.0,512.0,512.74,2.7895
572A5292.CR3,0.03333333333,44.0,2026:08:14 17:51:08+02:00,512.0,512.2592,2.9021,521.0,523.0,570.0,0,512.0,512.0,512.0,512.0,512.8,2.7963
572A6674.CR3,0.003125,39.0,2026:08:14 20:20:08+02:00,512.0,512.2559,2.8351,521.0,523.0,534.0,0,512.0,512.0,512.0,512.0,512.49,2.7314
572A6675.CR3,0.003125,41.0,2026:08:14 20:20:38+02:00,512.0,512.2517,2.8518,521.0,523.0,534.0,0,512.0,512.0,512.0,512.0,512.51,2.7387
572A6676.CR3,0.0003125,41.0,2026:08:14 20:20:53+02:00,512.0,512.2629,2.8518,521.0,523.0,538.0,0,512.0,512.0,512.0,512.0,512.5,2.7663
572A6677.CR3,0.0003125,41.0,2026:08:14 20:20:54+02:00,512.0,512.2601,2.8529,521.0,523.0,533.0,0,512.0,512.0,512.0,512.0,512.48,2.7617
572A6678.CR3,0.0003125,41.0,2026:08:14 20:20:55+02:00,512.0,512.2626,2.8504,521.0,523.0,539.0,0,512.0,512.0,512.0,512.0,512.65,2.7524
572A6679.CR3,0.0003125,41.0,2026:08:14 20:20:55+02:00,512.0,512.264,2.8535,521.0,523.0,534.0,0,512.0,512.0,512.0,512.0,512.78,2.7456
572A6680.CR3,0.0003125,41.0,2026:08:14 20:20:56+02:00,512.0,512.2607,2.8556,521.0,523.0,534.0,0,512.0,512.0,512.0,512.0,512.53,2.7417
572A6681.CR3,0.0003125,41.0,2026:08:14 20:20:57+02:00,512.0,512.2631,2.8542,521.0,523.0,534.0,0,512.0,512.0,512.0,512.0,512.56,2.7502
572A6682.CR3,0.0003125,41.0,2026:08:14 20:20:57+02:00,512.0,512.2672,2.8506,521.0,523.0,534.0,0,512.0,512.0,512.0,512.0,512.56,2.7444
572A6683.CR3,0.0003125,41.0,2026:08:14 20:20:58+02:00,512.0,512.2663,2.8487,521.0,523.0,534.0,0,512.0,512.0,512.0,512.0,512.58,2.7548
572A6684.CR3,0.0003125,41.0,2026:08:14 20:20:58+02:00,512.0,512.2585,2.855,521.0,523.0,534.0,0,512.0,512.0,512.0,512.0,512.4,2.7631
572A6685.CR3,0.0003125,41.0,2026:08:14 20:20:59+02:00,512.0,512.2673,2.8501,521.0,523.0,534.0,0,512.0,512.0,512.0,512.0,512.63,2.7446
572A6686.CR3,0.0003125,41.0,2026:08:14 20:21:00+02:00,512.0,512.2654,2.8504,521.0,523.0,535.0,0,512.0,512.0,512.0,512.0,512.61,2.7377
572A6687.CR3,0.0003125,41.0,2026:08:14 20:21:00+02:00,512.0,512.2483,2.8617,521.0,523.0,534.0,0,512.0,512.0,512.0,512.0,512.56,2.7623
572A6688.CR3,0.0003125,41.0,2026:08:14 20:21:01+02:00,512.0,512.2589,2.8584,521.0,523.0,534.0,0,512.0,512.0,512.0,512.0,512.49,2.7608
572A6689.CR3,0.0003125,41.0,2026:08:14 20:21:02+02:00,512.0,512.271,2.8505,521.0,523.0,534.0,0,512.0,512.0,512.0,512.0,512.63,2.7379
572A6690.CR3,0.0003125,41.0,2026:08:14 20:21:02+02:00,512.0,512.2545,2.8581,521.0,523.0,534.0,0,512.0,512.0,512.0,512.0,512.58,2.7793
572A6691.CR3,0.0003125,41.0,2026:08:14 20:21:03+02:00,512.0,512.2589,2.8607,521.0,523.0,534.0,0,512.0,512.0,512.0,512.0,512.62,2.7622
572A6692.CR3,0.0003125,41.0,2026:08:14 20:21:04+02:00,512.0,512.2593,2.8581,521.0,523.0,534.0,0,512.0,512.0,512.0,512.0,512.51,2.7481
572A6693.CR3,0.0003125,41.0,2026:08:14 20:21:04+02:00,512.0,512.2586,2.8555,521.0,523.0,538.0,0,512.0,512.0,512.0,512.0,512.4,2.7486
572A6694.CR3,0.0003125,42.0,2026:08:14 20:21:05+02:00,512.0,512.2697,2.8534,521.0,523.0,534.0,0,512.0,512.0,512.0,512.0,512.51,2.7534
572A6695.CR3,0.0003125,42.0,2026:08:14 20:21:06+02:00,512.0,512.2695,2.8549,521.0,523.0,539.0,0,512.0,512.0,512.0,512.0,512.76,2.7679
572A6696.CR3,0.0003125,42.0,2026:08:14 20:21:06+02:00,512.0,512.2636,2.858,521.0,523.0,533.0,0,512.0,512.0,512.0,512.0,512.64,2.7499
572A6697.CR3,0.0003125,42.0,2026:08:14 20:21:07+02:00,512.0,512.2618,2.8559,521.0,523.0,533.0,0,512.0,512.0,512.0,512.0,512.7,2.7504
572A6698.CR3,0.0003125,42.0,2026:08:14 20:21:08+02:00,512.0,512.2581,2.8609,521.0,523.0,535.0,0,512.0,512.0,512.0,512.0,512.75,2.7602
572A6699.CR3,0.0003125,42.0,2026:08:14 20:21:08+02:00,512.0,512.2581,2.8609,521.0,523.0,535.0,0,512.0,512.0,512.0,512.0,512.78,2.777
572A6700.CR3,0.0003125,42.0,2026:08:14 20:21:09+02:00,512.0,512.2591,2.8555,521.0,523.0,534.0,0,512.0,512.0,512.0,512.0,512.46,2.7586
572A6701.CR3,0.0003125,42.0,2026:08:14 20:21:10+02:00,512.0,512.257,2.862,521.0,523.0,538.0,0,512.0,512.0,512.0,512.0,512.59,2.763
572A6702.CR3,0.0003125,42.0,2026:08:14 20:21:10+02:00,512.0,512.2632,2.8518,521.0,523.0,534.0,0,512.0,512.0,512.0,512.0,512.37,2.7442
572A6703.CR3,0.0003125,42.0,2026:08:14 20:21:11+02:00,512.0,512.2641,2.8576,521.0,523.0,534.0,0,512.0,512.0,512.0,512.0,512.67,2.7586
572A6704.CR3,0.0003125,42.0,2026:08:14 20:21:11+02:00,512.0,512.264,2.8544,521.0,523.0,534.0,0,512.0,512.0,512.0,512.0,512.61,2.7516
572A6705.CR3,0.0003125,42.0,2026:08:14 20:21:12+02:00,512.0,512.2581,2.8626,521.0,523.0,538.0,0,512.0,512.0,512.0,512.0,512.51,2.7754
572A6706.CR3,0.0003125,42.0,2026:08:14 20:21:13+02:00,512.0,512.262,2.8557,521.0,523.0,539.0,0,512.0,512.0,512.0,512.0,512.56,2.7486
572A6707.CR3,0.0005,42.0,2026:08:14 20:21:14+02:00,512.0,512.2542,2.8658,521.0,523.0,534.0,0,512.0,512.0,512.0,512.0,512.61,2.7624
572A6708.CR3,0.002,42.0,2026:08:14 20:21:15+02:00,512.0,512.2582,2.8554,521.0,523.0,538.0,0,512.0,512.0,512.0,512.0,512.6,2.7592
572A6709.CR3,0.008,42.0,2026:08:14 20:21:15+02:00,512.0,512.259,2.8583,521.0,523.0,534.0,0,512.0,512.0,512.0,512.0,512.55,2.7546
572A6710.CR3,0.03333333333,42.0,2026:08:14 20:21:16+02:00,512.0,512.2554,2.8629,521.0,523.0,554.0,0,512.0,512.0,512.0,512.0,512.99,2.7785
572A6711.CR3,0.125,42.0,2026:08:14 20:21:17+02:00,512.0,512.2474,2.8939,521.0,523.0,639.0,0,512.0,512.0,512.0,512.0,513.06,2.7944
572A6712.CR3,0.5,42.0,2026:08:14 20:21:18+02:00,512.0,512.2486,3.0103,521.0,523.0,1008.0,1,512.0,512.0,512.0,512.0,802.48,29.526
572A6713.CR3,0.001,42.0,2026:08:14 20:21:20+02:00,512.0,512.2615,2.8562,521.0,523.0,535.0,0,512.0,512.0,512.0,512.0,512.48,2.7712
572A6714.CR3,0.004,42.0,2026:08:14 20:21:21+02:00,512.0,512.2687,2.8518,521.0,523.0,535.0,0,512.0,512.0,512.0,512.0,512.42,2.7504
572A6715.CR3,0.01666666667,42.0,2026:08:14 20:21:22+02:00,512.0,512.2592,2.863,521.0,523.0,535.0,0,512.0,512.0,512.0,512.0,512.4,2.7463
572A6716.CR3,0.06666666667,42.0,2026:08:14 20:21:22+02:00,512.0,512.2578,2.8726,521.0,523.0,585.0,0,512.0,512.0,512.0,512.0,513.01,2.7693
572A6717.CR3,0.25,42.0,2026:08:14 20:21:23+02:00,512.0,512.2455,2.9311,521.0,523.0,762.0,0,512.0,512.0,512.0,512.0,513.41,2.8429
572A6718.CR3,1.0,42.0,2026:08:14 20:21:25+02:00,512.0,511.9331,1.1626,515.0,518.0,1484.0,3,512.0,512.0,512.0,512.0,513.47,1.2224
572A6719.CR3,2.0,42.0,2026:08:14 20:21:27+02:00,512.0,511.8872,1.3142,515.0,518.0,2450.0,4,512.0,512.0,512.0,512.0,513.93,1.5805
572A6720.CR3,2.0,42.0,2026:08:14 20:21:29+02:00,512.0,511.9185,1.2986,515.0,518.0,2334.0,4,512.0,512.0,512.0,512.0,513.94,1.5421
572A6721.CR3,2.0,41.0,2026:08:14 20:21:32+02:00,512.0,511.892,1.2861,515.0,518.0,2238.0,4,512.0,512.0,512.0,512.0,513.88,1.5309
572A6722.CR3,10.0,41.0,2026:08:14 20:21:35+02:00,511.0,511.5671,3.1192,516.0,529.0,8763.0,18,511.0,511.0,511.0,512.0,516.86,5.1361
572A6723.CR3,10.0,41.0,2026:08:14 20:21:49+02:00,511.0,511.5767,3.0302,516.0,529.0,8538.0,15,511.0,511.0,511.0,511.0,516.76,4.9517
572A6724.CR3,10.0,40.0,2026:08:14 20:22:02+02:00,512.0,511.596,2.9646,516.0,528.0,8316.0,15,511.0,511.0,512.0,512.0,516.7,4.8452
572A6725.CR3,0.0005,40.0,2026:08:14 20:22:15+02:00,512.0,512.2597,2.8443,521.0,523.0,535.0,0,512.0,512.0,512.0,512.0,512.46,2.7374
572A6726.CR3,0.002,40.0,2026:08:14 20:22:16+02:00,512.0,512.2587,2.8422,521.0,523.0,534.0,0,512.0,512.0,512.0,512.0,512.66,2.7521
572A6727.CR3,0.008,41.0,2026:08:14 20:22:17+02:00,512.0,512.2592,2.8467,521.0,523.0,534.0,0,512.0,512.0,512.0,512.0,512.54,2.7569
572A6728.CR3,0.03333333333,41.0,2026:08:14 20:22:18+02:00,512.0,512.2501,2.8496,521.0,523.0,554.0,0,512.0,512.0,512.0,512.0,512.75,2.7607
572A6729.CR3,0.125,41.0,2026:08:14 20:22:19+02:00,512.0,512.2523,2.8668,521.0,523.0,619.0,0,512.0,512.0,512.0,512.0,513.29,2.7697
572A6730.CR3,0.5,41.0,2026:08:14 20:22:20+02:00,512.0,512.2285,2.9916,521.0,523.0,947.0,0,512.0,512.0,512.0,512.0,676.62,19.8241
572A6731.CR3,0.001,41.0,2026:08:14 20:22:21+02:00,512.0,512.2563,2.8525,521.0,523.0,534.0,0,512.0,512.0,512.0,512.0,512.73,2.7498
572A6732.CR3,0.004,41.0,2026:08:14 20:22:22+02:00,512.0,512.2586,2.8467,521.0,523.0,534.0,0,512.0,512.0,512.0,512.0,512.68,2.7372
572A6733.CR3,0.01666666667,41.0,2026:08:14 20:22:23+02:00,512.0,512.2702,2.8493,521.0,523.0,533.0,0,512.0,512.0,512.0,512.0,512.55,2.7515
572A6734.CR3,0.06666666667,41.0,2026:08:14 20:22:24+02:00,512.0,512.2439,2.8697,521.0,523.0,581.0,0,512.0,512.0,512.0,512.0,513.16,2.768
572A6735.CR3,0.25,41.0,2026:08:14 20:22:25+02:00,512.0,512.2479,2.9191,521.0,523.0,729.0,0,512.0,512.0,512.0,512.0,513.28,2.8142
572A6736.CR3,1.0,41.0,2026:08:14 20:22:26+02:00,512.0,511.9698,1.1535,515.0,518.0,1419.0,3,512.0,512.0,512.0,512.0,513.43,1.2
572A6737.CR3,0.0003125,41.0,2026:08:14 20:22:28+02:00,512.0,512.2662,2.8485,521.0,523.0,536.0,0,512.0,512.0,512.0,512.0,512.69,2.7457
572A6738.CR3,0.0003125,41.0,2026:08:14 20:22:29+02:00,512.0,512.2684,2.8516,521.0,523.0,538.0,0,512.0,512.0,512.0,512.0,512.42,2.7405
572A6739.CR3,0.0003125,41.0,2026:08:14 20:22:30+02:00,512.0,512.2556,2.8568,521.0,523.0,539.0,0,512.0,512.0,512.0,512.0,512.5,2.7747
572A6740.CR3,0.0003125,41.0,2026:08:14 20:22:30+02:00,512.0,512.2644,2.8504,521.0,523.0,534.0,0,512.0,512.0,512.0,512.0,512.53,2.7488
572A6741.CR3,0.0003125,41.0,2026:08:14 20:22:31+02:00,512.0,512.2472,2.8634,521.0,523.0,534.0,0,512.0,512.0,512.0,512.0,512.46,2.7639
572A6742.CR3,0.0003125,41.0,2026:08:14 20:22:31+02:00,512.0,512.2718,2.8516,521.0,523.0,534.0,0,512.0,512.0,512.0,512.0,512.66,2.7484
572A6743.CR3,0.0003125,41.0,2026:08:14 20:22:32+02:00,512.0,512.2581,2.8598,521.0,523.0,534.0,0,512.0,512.0,512.0,512.0,512.63,2.7478
572A6744.CR3,0.0003125,42.0,2026:08:14 20:22:33+02:00,512.0,512.2745,2.8463,521.0,523.0,538.0,0,512.0,512.0,512.0,512.0,512.61,2.7452
572A6745.CR3,0.0003125,42.0,2026:08:14 20:22:33+02:00,512.0,512.2602,2.8594,521.0,523.0,538.0,0,512.0,512.0,512.0,512.0,512.76,2.7661
572A6746.CR3,0.0003125,42.0,2026:08:14 20:22:34+02:00,512.0,512.266,2.8581,521.0,523.0,534.0,0,512.0,512.0,512.0,512.0,512.68,2.7571
572A6747.CR3,0.0003125,42.0,2026:08:14 20:22:35+02:00,512.0,512.2574,2.8639,521.0,523.0,535.0,0,512.0,512.0,512.0,512.0,512.6,2.7591
572A6748.CR3,0.0003125,42.0,2026:08:14 20:22:35+02:00,512.0,512.257,2.8618,521.0,523.0,534.0,0,512.0,512.0,512.0,512.0,512.53,2.7638
572A6749.CR3,0.0003125,42.0,2026:08:14 20:22:36+02:00,512.0,512.2545,2.8577,521.0,523.0,534.0,0,512.0,512.0,512.0,512.0,512.57,2.7589
572A6750.CR3,0.0003125,42.0,2026:08:14 20:22:37+02:00,512.0,512.2716,2.8522,521.0,523.0,534.0,0,512.0,512.0,512.0,512.0,512.61,2.751
572A6751.CR3,0.0003125,42.0,2026:08:14 20:22:37+02:00,512.0,512.2618,2.8639,521.0,523.0,534.0,0,512.0,512.0,512.0,512.0,512.75,2.77
572A6752.CR3,0.0003125,42.0,2026:08:14 20:22:38+02:00,512.0,512.2604,2.8651,521.0,523.0,539.0,0,512.0,512.0,512.0,512.0,512.51,2.7682
572A6753.CR3,0.0003125,42.0,2026:08:14 20:22:39+02:00,512.0,512.2568,2.8608,521.0,523.0,534.0,0,512.0,512.0,512.0,512.0,512.59,2.7695
572A6754.CR3,0.0003125,42.0,2026:08:14 20:22:39+02:00,512.0,512.2723,2.8558,521.0,523.0,538.0,0,512.0,512.0,512.0,512.0,512.53,2.7486
572A6755.CR3,0.0003125,42.0,2026:08:14 20:22:40+02:00,512.0,512.264,2.8614,521.0,523.0,536.0,0,512.0,512.0,512.0,512.0,512.63,2.7636
572A6756.CR3,0.0003125,42.0,2026:08:14 20:22:41+02:00,512.0,512.2585,2.8633,521.0,523.0,534.0,0,512.0,512.0,512.0,512.0,512.42,2.7647
572A6757.CR3,0.0003125,42.0,2026:08:14 20:22:41+02:00,512.0,512.2669,2.8615,521.0,523.0,536.0,0,512.0,512.0,512.0,512.0,512.51,2.7556
572A6758.CR3,0.0003125,42.0,2026:08:14 20:22:42+02:00,512.0,512.2567,2.8643,521.0,523.0,534.0,0,512.0,512.0,512.0,512.0,512.56,2.765
572A6759.CR3,0.0003125,42.0,2026:08:14 20:22:43+02:00,512.0,512.2587,2.8653,521.0,523.0,534.0,0,512.0,512.0,512.0,512.0,512.58,2.7574
572A6760.CR3,0.0003125,42.0,2026:08:14 20:22:43+02:00,512.0,512.2576,2.8674,521.0,523.0,534.0,0,512.0,512.0,512.0,512.0,512.67,2.765
572A6761.CR3,0.0003125,42.0,2026:08:14 20:22:44+02:00,512.0,512.257,2.8702,521.0,523.0,534.0,0,512.0,512.0,512.0,512.0,512.62,2.7664
572A6762.CR3,0.0003125,42.0,2026:08:14 20:22:44+02:00,512.0,512.2579,2.8646,521.0,523.0,534.0,0,512.0,512.0,512.0,512.0,512.59,2.771
572A6763.CR3,0.0003125,42.0,2026:08:14 20:22:45+02:00,512.0,512.2525,2.8682,521.0,523.0,538.0,0,512.0,512.0,512.0,512.0,512.69,2.7643
572A6764.CR3,0.0003125,42.0,2026:08:14 20:22:46+02:00,512.0,512.2595,2.8661,521.0,523.0,534.0,0,512.0,512.0,512.0,512.0,512.53,2.7642
572A6765.CR3,0.0003125,42.0,2026:08:14 20:22:46+02:00,512.0,512.2486,2.8726,521.0,523.0,534.0,0,512.0,512.0,512.0,512.0,512.58,2.7705
572A6766.CR3,0.0003125,42.0,2026:08:14 20:22:47+02:00,512.0,512.2649,2.8712,521.0,523.0,535.0,0,512.0,512.0,512.0,512.0,512.62,2.7718
572A6767.CR3,0.0003125,42.0,2026:08:14 20:22:48+02:00,512.0,512.2617,2.8639,521.0,523.0,534.0,0,512.0,512.0,512.0,512.0,512.46,2.769
572A6768.CR3,0.0003125,42.0,2026:08:14 20:22:48+02:00,512.0,512.2542,2.8651,521.0,523.0,534.0,0,512.0,512.0,512.0,512.0,512.67,2.7697
572A6769.CR3,0.0003125,42.0,2026:08:14 20:22:49+02:00,512.0,512.2608,2.8667,521.0,523.0,538.0,0,512.0,512.0,512.0,512.0,512.62,2.7691
572A6770.CR3,0.0003125,42.0,2026:08:14 20:22:50+02:00,512.0,512.2605,2.8647,521.0,523.0,534.0,0,512.0,512.0,512.0,512.0,512.58,2.7641
572A6771.CR3,0.0003125,42.0,2026:08:14 20:22:50+02:00,512.0,512.2612,2.8708,521.0,523.0,538.0,0,512.0,512.0,512.0,512.0,512.64,2.7749
572A6772.CR3,0.0003125,42.0,2026:08:14 20:22:51+02:00,512.0,512.2642,2.87,521.0,523.0,534.0,0,512.0,512.0,512.0,512.0,512.58,2.7683
572A6773.CR3,0.0003125,42.0,2026:08:14 20:22:52+02:00,512.0,512.2652,2.8657,521.0,523.0,534.0,0,512.0,512.0,512.0,512.0,512.64,2.7709
572A6774.CR3,0.0003125,42.0,2026:08:14 20:22:52+02:00,512.0,512.2596,2.8671,521.0,523.0,534.0,0,512.0,512.0,512.0,512.0,512.47,2.756
572A6775.CR3,0.0003125,43.0,2026:08:14 20:22:53+02:00,512.0,512.2595,2.867,521.0,523.0,534.0,0,512.0,512.0,512.0,512.0,512.69,2.7658
572A6776.CR3,0.0003125,43.0,2026:08:14 20:22:54+02:00,512.0,512.2627,2.8629,521.0,523.0,533.0,0,512.0,512.0,512.0,512.0,512.6,2.7663
572A6777.CR3,0.0003125,43.0,2026:08:14 20:22:54+02:00,512.0,512.2539,2.8772,521.0,523.0,535.0,0,512.0,512.0,512.0,512.0,512.7,2.7858
572A6778.CR3,0.0003125,43.0,2026:08:14 20:22:55+02:00,512.0,512.2605,2.8709,521.0,523.0,544.0,0,512.0,512.0,512.0,512.0,512.59,2.7882
572A6779.CR3,0.0003125,43.0,2026:08:14 20:22:56+02:00,512.0,512.2543,2.873,521.0,523.0,536.0,0,512.0,512.0,512.0,512.0,512.64,2.7828
572A6780.CR3,0.0003125,43.0,2026:08:14 20:22:56+02:00,512.0,512.2593,2.8711,521.0,523.0,534.0,0,512.0,512.0,512.0,512.0,512.56,2.7716
572A6781.CR3,0.0003125,43.0,2026:08:14 20:22:57+02:00,512.0,512.2704,2.8652,521.0,523.0,534.0,0,512.0,512.0,512.0,512.0,512.56,2.771
572A6782.CR3,0.0003125,43.0,2026:08:14 20:22:57+02:00,512.0,512.2627,2.8738,521.0,523.0,534.0,0,512.0,512.0,512.0,512.0,512.54,2.77
572A6783.CR3,0.0003125,43.0,2026:08:14 20:22:58+02:00,512.0,512.2608,2.8761,521.0,523.0,533.0,0,512.0,512.0,512.0,512.0,512.36,2.7786
572A6784.CR3,0.0003125,43.0,2026:08:14 20:22:59+02:00,512.0,512.2561,2.878,521.0,523.0,534.0,0,512.0,512.0,512.0,512.0,512.62,2.7638
572A6785.CR3,0.003125,43.0,2026:08:14 20:23:09+02:00,512.0,512.2665,2.8712,521.0,523.0,535.0,0,512.0,512.0,512.0,512.0,512.57,2.7634
572A6786.CR3,0.003125,44.0,2026:08:14 20:23:31+02:00,512.0,512.2657,2.8632,521.0,523.0,539.0,0,512.0,512.0,512.0,512.0,512.74,2.769
572A6836.CR3,10.0,44.0,2026:08:14 20:26:16+02:00,511.0,511.3902,4.0868,517.0,535.0,11118.0,43,511.0,511.0,511.0,511.0,519.16,7.1649
572A6837.CR3,10.0,44.0,2026:08:14 20:26:29+02:00,511.0,511.3849,4.0363,517.0,534.0,11723.0,34,511.0,511.0,511.0,511.0,518.77,6.8543
572A6838.CR3,0.0005,44.0,2026:08:14 20:26:43+02:00,512.0,512.2671,2.8759,521.0,523.0,538.0,0,512.0,512.0,512.0,512.0,512.51,2.7781
572A6839.CR3,0.002,44.0,2026:08:14 20:26:44+02:00,512.0,512.2673,2.878,521.0,523.0,534.0,0,512.0,512.0,512.0,512.0,512.51,2.7589
572A6840.CR3,0.008,44.0,2026:08:14 20:26:44+02:00,512.0,512.262,2.8791,521.0,523.0,534.0,0,512.0,512.0,512.0,512.0,512.54,2.7747
572A6841.CR3,0.03333333333,44.0,2026:08:14 20:26:45+02:00,512.0,512.2724,2.8807,521.0,523.0,549.0,0,512.0,512.0,512.0,512.0,512.9,2.7765
572A6842.CR3,0.125,44.0,2026:08:14 20:26:46+02:00,512.0,512.2463,2.9319,521.0,523.0,664.0,0,512.0,512.0,512.0,512.0,513.08,2.821
572A6843.CR3,0.5,44.0,2026:08:14 20:26:47+02:00,512.0,512.2264,3.1074,521.0,523.0,1133.0,3,512.0,512.0,512.0,512.0,1196.94,54.3198
572A6844.CR3,0.001,44.0,2026:08:14 20:26:49+02:00,512.0,512.2624,2.881,521.0,523.0,536.0,0,512.0,512.0,512.0,512.0,512.61,2.77
572A6845.CR3,0.004,44.0,2026:08:14 20:26:50+02:00,512.0,512.266,2.8815,521.0,523.0,535.0,0,512.0,512.0,512.0,512.0,512.66,2.7777
572A6846.CR3,0.01666666667,44.0,2026:08:14 20:26:50+02:00,512.0,512.257,2.8992,521.0,523.0,538.0,0,512.0,512.0,512.0,512.0,512.49,2.7793
572A6847.CR3,0.06666666667,44.0,2026:08:14 20:26:51+02:00,512.0,512.2577,2.9049,521.0,523.0,595.0,0,512.0,512.0,512.0,512.0,512.9,2.7908
572A6848.CR3,0.25,44.0,2026:08:14 20:26:52+02:00,512.0,512.2487,2.9946,521.0,523.0,827.0,0,512.0,512.0,512.0,512.0,513.48,2.8783
